Language,gemma4
English,0.272093427949585
Hausa,0.05501044636766892
Pidgin,0.2409477199461045
Yoruba,0.09574932972202077
