Language,gemma4
English,0.2974645346403122
Hausa,0.12631708631912866
Pidgin,0.17598502586285272
Yoruba,0.136816476782163
