audio_id,language,subset,question,reference,url,model_answer,requested_model,model_id
dfd16a1f-d281-4b1e-98b1-4510a540eb19,yoruba,yoruba,ìyá péjú ní ọmọ mẹ́ta péjú sì ní àbíkẹ́yìn ọmọ ọdún kan ni péjú ìyá péjú wá ṣàkíyèsí pé bí ọjọ́ bíi mélòó kan díẹ̀ sẹ́yìn ni péjú ti ní àìsàn ikọ́ tí ó sì ń wúkọ́ léra wọn láì dáwọ́ dúró rárá ó ní òun tó ṣàkíyèsí pé ó ní lára láti mí dáadáa ó ní ikọ́ yìí á máa farahàn púpọ̀ ní àṣà lẹ́ nígbà tí gbogbo ènìyàn bá ti sùn ó ní èémì rẹ̀ a sì máa ní lára láti mí dáadáa nítorí ìkọ́ yìí kò jẹ́ kí ó lè ní sókè sódò dáadáa ó ní òun ti lọ sí ọ̀dọ̀ àwọn alágbo òun sì ti ki agbo fún un ṣùgbọ́n òun ríi pé gbogbo agbo tóun lò fún kò sí kankan tó ṣiṣẹ́ ń bẹ̀ o ní òun wá ṣe pinnu láti lọ sí ilé ìwòsàn kí wọ́n lè mọ ohun tí ó ṣẹlẹ̀ sí péjú ǹjẹ́ ìṣòro yìí lè wo fún ọmọ yìí ṣe àrùn àyà ni tàbí àrùn ikọ̀ òfin ni o lè jẹ́ fún ọmọ náà kíni àwọn ohun tí ọmọ náà ní láti yàgò fún kí ìṣòro tí ó ń ṣe tí ó ń jẹ́ kó wúkọ̀ yìí kò lè dínkù dáadáa,"Ìyá peju tọ́ ní àwọn ọmọ mẹ́ta, peju ní àbí kẹ́yìn. Ọmọ ọdún kan ni Pẹ́jú. Ìyá Pẹ́jú wá ṣàkíyèsí pé, bí ọjọ́ bímọ lọ kàn díẹ̀ sẹ́yìn, ni Pẹ́jú tí ní àìsàn ikọ́, tí ó sì ń wúkọ́ léra wọn, láì dáwọ́ dúró rárá. Ó ní, òun tún ṣàkíyèsí pé, ó nira láti mí dáadáa. Ó ní, ikọ́ yìí á máa farahàn búpọ̀ ní àṣálẹ́, nígbà tí gbogbo ènìyàn bá ti sùn. Ó ní, ẹ̀mí rẹ̀, á sì máa nira láti mí dáadáa, nítorí ikọ́ yìí kò jẹ́ kí ó lè mí sókè, so dódò dáadáa. Ó ní, òun ti lọ sí ọ̀dọ̀ àwọn alágbo, òun sì ti kì agbo fún, ṣùgbọ́n ó rí i pé gbogbo agbo tí òun lò fún kò sí nǹkan tó ṣiṣẹ́ ńbẹ̀. Ó ní, òun wá pinnu láti lọ sí ilé ìwòsàn, kí wọn lè mọ̀ ohun tí ó ṣẹlẹ̀ sí Pẹ́jú. Ǹjẹ́ ìṣòro yìí, lè wọ̀ fún ọmọ yìí? Ṣé àrùn àyà ni, tábí àrùn ikọ́fẹ́, ni ó lè jẹ́ fún ọmọ náà? Kí ni àwọn ohun tí ọmọ náà ní láti yàgò fún, kí ìṣòro tí ó ń ṣe e tí ó ń jẹ́ kọ́ wúkọ́ yìí kò lè dínkù dáadáa?",http://speech-app.s3.amazonaws.com/static/audio/uploads/433c5a1f-3be5-49d0-a951-06b181449d87/821814a132d2937ed9a4945844336e5a_qH2GSZow.wav,"The child’s presentation—a persistent, severe cough that worsens at night and causes breathing difficulty in a one-year-old—is highly suggestive of pertussis (whooping cough), especially if vaccination is incomplete, though asthma or viral-induced wheeze cannot be excluded without a full clinical examination. Pertussis often presents with paroxysmal coughing fits, post-tussive vomiting, and nocturnal exacerbation, and can be life-threatening in infants. To reduce the cough, the child must avoid exposure to smoke, dust, and other airborne irritants; all herbal remedies should be discontinued, as they have not helped and may delay effective care. Ensuring the child completes the Diphtheria-Tetanus-Pertussis vaccination series is the best preventive measure, and household contacts should also be vaccinated. The child requires urgent hospital assessment for possible antibiotic treatment and supportive respiratory care.",Deepseek-v4 pro,deepseek-v4-pro
b7232faa-7682-4763-9f8e-d7d2a7db0eaf,yoruba,yoruba,ẹ kaalẹ o tori aburo mi oun ni mo ṣe wa o ṣakiyesi pe oju rẹ ati awọ rẹ o ni awọ afẹfẹ to si jẹ o wipe o ti lọ bi ọjọ mẹta ara rẹ to maa n gbona ara rẹ n gbona odi ko le jẹun ara rẹ o tun gbe ara rẹ o tun gbe ṣe ni ara rẹ ko tio tio tio tio tori ṣe n fọ ohun lara rẹ n gbona ta si ti n gbiyanju nkan ta ba le lo fun ni ile amọ sibẹsibẹ naa ko si yatọ kankan ni ara rẹ oju rẹ to ni atawọ rẹ to ni aye awọ afẹfẹ yẹn ko duro ṣe ni yellow naa ṣe lo n pọ si lojoojumọ bẹẹ si ni ara rẹ o balẹ ko ara rẹ o balẹ ara ni ọta rẹ ara n ni mo ṣe wa wa si ile iwosan ka ni mọ ohun ti a maa ṣe si ọna ti a maa gbe gba ti ara aburo mi ara rẹ ati oju rẹ to n yẹlo ti o fi mọwọ duro tara rẹ o si fi iya pada,"Ẹ kale o. Torí àbúrò mi òhun ni mo ṣe wá. Mo ṣàkíyèsí wípé ojú rẹ̀ àti awọ rẹ̀ ó ní àyà... ó ní àwọ̀ afẹ́fẹ́. Tó sì jẹ́ wípé ó ti ń lọ bí ọjọ́ mẹ́ta. Ara rẹ̀ tún wá ń gbóná, ara rẹ̀ ń gbóná òdì, kò lè jẹun. Ara rẹ̀ ò tún gbè, ara rẹ̀ ò tún gbè. Ṣe ni ara rẹ̀ ń kù tìọ̀-tìọ̀-tìọ̀-tìọ̀. Torí ṣé ń fọ, orí ṣé ń fọ, òhun lara rẹ̀ ń gbóná. Ta sì ti ń gbìyànjú nǹkan tába lè lò fún nílé, a mú, síbẹ̀ síbẹ̀ náà, kò sí kò sí yàtọ̀ kankan ní ara rẹ̀. Ojú rẹ̀ tó ní, àti awọ rẹ̀ tó ní àwọ̀ afẹ́fẹ́ yẹn, kò kò dúró, ṣe ni yellow náà ṣe ló ń pọ̀ sí lójú ojúmọ́, bẹ́ẹ̀ sì ni ara rẹ̀ ò balẹ̀, kò ara rẹ̀ ò balẹ̀, ara ń nì, ọ̀tá rẹ̀, ara ń nì. Mo ṣe wá wá sí ilé ìwòsàn ká lè mọ nǹkan táma ṣe sí, ọ̀nà tí a má gbà tí ara àbúrò mi àti ara rẹ̀ àti ojú rẹ̀ tó n yellow, jẹ́ ó fi mọ́wọ́ dúró, t'ara rẹ̀ ó sì fi yá padà.
",http://speech-app.s3.amazonaws.com/static/audio/uploads/66d1cb48-bba0-4656-a1dd-01aad3f2ea45/66531d357bcd7a95e6d5edc51d664a1b_ootnS9yy.wav,"Your younger sibling's yellow eyes and skin with fever, itching, poor appetite, and progressive weakness suggest acute jaundice, most commonly caused by viral hepatitis in our setting. We need to urgently assess for serious causes like yellow fever, severe malaria, or liver damage, as these can worsen quickly. In our hospital, we will examine the patient and run blood tests for liver function, hepatitis viruses, malaria, and yellow fever if available. The mainstay of care is supportive: ensuring strict rest, adequate fluids (oral rehydration solution or intravenous if needed), a soft low-fat diet, and avoiding any herbal remedies or paracetamol that could harm the liver. We will monitor closely for danger signs like bleeding, confusion, or deep sleepiness, which would require immediate referral to a higher center.",Deepseek-v4 pro,deepseek-v4-pro
4d62506c-42ac-498c-8bd7-cd687fbb40e3,yoruba,yoruba,arakunrin kan ti o jẹ suberi ọmọ aadọta ọdun ni ohun owo kọ ni ọjọ kan ikọ yẹn wa bẹrẹ si peleke ọsẹ oṣu fun oṣu to ti pọ nigba to wa di pe ko le mi daadaa lootọ o ti ni awọn nkan to lo ni awọn igba ti kọ yẹn o tiẹ ti ipeleke to bẹhin ṣugbọn wọn o ṣiṣẹ nṣe lo tun buru jaisi to ba fẹkan wo pe e to n fi ra oogun kekeke iko n gba ile iwosan lọ o ko n lọ ba dokita sọrọ o de ọdọ dokita o ṣalaye pe ikọ yẹn o ti n wun fun bi oṣu mẹta o n dẹ ti lo awọn nkan to ri oun le lo nile tawọn eyan ni ko n lo bi oyin bi omigbona bi orogbo oun tiẹ tun ra oogun kọ ṣugbọn iṣe lo n buru si e to yẹ ko ma dinku o n buru si pe lo n ṣe wa to fi dabi eye to tiẹ tun fi jẹ pe oun o le mi daadaa mọ nibi ti kan yẹn buru de o wa bi dokita kini o le fa ti oun le wu iru kọba yii toun lo awọn nkan toun ṣiṣẹ fun ikọ ti o de ṣiṣẹ fun oun ati pe kini oun le ṣe ti ikọ yẹn o fi lọ patapata toun o mi daadaa toun de ni gburu ikọ yẹn mọ,"Arákùnrin kan tí ó ń jẹ Suberu,  ọmọ àádọ́ta ọdún ni ó wù ikọ ni ọjọ kàn ní ikọ yẹn wá bẹ̀rẹ̀ sini peléke, ọ̀sẹ̀,  oṣù fún oṣù tí ó ti pò. Ni gbà tí ó wà dí pé kò lè mí dáadáa, lóòótọ́ ó ti ní àwọn nǹkan tí ó lọ ní àwọn igbati ikọ yen kò tí peléke to to be yẹn.  Ṣùgbọ́n won ó sise,  ní ṣe ló tún burú jáì sì ní,  lọ bá fi ekan wo wípé èyí tí òun fi ń rà oogun kekeke yìí kí ohun gbà ilé ìwòsàn lọ o. Kí ohun ló bá dókítà ṣòro, ó dé odò dókítà, ó ṣàlàyé wípé ikọ yẹn ó ti ń wú ohun fún bí oṣù meta, ohun de tí lọ àwọn nǹkan tí ohun lè lọ ní ilé, tí àwọn ẹ̀yán ni kí ohun ló bí oyin,  bi omi gbígbóná, bi orogbo, ohun tí ẹ tún rà oogun ikọ,  ní ṣe ló ń burú sí, èyí tí ó yẹ kí o máa dikun ní ṣe ní ó ń burú sí ní. Ní ohun ṣe wà to fi dá bí wípé ohun ó lè mi dáadáa mo, níbi tí ikọ yẹn lè dé. Wọn wá bí dókítà kini o lè fà tí ohun lè wù irú ikọ báyìí? Tí ohun ló àwọn nǹkan tí ó sise fún ikọ, tí kò de ṣíṣe fún ohun. Ati wípé kíni ohun lè ṣe tí ikọ yẹn ó fi lọ pátápátá tí ohun ó mí dáadáa tí ohun ó sì ní gburo ikọ yẹn mọ?",http://speech-app.s3.amazonaws.com/static/audio/uploads/f35927cf-18a9-4be0-ae3a-c5bb2b2cf40e/dee6e0edacf17cc42d600e7090c58c97_wvIfDzmM.wav,"The chronic cough and progressive breathlessness in a 50-year-old chronic smoker most likely result from smoking-induced chronic obstructive pulmonary disease (COPD), possibly with an acute exacerbation, or a secondary infection like tuberculosis, which is common in our setting and can mimic these symptoms. Home remedies like honey, hot water, and over-the-counter cough mixtures lack anti-inflammatory or bronchodilator effects and will not resolve airway obstruction or underlying lung damage, hence the worsening symptoms. The high-pitched ""bird-like"" sound you describe is characteristic of wheezing, indicating narrowed airways from inflammation and mucus plugging. He requires immediate chest X-ray, sputum GeneXpert to rule out TB, and spirometry to confirm COPD and assess severity. Definitive treatment involves strict smoking cessation, inhaled bronchodilators (e.g., salbutamol/ipratropium) with corticosteroids, pneumococcal and influenza vaccination, and pulmonary rehabilitation guided by a doctor.",Deepseek-v4 pro,deepseek-v4-pro
08901c6d-44e8-4da8-ac50-e3d068569f64,yoruba,yoruba,ọmọ mi ẹni ọdún mẹ́sàn-án ni mo gbé wá sí ilé ìwòsàn ní ọ̀sán yìí mo rán ọmọ náà níṣẹ́ láti ra nǹkan fún mi ní ìgboro ṣùgbọ́n ajá bu ọmọ náà jẹ nígbà tí wọ́n mú ọmọ náà délé tí wọ́n sì ṣàlàyé fún mi ohun tí ó ṣẹlẹ̀ sí ọmọ náà mo wu ojú egbò tí ajá ti bu ọmọ náà jẹ mo rí i pé ojú egbò náà pọ́n ó sì ti wú a ṣe ìwádìí ládùúgbò láti mọ irú ajá tó bu ọmọ náà jẹ olúwa ajá náà sì sọ wípé àwọn kò gbábẹ́rẹ́ fún ajá náà rí wípé lẹ́yìn kí ó jáde kó ṣeré kó sì padà wọlé wọ́n ní àwọn ò gba ìtọ́jú kankan fún ajá náà rẹ̀ ìdí èyí ni ẹ̀rù ṣe bà mí láti gbé ọmọ náà wá sí ilé ìwòsàn kó má jẹ́ wípé ajá tí ó bu ọmọ náà jẹ́ ó jẹ́ ajá dìgbológi kí ló ṣeé ṣe kó ṣẹlẹ̀ sí ọmọ tí ajábùjẹ yìí kí ló ṣeé ṣe kó ṣẹlẹ̀ sí ojú egbò tí ó ń pọ́n tí ó sì ń wú ǹjẹ́ ó ṣeé ṣe kí ẹran ipá tiẹ̀ ti wọnú egbò yìí ǹjẹ́ ó ṣeé ṣe kí ọmọ náà kí nǹkan kó ṣe ọmọ náà látàrí ọmọ tí ajábùjẹ ẹ jọ̀wọ́ àwọn wo ni mo lè ṣe láti má jẹ́ kí ẹran ipá wọnú egbò yìí àwọn abẹ́rẹ́ wo àwọn òògùn wo ni a lè fi tọ́jú ọmọdé yìí láti jẹ́ kí ó ní ìtọ́jú tó péye àwọn ohun wo ni a tún lè ṣe tàbí àyẹ̀wò wo la lè ṣe láti tọ́jú ojú egbò tí a jẹ́ àtikú ọmọdé yìí jẹ,"Ọmọ mi ẹni ọdun mẹsan ni mo gbe wa si ile-iwosan ni ọsan yi. Mo ran ọmọ naa ni iṣẹ lati ra nkan fun mi ni igboro, ṣugbọn aja bu ọmọ naa jẹ. Nigba ti wọn mu ọmọ naa dele, ti wọn si ṣalaye fun mi ohun to ṣẹlẹ si ọmọ naa, mo wo oju egbo ti aja ti bu ọmọ naa jẹ, mo ri pe oju egbo naa pọn, o si ti wú. A ṣe iwadi ni adugbo lati mọ irú aja to bu ọmọ naa jẹ, olowo aja naa si sọ wipe awọn kò gba abẹrẹ fun aja naa rí, wipe lẹyin ki o jade, ko ṣere, ko si pada wọle. Wọn ni awọn o gba itọju kankan fun aja naa rí. Idi eyi ni ẹru ṣe bami lati gbe ọmọ naa wa si ile-iwosan, ko ma jẹ wipe aja to bu ọmọ naa jẹ, o jẹ aja digbolugi. Ki lo ṣeṣe ko ṣẹlẹ si ọmọ ti aja bu jẹ yi? Ki lo ṣeṣe ko ṣẹlẹ si oju egbo ti o n pọn, ti o si n wú? N jẹ o ṣeṣe ki ẹran ipa ti ẹ ti wọnu egbo yi? N jẹ o ṣeṣe ki ọmọ naa... ki nkan ko ṣe ọmọ naa latari ọmọ ti aja bu jẹ? Ẹ jọọ...
Awọn wo ni mo le ṣe lati ma jẹ ki ẹran ipa wọnu egbo yi? Awọn abẹrẹ wo, awọn ogun wo ni a le fi tọju ọmọde yi lati jẹ ko ni itọju to peye? Awọn wo ni a tun le ṣe tabi ayẹwo wo la le ṣe lati tọju oju egbo ti aja ti bu ọmọde yi jẹ?

",http://speech-app.s3.amazonaws.com/static/audio/uploads/16e4e6eb-4b84-454a-8c6f-be7d7616c386/990428bf0bdab0c5bef66e55c28648fc_fnKfY8X3.wav,"The red, swollen wound indicates a bacterial infection that requires thorough cleaning and likely oral antibiotics such as amoxicillin-clavulanate. Because the dog was unvaccinated and its rabies status is unknown, rabies post-exposure prophylaxis must start immediately: wash the wound with soap and running water for 15 minutes, then give the full course of rabies vaccine plus rabies immunoglobulin injected around the wound if the bite broke the skin. The child also needs a tetanus toxoid booster if vaccination is not up-to-date. If the dog can be safely confined and observed for 10 days and remains healthy, rabies transmission is excluded, but do not delay the initial vaccine doses. No laboratory test on the child can rule out rabies early, so focus on proper wound care, antibiotics, and urgent rabies/tetanus prevention.",Deepseek-v4 pro,deepseek-v4-pro
af817cc1-3469-4d56-857f-8ff66782feef,yoruba,yoruba,arabinrin kan ni o bi ọmọ tuntun jojolo si ile-iwosan wa ni aaro yii ibimọ rẹ rọrun pupọ o si bi ọmọ naa ni irọwọ ati irọsẹ lẹhin wakati kan ti arabinrin yii bimọ paadi ti a fi si idi rẹ a ri pe ko pẹ rara ti ẹjẹ fi kun inu paadi naa ti o si pọ pupọ lẹhin wakati keji ẹwẹ arabinrin itunlo paadi miiran sibẹ ona kun fun ẹjẹ ni kiakia laipẹ laijina arabinrin bẹrẹ si ni ri wipe o n rẹ ohun ẹjẹ naa wa pọ debi pe ẹjẹ naa ko da kilo ṣee ṣe ki o fa ẹjẹ lẹhin ibimọ kilo ṣee ṣe ki o fa ti ẹjẹ naa ko fi duro njẹ o ṣee ṣe ki ikeji ọmọ ko ku ninu arabinrin yi njẹ o ṣee ṣe ki ẹnu ile ọmọ arabinrin yi ko yabi njẹ o ṣee ṣe ki ile ọmọ rẹ ko ma gbaramu papọ lati yi duro kilo ṣee ṣe ko ma fa ẹjẹ to nda yala yala lara arabinrin yi kini awọn ohun ti a le ṣe fun arabinrin lati jẹ ki ẹjẹ naa ki o dawọ duro iru abẹrẹ tabi oogun wo ni a le lo fun arabinrin yi njẹ ki a jẹ ki arabinrin ki o ma lọ si ile-iwosan alada nla ni abi ohunkohun kan wa ti a tun le ṣe fun arabinrin yi lati jẹ ki ẹjẹ naa ko mọwọ duro,"Arabinrin kan lo be ọmọ tuntun jojolo si ile iwosan wa ni aaro  yii. Ìbímọ rẹ́, rọ̀rùn púpọ̀, ó sì bí ọmọ náà ní ìrọ̀wọ́ àti ìrọ̀sẹ̀.
Lẹ́yìn ìṣẹ́jú kàtí-kán ti arábìnrin yìí bí ọmọ, paàdì tí a fi sí ìdí rẹ̀, a rí pé kò pẹ̀ rárá tí ẹjẹ́ fìkún inú paàdì náà, tí ó sì pọ̀ púpọ̀. Lẹ́yìn ìṣẹ́jú kejì ẹ̀wẹ́, arábìnrin yìí tún lò paàdì mìíràn, síbẹ̀ òun náà kún fún ẹ̀jẹ̀, ní kiakia. Láìpẹ̀, láìjínà, arábìnrin bẹ̀rẹ̀ sí ní bí wípé o rẹ ọ̀ún, ẹ jẹ̀ náà wá pọ̀ dé ibi pé ẹ̀jẹ̀ náà kò dá.
Kí ló ṣeṣe, kí ó fa ẹ̀jẹ̀ lẹ́yìn ìbímọ? Kí ló ṣeṣe, kí ó fa, tí ẹ̀jẹ̀ náà kò fìdúró? Ǹjẹ́ ó ṣeṣe, kí ìkejì ọmọ kó kù nínú arábìnrin yìí? Ǹjẹ́ ó ṣeṣe, kí ẹnu ilé ọmọ arábìnrin ko yà bí? Ǹjẹ́ ó ṣeṣe, kí ilé ọmọ rẹ̀ kó ma gbaramu pawa, láti dúró? Kí ló ṣeṣe, kí ó ma fa ẹ̀jẹ̀, tó n dá yàlà-yàlà lara arábìnrin yìí? Kí ni àwọn ohun tí a le ṣe fún arábìnrin, láti jẹ́ kí ẹ̀jẹ̀ náà kò dáwọ́ dúró? Irú abẹrẹ tàbí ògùn wo ni a le lò fún arábìnrin yìí, ǹjẹ́ kí a jẹ́ kí arábìnrin yìí kí ó ma lọ sí ilé-ìwé sọ, aláàdànláà náà ni, àbí o ńkò ọ̀kan wà, tí a tún le ṣe fún arábìnrin yìí, láti jẹ́ kí ẹ̀jẹ̀ náà kò mọwọ́ dúró?
",http://speech-app.s3.amazonaws.com/static/audio/uploads/4f757e08-dc05-413b-be70-499713f1314b/4c08bdc5c57327431c4f666688714a69_lIrYRgPu.wav,"The most likely cause is uterine atony, possibly from retained placental fragments or an undiagnosed second twin that prevents the uterus from contracting effectively. The bleeding continues because the atonic uterus cannot clamp the spiral arteries at the placental site. Immediate management includes firm uterine massage, intramuscular oxytocin 10 IU, rectal misoprostol 800 micrograms, and intravenous tranexamic acid 1 gram. Empty the bladder and apply bimanual compression; if a retained fetus or placenta is suspected, manual removal may be necessary. If bleeding persists after these steps, urgently refer to a higher-level facility while maintaining uterine compression and intravenous fluids.",Deepseek-v4 pro,deepseek-v4-pro
2a5a5152-cebd-42e0-b68d-0c8fdcea9d3d,yoruba,yoruba,arábìnrin kan ló wá ó gbé ọmọ tí ò jọmọ oṣù márùn-ún lọ́wọ́ ó ṣàlàyé nípa ọmọ náà wípé kò sí nǹkan tó ṣe é ní àkókò ìgbà tí ó bí i tó dẹ̀ ń jẹun garaga tó yẹ kó jẹun ṣàdédé ló ń rí i pé ọmọ náà máa ń pariwo ìrora ní ibi apá rẹ̀ àti ẹsẹ̀ rẹ̀ tí ó sì máa ń dùn gidi gan-an tí ó wá máa ń pé fún ìrànlọ́wọ́ láti dìde àbí láti ra àbí láti bá ẹ̀jọ̀ wọn kíni arábìnrin náà le ṣe sí ọmọ náà láti lè mú ìrora apá àti ẹsẹ̀ náà kúrò àti pé láti má le jẹ́ kó ṣe àkóbá fún ọmọ náà nítorí náà ìyá rẹ̀ fi wá sí ilé ìwòsàn gbé ọmọ náà dání láti wá rí dókítà wọn kíni ó lè ṣe láti lè jẹ́ kí ara rẹ̀ kó bọ̀ sí ikú ẹṣẹ̀,"Omo obìnrin kan, ọmọ wa, ó gbé ọmọ, tí ó jẹ́ ọmọ, ó ṣe márùn-ún, lọ́wọ́, ó sàlàyé nípa ọmọ náà, nípé kò sí nkan tó ṣe, ní àkókò ìgbà tí ó bí, tó dé n jẹun gárágárá, tó yẹ kó jẹ. Sàdédé ló rí pé ọmọ náà má n pariwo ní ìrora ní ibi apá rẹ̀ àti ẹsẹ̀ rẹ̀. Tí ó sì má n dé, ìdí gàn, tí ó wá má n pé fún, ìrànlọ́wọ́ láti dìde, àbí láti rà, àbí láti ṣe, láti bá ìyá rẹ̀, ẹ jọ̀wọ́, kí ní arábìnrin náà lè ṣe sí ọmọ náà, láti lè mú ìrora, apá àti ẹsẹ̀ náà kúrò, àti pé láti má lè jẹ́ kó ṣe àkókò fún, ọmọ náà. Nítorí náà, ìyá rẹ̀ fẹ́ wá sí ilé ìwòsàn, ó dé fẹ́ ọmọ náà dàní, láti wá rí, dókítà, kí ní ó lè ṣe, láti lè rí, láti lè jẹ́ kí, ara rẹ̀ ó bọ̀ sí ipò, ẹ̀sùn.",http://speech-app.s3.amazonaws.com/static/audio/uploads/82352c95-7d85-4e0c-95fc-e44829da4800/4b3d460018c4ee79e0f069cc1af899a2_TdL5owLJ.wav,"The infant's symptoms of sudden severe limb pain, crying upon movement, and reluctance to move the arms or legs suggest a possible sickle cell vaso-occlusive crisis (hand-foot syndrome), acute osteomyelitis, or, less commonly, scurvy. Immediate medical evaluation is crucial to confirm the diagnosis through a full blood count, hemoglobin electrophoresis, and possibly X-rays. While awaiting investigation, give the child paracetamol for pain, apply warm compresses to the affected limbs, and ensure adequate hydration. If sickle cell disease is confirmed, long-term management includes penicillin prophylaxis, routine vaccinations, and parental education to prevent infections and complications. Addressing any underlying condition promptly will relieve pain and prevent serious complications such as bone deformities or severe infections.",Deepseek-v4 pro,deepseek-v4-pro
4b04f6ba-5c68-4efe-84a0-8b89f041623f,yoruba,yoruba,ìyá arábìnrin kan ló mú arábìnrin tí ó ṣèṣe bímọ láìpẹ́ wá sí ilé ìwòsàn wa ó sọ wípé àti ìgbà tí ọmọ àwọn ti bímọ níṣe ni ó ń da ẹ̀jẹ̀ ní ojú ara kíkankíkan tó sì jẹ́ wípé kò sí òkun lára ọmọ àwọn mọ́ ẹni tí ó bímọ yìí jẹ́ ọmọ ọdún mẹ́rìnléléogún wọ́n sì wípé ẹ̀jẹ̀ náà pọ̀ tó ń dà lójú ara ọmọ àwọn kò rí ibi jẹun kò rí ibi ṣe ohunkóhun ìbéèrè mi ni pé kí ló lè fà á tí arábìnrin yìí tí ó máa da ẹ̀jẹ̀ ní ojú ara lẹ́yìn tí ó ti bímọ fún ọjọ́ díẹ̀ sẹ́yìn tí ó ṣe ẹni tó ṣẹ̀ṣẹ̀ bímọ ní ọjọ́ kinni ìtọ́jú wo la lè fún ìyá náà láti lè jẹ́ kí ẹ̀jẹ̀ náà dá àti láti lè jẹ́ kí ara wọn mókun sí ìmọ̀ràn bólá lè gba ìyá àti arábìnrin yìí,"Ìyá arábìnrin kan tí ó ṣẹ̀ṣẹ̀ bí ọmọ wá sí ilé ìwòsàn. Ó sọ pé láti ìgbà tí ọmọ òun ti bí ni ó ti ń da ẹ̀jẹ̀ gidigidi. Ó sì jẹ́ pé kò sí okun lára rẹ̀ mọ́. Ẹni tí ó bí ọmọ yìí jẹ́ ọmọ ọdún mẹ́rìnlélógún. Ó tún sọ pé ẹ̀jẹ̀ náà pọ̀ tó, ó sì ń dà á lójú. Ìyá ọmọ náà kò rí bí jẹun, kò sì rí bí ṣe ohunkóhun.
Ìbéèrè mi ni pé, kí ló lè fa tí arábìnrin kan fi máa ń da ẹ̀jẹ̀ lẹ́yìn tí ó ti bí ọmọ fún ọjọ́ díẹ̀ sẹ́yìn? Ìtọ́jú wo la yẹ fún ìyá náà láti lè jẹ́ kí ẹ̀jẹ̀ náà dá dúró àti láti jẹ́ kí ara rẹ̀ mú kúrò? Ìmọ̀ràn wo la lè gbà fún ìyá àti arábìnrin yìí?",http://speech-app.s3.amazonaws.com/static/audio/uploads/e3f3565d-7c05-4ea8-ac65-121c3bf024cc/ad463aeb1ec294e83086262932e2b3c0_D5ml3o7y.wav,"Postpartum hemorrhage occurring days after delivery is most likely due to retained placental fragments or uterine infection (endometritis), both of which prevent proper uterine contraction and involution. The heavy bleeding and profound weakness you describe indicate possible hypovolemic shock, requiring immediate resuscitation with intravenous fluids and a blood transfusion if hemoglobin is dangerously low. To stop the hemorrhage, begin uterine massage and administer a uterotonic drug such as oxytocin (10 IU intramuscularly or in an IV drip) or misoprostol (800 micrograms rectally), and start broad-spectrum IV antibiotics like ampicillin and metronidazole to treat any underlying infection. Definitive treatment if bleeding persists involves an urgent surgical evacuation of the uterus (manual vacuum aspiration) to remove any retained tissue. To restore the mother’s strength, once stabilized, prescribe oral iron and folic acid supplementation, encourage a high-protein diet, and monitor for ongoing blood loss; advise the family to return immediately if bleeding increases or weakness worsens and not to delay hospital care.",Deepseek-v4 pro,deepseek-v4-pro
ba312e81-dc4c-47f4-883d-b975ee0c6d4e,yoruba,yoruba,ni agbalagba kan lo wa si ile-iwosan alabode wa baba yii so wipe ori nfo awon gan ti oran won si le ti awon si ri kokoro kan lojiji ti o su si awon ni ara awon wa lati bere nkan ti o le fa ati pe iru itoju wo ni a le fun awon a bere lowo baba yii wipe nje ori yii o bere lojiji ni abi o nfo won werewere ti baba yii si so wipe werewere ni ori yii bere ti o si ti ni agbara gan bayi a tun wa bere lowo baba yii wipe nje won le wo ina ti won ba ri ina ti o mole ti baba yii si so wipe rara wa won ko le wo ina ti o mole nitori pe se ni o ma wo agbari awon lo ti ori yii si tun ma bere si ni fo awon si a tun wa bere lowo baba yii wipe nje kokoro ti o mu won yii nje o nle abi o se o po abi fere feni ti baba yii si so wipe gbogbo ara awon ni ti ko si le amo o yun awon nigba naa ni a bere lowo baba yii pe nje won ni ibasepo ifarakinra pelu alaisan ni aipe yii ti baba yii si so wipe awon ko tile lo si ibi kankan ju ki awon ta oja ni iwaju ile awon lo pe awon ko ni ifarakinra pelu alaisan kankan ibeere wa fun dokita wa ni wipe kilo le fa iru aisan ori fifo orun lile ti baba yii ko le yi orun ti kokoro si bo won ni gbogbo ara kilo le fa nje arun eyi ni eleyi ni abi nkan miiran ibeere wa keji ni wipe iru ayewo wo la le ni ki baba yii se lati mo ohun ti n se won ni pato fun itoju to peye ati wipe oogun wo la le ni ki baba yii lo ki esi ayewo won to de,"Bàbá àgbàlagbà kan ni wọ́n wá sí ilé ìwòsàn alábòde wa. Bàbá yìí sọ pé orí ń fò ó gan-an, ọrùn rẹ̀ sì le, ó sì ní kokoro kan ní ojijì tí ó sú sí i ní ara. Ó wá láti béèrè ohun tí ó lè fà á àti irú ìtọ́jú wo ni a lè fún un.
A béèrè lọ́wọ́ bàbá yìí pé ṣé orí náà bẹ̀rẹ̀ lójijì ni tàbí pé ó ti ń fò ó díẹ̀díẹ̀. Bàbá náà sì sọ pé lójijì ni ó bẹ̀rẹ̀ ní òru, ó sì ti lágbára gan-an báyìí. A tún béèrè lọ́wọ́ rẹ̀ pé ṣé ó lè wo ìmọ́lẹ̀ dáadáa, bàbá náà sì sọ pé rárá, kò lè wo ìmọ́lẹ̀ nítorí pé ó máa ń wọ agbárí rẹ̀, tí orí náà sì tún máa ń fò ó sí i.
A tún béèrè lọ́wọ́ rẹ̀ pé kokoro tí ó ń mú un yìí, ṣé ó ń le tàbí ó pọ̀, tàbí pé ó fẹ́rẹ̀fẹ́ ni. Bàbá náà sọ pé gbogbo ara òun ni, kò sì lè mọ ibi pàtó, ṣùgbọ́n ó ń yún un.
Lẹ́yìn náà, a béèrè lọ́wọ́ bàbá náà pé ṣé ó ní ìbáṣepọ̀ pẹ̀lú aláìsàn kankan láìpẹ́ yìí, bàbá náà sì sọ pé wọn kò lọ sí ibi kankan ju pé wọ́n tà ọjà ní iwájú ilé wọn. Wọ́n kò sì ní ìfarakànra pẹ̀lú aláìsàn kankan.
Ìbéèrè wa fún dókítà ni pé kí ni ó lè fà irú àìsàn orífífó àti ọrùn líle tí bàbá yìí kò lè yí ọrùn rẹ̀, tí kokoro sì bò ó ní gbogbo ara? Kí ló lè fà á? Ṣé àrùn ẹyí ni èyí tàbí nǹkan míì?
Ìbéèrè wa kejì ni pé irú àyẹ̀wò wo ni a lè ní kí bàbá yìí ṣe láti mọ ohun tí ń ṣe é ní pàtó fún ìtọ́jú tó péye, àti pé oogun wo ni a lè ní kí bàbá yìí lò kí èsì àyẹ̀wò rẹ̀ tó dé?",http://speech-app.s3.amazonaws.com/static/audio/uploads/c73d6f39-b3ad-4be2-9439-5c3cc7a21be7/4d085afdce27111ca046ae45e784b7a4_75XkVzML.wav,"This presentation of severe progressive headache, neck stiffness, photophobia, and a diffuse itchy non-palpable rash is highly suggestive of meningitis; the acute onset with rash makes meningococcal meningitis a critical concern, though viral causes (e.g., enteroviral) are possible. Immediate investigations should include a lumbar puncture for cerebrospinal fluid analysis, Gram stain, and culture, along with a full blood count, malaria smear, and blood culture. While awaiting results, initiate empirical intravenous antibiotics such as ceftriaxone (or benzylpenicillin plus chloramphenicol per local protocol) to cover bacterial meningitis without delay. Provide supportive care with analgesics for headache and antipyretics, and ensure strict isolation. The itchy, flat rash could indicate a viral exanthem, but bacterial meningitis cannot be ruled out clinically and must be treated presumptively.",Deepseek-v4 pro,deepseek-v4-pro
f89194ba-0cb4-4b60-852d-49eef7c70ae5,yoruba,yoruba,dókítà mo mú ọmọ mi tí ń ṣe ọmọ ọdún márùn-ún ó lé oṣù méjì wá èyí tí ó nira fún un láti mí ní alẹ́ tó sì máa ń wú ikọ́ ní gbogbo ìgbà ikọ́ yìí ó ti di lemọ́lemọ́ mọ̀rà ògùn ikọ́ tolin children fún un ó ti lo ìgò kan tán ṣùgbọ́n síbẹ̀ ikọ́ yìí kò lọ bẹ́ẹ̀ sì ni ó nira fún un láti mí tó bá ti di alẹ́ mo ṣe àyẹ̀wò ikọ́ ife fún un ṣùgbọ́n ó jẹ́ kí n mọ̀ pé kò ní ikọ́ ife ǹjẹ́ dókítà ẹ̀jọ́ kí ló le fà á kí ọmọ ọdún márùn-ún kó máa wú ikọ́ lemọ́lemọ́ àti pé kí ló le fà á kí ọmọ ọdún márùn-ún kó nira fún un láti máa mí tó bá ti di ní àṣálẹ́ ẹ ṣe,"Dókítà, mo mú ọmọ mi tí ń ṣe ọmọ ọdún márùn-ún ó lé oṣù méjì wá, èyí tí ó nira fún láti mi ní àlẹ́ tí ó sì máa ń wù ìkọ́ ní gbogbo ìgbà.
Ìkọ́ yìí ó ti di lẹ́mọ̀ lẹ́mọ̀.
Mo ra oogun ìkọ́ <code switch > <english >Tutolin Children<code switch > <yoruba> fún un, ó ti lò ìgò kan tán, ṣùgbọ́n síbẹ̀ ìkọ́ yìí kò lọ, bẹ́ẹ̀ sì ni ó nira fún láti mi tí ó bá ti di àlẹ́.
Mo ṣe àyẹ̀wò ìkọ́ ìfẹ́ fún un, ṣùgbọ́n wọ́n jẹ́ kí n mọ̀ pé kò ní ìkọ́ ìfẹ́.
Nítorí náà dókítà, kí ni ó lè fà kí ọmọ ọdún márùn-ún máa wù ìkọ́ lẹ́mọ̀ lẹ́mọ̀, àti kí ni ó lè fà kí ọmọ ọdún márùn-ún nira fún láti mí tí ó bá ti di ní alẹ́?",http://speech-app.s3.amazonaws.com/static/audio/uploads/2a220809-32a0-4a86-bfec-a4b31b24be90/9562bfb2f9dfd462b5931834014cb756_vq2yxS6J.wav,"Persistent nighttime cough and evening difficulty breathing in a 5-year-old, unresponsive to cough syrup and with a negative TB test, is most consistent with childhood asthma. In asthma, the airways are hyperreactive, leading to bronchoconstriction and inflammation that often worsen at night due to cooler air, lying flat, and natural circadian drops in cortisol and adrenaline. This pattern of nocturnal dyspnea and chronic cough is a hallmark. Over-the-counter cough mixtures do not treat the underlying airway inflammation. A clinical diagnosis of asthma should be made and a trial of an inhaled short-acting bronchodilator (e.g., salbutamol) via a spacer is warranted, alongside identification and avoidance of possible triggers like dust, smoke, or allergens.",Deepseek-v4 pro,deepseek-v4-pro
35977df3-8df6-4231-9281-18b14763d495,yoruba,yoruba,mo jẹ ọmọ ọgbọn ọdun le meji mo ṣe bimọ mi oni ni o pe ọjọ meje ti mo bimọ mo wa ri pe ti n ba ti n fun ọmọ yẹn lọyan agidi lo ma fi n fa ọyan yẹn to ba ti fa ṣukẹ ṣukẹ ṣukẹ a tun yọ ẹni kuro ti n ba tun ti wa gbiyanju lati fẹ fi ori ọmu si lẹnu pe ko tiẹ fa ọmu yẹn a tun fa ṣukẹ naa a tun yẹ ẹnu kuro ni mo ma n wo pe kilode ti ọmọ yii o tiẹ yẹ ko a le mu ti o fi mọmu dada mo a ṣakiyesi wipe o ni otutu emi ẹ o jageere bi igba ti ọmọ ba hanrun ni n dun kanran kanran mo pe akiyesi iya ọkọ mi si iya ọkọ mi ni boya nigba ta n bi pe boya o fa mi sori ni boya o fa mi ara sori ni abi nkan amọ mo ro pe to ba fa mi sori ohun to wa nile iwosan yẹ ki wọn ri pe o fa mi sori ohun to wa ba mi lọkan jẹ ju ni le ko mu ọmu yẹn dada ko mu ọmu yẹn gara agidi ni niwọn ba igba ti n ba fẹ fun maa lati maa ji lati maa ri pe mo gbin sọmu ni to maa fi gba iwọn ba to ba gba ti mo wa beere ni pe kilo fa kilo fa otutu to fi jẹ pe emi e o tie jagere to jẹ pe to ba mi o maa se bi eni pe eni ti imu e di ati wipe kilo fa ti o le fi mu omu daadaa,"Mo jẹ́ ọmọ ọdún mọ́kàndínlọ́gbọ̀n (32), mo ṣẹ̀ṣẹ̀ bímọ ni, mo bímọ ní ọjọ́ méje (7) sẹ́yìn. Mo ṣàkíyèsí pé tí mo bá ń fún ọmọ náà ní ọmú, ó ń fura láti mu ọmú náà. Tí ọmọ náà bá mu díẹ̀, yóò yọ ẹnu rẹ̀ kúrò; tí mo bá tún dánwò láti fi ọmú náà sí mọ́ ọ lẹ́nu kí ó lè mu, yóò tún mu díẹ̀, yóò sì tún yọ ẹnu rẹ̀ kúrò. Mo wá ń rò ó pé kí nìdí tí ọmọ yí kò fi mu ọmú dáadáa, mo wá ṣàkíyèsí pé ọmọ náà ní otútù, kò lè gba èémí jáde dáadáa—básíi pé ọmọ ń sùn tọ̀n-ọn-tọ̀n-ọn ni ohùn rẹ̀ ṣe ń dún. Mo pe àkíyèsí ìyá ọkọ mi sí i, ó ní ó ṣeé ṣe kó jẹ́ pé nígbà tí a fẹ́ bímọ rẹ̀ ni omi wọ̀ ọ́ lórí tàbí nǹkan mìíràn, sùgbọ́n mo rò ó pé tí omi bá wọ̀ ọ́ lórí, ó yẹ kí àwọn nọ́ọ̀sì àti dókítà mọ̀ pé omi wọ ọmọ náà lórí. Ohun tó wá ba mi nínú jẹ́ jùlọ ni bí kò ṣe ń jẹun (mu ọmú) dáadáa, èyí ń mangbà lójú mi, ọkàn mi kò sì balẹ̀ rárá; kò mu ọmú dáadáa rárá. Agídí ni gbogbo ìgbà tí mo bá fẹ́ fún ọmọ náà ní ọmú, mo mọ́ ń jí i dìde kí ó lè mu díẹ̀, ìyẹn náà jẹ́ pé tí ó bá gbà mọ́ mi lọ́wọ́. Ohun tí mo fẹ́ béèrè ni pé, kí ni ohun tó fa otútù tí kò fi lè gba èémí dáadáa yí, tí ó jẹ́ pé ní gbogbo ìgbà tí ó bá ń mísí, ó ń rí bíi ti ẹnìkan tí imú rẹ̀ dí, ati pé kí ni ohun tó fa rẹ̀ tí kò fi mu ọmú dáadáa?
",http://speech-app.s3.amazonaws.com/static/audio/uploads/990dcf2b-4f6d-44b4-9ace-fa245064aa58/eb9462833c47a0bff33e1aaa43234082_kao3w3Q8.wav,"The newborn's noisy breathing and cold symptoms are most likely due to benign neonatal nasal congestion (snuffles), a common condition in the first week from residual amniotic fluid or minor irritation. Because newborns are obligate nose breathers, any blockage forces them to repeatedly release the breast to breathe, causing the observed frantic, aggressive latch and pulling. The poor latching is a consequence of this airway obstruction rather than birth trauma, though a forceps delivery could cause temporary facial soreness that worsens the issue. Clear both nostrils gently with breast milk or saline drops and a soft suction bulb before each feed; this usually resolves both breathing and latching. If the congestion persists beyond two weeks or is accompanied by fever, fast breathing, or poor weight gain, return promptly for evaluation to rule out a respiratory infection.",Deepseek-v4 pro,deepseek-v4-pro
81446bf8-42a5-4dde-9e49-a64d47d505a9,yoruba,yoruba,ọmọ ará ilé mi ni ajá bùjẹ ọmọ ọdún méje sì ni nígbà tí ajá sì bùjẹ ó ní àwọn máa ló sí ìbílẹ̀ wọ́n ṣá ojú ọgbẹ́ náà wọ́n sì fi aporó sin ṣùgbọ́n nísinsìnyí ojú bisi ajá sì bújẹ ó sì bèrè sí nípọ́n ó sì ti ń wù ni aṣá ṣàlàyé fún wọn wípé kí wọ́n gbẹ́gbẹ́ lọ sí ilé ìwòsàn ẹjọ́ irú ayẹwo wo ni wọ́n le ṣe fún ọmọdékùnrin yìí ǹjẹ́ ṣé kò sì lè ní ìjàm̀bá ì sí orú ajá náà yóò ti ṣe ní ara rẹ̀ àti wípé irúfẹ́ ìtọ́jú wo ni ọmọdékùnrin kékeré yìí lè gbà èyí sí ajá náà tí kò fi nínú ìpalárà ní ara rẹ̀,"Ọmọ ará ilé mi ni ajá bùjẹ́. Ọmọ ọdún méje ni. Nígbà tí ajá sì bùjẹ́, wọ́n máa lọ sí ọ̀dọ̀ ìbílẹ̀ wọn, wọ́n ṣe àṣà sí ojú ọgbẹ́ náà, wọ́n sì fi àpòrọ̀ sí. Ṣùgbọ́n nísinsìnyí, ojú ibi tí ajá ti bùjẹ́ ti bẹ̀rẹ̀ sí í pọ̀rọ̀, ó sì ti ń wú. A ṣàlàyé fún wọn pé kí wọ́n gbé e lọ sí ilé ìwòsàn. Ẹ jọ̀wọ́, irú àyẹ̀wò wo ni a lè ṣe fún ọmọkùnrin yìí? Ṣé ó lè ní àrùn jábá ẹ̀yin sí ọ̀rọ̀ ajá náà, yóò ti ṣe ní ara rẹ̀? Àti pé irú ìtọ́jú wo ni ọmọkùnrin kékeré yìí nílò? Ẹ gba ìyí ti ajá náà tí kò ní lè pálára ní ara rẹ̀.",http://speech-app.s3.amazonaws.com/static/audio/uploads/8ebfa89e-ed0d-4b92-9a75-77931265b385/d9f6283da175c4669b6d916f7b3cfa13_B6TcCfVs.wav,"Immediate wound swab for culture and sensitivity is necessary to identify the bacteria causing the pus and swelling, especially after traditional scarring introduced infection. This boy is at high risk for rabies; if the dog is unvaccinated, a stray, or cannot be observed for 10 days, post-exposure prophylaxis with rabies vaccine and immunoglobulin must start without delay. He also requires tetanus toxoid if his vaccination is not up to date, along with proper surgical wound debridement and broad-spectrum antibiotics. Rabies is almost always fatal once symptoms appear, so urgent hospital care is critical to prevent that. Delaying treatment risks severe local infection, sepsis, and the fatal outcome of rabies.",Deepseek-v4 pro,deepseek-v4-pro
262a0043-0ea1-4414-8747-b6e4e66e26c5,yoruba,yoruba,alabomimu ẹni ọmọ ọdun ti wa si ile-iwosan wa loni pẹlu ailera wipe ori fifọ ko jẹ ki oun gbadun lati bi ọsẹ meji bayi ti oun okinsinkin le ri orin sun lale gbogbo ẹsi oun owo oun ati oju oun ni o wu oun si ti gbiyaji ani ki oun ma mọ mi pe sugbon oun ri iyato kankan afilokan bale pe aye ara re wo a gba oruko re sile ojoori gbogbo nkan ti o ye ka kosile nipa re a ni ko sinmi die toripe o sese gun okinni leyin igbati o sinmi aye ifopa aye wo a wipe ifopa naa o ga o wo 168 100 ani ki o sinmi ki o sun die si odo wa leyin wakati leyin a tun tun ifunpa re yewo eleyi to je 150 night nitori pe o je olorun a ni lati fi ri ogun ifopa giga ti o wa dada lati lo fun olorun ati salaye fun gbogbo nkan ti o ye ki o ma se lati matun fi se wahala pupo debi pe ifopa re yoo ga soke ju ibeere mi wa ni wipe leyin awon nkan ti a ti se fun iru oloyin awon oloyun to ba ni efori leralera ati ti oju re wu kini awon nkan ti a le fi toju iru oloyun naa ti ko fi ni jasegiri fun oloyun ati wipe kini awon nkan ti oloyun le maa se ko to di asiko bayi lati fi di ina re,"Alábùkún ní ó mú dún pé òun ń ṣán rárá lójú, pẹ̀lú àìlera, ó sì sọ pé orífífó kò jẹ́ kí òun gbádùn. Láti bí ọ̀sẹ̀ méjì sẹ́yìn, òun kò lè rí oorun sùn dáadáa lálẹ́. Gbogbo ẹsẹ̀, ọwọ́ àti ojú òun ni ó wú. Òun sì ti ń gbìyànjú láti tọ́jú ara rẹ̀. Wọ́n ní kí òun máa mu àwọn oògùn tí wọ́n fún un, ṣùgbọ́n òun kò rí ìyàtọ̀ kankan. A fi lọ́kàn balẹ̀ pé yóò rí ìmúláradá.
Nígbà tí a yẹ ara rẹ̀ wò, kò sí ààmì ìṣòro míì tó ṣe pàtàkì. Gbogbo ohun tó yẹ ká yẹ̀ wò ni a yẹ̀ wò, kò sì sí ohun míì tó dá wa láàmú. Ó tún lè gùn òkè láìsí ìṣòro. Nígbà tí a wọn ìfọ̀pá rẹ̀, ó jẹ́ 168/100 mmHg. A ní kí ó sinmi díẹ̀, lẹ́yìn náà a tún wọn ìfọ̀pá rẹ̀, ó sì jẹ́ 150/90 mmHg.
A rí i pé olóyún ni. Nítorí náà, a bẹ̀rẹ̀ ìtọ́jú ìfọ̀pá gíga pẹ̀lú oògùn tó yẹ fún àwọn olóyún, tí ó sì jẹ́ ààbò fún wọn láti lò. A tún ṣàlàyé fún un àwọn ohun tí kò gbọdọ̀ ṣe, pàápàá jùlọ kí ó yẹra fún wàhálà púpọ̀, kí ìfọ̀pá rẹ̀ má bà a gòkè síi.
Ìbéèrè mi ni pé, lẹ́yìn gbogbo ìtọ́jú tí a ti ṣe fún irú olóyún bẹ́ẹ̀, àwọn olóyún tí wọ́n bá ní ẹ̀fọ́rí léraléra àti ojú tí ń wú, àwọn ìgbésẹ̀ míì wo ni a lè gbà láti tọ́jú wọn kí wọ́n má bà a dé ipò gírí? Bákan náà, àwọn nǹkan wo ni olóyún lè máa ṣe láti dènà kí ìṣòro yìí má ṣẹlẹ̀ tàbí kí ó má burú síi?",http://speech-app.s3.amazonaws.com/static/audio/uploads/abf7065a-5517-48bb-b4c3-692add45927d/76142179d6548d7782f269ca82d00d21_lRBXwCx1.wav,"The patient’s headache, facial and hand swelling, and elevated blood pressure (168/100 mmHg) indicate severe pre-eclampsia, which requires immediate management to prevent eclampsia and organ damage. Administer magnesium sulfate (standard regimen: 4g IV loading dose over 15–20 minutes, then 1g/hour maintenance for 24 hours) for seizure prophylaxis, and start oral antihypertensives like nifedipine 10–20 mg or methyldopa 250–500 mg to lower blood pressure below 160/110 mmHg. Definitive treatment is delivery of the baby once the mother is stabilized, especially if severe features persist despite antihypertensives. To prevent such complications, pregnant women should begin early antenatal care, take low-dose aspirin (75–150 mg daily) from 12 weeks if they have risk factors, ensure adequate calcium supplementation (1.5–2 g daily), and promptly report any headache, visual changes, or swelling.",Deepseek-v4 pro,deepseek-v4-pro
888270dd-7d50-466c-8dfb-5166bbc9ff32,yoruba,yoruba,ìyá kan tó ń gbé ní ilé wa oníṣẹ́ ni ó dè máa ń ṣiṣẹ́ rẹ̀ takuntakun tí kò dẹ́ ní ìṣòro pẹ̀lú ìlera rẹ̀ ní ọjọ́ kan nígbà tó ń wẹ̀ ó fọwọ́ kan ọmú rẹ̀ ó ṣàkíyèsí pé ohun kan dàbí kókó kékeré tó le wà nínú ọmú rẹ̀ ní ìbẹ̀rẹ̀ ó rò pé kò ṣe pàtàkì ṣùgbọ́n ó tún fi ọwọ́ kàn án ní ọjọ́ míì ó sì rí i wípé ó sì wà ń bẹ̀ bí ọjọ́ ṣe ń lọ ọkàn rẹ̀ kò balẹ̀ rá rárá ó bẹ̀rẹ̀ sí í ronú pé bóyá ìṣòro yìí ó ń bẹ nínú ọmọ rẹ̀ kò ní ìrora ṣùgbọ́n bí kókó náà ṣe ń le àti bí kò ṣe kúrò ó ń ba nínú jẹ́ ó tún bẹ̀rẹ̀ sí í rántí àwọn ìtàn tó máa ń gbọ́ nípa àwọn ọmọbìnrin tí wọ́n ní kókó nínú ọmọ wọn lẹ́yìn ọ̀sẹ̀ díẹ̀ ó pinnu láti lọ rí dókítà ó fẹ́ mọ ohun tó fa kókó náà àti ohun tó yẹ kó ṣe láti dáàbò bo ìlera ara rẹ̀ béèrè mi ni pé kíni ó lè fa kókó líle nínú ọmọbìnrin ṣé gbogbo kókó inú ọmú ni ó túnmọ̀ sí àrùn tó léwu bíi àrùn jẹjẹrẹ kíni àwọn àmì míì tí yóò yẹ kí wọ́n máa ṣọ́ra fún nípa ọmú náà,"Ìyà kan  tí ó ń gbé ní ilé wa
, ó níṣẹ́ ni. Ó dẹ̀ máa ń ṣiṣẹ́ rẹ̀ tọkàntọkàn, tí kò dẹ̀ níṣòro pẹ̀lú ìlera rẹ̀.
Ní ọjọ́ kan nígbà tí ó ń wẹ̀, ó fọwọ́ kàn ọmú rẹ̀, ó ṣàkíyèsí pé ǹkan kan dàbí kókó kékeré tó le wà nínú ọmú rẹ̀.
Ní bẹ̀rẹ̀, ó rò pé kò ṣe pàtàkì, ṣùgbọ́n ó tún fọwọ́ kàn ńí ọjọ́ mìíràn. Ó sì rí i wípé ó ṣì wà ńbẹ̀. Bí ọjọ́ ṣe ń lọ, ọkàn rẹ̀ kò balẹ̀ rárá. Ó bẹ̀rẹ̀ sí í rò ó pé bóyá ìṣòro yìí, ó ń bẹ nínú ọmú rẹ̀. Kò ní ìrora, ṣùgbọ́n bí kókó náà ṣe ń lée àti bí kò ṣe kúrò ń banújẹ́. Ó tún bẹ̀rẹ̀ sí í rántí àwọn ìtàn tí ó máa ń gbọ́ nípa àwọn ọmọbìnrin tí wọ́n ní kókó nínú ọmú wọn.
Ní ọ̀sẹ̀ díẹ̀, ó pinnu láti lọ rí dókítà. Ó fẹ́ mọ ohun tó fa kókó náà àti ohun tí ó yẹ kọ́ ṣe láti dábòbò ìlera rẹ̀.
Ìbérè mi ni pé kí ni ó lè fa kókó líle nínú ọmú ọmọbìnrin?
Ṣé gbogbo kókó nínú ọmú ni ó túmọ̀ sí àwọn tólè wọ kánṣá?
Kí ni àwọn àmì mìíràn tí ó yẹ kí wọ́n máa ṣọ́ra fún nípa ọmú náà?
",http://speech-app.s3.amazonaws.com/static/audio/uploads/d575d881-aa75-4eca-9540-c235d498115c/c08408e6506a326c5ec9dff96a73fef1_BxljW2e8.wav,"A hard breast lump can be caused by benign conditions like a fibroadenoma or cyst, but also by malignancy. Not all lumps mean cancer; however, any new, persistent, firm lump requires clinical evaluation. Warning signs for a suspicious lump include a painless, fixed, irregular mass, nipple retraction or bloody discharge, and skin changes like dimpling or redness. In our setting, a thorough history, physical exam, and an ultrasound with core needle biopsy if indicated are crucial for diagnosis. I strongly advise this woman to visit a doctor promptly for proper assessment and reassurance.",Deepseek-v4 pro,deepseek-v4-pro
7e53909f-2755-4064-a691-643b3f12c711,yoruba,yoruba,ọkọ mi ọmọ ogójì ọdún ni mo ṣàdédé ríi wípé láti bíi ọ̀sẹ̀ bíi mẹ́ta sẹ́yìn ló kàn ṣáà ń mumi mumi mumi mumi bódẹ̀ ṣe ń mu omi ẹnáà ló ṣe lọ ń tọ̀ ń ṣẹ́júṣẹ́jú kódà lóòru o lè jí tó ẹ̀ mẹ́wàá kílẹ̀ tó mọ́ lórí ìtọ̀ yìí ó dẹ̀ tún ṣàlàyé wípé ó ń rẹ òun ó tún rù díẹ̀ ìgbà míì ojú rẹ̀ ó máa ń fì ojú rẹ̀ máa ń fì tí a ní pé òun ò rínu tó bá fẹ́ dìde lọ tọ̀ mo wá rí pé ìtàn yẹn ó ti ń pọ̀jù ó dẹ̀ ti ń léraléra kíni nǹkan tí ó le fà tí ó fi ń tọ̀ léraléra tí ó dẹ̀ tún fi ń mu omi torí bó ṣe ń mu omi yẹn náà ló ṣe ń tọ̀ kíni ó fà ṣé a lè pe àwọn àmì yìí ní àmì ìtọ̀ ṣúgà àbí kíni a lè pé irú àyẹ̀wò wo ni ó lè ṣe láti fi mọ̀ bóyá mọ bó ṣe ń ṣe é kíni ó fà tí ó fi ń rẹ̀ ní rẹ ní gbogbo ìgbà tó ṣà ń pariwo rírẹ̀rírẹ̀ kíni ìdí tí ó fi ń tọ̀ ní ìṣẹ́jú ìṣẹ́jú tó jẹ́ pé bó ṣe ń mọ omi òun náà ló ṣe ń tọ̀ kíni ó fà tó jẹ́ pé ó ń tọ̀ ṣé ìfunpá gíga ṣó le fa àwọn àmì tí ó ń rí yìí àbí omi tó wà ní ara rẹ̀ kò tó irú oúnjẹ wo àti omi wo ni kò yẹ kó ń mu àbí ló yẹ kó máa mu àwọn ètò wo ló yẹ kó gbé ìgbésẹ̀ wo ló yẹ kó gbé tí àwọn àmì yìí fi máa kíni ó ní láti ṣe ṣé ó nídìí láti lọ sí ibi tí wọ́n máa ti ṣe àyẹ̀wò àbí kò nílò àyẹ̀wò kankan báwo ni ó ṣe yẹ kó máa ṣe àyẹ̀wò ṣúgàsì ṣé lórè kó lè ní àbí ẹ̀kọ̀ọ̀kan kíni àwọn nǹkan tó ń ṣe yìí kíni o lè fàánú àgọ̀ ara rẹ̀,"Ọkọ mi, ọmọ ogójì ọdún ni, mo sì ṣàdédé rí i pé láti bíi ọ̀sẹ̀ mẹ́ta sẹ́yìn, ó ń kan sáa mu omi. Bí ó ṣe ń mu omi náà, ló ṣe ń tọ̀ ní ìṣẹ́jú-ìṣẹ́jú. Kódà, lórú, ó lè jí tó ẹ̀ẹ̀mẹ́wàá kí ilé tó mọ́ lórí ìtọ̀ yìí. Ó sì tún ṣàlàyé pé ó ń rẹ̀ òun. Ó tún rù díẹ̀. Ìgbà míì, ojú rẹ̀ máa ń fì, tó máa ní pé òun ò ríran tó bá fẹ́ dìde lọ́tọ̀. Mo wá rí i pé ìtọ̀ yẹn ń pọ̀ jù, ó sì ń léraléra. Kí ni nǹkan tí ó lè fa tó fi ń tọ̀ léraléra, tí ó sì tún fi ń mu omi púpọ̀, torí bí ó ṣe ń mu omi yẹn náà ló ṣe ń tọ̀? Kí ni ó fà á? Ṣé a lè pe àwọn àmì yìí ní àmì ìtọ̀ ṣúgà, àbí kí ni a lè pè é? Irú àyẹ̀wò wo ló lè ṣe láti fi mọ ohun tó ń ṣẹlẹ̀? Kí ni ó fa tí ó fi ń rẹ̀ ní gbogbo ìgbà? Kí ni ìdí tó fi ń tọ̀ ní ìṣẹ́jú-ìṣẹ́jú? Ṣé ìfúnpá gíga lè fa àwọn àmì tí a rí yìí, àbí omi tó wà lára rẹ̀ ni kò tó? Irú oúnjẹ wo àti omi wo ni kò yẹ kí ó mu, àbí ló yẹ kí ó máa mu? Àwọn ìgbésẹ̀ wo ló yẹ kí ó gbé kí àwọn àmì yìí lè máa lọ? Ṣé ó nílò láti lọ sí ibi tí wọ́n máa ti ṣe àyẹ̀wò, àbí kò nílò àyẹ̀wò kankan? Báwo ni ó yẹ kí ó máa ṣe àyẹ̀wò ìtọ̀ ṣúgà sí? Ṣé lóòrékóòré ni àbí ẹ̀ẹ̀kọ̀ọ̀kan? Àwọn nǹkan tó ń ṣẹlẹ̀ yìí, kí ló lè fa nínú àgọ́ ara rẹ̀? ",http://speech-app.s3.amazonaws.com/static/audio/uploads/68707e3e-386b-4cd1-b3e5-d15a343c3383/f85723cec7b8f6d7c8ff5328f6fd01f7_eq945eJH.wav,"The classic triad of excessive thirst, frequent urination (especially at night), and unexplained weight loss with blurry vision strongly suggests newly onset diabetes mellitus. He needs urgent laboratory testing: a fasting blood sugar, random blood sugar, or HbA1c, along with a urine dipstick for glucose and ketones to confirm the diagnosis and exclude immediate complications. High blood pressure often accompanies diabetes but does not directly cause these osmotic symptoms; his fatigue and dizziness may signal very high blood sugar. He should immediately avoid sugary drinks and high-carbohydrate meals, drink only water for now, and visit a hospital today for evaluation and treatment to prevent dangerous deterioration.",Deepseek-v4 pro,deepseek-v4-pro
dbd7b7fd-19cf-43a8-9673-6b6c68530fe0,yoruba,yoruba,alágbàtọ́ ọmọ kan ṣàkíyèsí wípé ọmọ náà ń wúkọ́ gidigidi débi pé ó ń tagìrì àti wípé ọmọ náà ń gbìyànjú tiraka láti mí dáradára ni kíni o lè fa kí ọmọ kí ó máa wúkọ́ àwútagìrì lébi wípé kò lè mí dáadáa tó ń tiraka láti mí irú àyẹ̀wò wo ni a lè ṣe fún ọmọ náà irú ìtọ́jú wo ni a lè fún bákan náà irú ìmọ̀ràn wo ni a lè gba ìyá alágbàtọ́jú ọmọdé náà,"Alágbàtọ́ ọmọ kan ṣàkíyèsí pé ọmọ náà wúkọ́ gidigidi, dé bi pé òun tàgìrì àti wí pé ọmọ náà gbìyànjú tiraka láti mí dáradára ni. Kí ó le fa kí ọmọ kí ó máa n wúkọ́ àwú tagìrì, débi wípé kò le mí dáadáa, tó tiraka láti mí? Irú àyẹ̀wò wo la lè ṣe fún ọmọ náà? Irú ìtọ́jú wo la lè fún? Bákan náà irú àmọ̀rà wo la lè gba Alágbàtọ́ ọmọ náà? ",http://speech-app.s3.amazonaws.com/static/audio/uploads/81950954-0eaf-4a76-a717-94a0598907c5/f2a63a009e5b0d8bcb1ee65e126f10e2_ZSBdqStS.wav,"Severe paroxysmal cough with spasms, breathlessness, and an inspiratory whoop in a child is highly suggestive of pertussis (whooping cough), a common respiratory infection in settings with low vaccination coverage. A clinical diagnosis is often sufficient, but a nasopharyngeal swab for polymerase chain reaction (PCR) testing can confirm Bordetella pertussis if laboratory resources permit. Immediate treatment includes a macrolide antibiotic such as azithromycin to reduce infectivity and symptom duration, alongside supportive care like oxygen therapy if the child is hypoxic, small frequent feeds to prevent aspiration, and close monitoring for apnoea. Advise the caregiver to complete the child’s routine immunisation with the pertussis-containing pentavalent vaccine, to seek early medical care when cough begins, and to keep the child away from smoke and overcrowded environments to prevent further respiratory distress.",Deepseek-v4 pro,deepseek-v4-pro
85cd1be0-c726-44da-9ffb-29e32dae93c6,yoruba,yoruba,orúkọ mi ni ìyá ààfin akẹ̀rẹ̀ yẹn láti bí oṣù bíi méjì sẹ́yìn ni mo ti rí ṣàkíyèsí wí pé mímí ọkọ mi kò dára rárá bẹ́ẹ̀ ni sì máa ń sín léraléra pàápàá jùlọ tí ó bá ti wà ní ibi tí eruku bá wà tàbí ibi tí a ti ń dín nǹkan yóò mọ́ sín léraléra kò ní lè mí dé òkè dé ilẹ̀ mímí rẹ̀ yóò máa ṣe gúlegúle bẹ́ẹ̀ ni yóò sì máa sin nígbàkigbà tí ó bá wà níbi tí èéfín tàbí erupu bá wà ǹjẹ́ àyẹ̀wò kankan wà tí a lè ṣe ta fi lè mọ̀ kíni ohun pàtó tó ń fa irúfẹ́ nǹkan wọ̀nyí àbí ṣé dídúró níbi tí eruku wà rẹ̀ ni ó ń fa èyí ni àbí àgọ ara rẹ̀ ló yí padà tí irú èyí fi ń ṣẹlẹ̀ irú òògùn wo ni o lè lò tí mímí rẹ̀ yóò fi máa já girigi ní gbogbo ìgbà àti lóòrèkóòrè níbikíbi tí ó bá wà,"Orúkọ mi ni Ìyá Àfín Akinlẹ́yẹ, láti bí oṣù méjì sẹ́yìn ni mo ti ṣàkíyèsí pé mímí ọkọ mi kò dára rárá. Bẹ́ẹ̀ ni ó sì máa ń sìn léraléra, pàápàá jùlọ tí ó bá ti wà ní ibì tí erùkù bá wà, tàbí ibi tí a ti ń din nǹkan. Yóò máa sìn léraléra, kò ní lè mí dé òkè, dé ilé.
Mímí ń rẹ̀ yóò máa ṣe jùlẹ̀jùlẹ̀, bẹ́ẹ̀ ni yóò sì máa sìn nígbàkúgbà tí ó bá wà ní ibì tí èéfín tàbí erùkù bá wà.
Njẹ́ àyẹ̀wò kan wà tí a lè ṣe, tí a lè fi mọ ohun pàtó tí ó fa irúfẹ́ nǹkan wọ̀nyí? Àbí dídúró níbi tí erùkù wà rẹ̀ ni ó fa èyí ni tàbí àgọ́ ara rẹ̀ ni ó ń yí padà tí irú èyí fi ń ṣẹlẹ̀? Irú òògùn wo ni ó lè lò tí mímí rẹ̀ yóò fi máa já gẹ́rẹ́gẹ́ ní gbogbo ìgbà àti ní òrékóre, ní ibikíbi tí ó bá wà?",http://speech-app.s3.amazonaws.com/static/audio/uploads/f4817d08-f83a-4e9f-8fd6-2ae2a2ec8012/1c7cc8d6cd61c84056aaf275dc9347fc_ROCn5LnX.wav,"Yes, tests such as spirometry and skin prick allergy testing can identify the specific triggers causing his breathing difficulty. His symptoms suggest he likely has allergic asthma with rhinitis, where his airways have become hypersensitive to dust, smoke, and fumes, not simply a direct effect of the dust itself. This is a chronic condition where his immune system overreacts to inhaled particles. Effective control requires daily use of a preventer inhaler containing an inhaled corticosteroid (e.g., beclomethasone) and occasional use of a reliever inhaler like salbutamol when symptoms flare. With consistent use of these medications and avoiding known triggers, he can achieve free and easy breathing anywhere.",Deepseek-v4 pro,deepseek-v4-pro
f47cdbdd-57bb-43b9-a856-4e75f2255d36,yoruba,yoruba,ìyá ọmọ kékeré kan ó bẹ̀rẹ̀ sí ní àníyàn nípa ọmọ rẹ̀ tó jẹ́ ọmọ oṣù méjo ní ọ̀sán ọmọ náà máa ń ṣeré dáadáa ṣùgbọ́n ní gbogbo alẹ́ ó máa ń bẹ̀rẹ̀ sí i kọ́ ikọ́ náà máa ń ji lójú ohun ó sì máa ń sunkún lẹ́yìn rẹ̀ ní ọ̀kan lára àwọn alẹ́wọ̀n yìí ìyá rẹ̀ ṣàkíyèsí pé ọmọ náà mí kíákíá ó sì gbà bẹ́ẹ̀ ni pé ó ń tiraka láti mí ìyá náà kò lè sùn nítorí ìbẹ̀rù ní àárọ̀ ọjọ́ kejì ó rí i pé ọmọ náà kò fẹ́ mu ọmú tàbí ṣe rí bíi ti tẹ́lẹ̀ ìyá náà ṣèpinnu láti lọ bá dókítà nítorí ó fẹ́ mọ ohun tó fa ikọ́ àti ìṣòro bó ṣe ń mí kí ó lè mọ ohun tó máa lò fún ọmọ náà ìbéèrè mi ni pé kíni ó lè fà á kí ọmọ kékeré máa wúkọ́ gan-an ní alẹ́ tí ó dẹ̀ tún ṣòro fún un láti máa mí dáadáa ṣe ikọ́ àti bí ó ṣe ń tiraka láti ní dáadáa lè jẹ́ àmì àìsàn ẹ̀dọ̀fóró kíni àwọn nǹkan tí wọ́n lè ṣe ní ilé láti lè jẹ́ kí ọmọ náà kó túbọ̀ lé ìwé ohun sun dáadáa ní àádé,"Ìyá ọmọ kékeré kan ni ó bẹ̀rẹ̀ sí ní ní àníyàn nípa ọmọ rẹ̀ tó jẹ́ ọmọ oṣù mẹ́jọ. Ní ọ̀sán ọmọ náà máa ń ṣeré dáadáa, ṣùgbọ́n ní gbogbo alẹ́ ó máa ń bẹ̀rẹ̀ sí ní wú ikọ́. Ikọ́ náà máa ń jí i lójú oorun, ó sì máa ń sunkún lẹ́yìn rẹ̀. Ní ọ̀kan lára àwọn alẹ́ wọ̀nyí, ìyá rẹ̀ ṣàkíyèsí wípé ọmọ náà ń mí kíákíá, ó sì dàbí ẹni wípé ó ń tiraka láti mí. Ìyá náà kò lè sùn nítorí ìbẹ̀rù. Ní àárọ̀ ọjọ́ kejì, ó rí pé ọmọ náà kò fẹ́ mú ọmú tàbí ṣeré bí ti tẹ́lẹ̀, ìyá náà sì pinnu láti lọ bá dókítà nítorí ó fẹ́ mọ ohun tó fa ikọ́ àti ìṣòro bí ó ṣe ń mí kí ó lè mọ ohun tó máa lò fún ọmọ náà. Ìbéèrè mi ni pé kí ni ó lè fa kí ọmọ kékeré máa wọ́ ikọ́ gan ní alẹ́ tí ó dè tún ṣòro fún láti máa mí dáadáa? Ṣé ikọ́ àti bí ó ṣe ń tiraka láti mí dáadáa lè jẹ́ àmì àìsàn èdò-foró? Kí ni àwọn nkan tí wọ́n lè ṣe ní ilé láti lè jẹ́ kí ọmọ náà kò tìbọ̀ lè rọrùn sùn dáadáa ní alẹ́?",http://speech-app.s3.amazonaws.com/static/audio/uploads/2a220809-32a0-4a86-bfec-a4b31b24be90/9562bfb2f9dfd462b5931834014cb756_4UeQ0TDB.wav,"This pattern of nighttime cough, rapid breathing, and struggling to breathe in an 8-month-old strongly suggests a lower respiratory tract infection like bronchiolitis or pneumonia, which can worsen at night. The sudden refusal to breastfeed and increased work of breathing are signs of respiratory distress and represent a medical emergency requiring immediate hospital evaluation. While seeking care, keep the baby upright to help breathing, and you can use a cool-mist humidifier or briefly sit in a steamy bathroom to loosen mucus. Gently clear nasal congestion with saline drops and a bulb suction before feeds, and offer small, frequent breastfeeds if the child is alert enough to swallow safely. Do not give any cough syrups or home remedies, and ensure no one smokes near the child.",Deepseek-v4 pro,deepseek-v4-pro
3f9d5477-7413-4197-a165-3438971fc0be,yoruba,yoruba,ìgbọ́n mi kan tó ṣẹ̀ṣẹ̀ bí ọmọbìnrin ní ọjọ́ díẹ̀ sẹ́yìn ó ṣàkíyèsí pé ìgbà tó bá ń fún ọmọ ní ọmú ó máa ń tiraka láti lè mí dáadáa nígbà míì ọmọ náà máa ń dáwọ́ mímu ọmú dúró lójijì bí ẹni pé kò sí ẹ̀mí lára rẹ̀ ọjọ́ kan ìyá náà ń rí i pé nígbà tó ń fun ní ọmú lòrù ó rí i pé ètè ọmọ náà ti ń yí padà sí àwọ̀sánmọ̀ díẹ̀díẹ̀ ọkàn rẹ̀ bàjẹ́ gan-an ó gbìyànjú láti gbé ọmọ náà sókè kí ó lè mí dáadáa ṣùgbọ́n ọmọ náà sapá láti gba èémí ọkọ rẹ̀ náà bẹ̀rù nígbà tó rí ọmọ náà bó ṣe ń mí àti bí ètè rẹ̀ ṣe yí padà wọ́n yára gbé ọmọ náà lọ sí ilé ìwòsàn fún àyẹ̀wò kí ló lè fa kí ètè ọmọ tuntun di àwọ̀ òfurufú ṣe ìṣòro mímí nígbà tí ọmọ ń mọ òyìn jẹ́ àmì àrùn tó léwu ṣe àrùn ọkàn tàbí ẹ̀dọ̀fóró lè fa kí ọmọ náà tiraka láti máa mí kí ni àwọn àmì ewu míì tí àwọn òbí lè máa ṣọ́ra fún nínú ọmọ tuntun kí ni ìtọ́jú pàtí awìrì tí wọ́n lè fún ọmọ náà tó bá ní ìṣòro pẹ̀lú eémì,"Ọ̀kan lára àwọn ẹ̀gbọ́n mi obìnrin ṣẹ̀ṣẹ̀ bímọ lóbìnrin ní ọjọ́ mélòó kan sẹ́yìn. Ó sọ pé nígbàkígbà tí òun bá ń fún ọmọ náà ní ọmú, ọmọ náà máa ń ní ìṣòro láti mísí. Nígbà míràn, ọmọ náà á kàn dẹ́kun láti fẹnu mọ́ ọmú náà lójijì, á sì dàbí ẹni tí kò ní ẹ̀mí nínú mọ́.
Lọ́jọ́ kan, ní nǹkan bí i àárín òru, bí ìyá ọmọ ṣe ń fún ọmọ ní ọmú, ó ṣàkíyèsí pé ètè ọmọ náà ń yí àwọ̀ padà díẹ̀díẹ̀. Inú rẹ̀ bàjẹ́, ó sì dínú rò. Ó gbé ọmọ náà sókè kí ó lè rọrun fún ọmọ náà láti mísí dáadáa, sẹ́mọ̀, ọmọ náà ṣì ń ní ìṣòro láti mísí. Èbùrú pàápàá bẹ̀rù nígbà tí ó rí i pé ọmọ náà ń ní ìṣòro láti mísí tí ètè rẹ̀ sì ń yí àwọ̀ padà. Wọ́n gbé ọmọ náà lọ sí ilé-ìwòsàn ní kánkán fún ìtọ́jú ètò ìlera.
Kí nìdí tí ètè ọmọ tuntun fi ń yí àwọ̀ padà, ti ó sì ń ní ìṣòro láti mísí nígbà tí ó bá ń mu ọmú? Ṣé àmì ewu ni èyí jẹ́? Ṣé àìsàn ọkàn tàbí àìsàn ẹ̀dọ̀ le fa kí ọmọ ní ìṣòro láti mísí? Àwọn àmì ewu míràn wo ni ó yẹ kí àwọn òbí máa ṣọ́ra fún, ati pé irú ìtọ́jú mánigbàgbé wo ni a le fún ọmọ tí ó ń ní ìṣòro láti mísí?""
",http://speech-app.s3.amazonaws.com/static/audio/uploads/ffc5a31c-8cfd-4849-b7e3-7af8e65581d3/6cbaa591538d12ad8b04e2a905418e0f_xL1l6xSC.wav,"Cyanosis (blue lips) during breastfeeding in a newborn strongly suggests a congenital heart defect, such as Tetralogy of Fallot, where feeding increases oxygen demand and a right-to-left shunt worsens hypoxemia. This is a dangerous sign of serious illness; both heart defects and severe lung conditions like pneumonia or respiratory distress syndrome can cause such breathing struggles. Other danger signs parents must watch for include fast or grunting breathing, chest in-drawing, persistent lethargy, poor suck, and fever or low temperature. The urgent first aid is to ensure the airway is open by positioning the baby on her back with the neck slightly extended, clear any secretions from the nose and mouth, and immediately transport to a hospital for supplemental oxygen and expert evaluation.",Deepseek-v4 pro,deepseek-v4-pro
75aea24d-1b9c-4171-b1ac-06b0e8a90ca2,yoruba,yoruba,ọ̀kan lára àwọn olóyún wa la rí ní àfẹ̀mọ́júmọ́ yìí pẹ̀lú ọkọ̀ wọn wọ́n sọ wípé àwọn ń ní ìrora tí ó lágbára ní inú àwọn tí ẹ̀yìn sì ń rú àwọn tí kò sì tíì tó ọjọ́ ìbí àwọn a bẹ̀rẹ̀ wa arábìnrin yìí pé ó oyún oṣù mélòó ni wọ́n ní tí wọ́n sì sọ wípé oyún oṣù mẹ́fà àti ọjọ́ díẹ̀ a tún wá bẹ̀rẹ̀ lọ́wọ́ arábìnrin yìí wípé ǹjẹ́ wọ́n ní ìrora náà lọ́wọ́lọ́wọ́ àbí ó ń mú wọn ó ń fi wọ́n sílẹ̀ tí wọ́n sì sọ wípé àwọn ní ìrora náà lọ́wọ́lọ́wọ́ nígbà náà ni a bẹ̀rẹ̀ lọ́wọ́ arábìnrin yìí wípé ǹjẹ́ wọ́n rí omi àbí ẹ̀jẹ̀ tí wọ́n sì sọ wípé àwọn rí omi àwọn sì rí ẹ̀jẹ̀ a tún wá bẹ̀rẹ̀ lọ́wọ́ arábìnrin yìí wípé ọmọ ẹlẹ́kèló ni oyún tí wọ́n ní tí wọ́n sì sọ oyún ẹlẹ́kèló ni oyún tí ó wà nínú tí wọ́n sì sọ wípé oyún alákọ̀ọ́kọ́ ìbéèrè wa fún dọ́kítà wa ni wípé ǹjẹ́ àmì yìí le tọ́ka sí àmì ìrọbí àbí àmì wípé oyún bàjẹ́ àbí àmì mìíràn ǹjẹ́ a lè sọ wípé kí arábìnrin yìí lọ ṣe àyẹ̀wò fọ́tò inú elé tí à ń pè ní scan láti mu nǹkan tí ó ń ṣẹlẹ̀,"Ọ̀kan lára àwọn olóyún wa la rí ní àfẹ̀mojúmọ yìí pẹ̀lú ọkọ wọn, wọ́n sọ wípé àwọn ní ìrora tí ó lágbára ní inú àwọn tí ẹ̀yìn sì ń ro àwọn, tí kò sì tíì tó ọjọ́ ìbí àwọn. A béèrè lọ́wọ́ arábìnrin yìí pé oyún oṣù mélòó ni wọ́n ní, tí wọ́n sì sọ pé oyún oṣù mẹ́fà àti ọjọ́ díẹ̀. A tún wá béèrè lọ́wọ́ arábìnrin yìí pé ǹjẹ́ wọ́n ní ìrora náà lọ́wọ́lọ́wọ́ àbí ó mú wọn, ó ń fi wọ́n sílẹ̀, wọ́n sì ní àwọn ní ìrora náà lọ́wọ́lọ́wọ́. Nígbà náà ni a béèrè lọ́wọ́ arábìnrin yìí wípé ǹjẹ́ wọ́n rí omi àbí rí ẹ̀jẹ̀, tí wọ́n sì sọ pé àwọn rí omi àti ẹ̀jẹ̀. A tún wá béèrè lọ́wọ́ arábìnrin yìí wípé ọmọ ẹlẹ́kẹlo, oyún ẹlẹ́kẹlo ni oyún tí ó wà nínú wọn, tí wọ́n sì sọ pé oyún àlá kọ kọ́. Ìbéèrè wa fún dókítà wa ni pé ǹjẹ́ àmì yìí lè tọ́ka sí àmì ìrọbí àbí àmì wípé oyún bàjẹ́ àbí àmì míràn? Ǹjẹ́ a lè sọ wípé kí arábìnrin yìí lọ ṣe àyẹ̀wò fọ́tò inú rẹ̀ tí a ń pè ní <codeswitch> <English> scan láti mọ nǹkan tí ó ń ṣẹlẹ̀?",http://speech-app.s3.amazonaws.com/static/audio/uploads/d84c9d2f-c814-4478-b82c-3b50259f8398/c128c233a35ff367f74eb685bd75bd9b_PAnzbHME.wav,"The symptoms of constant severe abdominal pain, backache, and passage of both fluid and blood at 24–28 weeks gestation in a primigravida strongly suggest placental abruption with possible preterm prelabour rupture of membranes. This is a high-risk presentation that can rapidly lead to fetal distress, maternal hemorrhage, or shock. An urgent obstetric ultrasound scan is mandatory to assess placental location, retroplacental clots, amniotic fluid volume, and fetal viability. Immediate referral to a facility with comprehensive emergency obstetric and neonatal care is essential while ensuring intravenous access and vital sign monitoring. Delay in intervention can be life-threatening for both mother and baby.",Deepseek-v4 pro,deepseek-v4-pro
7cec18aa-88cc-4a39-aabc-677e725d33f9,yoruba,yoruba,arábìnrin ẹni méjìlélógún tí ó bímọ sí ilé ìwòsàn wa ní ọjọ́ mẹ́ta sẹ́yìn òun ni ó gbé ọmọ rẹ̀ wá fún abẹ́rẹ́ àjẹsára nígbà tí arábìnrin náà dé ó jẹ́ pé ó di mímọ̀ fún wa wípé ọmọ tí òun ṣẹ̀ṣẹ̀ bí yìí pé ọmọ náà kò gba ọ mú rárá rárá débi tí ó tiẹ̀ máa sùn ó ní ọmọ náà ò gba ọ mú ọ pé gbogbo ọ̀gbà ni ọwọ́ ẹ̀ àti ẹsẹ̀ rẹ̀ gbogbo ara rẹ̀ ó máa tutù tó jẹ́ wípé ẹ̀rù máa ń ba òun gan láti lè fọwọ́ kàn àfi kí òun ṣáfí aṣọ gbé ó ní kò ní gba ọ mú bẹ́ẹ̀ sì ni gbogbo ara rẹ̀ ó tutù ni láti fọwọ́ kàn débidébi pé ọmọ yìí gan ó tún wá rẹ̀ ẹ́ kò lè nawọ́ kò ní nasìkùnijà fetira akànṣàdáwọ́ nù ni pé ojú ẹ̀ gan wípé ọmọ yẹn ó rẹ̀ kò wò ọmọ yẹn ò ṣe dáadáa pé kí nìkan tó lè fà kí ní nǹkan tẹ́yìn wá rò pé o lè fà kí ọmọ yìí kó tutù láti fọwọ́ kán ṣe nítorí pé ọmú tí ò gbà yẹn oni àbí kí nìkan tá a lè ṣe sí àìgba ọmú náà kí lẹ́yìn rò pé a lè fún ọmọ yìí láti lè jẹ́ kí ó gba ọmú abẹ́rẹ́ tí a fẹ́ fún gan kí nímọ̀ràn tẹ́yìn lè gbà wá,"​Arábìnrin ẹni méjìlélógún tí ó bímọ sí ilé-ìwòsàn wa ní ọjọ́ mẹ́ta sẹ́yìn, òun ni ó gbé ọmọ rẹ̀ wá fún àbẹ́rẹ́ àjẹsára. Nígbà tí arábìnrin náà dé, ó jẹ́ kọ́ di mímọ̀ fún wa pé ọmọ tí òun ṣẹ̀ṣẹ̀ bí yìí, pé ọmọ náà kò gba ọmú rárá rárá , débí tí ó tiẹ̀ máa ń sù. Ó ní ọmọ náà ò gba ọmú, ó pé gbogbo ìgbà ni ọwọ́ rẹ̀ àti ẹsẹ̀ rẹ̀, gbogbo ara rẹ̀ ó máa tútù tójẹ́ wípé ẹ̀rù máa ń bà òun gan-an láti lè fi ọwọ́ kàn án, àfi kí òun ṣáà fi aṣọ gbé e. Ó ní kò ní gba ọmú, bẹ́ẹ̀ sì ni gbogbo ara rẹ̀ ń tútù láti fọwọ́ kàn, débídébí pé ọmọ yìí gan-an ó tú wá rẹ̀ ẹ́, kò lè na ọwọ́, kò lè nàsẹ̀, kò lè jàgbitíra, á kàn ṣáà dáwọ́ nù ni, pé ojú rẹ̀ gan-an ni pé ọmọ yẹn o rẹ̀, ọmọ yẹn ò ṣè dáadáa. Pé kí ni nǹkan tí ó lè fà á? Kí ni nǹkan tí ẹyin wá rò pé ó lè fà á kí ọmọ yìí kó tútù láti fọwọ́ kàn? Ṣé nítorí ọmú tí kò gbà òun ni àbí kí ni? Nǹkan tí a lè ṣe sí àìgbà ọmú náà, kí lẹyin rò pé a lè ṣe sí àìgbà ọmú náà? Àbẹ́rẹ́ tí a fẹ́ fún un gan-an, kí ni ìmọ̀ràn tí ẹyin lè gbà wá?",http://speech-app.s3.amazonaws.com/static/audio/uploads/c16af2ae-5e90-455f-b47e-1b1879877f19/cc8f6a861147c138a1a63db4c0be871f_MhmK1kcm.wav,"The baby's cold body, limpness, and refusal to feed strongly suggest neonatal sepsis, hypothermia, or hypoglycaemia, all medical emergencies in a 3-day-old. The inability to suck and the coldness prevent breastfeeding, risking dangerous low blood sugar and worsening the condition. The immediate priority is admission to the newborn unit for gradual warming (kangaroo mother care or radiant warmer), blood glucose check, and likely intravenous antibiotics after investigations. Expressed breast milk via cup or spoon can be given once the baby is stable and able to swallow, with lactation support to establish direct breastfeeding later. The immunisation must be postponed until the baby recovers fully and is assessed as healthy.",Deepseek-v4 pro,deepseek-v4-pro
12c90d7c-a396-4850-94a1-2b6a6ef886a7,yoruba,yoruba,dókítà ẹ̀yà ọmọ kan tó ń gbé ní ilé wa ó bẹ̀rẹ̀ sí ṣàfiyèsí pé ọmọ rẹ̀ kò mọ ọmú dáadáa ní gbogbo ìgbà tí ó bá gbìyànjú láti fún ní ọmú ọmọ náà máa mú díẹ̀ lẹ́yìn náà ó máa dáwọ́ dúró bíi ẹni pé ó rẹ̀ ẹ́ ìyá ọmọ náà tún ríi pé ọmọ náà ò ní agbára láti mu ọmú ó sì máa ń làágùn púpọ̀ lórí àti ní ojú rẹ̀ kì í ṣe èyí nìkan èmi rẹ̀ ó yí padà ó máa ń dàbí pé ó ń mí lọ sókè ó ń mí lọ sísàlẹ̀ bíi ẹni tó ń tiraka láti mí bí ọjọ́ ṣe ń lọ ìyá ọmọ náà túbọ̀ ń bẹ̀rù ó ń wù bóyá torí pé ọmọ náà ò jẹ ohun tó ní àbí bóyá ó ní ìṣòro kan nípa èémí àti bó ṣe ń láàgùn nítorí náà ó pinnu láti lọ sí ilé ìwòsàn láti rí dókítà fún àyẹ̀wò ọmọ náà ìbéèrè mi ni pé kíni ó lè fà á kí ọmọ máa ń ní ìṣòro láti mọ ọmú dáadáa ṣé bí ọmọ náà ṣe mí jẹ́ àmì ìṣòro ìlera kankan kíni àwọn àmì ewu tí kò bí ọmọ náà ní kí wọ́n máa ṣọ́ra fún kí ló lè fà kí ọmọdé máa làágùn nígbà tó bá ń mu ọmú,"Dokita, iya ọmọ kan tó ń gbé ní ilé wa, ó bẹ̀rẹ̀ sí ń ṣàkíyèsí pé ọmọ rẹ kò mu ọmú dáadáa. Ní gbogbo ìgbà tí ó bá gbìyànjú láti fún un ní ọmú, ọmọ náà máa mu díẹ̀, lẹ́yìn náà ó máa dáwọ́ dúró bí ẹni pé ó rẹ̀ẹ́. Ìyá ọmọ náà tún rí pé ọmọ náà kò ní agbára láti mu ọmú, ó sì máa ń làágùn púpọ̀ lórí àti ní ojú rẹ̀. Kì í ṣe èyí nìkan, èémí rẹ̀ ó yí padà, ó máa ń dàbí pé ó ń mí lọ sókè, ó ń mí lọ sísàlẹ̀, bí ẹni tó ń tiraka láti mí. Bí ọjọ́ ṣe ń lọ, ìyá ọmọ náà ń túbọ̀ ń bẹ̀rù, ó ń wo bóyá torí pé ọmọ náà kò jẹun tó ni, àbí bóyá ó ní ìṣòro kan nípa èémí àti bóyá ṣe ń làágùn. Nítorí náà, ó pinnu láti lọ sí ilé ìwòsàn. Láti rí dókítà fún àyẹ̀wò ọmọ náà. Ìbéèrè mi ni wípé kí ni ó lè fa kí ọmọ máa ní ìṣòro láti mu ọmú dáadáa? Ṣé bí ọmọ náà ṣe ń mí jẹ́ àmì ìṣòro ìlera kankan? Kí ni àwọn àmì ewu tí òbí ọmọ náà ní kí wọ́n máa ṣọ́ra fún? Kí ló lè fa kí ọmọ kékeré máa làágùn nígbà tí ó bá ń mu ọmú?
English Translation",http://speech-app.s3.amazonaws.com/static/audio/uploads/d00e4924-e9e4-4486-8986-fe0bcded32e0/151813c14efd5691de210fffe736772c_0aIb5v1x.wav,"The infant's poor latch, easy fatigability during feeds, and notable sweating on the forehead and face strongly suggest an underlying congenital heart defect causing congestive heart failure, such as a ventricular septal defect. The described labored, up-and-down breathing is a serious danger sign indicating respiratory distress from pulmonary congestion or fluid overload. Sweating during breastfeeding occurs because feeding is the infant's main exertion; a failing heart cannot meet the increased oxygen demand, triggering sympathetic overdrive and diaphoresis. Key danger signs requiring urgent care include fast breathing (over 60 breaths per minute), chest indrawing, nasal flaring, bluish discoloration of lips or tongue, inability to complete feeds, and excessive sleepiness. In our resource-limited setting, such a baby needs immediate referral for echocardiography, supplemental oxygen if hypoxic, and early use of diuretics alongside careful nutritional support to prevent decompensation.",Deepseek-v4 pro,deepseek-v4-pro
d7056283-fd5e-4a99-af5f-c41782ff432e,yoruba,yoruba,aláboyún kan tó lóyún oṣù mẹ́fà tó ń gbé ní ilé wa ló bẹ̀rẹ̀ sí ń ṣàkíyèsí pé ọkàn òun máa ń mí ẹlẹẹlẹ bíi ẹni pé òun ṣẹ̀ sáré tán ni nígbà míì o máa ń rẹ̀ láì ṣe iṣẹ́ kankan ọwọ́ rẹ̀ sì máa ń gbọ̀n díẹ̀díẹ̀ lẹ́yìn ọ̀sẹ̀ mélòó kan ó tún rí i pé ọrùn ẹ̀ ti bẹ̀rẹ̀ síní wú ní iwájú nígbà tí àwọn ènìyàn bẹ̀rẹ̀ sí ní sọ pé ọrùn rẹ̀ yàtọ̀ sí ti tẹ́lẹ̀ ó bẹ̀rù gan-an ó wù pé ṣé àwọn àìsàn tó máa ń ṣe aláboyún ni àbí ìṣòro mìíràn ó dẹ̀ ṣèpinnu láti lọ rí dókítà kí wọ́n ba lè mọ irú nǹkan tó fàá ìbéèrè mi ni pé kíni ó lè fàá kí ọkàn aláboyún kó máa dàbí pé ó mí ẹlẹẹlẹ bí ẹni tó ṣẹ̀ṣẹ̀ sáré tán pẹ̀lú kí ọrun rẹ̀ máa wú ṣé ìṣòro yìí lè ní ipa lórí ìdàgbàsókè ọmọ inú ẹ̀ kíni àwọn àmì ewuro tí yóò jẹ́ ẹ́ kí wọ́n yára fún ní inú ilé ṣé àwọn oúnjẹ kan wà bí ohun mímu kan wà tí ó yẹ kí ó yàgò fún tàbí elé tí ó yẹ kó máa jẹ púpọ̀ si ní ilú àsìkò yìí,"Alábóyún kan tó lọ́yún oṣù mẹ́fà tọ́ ń gbé ní ilé wa, ló bẹ̀rẹ̀ sí í ṣàkíyèsí pé ọkàn òun máa ń mì ẹlẹ́-ẹlẹ́ bí ẹni pé òun ṣẹ̀ṣẹ̀ sáré tán ni, nígbà míràn ó máa ń rẹ̀ ẹ́ láìṣe iṣẹ́ kankan, ọwọ́ rẹ̀ sì máa ń gbọ̀n díẹ̀díẹ̀. Lẹ́yìn ọ̀sẹ̀ mélòó kan, ó tún rí i pé ọrùn rẹ̀ ti bẹ̀rẹ̀ sí í wú ní iwájú. Nígbà tí àwọn ènìyàn bẹ̀rẹ̀ sí í sọ pé ọrùn rẹ̀ yàtọ̀ sí ti tẹ́lẹ̀, ó bẹ̀ru gan-an, ó wò pé ṣé àwọn àìsàn tó máa ń ṣe alábóyún ni àbí ìṣòro míràn? Ó dẹ̀ pinnu láti lọ rí dókítà kí wọ́n bá a lè mọ irú nǹkan tí ó ń fà á. Ìbéèrè mi ni pé kí ni ó lè fà á kí ọkàn alábóyún kó máa dàbí pé ó ń mì ẹlẹ́-ẹlẹ́ bí ẹni tọ́ ṣẹ̀ṣẹ̀ sáré tán pẹ̀lú kí ọrùn rẹ̀ máa wú? Ṣé ìṣòro yìí lè ní ipa pẹ̀lú ìdàgbàsókè ọmọ inú rẹ̀? Kí ni àwọn àmì tí yóò yẹ  kí wọ́n yẹra fún  ní inú ilé? Ṣé àwọn óńjẹ kan wà àbí ohun mímú kan wà tí ó tọ́ kọ́ yàgò fún, àbí èleyí tí ó yẹ kọ́ máa jẹ púpọ̀ sí i níru àsìkò yìí?",http://speech-app.s3.amazonaws.com/static/audio/uploads/fc33ab5c-d4f5-4183-b6cf-19a77f292c66/322347cfbd9cf000a301059e481e8233_BkkNP8Mv.wav,"These symptoms—palpitations, fatigue, tremors, and a front-of-neck swelling (goiter)—strongly suggest hyperthyroidism, often due to Graves’ disease, which can appear or worsen during pregnancy. Uncontrolled maternal hyperthyroidism can affect fetal development, increasing the risk of preterm birth, low birth weight, or fetal thyroid issues. Urgent danger signs requiring immediate medical attention include severe breathlessness, chest pain, persistent vomiting, rapid weight loss, or signs of thyroid storm like high fever and confusion. She should avoid caffeine, traditional stimulants, and excessive iodized salt or seaweed supplements; a balanced diet with enough calories is recommended. Prompt medical evaluation is essential to start safe treatment and monitor both mother and baby.",Deepseek-v4 pro,deepseek-v4-pro
de37a598-9a60-4e4a-bad9-8aadb5d825f0,yoruba,yoruba,ọmọbìnrin kan ni wọ́n gbé wá sí ilé ìwòsàn wa ní àárọ̀ yìí èyí tí ó ní ìrora tí ẹ̀jẹ̀ sì ń dà ní ara rẹ̀ kànjù-kànjù léyìí tí ọkàn rẹ̀ tó sì kún fún ìbànújẹ́ gidi gan-an a bèèrè lọ́wọ́ arábìnrin yìí ǹjẹ́ ó ti máa ń ṣe ọ́ tẹ́lẹ̀tẹ́lẹ̀ ó ní ó ti ṣe òun bí àmejì rí tí òun ó máa ní ìrora tí ọ̀jẹ̀ yóò sì máa dà ní ojú ara òun lákọlákọ a bèèrè pé ṣé oyún ò bàjẹ́ ní ara rẹ báyìí olóòun ò tiẹ̀ mọ̀ bóyá òun lóyún àbí òun ò lóyún nígbà wo ló ti ṣe nǹkan oṣù káìn kò tó di ntí ń wá yìí ó ní òun ṣe nǹkan oṣù bíi oṣù kan bọ̀ sẹ́yìn òun ni òun ṣe nǹkan oṣù kó tó di pélé yìí náà tún wá bẹ̀rẹ̀ ní òwúrọ̀ yìí ẹ jọ̀wọ́ kíni ó le fà á kí arábìnrin yìí kí ó máa da ẹ̀jẹ̀ tó tó báyìí ní ojú ara àti wípé kí tiẹ̀ ni ìgbésẹ̀ ráńpẹ́ tí a le gbé kíni àwọn ìtọ́jú tí a le fún arábìnrin yìí láti fi dóòlà ẹ̀mí rẹ̀ àti pé láti fi mú ọwọ́ ẹ̀jẹ̀ náà dúró kíni òògùn àbí abẹ́rẹ́ adẹ́jẹ̀ dúró tí a tiẹ̀ le kọ́kọ́ fún un ná àti pé àwọn àyẹ̀wò wo la lè ṣe ká le mọ ń tó fà á tí ẹ̀jẹ̀ tó fi ń dà ní ara rẹ̀ ni kíkankíkan tó tó báyìí,"Ọmọbìnrin ni  kan ni wọn gbé wá sí ilé ìwòsàn ní arọ yìí,  èyí tí ẹ̀jẹ̀ sì ń daa ni àrà rẹ̀ kò ń du kò ń du, lè yíì tí ọkàn rẹ sì kún fún ibanuje gidigidi gan-an.  A béèrè lọ́wọ́ arábìnrin yìí ń jẹ  ó ti má ń ṣe ó tẹ́lẹ̀ tẹ́lẹ̀?o ni ó ti seun bi èmeji ríi  tí òun o má ni ìrora ti ẹ̀jẹ̀ yìí ó sì má dáa ni oju àrà ohun lakolako.  A béèrè pé ṣe oyún ó baje ni àrà rẹ̀ báyìí, ó ní ohun o ti ẹ mọ bóyá ohun ní oyún àbí ohun ó ti lè lóyún. Nígbà wo ni ó ti ṣe nǹkan oṣù kẹyin? Kò to di èyí tí ó ń wá yìí. O ni ohun se nǹkan oṣù ni oṣù kan àbọ̀ sẹ́yìn,  ní ohun ṣe nǹkan oṣù kò to di pé eléyìí náà tún wà bẹ̀rẹ̀ ni òwúrò yìí.  E jọwo kíni ó lè fà kí arábìnrin yìí kí ó má dáa ẹ̀jẹ̀ to bá yìí ni ojú àrà àti wípé kí tí ẹ ní igbese rán pé ti a le gbe? Kíni àwọn ìtọ́jú tí a lè fún arábìnrin yìí? Lati fi do ó là èmi rẹ̀ àti pé láti fi mú ọwọ ẹ̀jẹ̀ náà dúró? Kíni oogun tàbí àbẹrẹ a dá ẹ̀jẹ̀ dúró tí a tẹ́lẹ̀ koko fún un náà? Àti wípé àwọn àyẹ̀wò wo lale ṣe ká lè mọ ohun ti o fà tí ẹ̀jẹ̀ tí ó fi ń dáa ni àrà rẹ̀ ni kíkankíkan to to báyìí?",http://speech-app.s3.amazonaws.com/static/audio/uploads/4e1534a5-b1c7-40d0-830d-bed02dd83cc1/480779027ebb3cd56ba66b6fc19cb91e_rjV75gS6.wav,"This presentation of severe painful vaginal bleeding with possible early pregnancy is most consistent with an incomplete spontaneous abortion or ruptured ectopic pregnancy, both common life-threatening emergencies. Immediate steps are rapid assessment of vital signs, securing intravenous access with a wide-bore cannula, infusing normal saline or Ringer’s lactate, and sending blood for urgent hemoglobin, group and cross-match for transfusion. To stop bleeding and save life, the definitive intervention is uterine evacuation by manual vacuum aspiration if incomplete abortion is confirmed, while giving intravenous tranexamic acid 1 g slowly and oxytocin 10 IU intramuscularly to reduce bleeding medically. The first injectable hemostatic agent to administer is tranexamic acid, along with oxytocin for suspected pregnancy-related bleeding, but these do not replace surgical evacuation if retained products are present. Essential investigations include a rapid urine or serum pregnancy test, transabdominal pelvic ultrasound to locate any intrauterine or extrauterine gestation, complete blood count, and coagulation profile to exclude a bleeding disorder.",Deepseek-v4 pro,deepseek-v4-pro
1cf530f5-be7f-4461-b7ed-3a50894530aa,yoruba,yoruba,mo ran ọmọ mi ọkunrin pe kilabami ra ewedu wa ni aarin adugbo ni irọlẹ ana nigba ko fi a to bi 15 miniti lo kan saturday sukunde ni mọmọ ewedu naa tẹle ile yin ko sẹlẹ ko sẹlẹ nọmba iyaja ni o ge jẹ ni ẹsẹ aja bi ibo o ti jẹ iru aja wo ni ibo lo ti wa ani ọmọ ilekaja ti wa pe boya ese aja adugbo gan ki wara le se mo sa fi epo ra oju ibo ti ge jẹ pe ke le pa oro aja anina so ni ẹyin igbe awayin ki n gbe lọ mataniti mo sa gbe lọ mataniti aarin adugbo iyan mataniti ni wayin ki n kọ abẹrẹ titanasi fun mi pe ki n lọ ra wa ni kemisti so mo sa ra abẹrẹ ni ni ana abẹrẹ ni ni ọ wa fun ni ana ni tan fun so mo ti wa gbe dele ṣugbọn lati ana mo ri pe egboni bẹẹ o ti wu odura ẹ pọn so ẹru ma ba mi pe kẹmọ jẹ pe o ti ko ikokuko ran ọmọ mo wa fẹ beere bẹẹ pe ṣe o ni oogun ki mo le ra fun ka lo si abi ki n gbe lọ si hospital kan ti o ba n treati ẹ,"Mo rán Ọmọ mi ọkùnrin pé kò lo bá mi ra ewedu wá ni arin àdúgbò ni irole àná.  Nigbati o to bíi <code-switch> <english> fifteen minutes.  <code-switch> <yoruba> lọ kan ṣàdédé sun kún de ni màmá elewedu náà tẹ́lẹ̀ lẹ́yìn. Kò ṣẹlẹ̀ Kò ṣẹlẹ̀ ní wọ́n bá ní ajá ni o gé je ẹ ní ẹsẹ, ajá bí bo o? Irú ajá wo ni? Ibo lọ tí wá? Wọ́n ní won ó mọ ibi tí ajá tí wá,  pé bóyá kí ṣe ajá àdúgbò gan-an. Háà. Kíni a wá lè ṣe? Mo sá fi epo ra ojú ibi tí ó ti gé je pe ki le pá ọ̀rọ̀ ajá náà. Leyin igba yẹn, ní won ní kí n gbe lọ sí <code-switch> <english> maternity.  <code-switch> <yoruba> mo sá gbé lọ <code-switch> <english> maternity.  <code-switch> <yoruba> arin àdúgbò.  Wọ́n kò àbẹẹrẹ <code-switch> <english> tetanus.  <code-switch> <yoruba> fún mi pé kí n lọ ra wá ni <code-switch> <english> chemist. <code-switch> <yoruba> Mo sá ra àbẹẹrẹ ní ní <code-switch> <english> chemist. <code-switch> <yoruba> Mo sá ra àbẹẹrẹ ní ní àná, àbẹẹrẹ yẹn ni wọn wá fún un ní àná.  Mo ti wá gbé délé, ṣùgbọ́n ṣùgbọ́n láti àná,  egbò náà ti wù, ojú rẹ pọn.  Ẹrú wá ń bami pé kò má jẹ́ pé ó ti kó ikokuko rán Ọmọ.  Mo wà fẹ́ bẹ̀rẹ̀ pé ṣe ó ní oogun tí mo lè ra fún kí a lọ sí àbí kí n gbé lọ sí <code-switch> <english> hospital.  <code-switch> <yoruba> kí won tún bá mi <code-switch> <english> treat. <code-switch> <yoruba> ẹ.",http://speech-app.s3.amazonaws.com/static/audio/uploads/8ebfa89e-ed0d-4b92-9a75-77931265b385/d9f6283da175c4669b6d916f7b3cfa13_KceQiyvC.wav,"Your son requires urgent hospital care without delay. The swelling and redness indicate a serious bacterial infection, and any dog bite in this region carries a high risk of rabies, a disease that is nearly always fatal once symptoms appear. Immediately take him to the nearest government hospital or primary health center that provides post-exposure rabies prophylaxis; they will properly clean the wound, administer the necessary rabies vaccine and immunoglobulin if indicated, prescribe antibiotics, and verify his tetanus protection. Do not rely on chemists or home treatment, as only a hospital can deliver the life-saving rabies prevention series. The first rabies vaccine dose must be given as soon as possible after a bite to be effective.",Deepseek-v4 pro,deepseek-v4-pro
19787f1b-8b79-4480-bbbd-e9e30f390253,yoruba,yoruba,lẹ́yìn ìgbà tí mo bímọ tán mo ṣì ń gbìyànjú kára mi lè le ni nírọ̀lẹ́ ọjọ́ kan mo rò wípé torí pé ní agbègbè wa à ní omi tó tó mọ́ dáadáa tí n bá fẹ́ wẹ̀ omi tí ò mọ́ ni mo fi máa ń wẹ̀ ní gbogbo ìgbà mi ò rí rò gbogbo nǹkan tí èmi rò ni pé kára mi sá à ti mọ́ kí n dẹ̀ tí wẹ̀ ni nígbà tó wá yá tó di alẹ́ ọjọ́ kan ara mi ò lé lẹ̀ mọ́ mo bẹ̀rẹ̀ sí ní ní òtútù ara mi bẹ̀rẹ̀ sí ní gbọ̀n ojúmọ́ mọ́ òtutù ṣùgbọ́n èmi ń fi ara mi ń tutù ara mi ò lélẹ̀ dáadáa wá ṣàkíyèsí wípé ẹ̀jẹ̀ tó ń dà lára lẹ́yìn ìbímọ òórùn tó jáde níbẹ̀ wo kò dáa rárárá òórùn yẹn pọ̀ kò dẹ̀ ṣẹlẹ̀ tẹ́lẹ̀ nǹkan yìí ojú mi ò lè kúrò ń bẹ̀ bí mo ṣe gbéra nìyẹn tí mò ń bọ̀ le wòsàn wípé kí n bèèrè wípé ṣé omi tí ò mọ̀ tí mo fi wẹ̀ ṣó lè fà kí n ní àìkò lẹ́yìn ìbímọ,"Ní ìgbà tí mo bímọ tán mó sì n gbìyànjú ká rà mí lè lè ní ni irọlẹ ọjọ kàn mò ro wipe tó rí pé ní agbègbè wà à ní omí tó mọ dáadáa tí n bá fẹ wẹ omí tí o mo ní mò má n fí wẹ ní gbógbo ìgbà mí o rí rí gbogbo nkan ti èmi rò ní pé ká rà mí sá tí mọ kí n dẹ tí wẹ ní nígbàtí o wà yà tó di alẹ́ ọjọ kàn ará mi o lè lẹ mọ mò bẹrẹ sí ní ni òtútù ará mi bẹrẹ sí ní gbọn ojumọ mọ o tútù ṣugbọn ará mi n tútù ará mi o lè lẹ dáadáa mó wà ṣakiyesi pé ẹjẹ tó n da lára leyin ibimọ òrùn tó n jáde níbẹ kò dá rárá òrun yẹn pọ kò dẹ ṣẹlẹ tẹlẹ nkán yí ojú mí o le kúrò ní bẹ bí mò sè gbéra nìyẹn tí mo n bọ ní ilé ìwòsan ní pé kí n bẹrẹ wipé ṣe omí tí o mọ tí mo fi wẹ ṣe o lè fà kí ní aiko leyin ibimọ

",http://speech-app.s3.amazonaws.com/static/audio/uploads/10424cc8-5224-4278-9577-5b4480b41d08/cdc7984b775f1e9a9eda1edb79ccbb01_KmoUKShw.wav,"Yes, using unclean water to bathe after childbirth can cause a serious infection. After delivery, the uterus is still healing with an open cervix and a raw placental site, making it very vulnerable to bacteria. Unclean water can introduce germs into the vagina and uterus, leading to puerperal sepsis, especially if the water entered or was used to wash the genital area. Your symptoms—chills, shaking, weakness, and foul-smelling vaginal discharge—are classic signs of a postpartum uterine infection (endometritis). You must go to the hospital immediately for proper assessment and antibiotic treatment to prevent the infection from worsening.",Deepseek-v4 pro,deepseek-v4-pro
98d5b352-0a85-43de-a5b4-05bb79534796,yoruba,yoruba,arabinrin ọmọ ọgbọn ọdun lo bimọ bi iṣẹju mẹrinlelọgbọn sẹhin a sọ pe bi ibi ṣe rọrun ni ṣugbọn lati igba ti arabinrin yii bi ọmọ rẹ ọmọ naa n sun ju o nira fun gan lati ke ko si ṣe daadaa ọmọ naa ko sunkun pupọ lẹsẹkẹsẹ nigba ti a bi tan o si dabẹni pe o nira fun lati ji awọ ara rẹ da bẹni pe o fẹ san ko gbe apa rẹ ati ẹsẹ rẹ daadaa bo ṣe yẹ ko gbe ko tun le jẹun tori wipe o n sun ju ko si le fa ọ mu daadaa iya ọmọ naa ṣe aniyan wipe awọn ọmọ ohun ti ohun ti bi tẹlẹ kete ti ohun ba bi wọn tan wọn maa n sunkun lẹsẹkẹsẹ kini o le fa iṣoro yii awọn ayẹwo wo ni a le ṣe lori ọmọ naa ati wipe igbese pajawiri wo ni a gbọdọ gbe lori ọmọ naa koke daadaa bo ṣe yẹ ko ke ko sunkun ko fa ọmu daadaa naa kila le ṣe lori ọmọ naa ọmọ kekere ni ọmọ tanṣẹ bi ni ọmọ naa kila le ṣe fun ọmọ naa,"Arábìnrin kan, ẹni ọdún ọgbọ̀n, ló bímọ ní ìṣẹ́jú díẹ̀ sẹ́yìn. A sọ pé ìbímọ náà lọ dáadáa. Ṣùgbọ́n láti ìgbà tí a bí ọmọ náà, ọmọ náà ń ṣòro gan-an. Kò ń sunkún dáadáa, kò sì ń dáhùn bí ọmọ tuntun ṣe yẹ.
Lẹ́yìn ìbí, ọmọ náà kò súnkún dáadáa, ó sì dà bí ẹni pé ó ní ìṣòro láti jí. Ara rẹ̀ dá bí ẹni pé kò rọrùn, ọwọ́ àti ẹsẹ̀ rẹ̀ kò ń rìn dáadáa bí ó ṣe yẹ. Kò tún lè jẹun dáadáa, ó sì ń ṣòro fún un láti fà ọmú.
Ìyá ọmọ náà ṣe àníyàn torí pé àwọn ọmọ rẹ̀ tó ti bí tẹ́lẹ̀ máa ń sunkún lẹ́sẹ̀kẹsẹ̀ lẹ́yìn ìbí. Kí ni ó lè fà ìṣòro yìí? Àwọn àyẹ̀wò wo ni a lè ṣe lórí ọmọ náà, àti kí ni ìgbésẹ̀ pajawiri tí a lè gbé? Kí ni a lè ṣe fún ọmọ kékeré yìí?",http://speech-app.s3.amazonaws.com/static/audio/uploads/0216b67d-bca9-48bc-bcbe-87387ac0a993/c2a325d97d845e1e7a54b2b922cf049c_EiiDpstK.wav,"This presentation suggests neonatal depression likely from birth asphyxia, hypoglycemia, or sepsis. Immediately dry, stimulate, and keep the baby warm, then assess breathing and heart rate; if breathing is poor, start bag-mask ventilation with oxygen and urgently check the blood glucose. Obtain blood samples for random blood glucose, packed cell volume, full blood count, and blood culture if available. Administer intravenous 10% dextrose if hypoglycemic and broad-spectrum antibiotics like ampicillin and gentamicin per local protocol. Continuously monitor the baby’s temperature, oxygen saturation, and ability to suckle, and refer to a neonatal unit if no improvement.",Deepseek-v4 pro,deepseek-v4-pro
4f5e5b90-9db4-44b5-9e68-1bcc02adc391,yoruba,yoruba,ìyàwó kan ló rí i wípé ọkọ rẹ̀ wú kọ́ gan-an ní gbogbo àràárọ̀ nígbà tó bá jí lórí ibùsùn ikọ́ náà máa ń bẹ̀rẹ̀ lẹ́sẹ̀kẹsẹ̀ ó sì máa ń gba àkókò láti dáwọ́ dúró bí ọjọ́ ṣe ń lọ ó tún rí i pé ọkọ rẹ̀ ń tiraka láti mí dáadáa nígbà míì bí ó bá rìn jìnnà díẹ̀ tàbí gun àtẹ̀gùn ó máa ń dúró láti gba èmi rẹ̀ padà ó tún máa rẹ̀ kíákíá ní alẹ́ ọjọ́ kan lẹ́yìn tí ọkọ rẹ̀ lo ìgbà pípẹ́ láti wúkọ́ àti láti gba ẹ̀mí rẹ̀ padà inú ìyàwó náà bàjẹ́ ó bẹ̀rẹ̀ sí ń ronú bóyá àrùn kan wà lẹ́yìn tí ó ń fa gbogbo àwọn nǹkan wọ̀nyí ní ọjọ́ kejì ó bá ọkọ̀ rẹ̀ sọ̀rọ̀ láti lọ sí ilé ìwòsàn láti rí dókítà kí wọ́n lè mọ ohun tó ṣẹlẹ̀ gangangan ìbéèrè ni pé kíni ó lè fá kí ikọ́ kó lágbára tó elé ní gbogbo àràárọ̀ níyàn dẹ̀ tún ní ìṣòro láti mí dáadáa ní gbogbo ìgbà tó bá wúkọ̀ yìí ṣé ìṣòro yìí lè ní ṣe pẹ̀lú àrùn ẹ̀dọ̀fóró tàbí àrùn àyà nìkan kíni àwọn ohun tó lè mú ikọ́ àti kéèyàn máa ń tiraka láti mí burú sí tí èèyàn ò bá tètè yára fún kíni àwọn àmì ewu mí tí ìdílé náà ní láti máa ṣọ́ra fún nípa ikọ́ àti ìṣòro láti máa mí,"Ìyàwó kan rí i pé ọkọ rẹ̀ ń wúkọ́ gan-an nígbà tí wọ́n bá jí ní orí ibùsùn. Ikọ́ náà máa ń bẹ̀rẹ̀ lójijì, ó sì máa ń gba àkókò kí ó tó dáwọ́ dúró. Bí ọjọ́ ṣe ń lọ, ó tún ń rí i pé ọkọ rẹ̀ ń tiraka láti mí dáadáa. Nígbà tí ó bá rìn jìnnà díẹ̀ tàbí gùn àtẹ̀gùn, ó máa ń dúró láti gba ẹ̀mí rẹ̀ padà, ó tún máa ń rẹ̀ kíákíá.
Ní ọjọ́ kan, lẹ́yìn tí ọkọ rẹ̀ gba àkókò pípẹ́ láti wúkọ́ àti láti gba ẹ̀mí rẹ̀ padà, inú ìyàwó náà bàjẹ́. Ó bẹ̀rẹ̀ sí í rò pé bóyá àrùn kan wà tí ń fa gbogbo àwọn nǹkan wọ̀nyí. Ní ọjọ́ kejì, ó bá ọkọ rẹ̀ sọ̀rọ̀ pé kí wọ́n lọ sí ilé ìwòsàn, kí wọ́n lè rí dókítà, kí wọ́n lè mọ ohun tí ń ṣẹlẹ̀ gan-an.
Ìbéèrè ni pé kí ni ó lè fà kí ikọ́ ní agbára tó bẹ́ẹ̀, kí ara ẹni máa rẹ̀ ní gbogbo ìgbà, kí ènìyàn tún ní ìṣòro mímí dáadáa nígbà gbogbo tí ikọ́ bá ń wáyé? Ṣé ìṣòro yìí lè ní ṣe pẹ̀lú àrùn ẹdọforo tàbí àrùn ọkàn nìkan? Kí ni àwọn ohun tí ó lè mú ikú wá, kí ó sì jẹ́ kí ènìyàn máa tiraka láti mí, tí ó sì lewu débi pé ènìyàn gbọ́dọ̀ tètè lọ ṣàyẹ̀wò?
Kí ni àwọn àmi ewu mímí tí ìdílé gbọ́dọ̀ máa ṣọ́ra fún nípa ikọ́ àti ìṣòro mímí?",http://speech-app.s3.amazonaws.com/static/audio/uploads/90e3f2a1-c80e-41af-80ee-b7dc934a8a6d/5f95113c222ef513d915f7888244dce5_ve8zAWk2.wav,"The severe early morning cough and breathlessness on exertion suggest either congestive heart failure (causing fluid accumulation in the lungs overnight) or a chronic lung disease like COPD, often from smoking or indoor biomass smoke exposure. While both lung and heart conditions can cause these symptoms, the pattern of waking with cough, relief during the day, and trouble breathing when lying flat points more toward a cardiac origin, though spirometry and echocardiography are needed locally to differentiate. Without prompt treatment, this can worsen into acute pulmonary edema or respiratory failure, triggered by chest infections, high salt intake, missed medications, or continued smoke exposure. Danger signs the family must watch for include inability to speak in full sentences, bluish lips/fingertips, swollen legs, gasping when lying down, and production of pink, frothy sputum—all indicating a life-threatening emergency requiring immediate hospital attention.",Deepseek-v4 pro,deepseek-v4-pro
2d0f0786-fd1e-47ab-bb14-4800d46356e2,yoruba,yoruba,olutọju ọmọ kan ti o ngbe ọmọ kekere dani oni o ṣe akiyesi wipe ọmọde naa ti o ngbe dani o ngbiyanju lati ma mi ni ti mimi rẹ yẹn naa ko si se daradara to o tun wasa kiyesi wipe ọmọ yii n wu ikọ tẹleratẹlera ti ikọ naa si po gan gidigidi ọmọ naa kii se ọmọ ti wọn n si aya rẹ silẹ tabi ọmọ ti o jẹ wipe wọn maa n fi omi ti o tutu wẹ kini ohun ti o wa le se okunfa ki ọmọ kekere ki o maa mi gulegule ki o si maa wu ikọ tẹleratẹlera ki mimi yii ki o ma rọrun fun lati le mi bi otitọ ati bo se yẹ kini nkan ti a le se pẹlu eleyi,"Olùtọ́jú ọmọ kan tí ó ń gbé ọmọ kékeré dání, òun ni ó ṣe àkíyèsí wípé ọmọde náà tí òún gbé dání ò ń gbìyànjú láti máa mí ni, tí mímí rẹ̀ yẹn náà kò sì ṣe dáadáa tó.
Ó tún wá ṣàkíyèsí wípé ọmọ yìí ń wọ iko tẹ́léra tẹ́léra, tí iko náà sì pọ̀ gan gidi gidi.
Ọmọ náà kì í ṣe ọmọ tí wọ́n sí àyà rẹ̀ sílẹ̀, tàbí ọmọ tí ó jẹ́ wípé wọ́n máa ń fi omi tí ó tutù wẹ̀.
Kí ni ohun tí ó wá lè ṣokùnfà kí ọmọ kékeré kí ó máa mí gule gule, kí ó sì máa wú iko tẹ́léra tẹ́léra, kí mímí yìí kí ó máa rọrùn fún láti lè mí bí ó ti tọ́ àti bí ó ṣe yẹ, kí ni nkan tí a lè ṣe pẹ̀lú èyí.",http://speech-app.s3.amazonaws.com/static/audio/uploads/d60661f2-b0e3-49ae-a58c-7e879d9e2d86/b855e362f0be860b91f68d62b59b468c_2QvXPpeG.wav,"The child's symptoms of rapid, labored breathing and severe repetitive cough suggest a lower respiratory tract infection like bronchiolitis or pneumonia. These conditions cause airway inflammation and mucus buildup, making breathing difficult. Immediately check for danger signs such as chest indrawing, nasal flaring, or grunting. If any are present, this is a medical emergency requiring urgent referral to a hospital for oxygen, antibiotics, and supportive care. At home while arranging transport, keep the child in an upright position to ease breathing and continue breastfeeding or offering fluids to prevent dehydration.",Deepseek-v4 pro,deepseek-v4-pro
1e8cdb0e-4807-496c-9193-a8f687fd2f05,yoruba,yoruba,ọrẹ mi oloyun ti oju ori rẹ jẹ mejidinlogun ni mo mu lọ si ile iwosan tori pe o ti n rọbi asiko rẹ si ti to igba ti a de ile iwosan ti wọn ti se gbogbo awọn nkan ti wọn ṣe ifokunpa rẹ o ga igba ti wọn ṣe gbogbo ohun ti wọn ṣe tan ni o n rọbi o si rọbi fun bi wakati mejila ọkọ rẹ o si n tosi bẹẹ si ni awọn dokita sọ pe ko bowọluwẹ kawọn ṣe se abẹ fun lori o ti n rọbi pẹ ọrẹ ni o dahun o ni rara o la o o n fẹ bimọ bi awọn iya hiburu o bimọ lẹ nyi waka ti mi jila o bobi o ni lanti lanti a si ti upelo dolo bai yale ni lo jape o mo na ise ni omi daadaa mo gba gba gba wọn dudu ok o ṣugbọn mimi rẹ ko ṣe daadaa o ba ra sale fun ni oxygen dokita ẹ dakun ṣọmọ naa ṣe yoo yii ati pe to ba yii tan ṣe ko ni di ọmọ alabo ara,"Ọ̀rẹ́ mi olóyún tí ọjọ́ orí rẹ̀ jẹ́ méjìdínlógún ni mo mú lọ sí ilé ìwòsàn torí pé ó ti ń rọbí, àkókò rẹ̀ sì ti tó. Ìgbà tí a dé ilé ìwòsàn tí wọ́n ti ṣe gbogbo àwọn nǹkan tí wọ́n ó ṣe, ìfúnpá rẹ̀ ga. Ìgbà tí wọ́n ṣe gbogbo ohun tí wọ́n ó ṣe tán, ni ó ń rọbí. Ó sì rọbí fún bíi wákàtí méjìlá. Ọkọ rẹ̀ ò sì ń tòsí, bẹ́ẹ̀ sì ni àwọn dókítà sọ pé kó buwọ́ luwé kí àwọn ṣe iṣẹ́ abẹ fún torí pé ó ti ń rọbí pẹ́. Ọ̀rẹ́ mi ò dáhùn o, ó ní rárá o, láà o, òun fẹ́ bí ọmọ bí àwọn ìyá <code-switch> <english> Hebrew.
<code-switch> <Yorùbá> Ó bi ọmọ. Lẹ́yìn wákàtí méjìlá, ó bí obìnrin láńtì láńtì, a sì dúpẹ́ lọ́dọ̀ Ọlọ́run. Ṣùgbọ́n ìyàlẹ́nu ló jẹ́ pé ọmọ náà níṣe ni kò mí dáadáa. Wọ́n gbá a gbá a gbá a, wọ́n dù ú, dù dù, ó ké o, ṣùgbọ́n mímí rẹ̀ kò ṣe dáadáa. Wọ́n bá sáré fún un ní ọ̀ksíjìn.
Dókítà, ẹ dákun, ṣé ọmọ náà yóò yè? Àti pé tó bá yè tán, ṣé kò ní fi ọmọ alábò ara?",http://speech-app.s3.amazonaws.com/static/audio/uploads/398f1d53-4d92-4c7b-8883-9519080188ce/e06b1e656ef2f058c290f8052d771abe_advhqVUL.wav,"The baby's survival depends on the severity of birth asphyxia caused by prolonged labor, and the need for oxygen indicates respiratory distress, a common consequence. With proper neonatal resuscitation and care, survival is possible, but the risk of brain injury is elevated. If the baby survives a significant hypoxic-ischemic insult, there is a real chance of long-term neurodevelopmental disability, such as cerebral palsy. However, not all asphyxiated infants develop permanent deficits; mild cases can recover fully with early supportive care and follow-up. Continuous monitoring and early intervention services will be crucial to optimize the child's outcome.",Deepseek-v4 pro,deepseek-v4-pro
948bf255-6ab1-47e9-b52b-ad793ee8aadc,yoruba,yoruba,alaboyun kan ti o jẹ ẹni ọdun mẹtalelọgbọn to loyun oṣu meje ni awọn alabagbe rẹ gbe wa si ile-iwosan wa wọn si ṣalaye wipe o bẹrẹ si ni ni irora inu to lagbara lojiji ẹjẹ pupọ si n jade lati oju ara rẹ ara rẹ si n gbọn pẹlu ẹ o si n sunkun nitori pe irora naa pọ ẹbi rẹ sọ wipe awọn n bẹru pe ki iṣoro kankan ma ṣẹlẹ si iya ati ọmọ inu rẹ ibeere fun dokita ni wipe akọkọ kini o le fa irora inu ati ẹjẹ pupọ yii ikeji ni wipe ibeere keji ni wipe kini a gbọdọ ṣe lẹsẹkẹsẹ fun alaboyun yii ibeere kẹta ni wipe ayẹwo wo ni a le ṣe fun ibeere kẹrin ni wipe kini itọju to yẹ ibeere karun ni wipe awọn ounjẹ wo ni ki alaboyun yii maa jẹ ati wipe awọn imọtoto wo lo gbọdọ maa pamọ,"Aláboyún kàn ti o je eni ọdun mẹtalelọgbọn ti o ni oyún osu meje ni awọn alabagbe rẹ gbè wá sí ilè ìwòsàn wà wọn sì sàlàyé wipe o bẹrẹ sí ní ìrora inú lo to lágbára lojiji ẹjẹ pupo sí n jade loju ará rẹ ara re sí n gbọn pẹlu ẹ o sí n sukun tori pe ìrora nà pọ ebi re so wipe awọn n bẹrù pe ki ìṣòro kàn kàn má sele sí ìyá ati ọmọ inú rẹ ibẹrẹ akoko fún dokita ni pé kí ló lè fà ìrora inú àti ẹjẹ pupo yí ibẹrẹ Kejì ni pé kí ni agbọdọ ṣe lesekese fún aláboyún yi ibẹrẹ kẹta ní pe ayẹwo wò ni a lè ṣe fún ibẹrẹ ikerin ni pé kíni itọju ti o yẹ ibẹrẹ karun ni pé àwọn ounjẹ wo ni ki aláboyún yi má jẹ́ ati wipe awọn imototo wo logbo do má pà mọ

",http://speech-app.s3.amazonaws.com/static/audio/uploads/5184329d-5318-431d-ac3d-87351b31f080/f8cefc2e9f1ec02d7800e372a39b73f2_TMg4GPEi.wav,"The sudden severe abdominal pain and heavy vaginal bleeding at 7 months gestation are most likely due to abruptio placentae, where the placenta detaches prematurely, or less commonly placenta previa with associated pain. Immediate management includes rapid maternal stabilization with intravenous fluids, oxygen, and continuous monitoring, while preparing for emergency cesarean delivery if fetal distress or uncontrolled hemorrhage is present. Essential investigations are an urgent obstetric ultrasound to determine placental location and fetal viability, along with full blood count, coagulation profile, and cross-matching for transfusion. Definitive treatment depends on severity; significant abruption or fetal compromise necessitates prompt cesarean section, whereas a mild, stable case may be managed conservatively with strict bed rest and antenatal corticosteroids if the gestation is preterm. Once stable, she should eat a balanced diet rich in iron and protein to support recovery, and maintain meticulous perineal hygiene using clean sanitary pads and washing with clean water to avoid infection.",Deepseek-v4 pro,deepseek-v4-pro
a254d7f3-2f39-4fc1-b9c8-a1fc44555226,yoruba,yoruba,ìyá ọlọ́mọ kan tí ó bímọ sí ilé ìwòsàn wa níbi oṣù mẹ́fà sẹ́yìn ni sì ń ló wá sí ilé ìwòsàn wa tí òun àti ọmọbìnrin oṣù mẹ́fà yẹn tí ó gbé wá ìyá náà sàlàyé síwájú pé ó tó bí ọjọ́ mẹ́ta mẹ́rin tí òun ti ṣàkíyèsí wípé ọmọ yìí bẹ̀rẹ̀ sí ní rúkọ́ ìyá ìtìlẹ̀ ní kàtà ni ó se ọmọ yìí tẹ́lẹ̀ tẹ́lẹ̀ kó tó di wípé ikọ́ náà tún wa kan ó ní ikọ́ yìí ó tilẹ̀ le láti àná ni ikọ́ náà tilẹ̀ le wá tó sì jẹ́ wípé tẹ́lẹ̀ mo se bẹ̀rẹ̀ láti ibi ìjọ mẹ́ta sẹ́yìn òun bó ń se fún un ní ọmúmu ni òun mú òògùn olómi tí ó ń bẹ nínú kítámọ́ńtà fún òògùn ikọ́ yẹn lòun fún ohun tó sì mu ó wá ní láti àná wá ikọ́ yẹn wá le débi wípé àti mí ọmọ yìí ó wá mí léra léra léra tí mímí ẹ̀ pọ̀ gan-an ibi pé àyà rẹ̀ gan-an ó ń lọ sókè lọ sílẹ̀ ní ìṣẹ́jú ìṣẹ́jú ni ẹ̀rù ń ba ohun tó ń fi wá sí ilé ìwòsàn wa kíni nǹkan tí a lè ní kí ìyá ìṣe fún ọmọ yìí láti lè dẹ́kun àyà rẹ̀ tó ń lọ sókè kíákíá pẹ̀lú ikọ́ yẹn láti lè dínkù ṣé ká kọ òògùn fún àbí ká ní kọ́ sàyẹ̀wò náà ká tó kọ òògùn àbí abẹ́rẹ́ fún ọmọ náà,"IYà, ọlọ́mọkan yìí ò bí mọ́ sí ilé ìwòsàn wà níbí Oṣù mẹ́fà sẹ́yìn ni ó wá sí ilé ìwòsàn wà, tí óhun ati ọkọ wa, tí ó bí ọmọ rẹ̀, ọmọbìnrin òṣù mẹ́fà yẹn, tí wọ́n gbé wá.
IYà sàlàyé síwájú pé, ó tó bí ọjọ́ mẹ́tàlá-mẹ́rìnlá, tí òun ti sàkíyèsí wí pé ọmọ yìí bẹ̀rẹ̀ sí ní wukọ.
Iyà yìí tilẹ̀ ní kàtà nì ó sẹ́ ọmọ yìí tẹ̀lẹ́-tẹ̀lẹ́, kí ó tó di wí pé ikọ náà tó wá kọ.
Ó ní ikọ yìí ó ti lẹ̀ le láti aná. Ikọ náà tí lẹ̀ le wá, tó sì jẹ́ wí pé tẹ̀lẹ́ ó ṣe bẹ̀rẹ̀ láti bí ọjọ́ mẹ́ta sẹ́yìn yẹn.
Ó ní òun, bí ó ṣe fún ní ọmúmú, nínú òun ń fún oogun òlómì tí ó nbẹ̀ nínú ike tí àmọ́ n tà fún oogun kọ́ yẹn, t’óun fún tó sì ń mu.
Ó wá ní, láti aná yẹn wá, ikọ yẹn wá le débi wí pé, àti mí ọmọ yìí o wá mímí lẹ́ra, lẹ́ra, lẹ́ra, tí inú mi ẹ pọ̀ gàn.
Ibí pé ayé rẹ̀ gan, ó n lọ s’ókè, ó lọ sílẹ̀, nì sẹ́jú-n-sẹ́jú.
Nì ẹrù mbà wọ́n, tó n fi wá sílé ìwòsàn wá.
Ní n kàn tí a le ní kíya yi sẹ́ ṣí fún ọmọ yìí láti ilé-dẹkún, ayé rẹ̀ t’ọ́n lọ s’ókè, gẹ̀gẹ̀, kẹ́kẹ̀, pẹ̀lú ikọ yẹn láti ilé-dẹkún, ṣe ká kọ ikọ fún un, àbí kí a ní kí ọmọ sáyẹ̀wò ná kí a tó kọ ọkọ, àbí abẹ́rẹ́ fún un?""
",http://speech-app.s3.amazonaws.com/static/audio/uploads/7eedf9d0-2e8e-4c8a-af8e-54f5f3e36bd9/1c293ebe079cd2047fcfefb9a39978d0_NICyAQ9H.wav,"Urgently assess the child in the treatment room now, as the chest indrawing signals severe respiratory distress likely from bronchiolitis or pneumonia. Use a pulse oximeter immediately; if oxygen saturation is below 90%, start oxygen therapy without delay. Do not administer any cough syrup, as it is ineffective and potentially harmful in infants. After rapid clinical evaluation, if bronchiolitis is suspected, a trial of nebulized salbutamol in hospital may relieve distress; if chest indrawing persists or there is fever with crackles, start empiric antibiotics like amoxicillin for possible bacterial pneumonia. Obtain a chest X-ray only if the facility has the capability and it will not delay life-saving treatment, but clinical signs guide initial management.",Deepseek-v4 pro,deepseek-v4-pro
de13595e-2f5e-4d43-9fc6-b7c28f0712ea,yoruba,yoruba,mo ṣe akiyesi pe aburo mi obinrin ti o ma n rẹrin dada tẹlẹ ti o si ma n ba awọn ọrẹ rẹ ṣere ti yipada lojiji ni bayi o ma n wa nikan ninu yara rẹ lojoojumọ o ya ara rẹ kuro ni ibanisọrọ ko si tun nifẹ si awọn ohun to ma n fẹran tẹlẹ mo ṣe akiyesi pe ninu ile gan ko fẹ ma ba wa jẹun o si dabi ẹni pe inu rẹ ko dun tabi ẹni ti o ma n rẹ nigbagbogbo kilo fa ti o fi n yẹra fun awọn ọrẹ rẹ lojiji ṣe o le jẹ iṣoro bi ibanu jẹ ifẹsun ọkan tabi aniyan bawo ni a ṣe le ran lọwọ ki inu rẹ le dun si awọn ami ikilọ wo la gbọdọ ma sọra fun ṣe o yẹ ko ri olugbaninimọran tabi amoye ilera ọpọlọ,"Mo ṣe àkíyèsí pé àbúrò mi obìnrin, tí ó máa ń rẹ́rìn-ín dáadáa tẹ́lẹ̀, tí ó sì máa ń bá àwọn ọ̀rẹ́ rẹ̀ ṣeré, ti yí padà lójijì.
Ní báyìí, ó máa ń wà nìkan nínú yàrá rẹ̀ lójoojúmọ́. Ó ya ara rẹ̀ kúrò ní ìbánisọ̀rọ̀, kò sì tún nífẹ̀ẹ́ sí àwọn ohun tó máa ń fẹ́ràn tẹ́lẹ̀.
Mo ṣe àkíyèsí pé nínú ilé gan-an, kò fẹ́ máa bá wa jẹun. Ó sì dà bí ẹni pé inú rẹ̀ kò dùn tàbí ẹni tí ó máa ń rẹ̀ ní gbogbo ìgbà.
Kí ló fa tí ó fi ń yẹra fún àwọn ọ̀rẹ́ rẹ̀ lójijì?
Ṣé ó lè jẹ́ ìṣòro bí ìbànújẹ́, ìfẹ̀sùn ọkàn, tàbí àníyàn?
Báwo ni a ṣe lè ràn án lọ́wọ́ kí inú rẹ̀ lè dùn sí i?
Àwọn àmì ìkìlọ̀ wo la gbọ́dọ̀ máa ṣọ́ra fún?
Ṣé ó yẹ kí ó rí olùgbani-nímọ̀ràn tàbí amòye ìlera ọpọlọ?",http://speech-app.s3.amazonaws.com/static/audio/uploads/96594387-5bfd-4d07-a12a-fa2457992f10/58f6f4e82cc436fec7aabaa666be5fcd_VBR11Aw5.wav,"The sudden withdrawal, loss of interest in previous activities, low mood, and fatigue you describe are core symptoms suggestive of a major depressive episode, which is common and treatable. It is crucial to approach her with non-judgmental support, gently encouraging her to share her feelings, while avoiding pressure or blame. Warning signs requiring urgent action include any mention of suicide, self-harm, or a complete refusal to eat or drink for prolonged periods. Given this presentation, she should see a mental health professional for assessment; many primary care centers in Nigeria now have trained counselors or clinicians who can initiate care or refer appropriately. Early support from family and professional evaluation offer the best path to recovery.",Deepseek-v4 pro,deepseek-v4-pro
dc98dbba-c0b2-4e64-9193-8154ee275a95,yoruba,yoruba,arábìnrin alábẹ̀ọmọ̀ kọ́ ló ṣàkíyèsí tí ọmọ rẹ̀ ti ń kọ́ láti bí ọ̀sẹ̀ kan sẹ́yìn tí ara rẹ̀ sì ń gbóná ní àbájì ó tún tẹ̀síwájú pé ní ẹnu wákàtí bímí ló kan ìsindùn òun rí i wípé gbogbo ara rẹ̀ oṣú tí ó sì dá pọ́n ó ti fi kún un pé gbogbo ètè rẹ̀ náà pọ́n tí ojú rẹ̀ sì ń yọpin tí ọmọ ní kò sì lè gba oúnjẹ kankan ó wá béèrè lọ́wọ́ dókítà pé ǹjẹ́ bí a rẹ̀ ṣe sú yìí ó fara jọ àrùn ẹ̀yì ó tún lè sọ yítu pé ǹjẹ́ ènìyàn lè gba bẹ́rẹ́ tàbí lo oògùn ìbó sí àrùn ẹ̀yì tó lo kún síwájú si pé àgbo ọṣẹ ìbílẹ̀ òun ni à máa ń tọ́jú àrùn ẹ̀yì fún ike ọmọ tí ó bá mú ní ẹ̀yà tí òun ti wá,"Arábìnrin alábọ́wọ́ọmọ kan ṣàkíyèsí ọmọ rẹ̀ tí ó ń wúkọ́, àti pé ó tún fura sí i sí ara rẹ̀ tó ń gbona ní àwọn àkókò kan. Ó tún tẹ̀síwájú pé ní ẹnu wákàtí bíi mélòó kan sẹ́yìn, òun rí i wípé gbogbo ara rẹ̀ ó sùú, tí ó sì tún dákú, kò sì tún fìdí rẹ̀ múlẹ̀ pé gbogbo eté rẹ̀ náà kò tún dunjú mọ́, ó sì ń yọ ọkùnrin, sọ́mọ náà kò sì tún lè gbé oúnjẹ kankan mì. Ó wá ń béèrè lọ́wọ́ dókítà pé, ǹjẹ́ àìsàn bẹ́ẹ̀ ṣe ṣeé tọ́jú, ó farajọ àrùn èyí, ó tún tẹ̀síwájú pé ǹjẹ́ òun lè gba bẹ́rẹ́, tàbí lo òògùn ibò sí àrùn èyí? Ó tún tẹ̀síwájú sí i pé, àgbò, ọṣẹ ìbílẹ̀, òun ni àwọn máa ń tọ́jú àrùn èyí fún kíkì ọmọ tí ó bá mú ní àyíká tí òun ti wá.",http://speech-app.s3.amazonaws.com/static/audio/uploads/7bac5d0e-b304-43ad-9fe7-8aeffc4efe85/466155e649a9ea3ecb771bea1b562223_M6yMJ9KL.wav,"Based on your description—week-long intermittent fever, yellowing of the eyes, dark urine, generalized body swelling, swollen lips, and inability to feed—this strongly resembles a severe acute febrile jaundice syndrome such as severe malaria, acute viral hepatitis, or leptospirosis. These symptoms indicate possible liver dysfunction or hemolysis causing jaundice and fluid imbalance leading to dangerous swelling, which is a medical emergency. The condition you refer to as “àrùn ẹ̀yì” generally aligns with jaundice illnesses, but this advanced presentation cannot be safely treated with àgbo ọṣẹ ìbílẹ̀, as herbal concoctions may worsen liver injury and delay life-saving care. Sterile injections or oral medications are prescribed only after a doctor confirms the specific cause through blood tests, never as an unguided home remedy. I strongly advise you to take the child to the nearest hospital immediately for urgent evaluation and proper treatment.",Deepseek-v4 pro,deepseek-v4-pro
ffbfa0fc-8798-46bc-bd80-ffadaa105c15,yoruba,yoruba,adeolu jẹ ọmọ ọdun mẹwa ti iya rẹ si n ṣe ẹgbọn mi amọ lati bi ọjọ diẹ sẹhin ni mo ṣakiyesi wipe ọmọ yii o ma n da joko lẹhin igba ti iya rẹ ku kii fẹ ba ẹni kankan ṣere bẹẹni kii fẹ bẹni kankan sọrọ o tun bẹrẹ si ni kọ lati jẹun ati wipe irisi rẹ dabi ẹni pe o n ronu pupọ to si ni ibanuji ọkan eyi jami laya mo pinnu lati mu lọ si ile-iwosan fun iranlọwọ nigbati mo de ile-iwosan mo bi dokita wipe ṣe ihuwasi ọmọ yii o le jẹ nitori ibanujẹ iku iya rẹ ati wipe kini mo le ṣe lati ran lọwọ nile tabi ọmọde yii nilo lati ba awọn onimọ ilera ọkan sọrọ tabi kini mo le ṣe lati jẹ ki o ma jẹun tabi ba awọn ọmọ ẹlẹgbẹ rẹ miiran sọrọ ati wipe ṣọmọ yii nilo oogun kankan lati fi ran ọ lọwọ,"Adeolu jẹ́ ọmọ ọdún mẹ́wàá tí ìyá rẹ̀ sín ṣe ẹgbọ́n mi, àmọ́ láti bí ọjọ́ díẹ̀ sẹ́yìn ni mo ṣakiyesi wí pé ọmọ yìí ó máa ń dá jọ́kòó lẹ́yìn ìgbà tí ìyá rẹ̀ kú, kì í fẹ́ bá ẹnikẹ́ni ṣeré, bẹ́ẹ̀ ni kì í fẹ́ bá ẹnikẹ́ni sọ̀rọ̀. Ó tún bẹ̀rẹ̀ sí í kọ̀ láti jẹun àti wí pé ìrísí rẹ̀ dàbí ẹni pé ó ń rò inú púpọ̀ tó sì ní ìbànújẹ́ ọkàn. Èyí já mi láyà, mo pinu láti mú lọ sí ilé ìwòsàn fún ìrànlọ́wọ́. Nígbà tí mo dé ilé ìwòsàn, mo bi dọ́kítà wí pé, ""Ṣé ìwòwá sí ọmọ yìí ó le jẹ́ nítorí ìbànújẹ́ ikú ìyá rẹ̀?"" Àti wí pé ""kini mo lè ṣe láti ránlọ́wọ́ nínú ilé, tàbí ọmọdé yìí nílò láti bá àwọn onímọ̀ ìléra ọkàn sọ̀rọ̀, tàbí kini mo lè ṣe láti jẹ́ kí ó máa jẹun tàbí bá àwọn ọmọ ẹ̀gbẹ́ rẹ̀ míràn sọ̀rọ̀, àti wí pé ṣe ọmọ yín nílò ogun kankan láti fìrànlọ́wọ́?",http://speech-app.s3.amazonaws.com/static/audio/uploads/698131ec-df7c-46c8-880c-8990c1d34415/70912605aa48f1cda7c3f338b35a62e8_IEFFgaae.wav,"This child's withdrawal, sadness, and refusal to eat are consistent with a normal, acute grief reaction after losing his mother. At home, maintain predictable routines, offer small portions of his favorite foods without force, and gently encourage but not pressure social interaction or sharing feelings. If these symptoms persist beyond two to four weeks, become more severe, or cause weight loss, a referral to a child mental health professional is needed. Medication is not typically indicated for uncomplicated grief; it would only be considered after a specialist evaluation if a depressive disorder is diagnosed. With time, patience, and supportive care, most children gradually resume normal functioning.",Deepseek-v4 pro,deepseek-v4-pro
c3e17260-3909-444e-a082-29a4f0eb4929,yoruba,yoruba,ọmọ tuntun kan ti a ṣẹṣẹ bi ni ile iwosan wa lati bi ogun iṣẹju sẹhin la ri wipe ọmọ naa o kan ṣaa n ṣe bi ẹni sun ṣaa ọmọ naa ko sunkun daadaa lati igba ti a ti bi nigbati a yẹ mimi rẹ wo a ri pe mimi rẹ jagere bọn o kan ṣaa sun saa ko si sunkun a yẹ ara rẹ wo ara rẹ o gbona ibeere mi re kini o le fa ki ọmọ tuntun ti eyan ṣẹṣẹ bi ko ma ṣe bi ẹni sun kode ma sunkun daadaa lati igba ti wọn si bi ati pe iru itọju wo wo ni o peye ti a gbọdọ fun ọmọ naa ati pe ti iya ọmọ naa ba dele iru awọn nkan wo lo yẹ ka maa fun ọmọ naa ati nkan ti wọn ni fun ọmọ naa ati iru ounjẹ ti o yẹ ki iya ọmọ maa jẹ ti ọmọ ati iya naa maa fi wa ni alaafia,"Ọmọ tuntun kan tí a ṣẹ̀ṣẹ̀ bí ní ilé ìwòsàn wa láti bíi ogún ìṣẹ́jú sẹ́yìn, ni a ríi pé ọmọ náà ó kàn ṣá ń ṣe bí ẹní sùn ṣá. Ọmọ náà kò sunkún dáadáa láti ìgbà tí ati bíi. Nígbàtí a yẹ mímí rẹ̀ wò a ríi wípé mímí rẹ̀ já geere ṣùgbọ́n ó kàn ṣá n sùn ṣáá, kò sì sunkún, a yẹ ara rẹ̀ wò, ara rẹ̀ kò gbóná. Ìbéèrè mi rèé, kíni óle fàá kí ọmọ tuntun tí èèyàn ṣẹ̀ṣẹ̀ bí kí ó máa ṣe bí ẹní sùn? kí ó sì má sunkún dáadáa láti ìgbà tí wọ́n ti bíi? Àti pé, irú ìtọ́jú wo ni ó péye tí a gbọ́dọ̀ fún ọmọ náà? Àti pé, tí ìyá ọmọ náà bá délé irú àwọn nǹkan wo ló yẹ kí a máa fún ọmọ náà àti nǹkan tí wọn ko ni fún ọmọ náà àti irú oúnjẹ ti óyẹ kí ìyá ọmọ máa jẹ ti ọmọ àti ìyá náà máa fi wà ní àlàáfíà? ",http://speech-app.s3.amazonaws.com/static/audio/uploads/0216b67d-bca9-48bc-bcbe-87387ac0a993/c2a325d97d845e1e7a54b2b922cf049c_XYL8g5Rk.wav,"This presentation suggests possible birth asphyxia, neonatal sepsis, or respiratory distress syndrome. Immediate care involves drying and stimulating the baby, clearing the airway, providing warmth, and giving oxygen with bag-and-mask ventilation if breathing remains labored; the infant must be urgently referred to a neonatal unit for further evaluation and possible intravenous antibiotics. While breathing is rapid and irregular, do not give any oral fluids or feeds due to aspiration risk, and maintain glucose via intravenous line if needed. Once stable, exclusive breastfeeding with colostrum is vital, and the mother should maintain a balanced diet rich in protein, fruits, and adequate fluids to support lactation and recovery. At home, the mother must monitor for danger signs like poor feeding, fever, or fast breathing and return immediately if they occur.",Deepseek-v4 pro,deepseek-v4-pro
9b0b7e82-0503-42bd-b5d3-a87ae0020d40,yoruba,yoruba,arabinrin kan ni o bimọ si ọdọ wa laarọ yii o ti bimọ lati idaji igba to wa di bi aago mẹsan ni aarọ yii ni ẹni to wa ni ọdọ rẹ lo pe wa pe arabinrin yii n gbọn ara rẹ dẹ n gbona o dẹ ni oju ohun onpoyi to rẹ ohun gan-an asare lọ si ọdọ arabinrin yii adasobo ni ẹsẹ ayẹ temperature rẹ wo iyẹn bi ara rẹ ṣe gbona si ti o dẹ jẹ 38.2 arabinrin yii a ṣe ayẹwo malaria fun iyẹn mld ti malaria rapid diagnosis a ṣe fun arabinrin yii o ni aisan iba malaria a wa ni ki arabinrin yii ṣe o ti jẹun o ni oun o ti jẹ nkankan a sọ fun awọn to duro ti pe ki wọn poti fun ki arabinrin yii ko gbe ti mu ṣe o ti fun ọmọ ni ọyan o ni igba ti o n fẹ fun ọmọ lọyan naa ni oun wipe sue yẹn kan da wa lẹẹkan naa a wa ni ki arabinrin ko dide ko fi ẹyin ti ni ori bẹdi ti o wa naa ẹjẹ to n da lara ri o pọ ju rara rara ojuure o dẹ funfun so a ti wa ni ki irufẹ ẹni yii ko jẹun tan ko dẹ lo paracetamol lẹyin ti a ba fun ni paracetamol tan irufẹ itọju wo latun le fun arabinrin yii ko ni malaria tori a ti ṣe ayẹwo malaria fun irufẹ itọju wo ni a tun le fun to ba ti jẹun tan ta ti ni coloparacetamol si ara yii rirẹ eyi ti o ba lọlẹ irufẹ itọju wo ni ka ṣe fun,"Arabinrin yìí, ní ó bí ọmọ sí ọdọ wa láàárọ̀ yìí, ó ti bí ọmọ láti Ìdájí. Ìgbà tó wá dé bi agogo mẹ́jọ ní ààárọ̀ yìí, ni ẹni to wà nílé ọdọ rẹ̀ lọ pé wa, pé arabinrin yìí ń gbọ̀n, ara rẹ̀ dé ń gbóná, ó dé ní ojú ohun ọ́n pọ̀ yìí, tórẹ̀ ohun gan. A ti wá re lọ sí ọdọ arabinrin yìí, a dá aṣọ bo ní ẹsẹ̀, aya temperature rẹ̀ ohun, ìyẹn bí ara rẹ̀ ṣe gbóná sí, tí ó dé jẹ́ 38.2. Arabinrin yìí, a ṣe ayẹ̀wò malaria fún, ìyẹn, èmi o dé ti malaria rapid test diagnosis, a ṣe fún. Arabinrin yìí o lé, a i so i ba malaria. A wá ní kí arabinrin yìí ṣe ó ti jẹun, o ní òun o ti jẹ ǹkankan. A sọ fún àwọn tó dúró ti, pé kí wọ́n fún ti fún, kí arabinrin yìí kò gbé ti mú. Ṣé ó ti fún ọmọ ní ọyan? O ní ìgbà tí òun fẹ́ fún ọmọ ní ọyan, ná ni òun rí pé, o su yẹn kan dà wá lé kàn ná. A wá ní kí arabinrin yìí kò dìde, kò fi ẹ̀yìn tì, ní orí bed tí ó wà ná. Ẹ̀ jẹ́ kí ó dá lára rẹ̀ pọ̀ jú, ra ra ra, ojú rẹ̀ o dé fún fún. So, a ti wá ní kí irú fẹ́ ẹni yìí kò jẹun tán, kò dé lọ Paracetamol. Lẹ́yìn tí a bá fún ní Paracetamol tán, òun sá ní ì ti ọjọ́ wo, la tún lè fún wọn arabinrin yìí. O ní malaria tí o ra tí sí ayẹ̀wò malaria fún. Ń sá tí jọwọ́, ní a tún lè fún. Tò bá tí jẹun tán, tá tí ní kí o lọ Paracetamol, tí ara yìí ń rẹ yìí, tí o bá lọ lé, irú fẹ́ tójú wò ní, ka ṣe fún.",http://speech-app.s3.amazonaws.com/static/audio/uploads/bb33e043-a9ef-424e-96c8-fdc2ed9ee9e1/30fd5799636afeef26c2f7cf0152ebf7_HKJxUMk4.wav,"Given her postpartum state, positive malaria test, fever, convulsion-like episode, and marked pallor, prioritize assessment for severe malaria and possible postpartum hemorrhage with severe anemia. Check vital signs, blood pressure, hemoglobin level, and blood glucose; if hypoglycemic, give intravenous 50% dextrose immediately. For severe malaria with convulsions or altered consciousness, start parenteral artesunate (2.4 mg/kg IV at 0, 12, and 24 hours) or intramuscular artemether if IV access is delayed. Manage severe anemia and shock from suspected hemorrhage with intravenous fluids and urgent blood transfusion after cross-matching. Also rule out eclampsia: if hypertensive, administer magnesium sulfate per protocol. Once she can tolerate oral intake, complete malaria treatment with a full course of artemisinin-based combination therapy (ACT) after parenteral therapy.",Deepseek-v4 pro,deepseek-v4-pro
de1c137c-30ac-47c1-8a09-f74ccab10b0b,yoruba,yoruba,ìyá ọmọ kan yóò ṣàkíyèsí fún ọjọ́ díẹ̀ báyìí pé ọmọ yẹn bẹ̀rẹ̀ sí rúkọ́ láì dáwọ́ dúró ní ìbẹ̀rẹ̀ ó rò pé òtútù ló kó sọ́mọ náà láyà pé ó máa lọ ṣùgbọ́n ikọ́ náà kò dínkù ní gbogbo alẹ́ ọmọ náà máa jí lójijì nítorí ikọ́ nígbà míì ó máa ń wùwà bí ẹni pé ó ṣòro fún un láti lè mí dáadáa ìyá rẹ̀ máa gbé e sókè ó sì máa gbọ́ bí àyà rẹ̀ ṣe ń ṣiṣẹ́ nígbà tó bá mú èyí mú un kí ọmọ náà má lè sùn dáadáa ní alẹ́ ní ọjọ́ kan lẹ́yìn alẹ́ tí ọmọ náà tó wú kọ́ gan-an tó sì tiraka láti lè mí dáadáa ìyá rẹ̀ pinnu láti lọ sí ilé ìwòsàn o fẹ́ mọ ohun tó fa ikọ́nà àti ìṣòro tó fi ní tó fa á láti ní dáadáa àti bí ó ṣe lè ran ọmọ náà lọ́wọ́ béèrè mi ni pé kíni ó lè fa kí ọmọ máa wú kọ́ gan-an kó sì ní ìṣòro láti lè ní dáadáa pàápàá ní alẹ́ kíni àwọn àmì ewu tó yẹ kí wọ́n máa ṣọ́ra fún nígbà tí ọmọ náà bá ń wú kọ́ àwọn nǹkan wo ló yẹ kí wọ́n yàgò fún láti dènà ikọ́ yìí,"Ìyá ọmọ kan ló ṣàkíyèsí wípé fún ọjọ́ díẹ̀ báyìí, pé ọmọ òun bẹ̀rẹ̀ sí í wúkọ láì dáwọ́ dúró. Ní ìbẹ̀rẹ̀, ó rò pé òtútù ló kọ ọmọ náà láyà, pé ó máa lọ. Ṣùgbọ́n ikọ́ náà kò dínkù. Ní gbogbo alẹ́, ọmọ náà máa jí lójijì nítorí ikọ́. Nígbà míì, ó máa ń wíwá bí ẹni pé ó ṣòro fún un láti mí dáadáa. Ìyá rẹ̀ máa gbé e sókè, ó sì máa gbọ́ bí àyà rẹ̀ ṣe ń ṣiṣẹ́ nígbà tí ó bá ń mí. Èyí mú kí ọmọ náà má lè sùn dáadáa ní alẹ́.
Ní ọjọ́ kan, lẹ́yìn alẹ́ tí ọmọ náà ti wúkọ gan-an tí ó sì tiraka láti mí dáadáa, ìyá rẹ̀ pinnu láti lọ sí ilé ìwòsàn. Ó fẹ́ mọ ohun tó fa ikọ́ náà àti ìṣòro tó fa láti má lè mí dáadáa, àti bí ó ṣe lè ràn án lọ́wọ́.
Ìbéèrè mi ni pé kí ló lè fa kí ọmọ máa wúkọ gan, kí ó sì ní ìṣòro láti mí dáadáa pàápàá ní alẹ́? Kí ni àwọn àmì ewu tí ó yẹ kí wọ́n máa ṣọ́ra fún nígbà tí ọmọ náà bá ń wúkọ? Àwọn nǹkan wo ló yẹ kí wọ́n yàgò fún láti dènà ikọ́ yìí?",http://speech-app.s3.amazonaws.com/static/audio/uploads/2a220809-32a0-4a86-bfec-a4b31b24be90/9562bfb2f9dfd462b5931834014cb756_muvgj2Zc.wav,"The child's symptoms strongly suggest asthma, a chronic airway inflammation causing recurrent cough, wheezing and breathlessness, often worse at night or with cold air. Immediate danger signs requiring urgent hospital care include difficulty speaking in full sentences, nasal flaring, chest indrawing, bluish lips, or extreme fatigue from breathing effort. To prevent these episodes, avoid common triggers such as tobacco smoke, indoor cooking smoke, dust, cold drinks, and sudden temperature changes. Using asthma controller medications like low-dose inhaled corticosteroids as prescribed by a physician is crucial in reducing these night-time attacks.",Deepseek-v4 pro,deepseek-v4-pro
629fdcfc-5e35-4789-810b-08dd02cbe305,yoruba,yoruba,obinrin alaboyin oṣu meje kan ni o wa si ile-iwosan wa ni aṣaalẹ yii ti o si ṣalaye wipe ọkọ oun maa n pariwo mọ oun ni ọpọlọpọ igba to si maa n na oun o ni pe eyi si jẹ ki ẹru maa ba oun ni ọpọlọpọ igba nigbati oun ba gbọ pe ọkọ oun bọ wa tabi nigbati oun ba n lọ ile tori pe ẹru maa n ba oun tori ironu pe ọkọ oun a si na oun le abi ko pariwo le oun o ni oun si sakiyesi pe aya oun ja eyi ti o mu ki oun lọ se ayẹwo ifunpa oun o ni nigbati wọn si se ifunpa oun wọn ri pe ifunpa oun ga o ni oun si gba ọda awọn obi oun lọ lati lọ se alaye fun wọn eyi ti o mu ki awọn obi oun ko fun oun ni aagbo o ri pe kiwọn ko si iyatọ nigbati oun lo aagbo naa njẹ kini arabinrin yii le se eyi si ẹru ofinimaba ti o ba lọ sile tabi ti o ba gbọ pe ọkọ rẹ n bọ ẹlẹkeji ni wipe njẹ kini arabinrin yii le lo eyi ti yoo fi mu pe ifunpa rẹ ko pada wa silẹ,"Obìrin aláboyún ló wà sí ilè ìwòsàn wà ní aṣalẹ yi tí o sí sàlàyé wipe ọkọ ohùn má n pariwo mọ ohùn ní ọpọlọpọ ìgbà o sí má n nà ohùn o wipe eyi sì jẹ́ kí ẹrú má bà ohùn ní ọpọlọpọ ìgba ti ọhun bá gbo pé  ọkọ ohùn n bọ wá tàbí tí ohùn bá n lọ lẹ nitori pe ẹrú má n bá ohùn torí ìrònú pé ọkọ ohùn a nà ohun nílé tàbí kó fí àríwo lè ohùn o ní ohùn sí ṣe àkíyèsí pé àyà ohùn n já tó hùn fi lọ ṣe àyẹ̀wò ifunpa ohùn o ní pé nígbà tí wọn ṣe ìfunpa ohùn wọn rí pé ìfunpa ohùn gà o ní ohùn sí gbà ọdọ àwọn òbí ohùn lọ láti lọ sàlàyé fún wọn èyí tí o mú kí àwọn òbí ohùn fún ohùn ni àgbò ṣugbọn kò sí ìyàtọ̀ nígbà tí ohùn ló àgbò nà njẹ kíni arábìnrin yìí lè ṣe èyí tí ẹrú kò fí ní má bà tó bá n lọ sí ilè tabi ti o bá gbọ pé ọkọ rẹ n bọ ẹlekeji ní pé n jẹ kíni arábìnrin yìí lè lò tí yóò fi mú kí ifọkanbalẹ padà wá

",http://speech-app.s3.amazonaws.com/static/audio/uploads/c96c9579-7e04-418a-9766-317fe1548498/a94693532020d73b058bea869d91d853_jyEQUKjC.wav,"The woman's fear is a direct result of ongoing domestic violence; her immediate safety is paramount. She should be urgently connected to a hospital social worker or a local women's protection service to arrange a safe shelter away from her husband, as returning home poses physical and psychological danger. The palpitations and hypertension (elevated blood pressure) in the third trimester require a prompt medical evaluation for pre-eclampsia, including urine protein testing and liver/kidney function monitoring. To lower her blood pressure safely, she must be started on approved antihypertensive medications such as oral methyldopa or labetalol under hospital supervision, and not rely on herbal concoctions which lack evidence and can delay critical care. Addressing her anxiety with supportive counseling after securing her physical safety is essential, but the clinical priority is managing her hypertensive disorder of pregnancy to prevent severe maternal and fetal complications.",Deepseek-v4 pro,deepseek-v4-pro
67ee80a1-0141-4a97-8582-1d8779c5a6fe,yoruba,yoruba,ìyá kan nínú ara àwọn ọlọ́mọ wa tí ó máa ń gbé ọmọ wa fún abẹ́rẹ́ òun ni ó ṣàlàyé pé òun ṣàkíyèsí pé ọmọ tuntun òun tó ń ṣẹ̀ṣẹ̀ bí pé ibi ẹnu ẹnu ètè rẹ̀ pé òun ṣàkíyèsí pé o blue orí bí aláwọ̀ aláró pé ètè rẹ̀ ètè ọmọ òun tuntun tó ń ṣẹ̀ṣẹ̀ bí pé orí bí ètè aláwọ̀ aláró o ní òun sì tún sáàkíyèsí pé ọmọ yìí ó ń tiraka ó ń japera láti mí tó ń chapetira dáadáa láti mí tó bá ti ń fún un lọ́mú o ní tó ń sàkíyèsí nìyẹn pé òun ò mọ nǹkan tí ó ṣẹlẹ̀ ṣé ọmọ tuntun tó ṣẹ̀ṣẹ̀ bí kí la lè sọ pé ó fà tétè ọmọ yẹn ètè ọmọ tuntun tó fi wá rí bí aláró tó fi rí bí aláró àbí kí ló lè ṣẹlẹ̀ gan tọmọ yìí fi ń jape tira tó ń tiraka láti mí tọmọ yìí ó fi mí sá lè kọ́ ogun fún àbí ká ṣe àyẹ̀wò fún ọmọ náà,"Ìyá kan nínú àwọn olómo wá, ẹni tí ó máa ń gbé ọmọ wá fún abẹ́rẹ́, ni ó ṣàlàyé pé òun ṣe àkíyèsí pé ọmọ tuntun tí òun ṣẹ̀ṣẹ̀ bí ní ìbàjẹ́ kan ní ẹnu, ète rẹ̀ sì dà bí aláwọ̀ aláró.
Òní, ó tún ṣàkíyèsí pé nígbà tí òun bá ń fún ọmọ náà lómu, ọmọ náà máa ń tiraka, ó máa ń jápítìrà, ó sì ń ṣòro fún un láti mi dáadáa. Ó sọ pé ìṣẹ̀lẹ̀ yìí ló jẹ́ kó bẹ̀rù, torí kò mọ ohun tí ń ṣẹlẹ̀ sí ọmọ náà.
Kí ló lè fà kí ète ọmọ tuntun dà bí aláwọ̀ aláró? Kí ni ó tún lè fà kí ọmọ máa jápítìrà, kí ó sì máa tiraka láti mi nígbà tí wọ́n bá ń fún un lómu? Ṣé a lè fún un ní oogun tàbí ṣé ó yẹ kí a ṣe àyẹ̀wò fún ọmọ náà?",http://speech-app.s3.amazonaws.com/static/audio/uploads/ffc5a31c-8cfd-4849-b7e3-7af8e65581d3/6cbaa591538d12ad8b04e2a905418e0f_tTWlO3rJ.wav,"The blue lips (central cyanosis) and difficulty breathing during breastfeeding are classic signs of a congenital cyanotic heart defect, such as Tetralogy of Fallot. In this condition, a structural defect causes poorly oxygenated blood to circulate to the body, leading to cyanosis and respiratory distress when the baby exerts effort while suckling. This is a condition present from birth, not an infection, and it requires urgent referral for a paediatric echocardiogram to diagnose the exact defect. Treatment is available, often involving staged surgical correction, which greatly improves survival and quality of life. I would immediately examine the baby, check oxygen saturation, and refer to a centre with paediatric cardiology services.",Deepseek-v4 pro,deepseek-v4-pro
3b2c9661-48b8-4555-95fc-5da02dba590f,yoruba,yoruba,mo jẹ ọmọbirin abile kọ ọdun marundinlogoje ẹjọ ọmọ mi ọmọ oṣu marun yii ni mo gbe wa fun ayẹwo ati fun itọni mo ti bẹrẹ iṣẹ pada mọ si iyalẹnu ni bi ati bi ọjọ mẹta bai mo rii pe ọmọ mi saa n wukọ le mọ le mọ le mọ gbogbo igbiyanju gbogbo ohun ti a le ṣe ni a ti gbiyanju lati ṣe fun lati da ikọ naa duro ṣugbọn mo rii pe ikọ naa o tii lọ emi o dẹ kii sin le ti n ba ti lọ laaro o di irọlẹ bi aago mẹfa kin to pada sile mama mi ni ọmọ naa maa n wa pẹlu nile amọ nigbati mo ba ni anfani lati pe mo maa n pe mo si maa n beere pe bawo ni kọna adẹ sọ pin mi pe o ṣi n wo ikọ naa ọmọ oṣu marun ni ọmọ naa ọmu nikan kọ lo n mu tori mo ti bẹrẹ iṣẹ mo fun lọ mu nikan fosu mẹta lẹyin iba yẹn mo ti n fun ni awọn ounjẹ mo ti n fun ni awọn ounjẹ mo n fun ni oge mo dẹ n fun ni awọn ounjẹ ọmọde ti mo mọ iyalẹrun to tun wa jẹ ni wipe lati bi alẹ ana mimi rẹ wa lọ ga ara mọ ko mi dada gbogbo omu rẹ ti di mama mi gan-an nigbati wọn wẹ laro yii wọn ni lati fi omi ju omi to lọwọrọ diẹ lati jonimujoni gba aya tori ikọ yẹn pọ emi yẹn naa dẹtun ti wa bẹrẹ omi dada mọ emi yẹn o jagara mọ ẹjọ ibeere mi ni pe kini mo le lo fun lati dawọ ikọ naa duro ki ikọ naa ko duro ati wipe emi ti o wa jagara kini mo le ṣe kini mo le lo fun igbesẹ wo ni mo le gbe to ma fi ma mi ti ohunkan o nidi lọwọ lati mi,"Mo jẹ ọmọbìnrin àbílékọ ọdún márùn-ún dín lógójì. Ẹ jọ̀wọ́, ọmọ mi, ọmọ oṣù márùn-ún yìí ni mo gbé wá fún àyẹ̀wò àti fún ìtọ́ni.
Mo ti bẹ̀rẹ̀ iṣẹ́ padà. Ṣùgbọ́n sí ìyàlẹ́nu ni bí àti bí ọjọ́ mẹ́ta báyìí mo rí pé ọmọ mi ṣá ń wúkọ lémọ lémọ lémọ. Gbogbo ìgbìyànjú, gbogbo ohun tí a lè ṣe ni a ti gbìyànjú láti ṣe fún láti dá ikọ́ náà dúró. Ṣùgbọ́n mo rí pé ikọ́ náà ò tíì lọ.
Èmi ò dé kì í sí nílé. Tí mo bá ti lọ láàárọ̀, ó di ìrólé bí aago mẹ́fà kí n tó padà sílé. Màmá mi ni ọmọ náà máa ń wà pẹ̀lú nílé.
Àmọ́ nígbà tí mo bá ní ànfààní láti pè, mo máa ń pè, tí mo sì máa ń béèrè pé báwo ni ikọ́ náà, tí wọ́n á dé sọ fún mi pé ó ṣì ń wú ikọ́ náà.
Ọmọ oṣù márùn-ún ni ọmọ náà. Omu nìkan kò lò ń mu, torí mo ti bẹ̀rẹ̀ iṣẹ́. Mo fún un ní omu nìkan fún oṣù mẹ́ta, lẹ́yìn ìgbà yẹn mo ti ń fún ní àwọn oúnjẹ.
Mo ti ń fún ní àwọn oúnjẹ, mo ń fún ní ọ̀gẹ̀dẹ̀, mo dé ń fún ní àwọn oúnjẹ ọmọde tí mo mọ̀.
Ìyàlẹ́nu tó tún wà ni pé láti bí alẹ́ àná, mímí rẹ̀ ò wà já gàrà mọ́. Kò mí dáadáa, gbogbo imú rẹ̀ ti di.
Màmá mi gan-an nígbà tí wọ́n wẹ láàárọ̀ yìí, wọ́n ní láti fi omi tó lọ́wọ́rọ̀ díẹ̀ láti jó ní ní imú, jó ní ìgbàyà, torí ikọ́ yẹn pọ̀.
Èémí yẹn náà dé tún ti wá bẹ̀rẹ̀, kò mí dáadáa mọ́, èémí yẹn ò já gàrà mọ́.
Ẹ jọ̀ọ́, ìbéèrè mi ni pé, kí ni mo lè lò fún láti dáwọ́ ikọ́ náà dúró, kí ikọ́ náà lè dúró? Àti pé èémí tí ò wà já gàrà, kí ni mo lè ṣe, kí ni mo lè lò fún un, ìgbésẹ̀ wo ni mo lè gbé tó máa fi máa mí, tí ohunkóhun o ní di lọ́wọ́ láti mí?",http://speech-app.s3.amazonaws.com/static/audio/uploads/433c5a1f-3be5-49d0-a951-06b181449d87/821814a132d2937ed9a4945844336e5a_4EgD9ZDS.wav,"Your 5-month-old baby's persistent cough, fast breathing, and difficulty breathing are danger signs of a serious chest infection like pneumonia or bronchiolitis. Stop all home treatments immediately; do not give any cough syrups or local herbs as they can be harmful at this age. Take the baby to the nearest hospital or clinic without delay for a doctor's assessment, as she may urgently need oxygen and antibiotics. While preparing to leave, keep the baby's nose clear with gentle saline drops and continue breastfeeding if she can feed, but do not delay the journey. Delaying medical care could lead to life-threatening complications.",Deepseek-v4 pro,deepseek-v4-pro
9e928df8-d2eb-4603-839e-bef8aed48b08,yoruba,yoruba,ọmọ àgbà kan ni ó ṣàkíyèsí pípé ọmọ òun tí òun dúró sí ìdúró ẹ̀ṣẹ̀ ìbímọ tán níbi ọjọ́ mẹ́ta sẹ́yìn pé ẹ̀jẹ̀ tí ó wá lẹ́yìn ìbímọ ó pọ̀jù bí ó ti yọ ìyẹlọ tí ó yè tún ṣàkíyèsí pé níṣe ni ó funfun ọwọ́ ẹsẹ̀ àti ojú pẹ̀lú ètè rẹ̀ ó funfun tí ó sì ń tún gbóná ṣùgbọ́n ní ẹnu ọjọ́ mẹ́ta yìí ó ṣàkíyèsí pé ń ṣe gbogbo ẹsẹ̀ àti ọwọ́ rẹ̀ tí ó tutù tí ó sì ti rẹ̀ ẹ́ tán tí kò lè ṣe ohunkóhun ìdí nìdí tí ó ṣe gbé wá sí ilé ìwòsàn kí dókítà bóun ṣe àyẹ̀wò ara rẹ̀ ó béèrè sí wájú pé ǹjẹ́ ó ṣeé ṣe kí ìdọ̀tí kí ó kùn ní ilé ọmọ rẹ̀ tí wọn ò kó tán tí ó ń fà sí ẹ̀jẹ̀ fi ń pọ̀ ó tún béèrè síwájú sí i pé kí dókítà kọ abẹ́rẹ́ tàbí ògùn fún àwọn tí ó lè mú kí ẹ̀jẹ̀ yìí kó dáwọ́ dúró tí ọmọ yóò sì fi mú okun padà láti lè tọ́jú ọmọ rẹ̀,"mama àgbà kan ṣàkíyèsí, lẹ́yìn tí obìnrin náà dúró títí lẹ́yìn bímọ tán, ní bí ọjọ́ mẹ́ta sẹ́yìn, bí ẹ̀jẹ̀ tí ó ń wá lẹ́yìn bímọ, ó pọ̀ jù bí ó ṣe yẹ lọ. Tí ó sì ṣàkíyèsí pé níṣe ni ó fúnfun, ọwọ́, ẹsẹ̀, àti ojú pẹ̀lú etí rẹ̀, ó fúnfun. Tí ó sì ń sìn-ntún, ń gbona. Ṣùgbọ́n ní ẹnujọ́ mẹ́ta yìí, ó ṣàkíyèsí pé níṣe ni gbogbo ẹsẹ̀ àti ọwọ́ rẹ̀, tí ó tutù, tí ó sì ti rẹ̀ ẹ́ tán tí kò lè ṣe ohunkóhun. Ìdí nìyí tí ó ṣe gbé e wá sí ilé ìwòsàn, kí dókítà bá òun ṣe àyẹ̀wò ara rẹ̀. Ó béèrè sọ́jú sọ́jú pé ǹjẹ́ ó ṣeé ṣe kí dókítà ó kùn ún ní ilé ọmọ rẹ̀ tí wọn ò kọ́ tọ́, tí ó ń fà á tí ẹ̀jẹ̀ rẹ̀ fi ń pọ̀? Ó tún béèrè sọ́jú sọ́jú pé kí dókítà kọ abẹ́rẹ́ tàbí ògùn fún àwọn tí ó lè mú kí ẹ̀jẹ̀ yìí kó dádúró, tí ọmọ yí ó sì fi mú okùn padà, a sì lè tọ́jú ọmọ rẹ̀.",http://speech-app.s3.amazonaws.com/static/audio/uploads/769b6c60-a00a-4d7a-91b1-c072e52f7d09/0579db867a0d92ba453cf340cf58184f_AKE1eJAt.wav,"Yes, retained placental tissue (often referred to as ""dirt"") is a very common cause of heavy bleeding after delivery, preventing the uterus from contracting properly. The severe pallor of the hands, feet, face, and lips, along with cold extremities and profound weakness, indicates life-threatening anemia and early shock from continued blood loss; the earlier fever suggests an infection from the retained material. To stop the bleeding, we will immediately administer a uterotonic injection like oxytocin and simultaneously prepare for an evacuation procedure to remove any remaining tissue. Intravenous fluids and a blood transfusion are critical to restore your strength and stabilize you. Broad-spectrum antibiotics will also be started to treat the uterine infection, allowing you to recover and safely care for your baby.",Deepseek-v4 pro,deepseek-v4-pro
62a20268-d337-4b94-b01a-2f34cca719ef,yoruba,yoruba,ọmọ mi ọmọ mi obìnrin wà nínú oyin ó ti lé ní ogún ọdún ó lé mẹ́rin òun ló wà nínú oyin so àtìgbà tí ó dé ọ̀dọ̀ mi ní ìjẹta ìjẹta yẹn báyìí nígbà tó máa di òru mo ṣàkíyèsí pé ọmọ bẹ̀rẹ̀ sí ní mi o sì ti kó gbogbo ẹrù rẹ̀ ó ti kó wá sọ́dọ̀ mi bí ọmọ yẹn ṣe ń mu mo ṣàyìn pé wọ́n ń mu wọ́n ń fi sílẹ̀ àmọ́ báṣà di gbogbo ẹrù rẹ̀ pé kó já máa lọ sí ilé ìwòsàn abáṣàmúdélé ìwòsàn wọ́n bá mi yẹ̀ ẹ́ wò wọ́n fẹ́ pé ilé ọmọ ti ṣí wípé ó ti ń ṣí wípé díẹ̀ náà lókú tí ó fi ṣí tán ìgbà tí ó máa di àná ilé ọmọ ṣí náà lọ sọ títí títí pé ọmọ fi bọ́ta níjẹta ìgbà tó máa di àná ọmọ náà sì wà ní ibi tí ó ti ń rọbí láti ìjẹta tí a ti débẹ̀ ó ń rọbí ọmọ ò sì bọ́ta à ọmọ alákọ̀ọ́bí sí mi alákọ̀ọ́bí rẹ̀ sílélè ẹnu bẹ̀lú wà tó ti ń rọbí láti àná ọmọ ọ̀bọ́ta ẹ̀gúsí ń bà mí àyà mi ń já mi ò fẹ́ pàdánù ọmọ mi mi ò sì fẹ́ pàdánù ọmọ tó ń bọ̀ náà dángo kíni nǹkan tó fa ọmọ náà tó fi wọ́n ń rọbí tó pẹ́pẹ́pẹ́pẹ́ bẹ́ẹ̀ yẹn àbí ṣe bó ṣe máa ń ṣe àwọn alákọ̀ọ́bí nìyẹn tí wọ́n bá fẹ́ bímọ ni àbí ṣe ọmọ náà ṣe ó ṣeé ṣe kó jẹ́ pé bí ó ti tóbi jù tí ò wá le gba ibi ojú ara ọmọ mi yìí ni àbí ṣe ó ṣeé ṣe kó jẹ́ pé wọ́n máa ṣe iṣẹ́ abẹ fún ọmọ náà torí,"Ọmọ mi obìnrin wà nínú oyún, ó ti lè jẹ́ ọmọ ọdún mẹ́rìnlélógún. Òun ni ó wà nínú oyún. Lónìí ni ìṣẹ̀lẹ̀ yìí ṣẹlẹ̀.
Nígbà tí ó di alẹ́, mo ṣàkíyèsí pé ọmọ náà bẹ̀rẹ̀ sí í ní ìrora. Ó sì ti kó ẹrù rẹ̀, ó ti wá sí ilé mi. Bí ìrora ṣe ń lọ, mo rí i pé ó ń pọ̀ sí i. Mo kó gbogbo ẹrù rẹ̀ jọ, kò sì jẹ́ kí a lọ sí ilé ìwòsàn ní ìbẹ̀rẹ̀.
A gbé e dé ilé ìwòsàn, wọ́n sì ṣàyẹ̀wò rẹ̀. Wọ́n sọ pé ilé-ọmọ ti bẹ̀rẹ̀ sí í ṣí díẹ̀, àti pé kù díẹ̀ ni yóò tó ìgbà ìbímọ.
Ní òní ṣáájú, ilé-ọmọ ṣi ń ṣí sí i títí dé ìgbà tí ọmọ yóò fi bọ̀. Nígbà tí ó di ana, ọmọ náà wà nínú ìrora tí ó ń túbọ̀ ń pọ̀ sí i láti ìgbà tí a dé ibẹ̀.
Ó ń ní ìrora, ọmọ yóò sì bọ̀, ọmọ àkọ́bí ni. Ẹ̀rù sì ń bà mí, ọkàn sì ń bà mí.
Mo fẹ́ gba ọmọ mi là, mi ò sì fẹ́ pàdánù ọmọ tí ń bọ̀. Ẹ jọ̀wọ́, kí ni ó lè fà ìrora yìí tí ó ń ń lọ báyìí? Ṣé bó ṣe máa ń rí fún àwọn alábọ̀bí ni yẹn nígbà tí wọ́n fẹ́ bí? Ṣé ó ṣeé ṣe kó jẹ́ pé ọmọ náà ti tóbi jù, tí kò lè jáde lọ́nà ìbímọ? Tàbí ṣé ó ṣeé ṣe kó jẹ́ pé wọ́n máa ṣe iṣẹ́ abẹ fún un?",http://speech-app.s3.amazonaws.com/static/audio/uploads/76c9d43f-374f-4943-ba58-3375c9fa37ed/9e9d218d220a1a6ca1b8608a0769ebc5_8lk3NZHo.wav,"Prolonged labour with severe pain for three days in a first-time mother is dangerous and not normal. The most likely cause is obstructed labour due to cephalopelvic disproportion (the baby may be too large or the mother's pelvis too small) or an abnormal fetal position. This has prevented the baby from descending despite full cervical dilation. Both mother and unborn child are at high risk of complications like uterine rupture, infection, and fetal distress, so an emergency caesarean section is urgently needed. Go immediately to a hospital with comprehensive emergency obstetric care to save both lives.",Deepseek-v4 pro,deepseek-v4-pro
ca47b056-8b9f-41ce-bfd2-8278245ab513,yoruba,yoruba,arábìnrin kan ó mú ọmọ rẹ̀ ọmọ ọdún mẹ́ta wá sí ilé ìwòsàn wa ní òwúrọ̀ yìí pẹ̀lú àlàyé wípé tí wọ́n bá ń bá ọmọ náà sọ̀rọ̀ kò tiẹ̀ ní ṣe bí ìgbà wípé òun ni wọ́n bá wí kò ní wo ojú ẹni tó ń bá a sọ̀rọ̀ àti wípé bí wọ́n bá ń pe orúkọ rẹ̀ kò tiẹ̀ ní ṣe bí ìgbà wípé ó gbọ́ rárá nínú ìbéèrè tí a bi arábìnrin náà wípé ǹjẹ́ ọmọ náà ṣé ó ti ní àrùn ẹ̀yì nínú ìgbà kankan màmá rẹ̀ sọ wípé kò tilẹ̀ fi ìgbà kankan ní àrùn ẹ̀yì rárá a sì tún béèrè wípé ǹjẹ́ ọmọ náà ǹjẹ́ ó ti gba gbogbo abẹ́rẹ́ àjẹsára rẹ̀ èyí tó yẹ kó gbà nínú èyí tí màmá rẹ̀ mú ìwé kélébé tá a fi ń ṣe ìdánimọ̀ wípé lótòótọ́ ni ọmọ gba abẹ́rẹ́ àjẹsára jáde nínú èyí tí a rí i wípé ọmọ náà gbagbogbo abẹ́rẹ́ àjẹsára rẹ̀ pérépéré ìbéèrè mi wá ni wípé irú ǹkan yìí pẹ̀lú ọmọ tí kò ní àrùn ẹ̀yì rí tí ó sì gba abẹ́rẹ́ àjẹsára rẹ̀ pérépéré irú ǹkan wo ni ó lè fa irú eléyìí pẹ̀lú irú ọmọ bẹ́ẹ̀,"Arabinrin kan omu omọ rẹ, ọmọ ọdún mẹ́ta, wá sí ilé ìwé sánà wá ní owuro yi pelu àlàyé wípé tí wọn bá ń bá ọmọ náà sọ̀rọ̀, kò tiẹ̀ ní ṣe bìgà níwípé kò ní wọn bá wí, kò ní wòjú ẹni tó ń bá sọ̀rọ̀, àti wípé tí wọn bá ń pe orúkọ rẹ̀, kò tiẹ̀ ní ṣe bìgà wípé ó gbọ́ rárá. Nínú ìbéèrè tí a bi aráábìnrin náà wípé, ""Jẹ́ ọmọ náà ṣe ó ti ní àwọn ìyírí ní ìgbà kankan?"" Màmá rẹ̀ sọ wípé kò tiẹ̀ fi ìgbà kankan ní àwọn ìyí rárá. A sì tún béré wípé, ""Ǹjẹ́ ọmọ náà, ǹjẹ́ ó ti gbà gbogbo abẹ́rẹ́ àjẹsára rẹ̀, èyí tó yẹ ko gbà nínú èyí tí màmá rẹ̀ mú?"" Ìwé kẹ́lẹ́bẹ́ tí a fi ń ṣe ìyédání mọ wípé lótò ní ọmọ gbà abẹ́rẹ́ àjẹsára jáde, nínú èyí tí a rí wípé ọmọ náà gbà gbogbo abẹ́rẹ́ àjẹsára rẹ̀ pérépéré. Béré mí wà ní wípé, ""Irú ǹkan yìí pẹ̀lú ọmọ tí kò ní àwọn ìyírí, tí kò sí gbà bẹ́rẹ́, tí ó sì gbà bẹ́rẹ́ àjẹsára rẹ̀ pérépéré, irú ǹkan wo ní ó le fà irú ẹ̀léyìí pẹ̀lú ọmọ bẹ́?""",http://speech-app.s3.amazonaws.com/static/audio/uploads/68858cbc-423e-4a01-ba26-c0cfb947f0f4/735e8dd2aa2f2ce368b580b02d5e48d7_HiTSx1D6.wav,"This presentation of reduced social responsiveness, including not looking at the speaker and not responding to a name, in a 3-year-old with complete immunizations and no prior ear infections, is most suggestive of an Autism Spectrum Disorder (ASD). While normal immunization status and absence of ear infections make acquired deafness less likely, a formal hearing assessment via otoacoustic emissions or brainstem auditory evoked potentials is still crucial to rule out congenital sensorineural hearing loss, which can mimic these behaviors. The red flags here—poor eye contact and lack of social response—are core features of ASD, and referral for a multidisciplinary developmental evaluation is the next essential step. Early intervention services focusing on speech and behavioral therapy, if availability permits locally, are the best course of action to support this child's development.",Deepseek-v4 pro,deepseek-v4-pro
aa7982d8-cb28-41ac-acef-72b67c9ee08c,yoruba,yoruba,orúkọ mi ni arábìnrin títí lọlá láti àná ni ara ọmọ mi ti ń gbóná gidigidi tí ọmọ náà kò sì lè yí ọ̀run rẹ̀ rárá ó dàbí ẹni wípé ọrùn ọmọ náà kò ṣeé yí mọ́ ohùn ọmọ náà le sí ojú kan ni kíni ó lè fa ara gbígbóná àti àìlèyí ọrùn ọmọ mi yìí irú àyẹ̀wò wo ni mo lè ṣe tí mo lè fi mọ ohun tí ó fa okùn fà ara gbígbóná àti àìlèyí ọrùn ọmọ náà irú àìsàn wo ni ó lè jẹyọ ní àgọ́ ara ọmọ mi tí ó lè fa ara gbígbóná àti àìlèyí ọrùn ọmọ náà,"Òrukò mí ní arabírín, títílọ́là. Láti àná ní ara ọmọ mi tí n gbóná, kìjí kìjí. Tí ọmọ náà kò sí lè yí ohùn rẹ̀ rárá. Ó dà bí ẹni wípé ohùn ọmọ náà kò ṣe yí mọ́. Òun ọmọ náà lè sí ojú kan ní. Kíni ó lè fà ara bígbóná àti àìlélè yí ohùn ọmọ mi? Irú ayé wo ni mo lè ṣe tí mo lè fi mọ̀ ohùn tí ó fà òkúfà ara bígbóná àti àìlélè yí ohùn ọmọ náà. Irú ayé wo ni ó lè jẹ́yọ. Nínú àkọ ara ọmọ mi tí ó lè fà ara bígbóná àti àìlélè yí ohùn ọmọ náà",http://speech-app.s3.amazonaws.com/static/audio/uploads/979c20f1-125d-4a8e-aa15-42829852dcfd/ba8fb4ab4b440bdc040bbc7d16fb4c26_VLf3zyTx.wav,"The combination of a high fever and a stiff, immobile neck raises immediate concern for a serious central nervous system infection like bacterial meningitis, or a deep neck space infection such as a retropharyngeal abscess. These conditions cause inflammation that limits neck movement and often presents with a hoarse or muffled voice. The essential investigation is an immediate clinical assessment by a doctor, who will check for meningeal signs and, if meningitis is suspected, perform a lumbar puncture to analyze the spinal fluid. For a suspected deep neck abscess, a lateral neck X-ray or ultrasound can show soft tissue swelling. Both diagnoses are medical emergencies requiring urgent hospital admission for intravenous antibiotics and, in the case of an abscess, possible surgical drainage.",Deepseek-v4 pro,deepseek-v4-pro
47f1291b-83b1-4499-a7e3-91452c764e6c,yoruba,yoruba,sadede ni a ri kan lara awọn oloyun wa ti o wa si ile-iwosan wa ni owura yii oloyun naa de tirora tirora to bẹrẹ si ni kegidi to nfọwọdi ẹhin rẹ mu to nfọwọdi mumu bẹẹ lo n bẹrẹ igba ti o tobi iṣẹju mẹjọsi mẹwa ta mu wọ ilo ile igbẹbi wa lani ki arabinrin naa o gun oke ti a dẹ yẹwo ti o si jẹ wipe ọmọ arabinrin naa ti de tosi ile ọmọ rẹ ti yanu silẹ kete larabinrin yii bimọ o ti o ọmọtẹjade ti o bi ọmọbinrin so a ṣe gbogbo nkan ti o tọ atiko yẹ kopẹ ni a ba mu iya ati ọma gbe wọn wọnu yara lati lọ sun ki wọn le wa daadara opẹ ma ni iya ọmọ yii pe wa pe oun ma n ri pe o n rẹ oun wa o ma n rẹ oun wa ti oju oun si n su bẹẹni arabinrin dẹ n gbiyanju lati jẹun nigbati o bimọ o sa n ja petira lati jẹun nigba ti o bimọ tan ṣugbọn ounjẹ yin o fi bẹẹ lọ lẹnu rẹ daadaa bẹẹ si ni oon rẹ wa ti o si lo yinko ki nikan ti o ṣẹlẹ ṣe a le ni ẹjẹ lo ti lọ lara rẹ pupọ to nidi ẹjẹ ni abi kini ta le ṣe fun ṣe ka fun lẹjẹ ni abi ka fun lounjẹ,"Sàdédé ni a rí ìkan lára àwọn olóyún wa tí ó wá sí ilé ìwòsàn wa ní òwúrọ̀ yìí. Olóyún náà dé tìrora tìrora, tó bẹ̀rẹ̀ sí ní ké gidigidi, tó fi ọwọ́ di ẹ̀yìn rẹ̀ mú, tó ń fi ọwọ́ di inú mú. Bẹ́ẹ̀ ló ń bẹ̀rẹ̀.
Ìgbà tó tó bí ìṣẹ́jú mélòó , sí mẹ́jọ sí mẹ́wàá ta múu wọ inú ilé ìgbẹ́bí wa, la ní kí arábìnrin náà ó gun òkè. Tí a dé yẹ̀wò, ó sì jẹ́ wípé ọmọ arábìnrin náà ti dé tósì, ilé ọmọ rẹ̀ ti yanu sílẹ̀.
Kété larábìnrin yìí bímọ, tí ọmọ dé jáde, ó bí ọmọbìnrin.
<Code-switch><english>So<code-switch><yoruba>, a ṣe gbogbo nkan tí ó tọ́ àti tí ó yẹ.
Kò pẹ́, a bá ìyá àti ọmọ gbé wọ inú yàrá lọ láti lọ sùn kí wọ́n lè fi wá dáradára.
Kò pẹ́ mọ́ ni ìyá ọmọ yìí pè wá pé òun máa ń sa rí i pé ó rẹ̀ òun wá, ó máa ń rẹ̀ òun wá, tí ojú òun sì ń ṣú. Bẹ́ẹ̀ ni arábìnrin yìí dé ń gbìyànjú láti jẹun nígbà tí a bímọ. Ó sá ń japitira láti jẹun nígbà tó bímọ tán, ṣùgbọ́n oúnjẹ yẹn ò fi bẹ́ẹ̀ lọ lẹ́nu rẹ̀ dáadáa.
Bẹ́ẹ̀ sì ni óún rẹ̀ẹ́ wá, tó sì lòyì ń kọ òun.
Kí ni nkan tí ó ṣẹlẹ̀? Ṣé a lè ní ẹ̀jẹ̀ ló ti ló lára rẹ̀ púpọ̀ tó <code-switch><english>need<code-switch><yoruba>ẹ̀jẹ̀ ni, àbí kí ni nkan tí a lè ṣe fún un? Ṣé ká fún un lẹ́jẹ̀ ni àbí ká fún un l’oúnjẹ?",http://speech-app.s3.amazonaws.com/static/audio/uploads/bcaab2b7-9dc7-40c3-950d-8fe155c849a8/04e3c1d9648f974b97134850288a4c18_V9MJayH1.wav,"This patient's fatigue, dizziness, palpitations, and difficulty eating following delivery are classic signs of symptomatic postpartum anemia, likely from significant blood loss during childbirth. Immediately assess her vital signs (pulse, blood pressure), check for conjunctival pallor, and measure hemoglobin if laboratory services are available. If she is hemodynamically unstable or her hemoglobin is below 7 g/dL, proceed with a blood transfusion to rapidly restore oxygen-carrying capacity. Concurrently, begin oral iron and folic acid supplementation, and encourage an iron-rich diet (e.g., liver, beans, dark leafy vegetables) once she can tolerate food. Ensure a firm, contracted uterus and minimal ongoing lochia to rule out continued hemorrhage or retained products.",Deepseek-v4 pro,deepseek-v4-pro
393804b1-81e1-40de-8da3-b8deb96aab75,yoruba,yoruba,ìyá ọmọ kan tó ń gbé ní ilé wa ló lóyún ọmọ rẹ̀ kejì níbẹ̀rẹ̀ oyún náà gbogbo ǹkan ń lọ déédéé inú rẹ̀ sì dùn pé ọmọ tuntun ń bọ̀ ṣùgbọ́n ní oṣù díẹ̀ sẹ́yìn ó bẹ̀rẹ̀ sí ní ìrora tó lágbára ní ìsàlẹ̀ inú ní ọjọ́ kan ìrora náà pọ̀ tó bẹ́ẹ̀ tí kò le fi dìde dáadáa kò pẹ́ ó tún bẹ̀rẹ̀ sí ní rí ẹ̀jẹ̀ púpọ̀ tó ń yọ lára rẹ̀ ẹ̀jẹ̀ náà ju bí ẹ̀jẹ̀ yìí pọ̀ ju bó ṣe máa ń rí lọ ó sì máa ń mú kó rẹ̀ ẹ́ gan bí ó ṣe rí ẹ̀jẹ̀ yìí ẹ̀rù bá bóyá ọmọ inú rẹ̀ wà nínú èwu ní kíákíá ni ọkọ rẹ̀ ràn án lọ́wọ́ láti lọ sí ilé ìwòsàn ìbéèrè mi ni kí ni ó lè fa ìrora tó lágbára ní ìsàlẹ̀ inú nígbà oyún ṣé ẹ̀jẹ̀ púpọ̀ tó ń yọ nígbà oyún jẹ́ àmì ewu fún ìyá tàbí ọmọ inú rẹ̀ kí ni àwọn àfihàn tó fi hàn pé oyún náà wà nínú ìṣòro ṣé òògùn wà tó lè dá ìrora àti ẹ̀jẹ̀ dúró láì bá ọmọ inú rẹ̀ jẹ́,"Ìyá ọmọ kan tó ń gbé ní ẹ̀gbẹ́ ilé wa ni ó lóyún ọmọ rẹ̀ kejì. Ní ìbẹ̀rẹ̀ oyún náà, gbogbo nǹkan ń lọ dédé, inú rẹ̀ sì dùn pé, ọmọ tuntun ń bọ̀. Ṣùgbọ́n ní oṣù díẹ̀ sẹ́yìn, ó bẹ̀rẹ̀ sí ní ní ìrora tó lágbára ní ìsàlẹ̀ inú. Ní ọjọ́ kan, ìrora náà pọ̀ tó bẹ́ẹ̀ tí kò lè fi dìde dáadáa. Kò pé, ó tún bẹ̀rẹ̀ sí ní rí ẹ̀jẹ̀ púpọ̀, tó ń yọ lára rẹ̀. Ẹ̀jẹ̀ náà ju bíi. Ẹ̀jẹ̀ yìí pọ̀ ju bí ó ṣe máa ń rí lọ, ó sì máa ń mú kó rẹ̀ gan. Bí ó ṣe rí ẹ̀jẹ̀ yìí, ẹ̀rù bà á pé bóyá ọmọ inú rẹ̀ wà nínú ewu. Ní kíákíá ni ọkọ rẹ̀ ràn án lọ́wọ́ láti lọ sí ilé ìwòsàn.
Ìbéèrè mi ni kí ni ó lè fa ìrora tó lágbára ní ìsàlẹ̀ inú nígbà oyún? Ṣé ẹ̀jẹ̀ púpọ̀ tó ń yọ nígbà oyún jẹ́ àmì ewu fún ìyá tàbí ọmọ inú rẹ̀?
Kí ni àwọn àfihàn tó fi hàn pé oyún náà wà nínú ìṣòro? Ṣé òògùn wà tó lè da ìrora àti ẹ̀jẹ̀ dúró, láì ba ọmọ inú rẹ̀ jẹ?",http://speech-app.s3.amazonaws.com/static/audio/uploads/5202a828-3648-4059-91da-3bcde5d2bb52/5e152cf85a225ce81f02d179c5219687_WcTrLMpH.wav,"Severe lower abdominal pain with heavy bleeding in the second trimester strongly suggests a threatened or incomplete miscarriage, placental abruption, or placenta previa. This bleeding is a danger sign for both the mother and the baby, as it can lead to shock and fetal distress. Signs indicating the pregnancy is at risk include intense pain, passing large clots, dizziness, fainting, and reduced fetal movement. Immediate hospital evaluation is essential for ultrasound diagnosis and vital sign monitoring. Medicines like antispasmodics or progesterone may be used to stabilize the pregnancy under strict medical supervision, but definitive treatment depends on the cause and often requires emergency obstetric care.",Deepseek-v4 pro,deepseek-v4-pro
f2ced7ad-fadb-4b25-8c3a-642cab27c3f0,yoruba,yoruba,ẹkú ìkàlẹ̀ dókítà àṣejọ̀wọ́ ọmọ mi ni mo mú wá sí ilé ìwòsàn nítorí pé mo ṣàkíyèsí pé bí ó ṣe ń mí ó máa ń dán bí ẹni pé afẹ́fẹ́ ń kọjá níbi ihò kékeré bẹ́ẹ̀ ni ó ṣe ń dún létí ó sì ń dún bí ìgbà tí wọ́n bá ń fan fèrè tí ó sì ń tiraka láti gbin dáradára tí mo sì ṣàkíyèsí pé láti bí ọjọ́ mẹ́ta báyìí ní alẹ́ ó máa ń burú sí i nígbà míì mo máa ń rí pé àyà rẹ̀ ń wọ inú àti jáde gangan bí ẹni pé ó ń ṣiṣẹ́ takuntakun láti mí ni tí mo sì ṣàkíyèsí pé kò lè jẹun dáadáa bíi ti tẹ́lẹ̀ mọ́ nígbà tí ó bá fẹ́ jẹun ó máa ń dáwọ́ dúró láti gba èémí tó sì jẹ́ wípé kò fún un ní àǹfààní láti rí ohun sùn dáadáa láti bíi ọjọ́ mẹ́ta léyìí tí mo sì ti mú un lọ sí ọ̀dọ̀ àwọn olùtajà ògùn ní àdúgbò tí wọ́n sì bá mi fún un ní ògùn kọ́ torí pé ó ń ṣe bí ẹni ń wúkọ́ díẹ̀díẹ̀ ṣùgbọ́n tí kọ́ yẹn kò pọ̀ ṣùgbọ́n pẹ̀lú gbogbo ògùn tí ó lò yìí mo ṣàkíyèsí pé kò ṣiṣẹ́ bákan náà ni mímí rẹ̀ tí ń rí tí ó sì le jẹun já gan-an ẹ jọ̀wọ́ irúfẹ́ nǹkan wo ni ó ń mú ọmọ mi pẹ̀lú ohùn fífọ́n báyìí àti pé ṣe ó nídìí àyẹ̀wò ìgbá àyà láti lè mọ irú nǹkan tí ó ń dún àti bí àyà rẹ̀ ṣe mí gúlegúle irú àwọn ìtọ́jú wo ni mo lè fi fún ọmọ yìí láti ràn án lọ́wọ́ pẹ̀lú mímí láti mí dáadáa ní inú ilé ǹjẹ́ ó ní àwọn ohun òògùn àbí ohun nǹkan míì tí mo tún lè ṣe fún ọmọ yìí,"Ẹ kúùkálẹ̀ dókítà, ẹ jọ̀wọ́ o, ọmọ mi ni mo mú wá sí ilé ìwòsàn, nítorí pé mo ṣàkíyèsí pé bí ó ṣe ń mí, ọmọ náà ń dún bí ẹni pé afẹ́fẹ́ ń kọjá níbi ihò kékeré. Bẹ́ẹ̀ ni ó sì ń dún nítí. Ó sì ń dún bí ìgbà tí wọ́n bá ń fọn fèrè. Tí ó sì ń tìraka láti mí dáradára.
Tí mo sì ṣàkíyèsí pé láti bíi ọjọ́ mẹ́ta báyìí, ní alẹ́ ó máa ń kọ́ú sí. Nígbà míràn, mo máa ń rí i pé àyà rẹ̀ ń wọ̀nú, àti jáde gangan bí ẹni pé ó ń ṣiṣẹ́ takuntakun láti mí. Tí mo sì ṣàkíyèsí pé kò lè jẹun dáradára bíi ti tẹ́lẹ̀ mọ́. Nígbà tí ó bá fẹ́ jẹun, ó máa ń dánudúró láti gba èmí. Tí ó sì jẹ́ pé kò fún ní àǹfààní láti rí oúnjẹ un dáradára láti bíi ọjọ́ mẹ́ta.
Míì ní tí mo sì ti mú lọ sí ọ̀dọ̀ àwọn onílọ́tàá já ògùn ní àdúgbò, tí wọ́n sì bá mi fún ní ògùn iwọ́kọ̀, nítorí pé ó ń ṣe bí ẹni n kọ́ú díẹ̀díẹ̀, ṣùgbọ́n tí kọ́ú yẹn kò pọ̀. Ṣùgbọ́n pẹ̀lú gbogbo ògùn tí ó lò yìí, mo ṣàkíyèsí pé kò síṣẹ́. Bákannáà ni mímí rẹ̀ sì rí, tí kò sì lè jẹun dáradára. Ẹ jọ̀wọ́, irúfẹ́ nǹkan wo ni ó mú ọmọ mi pẹ̀lú ohun mímí fífọn báyìí? Àti pé ṣé ó ní dí àyẹ̀wò ìgbàdáyà láti lè mọ irú nǹkan tí ó ń dùn, àti bí àyà rẹ̀ ṣe ń gùlè-gùlè? Irú àwọn ìtọ́jú wo ni mo lè fún fún ọmọ yìí láti ràn lọ́wọ́ pẹ̀lú mímí rẹ̀ láti mí dáradára ní inú ilé? Ǹjẹ́ ó ní àwọn ohun ògùn àbí ohun ìkan míràn tí mo tún lè ṣe fún ọmọ yìí?",http://speech-app.s3.amazonaws.com/static/audio/uploads/ee45ca6a-3f62-44e0-be91-3cf40fe07590/18d35f10762359b19e54f116fb4c5d59_uNjyd6i3.wav,"Your child's whistling breathing with chest indrawing and difficulty feeding strongly suggests bronchiolitis or a viral-induced wheeze, where small airways are narrowed by inflammation and mucus. Chest X-ray is not routinely needed for initial diagnosis but should be considered if a foreign body is suspected or if the child fails to improve with standard care. Home management is not appropriate given the severity; you must bring the child back to the hospital for oxygen support, a trial of inhaled bronchodilators like salbutamol, and hydration. Do not give cough syrups, as they are ineffective and can be harmful; instead, ensure the child is in a calm position and avoid smoke exposure while seeking urgent medical attention. Danger signs requiring immediate hospital evaluation include persistent chest retractions, inability to drink, fast breathing, or bluish lips.",Deepseek-v4 pro,deepseek-v4-pro
be3dd5f8-5c92-43b3-b375-fc1c2c045312,yoruba,yoruba,gẹ́gẹ́ bí a kíkanjú obìnrin kan tí ó gbé ọmọ rẹ̀ dání tí ó sì rí i pé ọmọ náà ń gbóná mọ ní ọwọ́ lójijì ọmọ náà bẹ̀rẹ̀ sì ní gbọ̀n mọ ní ọwọ́ tí kò sí control mọ́ irúfẹ́ àìsàn wo ló ń ṣe ọmọ alábiamọlò yìí àti wípé irú àyẹ̀wò wo ni wọ́n lè lọ ṣe fún ọmọbìnrin yìí irú ìtọ́jú wo ni la sì le fún ọmọ yìí,"Gege bi akíkanjú obìnrin kan tio gbe ọmọ rẹ dani, to si ri pe ọmọ naa gbóná mo lọwọ. jíjì ọmọ náà bẹ̀rẹ̀ sí ní gbọ́. Ọmọ náà ngbọn, tìkò sí ni <code-switch> <english> control <code-switch> <yoruba> mọ́, irú, irú fẹ́ aiaisan wọ̀, ló ń ṣe ọmọ alábiyamo. Àti wípé, irú ayéwo wọ́ ni a le se fún ọmọ binrin yìí? Irú ìtọ́jú wo la sì lè fún ọmọ yìí?
",http://speech-app.s3.amazonaws.com/static/audio/uploads/1c8129d9-e493-42dd-b7b9-bffdf4a3828e/4b5dafdd048fda6b500229829e5e9b96_k91FH9Us.wav,"The child is likely experiencing a febrile seizure, a convulsion triggered by a rapid rise in fever, commonly seen in children aged 6 months to 5 years. Essential investigations include a malaria rapid diagnostic test or blood film, blood glucose, and a full blood count to identify the underlying infection, as malaria is a frequent cause of fever here. If malaria is confirmed, treat with artemisinin-based combination therapy (ACT) according to national guidelines, and give paracetamol for fever control. During a seizure, place the child on her side, ensure a safe space, and never restrain her; if it lasts beyond 5 minutes, urgent medical attention is needed. Educate the caregiver on home fever management and seizure first-aid.",Deepseek-v4 pro,deepseek-v4-pro
a120ccbe-f4df-4dc3-ac51-37c04091bf95,yoruba,yoruba,ìyàwó kan ló ṣe àkíyèsí wípé ọkọ ògún ní ẹ̀fọ́rí tí ẹ̀fọ́rí náà sì burú gidigidi tí ó pọ̀ ré kọjá pé ọkùnrin náà run rẹ̀ gan kò lè yí ọrùn náà sí ọ̀tún tàbí sí òsì bí ó ṣe yẹ ó wá ṣàkíyèsí wípé ò ń rí àwọn kòkòrò kéékèèké èyí tí kò sí nínú àgọ́ ara arákùnrin náà tẹ́lẹ̀tẹ́lẹ̀ ṣùgbọ́n tí ó kàdédé lójijì tí ó dédé la ilẹ̀ hù èlé yìí ni ó fa ìdẹ́rùbà fún arábìnrin náà wípé irú ìṣẹ̀lẹ̀ tó ṣẹlẹ̀ pẹ̀lú ọkọ̀ òun yìí pé kíni ó le fà á àti pé kíni ohun tí ó le ṣe ìbéèrè tí mo béèrè lọ́wọ́ arábìnrin náà ni wípé ǹjẹ́ ọkọ rẹ̀ ṣé ó ti fi ìgbà kankan ní bóyá ara rẹ̀ gbóná tẹ́lẹ̀ tẹ́lẹ̀ rí tí wọ́n lo òògùn kan ni ó ní rárá tàbí wípé ọkùnrin náà o rí ibùsùn tí ó ń sùn ǹjẹ́ ohun tí ó fi ń ṣe ìrọ̀rí ṣé kì í ṣe wípé bóyá ó sùn lé oòrùn ni arábìnrin náà ní rárá kì í ṣe wípé ó sùn lé oòrùn ṣùgbọ́n ṣe àdédé ni orí fífọ́ yìí bẹ̀rẹ̀ ní lemọ́lemọ́ pẹ̀lú oòrùn gígan àti kòkòrò tí ó jáde ní ara rìí tí irú ìṣẹ̀lẹ̀ báyìí bá ṣẹlẹ̀ kí ni tí irú ìyàwó náà lè ṣe láti fi leti ìtọ́jú ọkọ rẹ̀ tí yóò sì padà sí létílẹ̀ tí ó wà,"Ìyàwó kan ló ṣe àkíyèsí pé ọkọ òun ní ẹ̀fọ́rí tí ẹ̀fọ́rí náà sì burú gidigidi gidigidi gidigidi gidigidi tí ó pọ̀ rékọjá pé ọkùnrin náà ọrùn rẹ̀ gan, kò leè yí ọrùn náà sí ọ̀tún tàbí sí òsì bí ó ṣe yẹ. Ó wá ṣe àkíyèsí pé òun rí àwọn kòkòrò kéékèèké èyí tí kò sì nínú àgọ́ ara arákùnrin náà tẹ́lẹ̀ tẹ́lẹ̀ ṣùgbọ́n tí ó kàn dédé dé lójijì tí ó dédé là ilẹ̀ hù. Eléyìí ni ó fa ìdẹ́rù bà fún arábìnrin náà wípé irú ìṣẹ̀lẹ̀ tó ṣẹlẹ̀ pẹ̀lú ọkọ òun yìí, kí ni ó leè fàá àti pé kí ni ohun tí ó lè ṣe? Ìbéèrè tí mo bèèrè lọ́wọ́ arábìnrin náà ni wípé ǹjẹ́ ọkọ rẹ̀ ṣé ó ti fi ìgbà kankan, ṣé bóyá ara rẹ̀ gbóná tẹ́lẹ̀ tẹ́lẹ̀ rí tí wọ́n lo òògùn kan ni, ó ní rárá tàbí wípé ọkùnrin náà orí ibùsùn tí ó ń sùn, ohun tí ó fi ń ṣe ìrọ̀rí ṣe kìí ṣe wípé bóyá ó sún lé ọrùn ni? Arábìnrin náà ní rárá, kìí ṣe wípé ó sùn lé ọrùn ṣùgbọ́n ṣà dédé ni orí fífọ́ yìí bẹ̀rẹ̀ ní lemọ́lemọ́ pẹ̀lú ọrùn gígan àti kòkòrò tó jáde ní ara rẹ̀.
Tí irú ìṣẹ̀lẹ̀ báyìí bá ṣẹlẹ̀ kí ni ohun tí irú ìyàwó náà lè ṣe láti fi lè ṣe ìtọ́jú ọkọ rẹ̀ tí yóò sì padà sí ipò tí ó wà? ",http://speech-app.s3.amazonaws.com/static/audio/uploads/2112310f-e4b9-4e40-82c6-684d18f08414/a507677852a3552b87a8ff868ad73fd2_o0SBTrZz.wav,"The symptoms of severe headache, neck stiffness, intense heat (fever), and a sudden rash that appears as small insects likely indicate bacterial meningitis, specifically meningococcal meningitis, a life-threatening medical emergency. The wife must immediately transport her husband to the nearest hospital for a lumbar puncture and prompt initiation of intravenous antibiotics like ceftriaxone, as per standard treatment protocols. Delays can lead to rapid deterioration, sepsis, or permanent neurological damage. While en route, she should keep him calm, ensure his airway remains open, and avoid administering any herbal mixtures or delaying for home remedies. Early hospital care offers the best chance for full recovery and restoration of his previous health.",Deepseek-v4 pro,deepseek-v4-pro
fb54447a-b31d-469e-a5ca-da1f5c476754,yoruba,yoruba,ìyá ọmọ kan le wa tó ṣẹ̀ṣẹ̀ bímọ tuntun ní ọ̀sẹ̀ méjì sẹ́yìn ó bẹ̀rẹ̀ sí ń rí èjè díẹ̀ díẹ̀ ní ojú ara rẹ̀ ṣùgbọ́n bí ọjọ́ ṣe ń lọ ń ṣàkíyèsí pé nǹkan bí ipin àti ẹ̀jẹ̀ wá ń jáde nígbà míì àwọ̀ rẹ̀ yàtọ̀ ó sì ní òórùn tí kò dára ìyá ọmọ náà máa ń ní ìrora kékeré ní ìsàlẹ̀ ikù rẹ̀ ní gbogbo ìgbà tó bá ń rí àmì wọ̀nyí ọkàn rẹ̀ máa ń dàrú ó ń ronú bóyá èyí jẹ́ nǹkan nínú àwọn ìṣòro tó wọ́pọ̀ lẹ́yìn ìbímọ tàbí ìṣòro ìmín ní ọjọ́ kan nígbà tó lọ sí ilé ìwòsàn tó ń bá àwọn ìyá mìíràn sọ̀rọ̀ ó gbọ́ pé kò yẹ kí wọ́n fojú tẹ́ńbẹ́lú àyípadà kankan tí wọ́n bá rí ní ara wọn èyí mú kí ó pinnu láti rí dókítà láti bá wọn sọ̀rọ̀ ìbéèrè mi ni pé kí ni ó lè fàárọ̀ ǹkan yìí lẹ́yìn ìbímọ ṣé ìrora ní ìsàlẹ̀ eku lè jẹ́ àmì àrùn kan kí ni àwọn àmì ewu tí ìyá ọmọ tuntun yẹ kí ó máa ṣọ́ra fún lẹ́yìn ìbímọ kí ni àwọn ìgbésẹ̀ ìmọ́tótó tí ìyá ọmọ náà ní láti bẹ̀lú láti dènà àìsàn lẹ́yìn ìbímọ,"Ìyá ọmọ kan ní ìwà tó ṣe bí ọmọ tútùn, ní ọ̀sẹ̀ méjì sẹ́yìn. Ó bẹ̀rẹ̀ sí rí ẹ̀jẹ̀ díẹ̀-díẹ̀ ní ojú ara rẹ̀. Ṣùgbọ́n bí ọjọ́ ṣe ń lọ, ó ń sàkíyèsí pé ǹkan bí ikun àti ẹ̀jẹ̀ wá ń jáde. Nígbà mìíràn ìyá ọmọ rẹ̀ yí yàtọ̀. Ó sì ní ọrùn tí kò dára. Ó sì mọ pé ìyá ọmọ náà ma ń ní ìrora kékeré nì ìṣàlẹ̀ ikùn rẹ̀, ní gbogbo ìgbà tí ó bá rí àmì wọ̀nyí, ọkàn rẹ̀ má ń dáru. Ó rò nù bóyá ẹ̀yì jẹ́ ǹkan nínú àwọn ìṣòro tó wọ́pọ̀ lẹ́yìn ìbímọ tàbí ìṣòro mìíràn. Ní ọjọ́ kan nígbà tó lọ sí ilé ìwòsàn, tó n bá àwọn ìyá mìíràn sọ̀rọ̀, ó gbọ́ pé kò yẹ kí wọn fojú tẹ́nbẹ́lú àyípadà kankan tí wọn bá rí ní ara wọn. Èyí mú kí ó wá rí dókítà láti bá wọn sọ̀rọ̀. Ìbéèrè mí ní pè, kíní ó léè fa irú ǹkan yìí lẹ́yìn ìbímọ? Ṣé ìrora nì ìṣàlẹ̀ ikùn lè jẹ́ àmì àrùn kan? Kíní àwọn àmì wo tí ìyá ọmọ tútù yìí yẹ kí ó ma ṣọ́ra fún, lẹ́yìn ìbímọ? Kíní àwọn ìbèsèyí ìyá mọ́ tó ní láti tẹ́mọ́ láti dẹ́mọ́ àìsàn yìí?",http://speech-app.s3.amazonaws.com/static/audio/uploads/35542ab8-abc4-4a05-af36-1a0d53955ccb/db920bdf3fb42ec1aa1d8d029665fcfd_mXwyX0E6.wav,"The most likely cause of the foul-smelling, purulent-bloody discharge with lower abdominal pain two weeks postpartum is a puerperal infection, commonly endometritis. This pain can indeed signal an infection or retained products of conception, requiring urgent medical review. New mothers must watch for danger signs such as heavy or offensive vaginal discharge, severe abdominal pain, fever, chills, or general weakness. Essential hygiene steps include frequent changing of sanitary pads, consistent perineal washing with clean water and mild soap, handwashing before and after pad changes, and avoiding internal cleansing or douching. Prompt medical evaluation and adherence to prescribed antibiotics, often accessible at primary health centers, are critical to prevent complications like sepsis.",Deepseek-v4 pro,deepseek-v4-pro
