audio_id,language,subset,question,reference,url,model_answer,requested_model,model_id
2d74e2ea-1975-49fe-a396-a2dbb606fc2b,fulfulde,fulfulde,waddi bingel amma duɓi je naya nyautarde hande nyau mali ɓingel on siro soja naya goɗɗo amma bo saun ngati maddi cugale on wuro ɓe hitti mora puti fu tare to bo saru ɗon ngati cugale on mi tari fu tare noni bo ɗuti mi waɗi dabo findiraɓe mo andi bo saro gonati ɓingel on jonbo saru ɗo. Ɓe meɗa hokkugo ɓosaru on je ɓe wi ɗum yaha yasi ɗum fija ɗum wartetan ɓe wi ɓe meɗa hokkugo bol saru ɗum ni kesum kanjum waɗi mi holi sei mi yaha waɗugo ɓingel on nyotode ngam to bo saru ɗon ngati cukare on no wawi no wodi nyobo saru ɗum ɓe heɓata ɓingel ko bo saru ngatiko ɗume wawan. bana nyausaru wawi nasta nder futere ko wawi wadugo bingel on sappunga bosaru on kodume mi waye wadugo gam to nyau nata futere on nanda he lekki ha hokka bingel on gam heba jamu ko dumai goddum mi wawi wadugo wala ko lekki mi wawi waɗan gof. to sare do ngati bingel on.,"Mi waddi bingel am mo dubi jenayi Nyaurdorde hanne ƴaloma. Mi lili bingel on siri sooda Naƴam goɗun amma bosaaru ngati mo. De ɓe waddi cukaley on wuro ɓe hecci am ko fayti , Mi raɓɓuti futtere to bosaaru ɗun ngati cukaley on,Mi tawi futtere non wujji bo ɓuuti.  Men waɗi ƴamde  dere keddiraɓe mo andi bosaaru nga ƴati bingel on. Joom bosaaru ɗun wi'i ɓe meeɗa hokkuko bosaaru on Njibinanɗe .Ɓe wi'i ɗun yaha yasi dun  fija ɗu warta tan. Ɓe wi'i ɓe meeɗa hokkuko bosaaru ɗun lekki sam. Kanjum waɗi  mi huli se mi yaawi wadduko bingel on Nyaurdorde, gan to bosaaru ɗun ngati cukaley on no wodi ƴau bosaaru . Ɗume  heɓɓata bingel ko bosaaru ngati bo?  Ɗume wawi heɓɓa  futtere wojju ɗun e ɓuutu ɗun? Nƴau bana ƴau bosaaru waawi nasta dere futere? Ko waawi waɗɗuko bingel on sabun ngati bosaaru on? Tii, ko ɗume mi waawi waɗɗuko ngan to nƴau nata futtere on? Ɗume Njibinanɗe e lekki haani hokka bingel on gan hebɓe Jam? Ko ɗume goɗɗum min waawi waɗɗuko wala ko lekki min waawi waɗɗanko futtere ɗen to bosaaru ɗun ngati ɓingel on?",http://speech-app.s3.amazonaws.com/static/audio/uploads/8db0feef-c321-4371-8d38-e4f3d4f501a7/8985d43f9d32e7892beb790a979d77d4_cPvu0RiL.wav,"The scalp condition described is most likely tinea capitis (ringworm) with a secondary bacterial infection, suggested by the itching, pus, and pain. Topical treatments alone often fail to cure tinea capitis; oral griseofulvin for 6–8 weeks combined with a topical antifungal like clotrimazole is the standard effective therapy. If discharge and pain are present, a short course of oral antibiotics such as flucloxacillin or co-trimoxazole should be added to treat bacterial infection. An injection is usually unnecessary unless there is a large abscess (kerion) requiring drainage. To prevent spread, keep the child’s scalp clean, avoid sharing combs and towels, and ensure all family members are checked.",Deepseek-v4 pro,deepseek-v4-pro
ed72b813-04a2-482b-b3cb-305be48110dd,fulfulde,fulfulde,Debbo je joɗata ha sare amin o ɗo huwa ɗo waɗa kugal oɗo waɗa kugal mako boɗɗum bo o wala nyau yende fere wakkati o ɗo yiwa en mako ɗo mari hunde petel satinga hala. O laari o nanyi ɗum fahin fahin ɗo wakkati o dillai wakkati ɗo dilla o fuɗɗi nuɗɗi damuwa be mai sosai o fuddi on ha en. Nau amma babal mai ɗo safiti bo sare je mari ɗum ha endiije sali sati je sali o yidi o yahi larugo. Oki o yiɗi o anda ɗume on dasi ɗum de onta hala mai emdi jemma e ji mako mai on dasata hunde mai ha en debbo ko ɗume on je sati. Nda ha en ɗi nasa on debbo lora ta lara fahin ha en ɗi mai.,"Debbo je jodata ha sare amen, do huwa.
Do wada kuugal maako  boddum bo o wala yeiwu. Yende fera, waakati odo yiwa, o nane endi maako dou mari hunde petel satinga hader. O numi wala ko duma , o lori o nane dun fahen yende fera fahen do . Waakati do dellal, o fudi damugo be mai sosai, o fudi numugo dimai on ha endi maako. Wala nawa mo, amma balal mai do sati bo sali dellu go. O fudi num tugo labari je binkon robe je mari don ha endi mabe. Sati je sali,  o yeti larugo likita.  O kidi o anda dumi on dasi dum be dume on o wadata hala mai. Made jima: dumi on dasata hunde mai ha endi debbo? Koh dume o je satin ga  ha endi on na cancer? Dume on debbo lora ta lara fahim ha endi mai?",http://speech-app.s3.amazonaws.com/static/audio/uploads/98ee57f7-3ef6-4825-8dfe-2f825275efbc/367b6c1beeff153de6507f795d06a206_zWwfuLIk.wav,"The breast lump with foul-smelling pus and pain most likely indicates a breast abscess, commonly caused by bacterial infection, often from Staphylococcus aureus entering through skin breaks or the nipple. In a healthy, non-lactating woman, this could also stem from an infected cyst, duct ectasia, or in our setting, breast tuberculosis must be ruled out, especially if drainage was done without full healing. The ""cutting and draining"" she received only addresses the collection, not the underlying cause, which requires laboratory testing of the pus and possibly a biopsy. I strongly advise she returns to the hospital for a full evaluation, including an ultrasound and culture, to guide proper antibiotic treatment and prevent recurrence. Home or incomplete care can lead to chronic infection or fistula formation.",Deepseek-v4 pro,deepseek-v4-pro
61687dc7-de0c-42ca-be4a-fadcbcf06472,fulfulde,fulfulde,Debbo rediyo mo duɓi sappan me tati mo woodi redu leddi je ɗiɗi keddu e mako en galju mako ɗuɗɗi wodi yeso mako woya gauna ɗum wodi sembe mako sara’en mako bibbe sara en mako. Tawa daada ko ɓingel arande nyauto nyamde ɗiɗaɓre hani waɗugo ɓe lau ha debbo redujo on nyamrita tare ɗume hani pat o hefta nyau ɗum yamre nayare irin lekki kiya hani nyau dami o waɗata. ɗum daye hani o hutira.," Debbo reedujo mo dubi sappane tati e tati mo wodi reedu lebbi jeeɗiɗi keddu en makko ngaddimo Nyaurdorde amin. Ɓe wi'i  reedu mako no nawɗum tenduɗum, ƴiiyan ko ɗuɗi wurti le yeso mako. Ii 'o diwna ,I'o woya ngam nawɗun dun ɓurimo semɓe.  Saro en makko mbii be don kultori ta godɗun tawa Dada ko bingel ngel.

Ƴamnde arandere nde Nyautowo ƴami :  dume on wadi reedu naawurta non ha ma ƴiiƴam wurto e sembe?
Ƴamnde ɗi dabre: Dume haani waɗugo ɓelau ha debbo reedujo on?
Ƴamre tataure: Dume haani raɓɓu tugo hefta nyau dum?
Ƴamre Nayabre: Irin lekki kiye haani nyaudiramo?
Ƴamre Joyabre: ira Nyamdu nduye o woɗoto, nden bo ira ngendam dayeejam haani o hutira?
",http://speech-app.s3.amazonaws.com/static/audio/uploads/2a528297-991f-4766-aed9-740be2530bc6/654a64b274233d08e5dd443424b6f609_Il3mtpby.wav,"This young pregnant girl with facial swelling and weakness shows possible early signs of pre-eclampsia, a condition that can lead to life-threatening convulsions (eclampsia) if untreated. She must urgently attend an antenatal clinic for blood pressure monitoring, urine protein testing, and a full clinical assessment. Daily oral calcium supplementation (1.5–2 g) and low-dose aspirin (75–150 mg) from early pregnancy are recommended, per WHO guidelines, to prevent pre-eclampsia in high-risk adolescents. Avoid all traditional herbal remedies, as their safety in pregnancy is unproven and they may cause harm or interact with necessary treatments. Deliveries for such high-risk adolescents should occur in a hospital with emergency obstetric care to manage complications immediately.",Deepseek-v4 pro,deepseek-v4-pro
77dc6882-e75f-4291-866c-23fe43998cc9,fulfulde,fulfulde,Jam ɓandu likita waddi bingal amin larin no o fofata ɗon woni bana sautu hendu ɗo sala babal petel ni ɗon bo bana goɗɗo ɗon fufa hunde bo dake o fofata milliti bo balɗe tati jotta o ɗo ɗotta be jamma wakkati fere mi ɗo lara ɓe ɗo nasta sosai. Ɗo sosai bana sauto naftiri sembe mako seto o naftira sembe mako o hokkata mi lari bo o wala nyama banani to o nyamai fu sauto nyamai fu sau to o nangi pofɗe mako seto nangi fofɗe mako irin banni mai ɗon hokka tame oɗo kasa nyamugo boɗɗum balɗe tati. Mi arti mi yari mo kemis petel ha fattude amin be hokki mo lekki dojugo gam o dodda sedda sedda amma dojugo mai hallai amma pat lekkiji o yari wala ko nafi mofugo mako bannin kuma har jotta o wawata nyamugo boddum irin damuwa damata bingel am be fofugo mako do bana hendu do sala babal pitu ni o. To handini hotina heɓa famta ko damata mo be kwali ɓerde mako ɗo faɗa jippa ɗum irin nyaundi mi hokkata ɓingel ɗo ha sare hoinina mo heɓa o fofa boɗɗum ɗon irin lekkiji fere sibiti na ko hundeji tan fere mataki je hosata hado ɓingel ɗo.,"Jam bandu likita, useni mi waddi bingel am sibiti gam mi laari no o foofata, don woni bana sawtu hendu do saala babal petel ni, donbo bana goddo don fuufa hunde, be daker o foofata. Mi hirliti bo balde tati jotta odo dojja be jamma. Wakati fere mido lara berde mako do nasta sosai lugga, do fa’a do sosai bana saito naftiri sembe mako o foofata. Milaribo owala yaama banaane.
To o yammai fu saito onangi fofde mako. Irin bani mai don hokkatamo bone odo kasa yamugo boddum balle tati jotta. Mi arti mi yari mo chemist petel ha fattude amin, be hokkimo lekki dojjugo gam odo dojja sedda sedda, amma dojjugo mai hallai .
Amma pat lekkiji o yari wala ko nafimo.
Foofugo mako bannin ni, kuma harjotta o wawata yamugo boddum. Useni irin damuwa toidamata mingel am be foofugo mako do bana hendu do saala babel piitum?
Useni o haadini hooto na? Heba famta ko daamata mo be kwadi berde mako do fada jippa do?
Irin yaudigi toi mihokkata mingel do ha sare, hoininamo heba o foofa boddum?
Don irin lekkiji fere sibiti na ko hundeji tan fere mataaki je hosata hado bingel do?",http://speech-app.s3.amazonaws.com/static/audio/uploads/7fa02a5e-7fbf-4035-ac4a-a0a5ce774686/b7945435a27748ee067b05b2e7f2c418_yl5nntAN.wav,"The child likely has severe pneumonia or acute bronchiolitis, a lung infection causing airway inflammation and mucus plugs, which produces a wheezing sound similar to wind passing through a small opening and leads to chest indrawing as they struggle to breathe. The chest sinking in (subcostal retractions) and noisy breathing occur because narrowed small airways require the child to use extra muscles, and the difficulty feeding over three days is a critical danger sign of low oxygen. This requires immediate emergency care at a hospital, where treatment typically includes oxygen therapy, nebulized bronchodilators for wheezing, and intravenous antibiotics like ampicillin plus gentamicin per local protocol. Do not rely on syrups from a chemist or home remedies; delay can be fatal. Go now to the nearest facility equipped for pediatric emergencies.",Deepseek-v4 pro,deepseek-v4-pro
53a63cb8-b4bf-437e-81f1-de8e5d5fd0a2,fulfulde,fulfulde,Goɗɗo ɓe nodeta suberu duɓi mako sappan ɗe joyi nyande mum fere o fuddi nyouru arande bo yori ɗum nyadai amma de ɗum fabi asawai je sedda tan yarugo lebbi be hakkilo ɗum yahi ɗum hallobi sedda sai ɗum salda rimopde ɗum gonga on o habdi bauɗe ko o wawata inde ko nyauru ɗon satai amma. Pat manju ɗum wadai da ha nu o nyaɗita yonru de o hilliti dow o yaha o soda lekki dikka o yaha nyaudo o yawto o yokki nyaurde o hecci ɓe ɗo jalibi tati ko sali o lori fahin o hecci ɓe o hafti ko o wawata waɗugo bana ko himɓe shawari mo ko larani jumri ndiyam fowuɗam goro jum. Ɗo heɓe lekki ɗuɗi ka ko o suɗi da ha nuno o nyaɗita sei nyouru wari tullitti ɗum yottike wakkati fere fu mahe salda roɗi sei o nyami nyautawo on ko waɗi nyoru ɗum neɓuri bana ni salo yamɗetugo o yidi o anda ko waɗi dabare be leɗɗe ɗe o fuɗi fu nafi. oyam ɗume o wannata yoru ɗon yamɗita ɗo fu maru gam o heɓa o fufa no hani olollita jamu bandu makko.,"Goɗɗo ɓeno data Suberu, duɓi mako sappaɗe joyi, ƴande fere ofuuɗi ƴowru. Arande bo ,ƴowru ɗun ƴaaɗai amma  de ɗun faɓɓi asaweje seeɗa tan yarigo lebbi, be hakkiilo ni ɗun yehi ɗun Halloi. De neɓi seeɗa , se saldorimo bobɗe . Ɗun goĝa on o habdi bauɗe ko o wawata hinddeeko nyouru dun satayi amma ɗun pat manju ɗun waɗai. Da hanuno o ƴamɗita ,ƴowru tulliti. De O hilliti ,dou o yaha o soda lekki dikka o yaha  Nyaurdorde o yi'a Nyautowo. Nde o yokki  Nyaurdorde ,o yecci ɓe ,o ɗou ɗojja lebi tati ko saali.  O lori  fa hin ,o hecci ɓe o habdi ko wawata waɗuko bana ko hiɓɓe shawarimo ko larini jumri, diyan fowuɗan ,goroju-kaɗɗu,e ɓe lekki ɗuɗuki ko o soodi . Da hanuno ,O nyamɗinta se ŋyowru wari tulliti. Ɗun yottaki wakkati feere, fofugo ma e saldoramo ngam ŋyouru ɗum ƴaɗi . Se O ƴami Nyautowo on ,ko waɗi ƴowru ndum neɓir bana ni,sali yamɗutuko. O yinno o anda ko waɗi dabareji be leɗɗe ɗe o foodi fu ko nafayi .
Ragare mai ,on nƴami ɗume o wannata ƴowru dum ɗu nyamɗita dufuumaru ,ngam o heɓa o foofa no hani  o lorinita jamo bandu mako.",http://speech-app.s3.amazonaws.com/static/audio/uploads/6ff10d73-cf82-4a14-ad40-eeb16b48ee3c/1f9370eebab4290d473cde2592cac530_xvkrMpsV.wav,"The symptoms of blood in the urine that comes and goes, followed by difficulty urinating, are classic for urinary schistosomiasis (Schistosoma haematobium infection), a common parasitic disease in Nigeria contracted through contact with contaminated fresh water. The sweet-smelling urine you describe after taking herbal remedies raises concern for glycosuria, which may indicate underlying diabetes mellitus or kidney damage from the herbs themselves. You must stop all traditional herbal treatments immediately, as these can worsen kidney function and mask the true diagnosis. Return to a hospital for a urine microscopy test to check for Schistosoma eggs and a blood sugar test; if positive, a single dose of praziquantel cures the infection, and diabetes can be managed with diet and medication. Early hospital treatment prevents dangerous complications like permanent bladder damage, kidney failure, or bladder cancer.",Deepseek-v4 pro,deepseek-v4-pro
d7e753fc-1afe-4a4f-9aa5-38ed678f3bdb,fulfulde,fulfulde,Dada debbo je danyi neɓai wari sibiti o vi tun ɓingal mako dayi odo ta rufa iyam sosai kanjum wadi o wala sembe ha bandu mako denbo mo danyi mai dubi mako nogas e nai o vi bo rufugo iyam mai dudi masin danta bo wata mo o wala sembe dada mai kasi nyamugo be kuma kasi wadugo kodum. Yonde amjum ɗum waddata debbo ninga rufugo iyam ɗo ɓawo dayi balɗe seɗɗa sali ɗum nyaundiku toi ɓe hokkata dada mai je rufugo iyam mai darata denbo o lorna sembe mako shawara hokkata dada mai be ɓingel mako. ,"Dada debbo je dayi nebai wari sibiti . Ovi tun bingel mako dayi odota rufa eyam sosai.
Kanjum wadi owala sembe ha bandu mako.
Debbo mo dayi mai dubi mako nogas e ni. Ovi bo rufugo eyam mai duudi masin denta bo watamo owala sembe.
Daada mai kasi yamugo be kuma kasi wadugo kodume.
Demde am kanjum dumedon waddata debbo ninga rufugo eyam do bawo o dayi balde sedda sali do? 
Yaudiku toi be hokkata daada mai je rufugo eyam mai darata denbo olorna sembe mako? Shawara toi hokkata daada mai be bingel mako?",http://speech-app.s3.amazonaws.com/static/audio/uploads/798b5106-bad5-4d3a-85ea-4fd316e84906/abb29e2a2870abd763272e9bb1013f56_ff77scjd.wav,"The condition is called secondary postpartum hemorrhage, defined as heavy vaginal bleeding occurring more than 24 hours after delivery, often due to retained placental fragments or uterine infection. This is a serious illness that can cause severe anemia and life-threatening shock if not treated urgently. Immediate management in our community hospital includes uterine massage and administering a uterotonic drug such as misoprostol to contract the uterus, along with intravenous fluids if she is in shock. She must receive oral iron and folic acid supplements to rebuild her blood and regain strength, alongside a high-protein diet with plenty of fluids. Advise the mother to breastfeed frequently to naturally contract the womb, rest, and return immediately if the bleeding increases, and her baby should also be assessed for adequate feeding and jaundice.",Deepseek-v4 pro,deepseek-v4-pro
0c71b5cb-dae8-44ae-b736-bb2c582a4e97,fulfulde,fulfulde,Dottijo gorko warini amin sibiti goɗɗo vi o ɗo nana hore mako ɗo nawa daande mako ɗo tiɗi be kuma fofe peppetel vurtini mo ha ɓandu o wari ammugo ɗume on waddata irin ɗo be kuma irin dawatoi hokkata mo min emi goɗɗo mai ko nawugo hore mai jotta warini mo na ko sedda sedda warin. Dottijo mai vi warini mo jamma den bo halli jotta min emi mo bo o do lara hite na o vi a gam hite o tull mo nawol hore min nemi mo fu hala fufe ha bandu mako ko do nawa sosai ko sedda sedda dottijo mai vi fu finimo patdu be kuma o wawata viwugo da pellel. vilel gotel amma ɗo nyamo ɓawo kanjum min emi mo ko o fotti be nyaudo o vi wala ha o yahi banda sorugo hunde ha yeso sare maɓɓe damde amin ha likita kanju don ko waddata nawol hore be dande tiddata dum haru o wala wailita dande be fufe ko hatoi ha bandu mako dume waddata dum nyau je rabata on. hundeji fere am je didabo irin goji toi goddo do wadata en anda ta lalle ko hebi mo heba anda dawa be lekki toi o naftirta bako jaborugo vurtan.,"Dottijo gorko warini Amin sibiti, goddo vii, odo nana hore mako donaawa. Daade mako do tiidii, be kuma foofe per peton vurtino ha bandu . Owari emugo dume don waddata irin do be kuma irin dawa toi hokkatamo. Min emmi goddo mai ko nawugo hore mai jotta warinimo na ko sedda sedda warinimo. Dottijo mai vi warinimo jamma denbo halli jotta. Min emmi mo bo odo laara hiite na? Ovi aa gam hiite o tullinamo naawol hore. Min emmi mo fu hala foofe ha bandu mako ko do naawa sosai ko sedda sedda. Dottijo mai vi foofinimo pat bandu bo kuma o wawata viyuwa da pelel gotel amma do nyanya mo.
Bawo kanjum min emmi mo ko o fotti be nyado . Ovi wala ha oyahi, banda sorrugo hunde ha yeso sare mabbe.
Dembe amin ha likita kanjum don kowaddata nyawol hore be daade tiidata do har o wala waylita daade, be foofe ko hatoi ha bandu mako? Dumewaddatadum? Ye’u je raabata donnaa or hundeji fere? Dembe am je didabo irin goji toi goddo do wadata en andata lallai kohebimo, heba anda dawa be lekki toi o naftirita bako jabargo vurta?",http://speech-app.s3.amazonaws.com/static/audio/uploads/ceaf10d8-fa7a-4df9-80bf-e0743041838f/85348220c411afa6b31e56a1ee5100a1_U8wIyu76.wav,"The constellation of severe headache, neck stiffness, eye pain worsened by light, a widespread petechial (small pepper-like) rash that itches, along with weakness and slurred speech strongly suggests acute bacterial meningitis, most likely meningococcal meningitis, which is a highly contagious and life-threatening infection. This condition requires immediate hospitalization for lumbar puncture, blood cultures, and prompt intravenous antibiotics like ceftriaxone, as delays can lead to rapid deterioration or death. Self-treatment with traditional remedies or unknown drugs before arriving at a facility is dangerous and must be avoided; rather, take the patient straight to the nearest hospital. The rash and speech difficulty indicate possible meningococcemia with cerebral involvement, so close contacts need prophylactic antibiotics (e.g., ciprofloxacin) and vaccination to prevent further spread. Early intervention saves lives, and you should inform the doctor of the full symptom timeline and any history of similar illness in the community.",Deepseek-v4 pro,deepseek-v4-pro
1cac3a3f-9a74-4667-8cde-20d64f95ca37,fulfulde,fulfulde,Debbo lari gorko mako debbo lari gorko mako doja be sembe to ummi be fajira be yeso maini dojugo nonni fuɗɗata o neɓani bako dara balɗeji o waɗani o lari gorko mako o yara bane fofugo to o yaɓi seddani ko o fa’al o do dara lorna fofɗe mako denbo o ɗo yawa sam be lau. Ɗon yende gorko mako neɓi o ɗo dodda be o do habda lorna fofɗe dami debbo mai o fuddi numugo ko don yahugo je waddata damuwaji dogo mai sai o volwwini gorko mako do yaha asibiti be lara likita heba be hefta ko damata mo jamde mai dume on waddata dudugo kalnudi bannin be yawugo somungo be fofugo dater do damuwa do wawan ko shafi. ko yahugo chafi berde hundeji toi ɗon waɗata goɗɗo maya ko yarna goɗɗo vonugo har je goɗɗo mai handi ni dasa hakkilo alamaji je damuwaji fofugo je darde handi lara hakkilina je dottugo be fofugo dateɗum.,"Debbo lari gorko mako do dojja be sembe to ummi be fajira bedo do leso maini. Dojjugo nonon ni fuddata, oneba ni bako dara. Baldeji owada ni o lari gorko mako o yarabone foofugo . To o yapi sedda ni ko ofa’e eskal , odo dara lorna fofde mako , denbo odo yawa sommugo be lau. Don yende gorko mako neebi odo dojja be odo habda lorna fofde , daami debbo mai. Ofuddi numugo ko don ye’u je wattada damuwajido . Jango mai sai o volwini gorko mako beyaha sibiti be laara likita, heba be hefta ko daamata mo. Demde mai, dumedon waddata dojjugo kalnudum banni be yawugo somugo, be foofugo daker do? Damuwa do wawan ko shafi balle na ko ye’u ko shafi berde?. Hundeji toi don watata goddo maya ko yarna goddo bone foofugo, harje goddo mai hadine dasa hikkilo yaudibe?
Alaamaji kalnudum je damuwaji foofugo je dardiraabe haadi laara, hakilina je dojjugo be foofugo daker do?",http://speech-app.s3.amazonaws.com/static/audio/uploads/14e256b0-1035-474e-8535-57803cab4e54/612b88c302002700ef6c824d0bee5487_JVafDqdg.wav,"Thiamine (vitamin B1) deficiency, often from chronic alcoholism and poor diet, is the most likely cause of this presentation. The leg pain, weakness, difficulty standing, and fatigue suggest dry beriberi with peripheral neuropathy, while the heart involvement (""chafi berde"") points to wet beriberi cardiomyopathy. This condition can lead to death (""goɗɗo maya"") from heart failure or to mental confusion and psychosis (""yarna goɗɗo vonugo"") from Wernicke-Korsakoff syndrome. Immediate management in a community hospital setting involves urgent intramuscular or intravenous thiamine followed by oral supplementation, along with nutritional rehabilitation and cessation of alcohol. Early treatment rapidly reverses heart failure and stops neuropathy progression, preventing irreversible brain damage or death.",Deepseek-v4 pro,deepseek-v4-pro
eead0ddd-1dfe-4ab0-991d-095ac322bccf,fulfulde,fulfulde,Jam bandu mi wari gammini ko amin giteji be balli mako do wadi yalo ni kuma banni mai ni har kusan balɗe tati ɓandu maɓɓe bo do wuri o dolla be zazzabi bo kuma ɓe wawata nyamugo ɓe wawata jogugo ko ha redu bo ɓe ɗo diuna ɓe ɗo somi wala. ngam hore maɓɓe do rekka do nawa be bandu maɓɓe do buli min wodi nafturgo hundeji min mari hasare amma wala ko chanji sam be damata be giteji mabbe be balli maɓɓe je chanji kolo jalodum ha jotta dillai do bedda ɓeddugo tan kullum be wala darta. Ɓe ɗo yara bone kanjum waɗi Allah haɗɗo ɓe ɗo nana bone sosai kanjum waɗi min wari sibiti heɓa min anda ko mintaakata heɓa ɓandu min gite je waɗata jalo ɗo ha chan be hoinai.,"Jam bandu, miwari gam miniko am , mi laari ni giteji be balli mako do wadi jallo jallo ni. Kuma bani mai ni har kusan balle tati. Bandu mabbe bo do vuli odolla be zaszabi. Bo kuma be wawata yamugo, be wawata jogugo kodume fu haa redu. Bo be do duwna be do sommi wala sembe. Gam hore mabbe do regga, do naawa, be bandu mabbe do wuli. Min godi nafturugo hundeji min mari ha saare, amma wala ko changi sam be damata be. Giteji mabbe be balli mambe je changi colo jallo do har jotta dillai, do bedda beddugo tan kullum, be wala der jam, be yamdai. Bedo yara bone. Kanjum wadi Allah haddu , bedo nana bone sosai.
Kanjum wadi mi wari sibiti heba min handa komin taakata, heba bandu miniko am, balli be giteji je wadata jallo do hachai be haunai.",http://speech-app.s3.amazonaws.com/static/audio/uploads/e56ed16c-b8f2-4bf6-a64a-31c145f3fe5d/632fed9fd6caafa6b04acc21b3281845_swgorVyY.wav,"The combination of yellow eyes, dark urine, fever, vomiting, headache, and severe weakness strongly suggests severe malaria with jaundice or acute viral hepatitis. Immediate blood tests for malaria parasites, liver function, and a full blood count are essential to confirm the diagnosis. Start intravenous fluids and antiemetics to prevent dehydration, and if malaria is confirmed, give parenteral artesunate as per national guidelines. Monitor closely for danger signs like confusion, bleeding, or deepening jaundice, which would indicate liver failure. These conditions are treatable when caught early, so the prompt hospital visit is critical for recovery.",Deepseek-v4 pro,deepseek-v4-pro
24394b13-2ade-4730-89fc-1aa86c1b2d7d,fulfulde,fulfulde,Ɓingel waɗi redu mako woɗa soina kanko mai wodi redu ko feiti hande bo jima misi oɗo wodi naudum o arti o mofti kare mako o wari wuro an ɗum ɓe yiɗi inde mi lari nako darayi mofti kare mako arinde kam o yiɗa mi yarama nyamdurde mi yarima nyauɗo ɓe lari mo ɓe wi’i rimirde mako fuɗɗi no maɓɓi to den wakkati o dan maɓɓi. Dan wakkati odyota badi ha jotta koni mako ha wakkati konju kala on wurtoi to ingaya kam on no nana naudum naudum dobe jodata jodi naudum mako wurtai ridi mako arande on hakila am ummi be ta Miɗi mi yida binge on mi yiɗa mi soya binge ame warta dou sa'i ni foɗata nau ɗum on danyoda arande wa’ina noɗata ɓe wi'a binge ko tay vurta hite alura ko ɗon saika mo.,"Bingel am  wadi reedu;  duɓi makọ woɗa lasọ  ẹ nayi. Kankơ nọn mọ wodi redu. Kọ fayti hanɗẹ bọ.
Jemma, mi hissi ọɗọ wondi nauɗu. Ọ arti  ọ mofti  karẹ makọ ,ọ wari wurọ am. Nauɗu mei  ɓeidi ,ndẹ mi lari nawɗum makọ darai, mi mofti karẹ makọ, arandẹ  kam  o ƴiɗa mi yaramo Nyaudọrdẹ .  Mi yari mọ Nyaudọrdẹ  ɓẹ larimọ. Ɓẹ wi'i rimirdẹ makọ fuɗi nọ maɓitọ, den wakkati o danygol ɓadi.
Ha jotta kam ,danygol makọ nọ maɓinti fa wakkati kọ cukaley ọn wurtoitọ. Iga Ƙenƴa  kam ,cukaley ọn nọ nana nawɗum ,den nauɗum  nọ ɓẹddo tam ha min yọtti.
O wondi  nawɗum, cukaley makọ wurtay,  reedu makọ arandẹ ọn. Hakkilo am ummi , ɓẹrne am de itaaki.
Mi ƴidi mi yida ɓingel am, mi ŷiɗa mi soya ɓingel am nge warata do.  
Useini,ɗumẹ fọɗata nawɗum on?  Non daynrgol arandẹ wa' i na?
Ɗun watọn na ɓẹ wi'a ɓingel fotay wurta heedi alaura ? Ko ɓọ dun sẹkan mo?

",http://speech-app.s3.amazonaws.com/static/audio/uploads/54d97066-aaf6-453b-93b7-5874f6b2bdb1/74d2c2539d22f06d6b6e1e053f9721aa_p44tmTP2.wav,"The symptoms of colicky abdominal pain, drawing up of the legs, vomiting, and passage of blood-stained mucus suggest intussusception, a telescoping of the intestine that causes obstruction. The yellow eyes (jaundice) indicate a possible late complication such as bowel gangrene, sepsis, or hepatic dysfunction, often worsened by delayed care. This is a surgical emergency; immediate referral to a hospital with pediatric surgical capacity is essential, as non-operative reduction or surgery is required. While awaiting transfer, keep the child nil by mouth, establish intravenous access for fluids, and administer broad-spectrum antibiotics like ceftriaxone and metronidazole. Manual reduction of any protruding mass is contraindicated because it may perforate the ischemic bowel.",Deepseek-v4 pro,deepseek-v4-pro
c7ae9c4c-9650-4dcc-9c1f-dd2ce1320982,fulfulde,fulfulde,Debbo fere mo duuɓi cappan e ɗiɗi e ɗiɗi mo danyi ha asibiti bal e tati ko sali waddi ɓingel mako hande waɗugo riga ɓikkoi keccon nde o wari sai o yecci amin ɓingel ɗo sali musongo ha yotti ɓingel man wala sembe ko sedda bo o nan o vi ɓingel man. dembo ko ndei jungo mako kosde be bandu mako pat do fewi delem har do holla mo to o memi bingel man be jungo mako har dikka o hosa mo ha der sabbo hakkilini bingel man sali en di bandu mako do fewi to be memi dembo bandu man do bedda watugo har o wala. jungo mako forta kosɗe bo wala dimba sam oɗo wali babal gotel tan to alari ɓingel manni oɗo yonti bo nyaungel ɗume dasi bannin man ɗum a numata dasata ɓandu ɓikkoi keccon fewa delem to goɗɗo memi ko gam o sali musungo on tan ko game on. Re min wawata waɗugo hala salare kosam en ɗi man nden bo hala riga handi min jaɓa man ɗume on shawara ma ha dou man.,"Debbo fere moh dubi chappan eh Didi eh Didi moh danyi ha asibiti balde Tati ko sali waddi bingel mako hande wadugo riga kafi bikkoi kecchon. Deh o wari sei o yechchi Amin bingel doh sali musungo, ha yotti bingel man wala sembe koh sedda boh o danan tan. Ovi bingel man wala joga endi, denbo kodei jungo mako, kosde beh bandu mako pat doh fewi delem har doh hulna moh to’omemi bingel man beh jungo mako, har dikka o hosa moh hader sabbodeh. O hakkilini bingel man sali endi, bandu mako doh fewi to beh memi denbo bandu man do bedda watugo har o wala Wawa bamta jungo mako, forta kosde boh o wala dimbah sam, odo wali babal gotel tan. Toh a lari bingel manni odo yonti boh nyaugel. Dimeh Dasi bannin man? Dimeh on a numata dasata bandu bikkoi kecchon fewa delem toh goddo memi? Koh ngam o sali musungo on tan koh ngam dimeh on? Dimeh min wawata wadugo hala salareh kosam endi man? Denbo hala Riga kafi hadi min jabah man dimeh on shawara mah ha Dow man? ",http://speech-app.s3.amazonaws.com/static/audio/uploads/c667015d-cb35-4cae-a580-4a5001443e0d/7e11306fe2f55f3ac9477ddb4d830de2_VnFrNlTX.wav,"The infant's symptoms of poor feeding, weakness, vomiting, cold extremities, and decreased skin turgor indicate severe dehydration and possible neonatal sepsis, not a reaction to immunization. The mother's unilateral breast pain, fever, and chills are classic signs of acute mastitis. Do not administer the vaccine today; the baby requires urgent hospital admission for intravenous fluids, antibiotics, and supportive care. The mother should start antibiotics effective against Staphylococcus aureus (such as flucloxacillin), continue expressing breast milk from the affected breast to relieve engorgement, and can safely breastfeed from the unaffected side. Delaying care risks rapid deterioration of the newborn.",Deepseek-v4 pro,deepseek-v4-pro
b56b8cde-923d-43a6-a213-9825f54e05d9,fulfulde,fulfulde,Debbo danyi ɓingel ɓingel lewru mai lewru jui waɗi bayani hala ɓingel mai o viya damuwa dow ɓingel mai wakkati o dal mai ɗo musina sosai bana no handi. Bannii tan o laari ɓinngel may ɗo woka nawɗum haa juuɗe be kosɗeeji maako yotti haa ɓinngel may woka ɓe ɓamtan o laada koo o dimba heba o yotta dada maɓɓe puseni ɗume on dada ɗo wannata ɓinngel ɗo hoyna mo nauɗum haa juuɗe bee kosɗeji ɓinngel ɗo bee dada mo ɓinngel Kanjum dada yiɗi wara sibiti be ɓingel mai ɓe lara likita heɓa ɓe hefta ko ɓe wannata ɓe vallita ɓandu ɓingel ɗo o wona o jamu.," Debbo dayi bingel. Bingel mai leuru jew ko saali. Owadi bayani hala bingel mai, ovi wala damuwa do bingel mai wakati odayi mo, bingel mai do musina sosai bana no haadi,  bani tan o laari bingel mai do wooka naudum ha juude be kostejimako.
Yotti har mingel mai wooka be bamtamo o ladda, ko o dimba, heba oyotta daada mambe.
Useni dume don dada do wannata bingel do, hoinina naudum ha jude be kosteji bingel do, be da darna mounugo bingel mai? Kanjum daada idi wara sibiti, be bingel mai be laara likita heba be hefta ko be wannata be vallita bandu mingel do, o wonna o jamo.",http://speech-app.s3.amazonaws.com/static/audio/uploads/d6814191-320f-476e-b754-1e5f00ce3b43/a7bfb580c59dbfc06b698a2a2c7cc8bd_dC1HSTpx.wav,"The infant's symptoms of floppiness, poor head control, and limb weakness since birth strongly suggest hypotonic cerebral palsy, most commonly caused here by birth asphyxia (a lack of oxygen during delivery). A thorough medical evaluation is necessary to rule out treatable conditions like congenital infections or spinal muscular atrophy. Evidence shows that early physiotherapy and positioning can significantly improve muscle tone and prevent joint deformities. Nutritional support is also critical, as weak sucking often leads to malnutrition and aspiration pneumonia. With consistent, locally available community-based rehabilitation, the child’s functional outcomes can be moderately improved.",Deepseek-v4 pro,deepseek-v4-pro
2f3e44a3-7f20-485e-ba8b-2776f62a7e10,fulfulde,fulfulde,Debbo lari gorko mako ɗo mari nawol hore nawol hore mai voɗai sam sam nawol hore ɗo ɗo nawini harnde mako o tidini wawata waitugo nano be nyau ni bana no handi sai o lari kula pamari je wala no ɓandu gorko mai amma fuɗɗi vurti non. Debbo mai ɗo irin kuje je feɗi dow ɓandu gorko mako ɗume on lati hunde mai vurti kuma ɗume on waɗata ko mi gorko mako meɗi marugo zazzabi nauɗum na kuma lekki toi ɓe naftiri o vi’a ko gorko mai leso o ɗaana ɗo. pilo nda wayi ba o dande mako ba o fide mako ba non nawol hore mai wari sai wardi be tildi kuma kugal perpetel vurtini mo ha bandu mako ko irin kuje banni. ɗon irin debbo ɗo waɗata vallititta gorko mako be lornamo ɓandu bana no vonna.,"Debbo laari gorko mako do mari naawol hore, nawol hore mai voodai sam sam. Nawol hore do , do nawii ni har saida daade mako o tiidii ni, wawata wellutugo nano, nyamo ni bana no haadi. Sai o laari puulel pamari je walano bandu gorko mai amma fudi vurti nonon. Dum hulni debbo mai do irin kuje je fedi do bandu gorko mako, dume don laati hunde mai vurti, kuma dume don owadata? Komiemi debbo mai ba gorko mako medi marugo zaszabi naudum na be kuma lekki toi be naftiri?
Ovi aa.  Ko gorko mai, leso o naanata, do pilo dawai ba o naani do daade mako ba? Ovi aa. Dawai ba o naani do daade mako ba nonnon naawol hore mai wari, sai wardi be tiidol daade. Kuma pullel per pertel vurtinimo ha bandu mako.
Ko irin kuje bani fe’di, dume don irin Debo do wadata vallititta gorko mako be lorninamo bandu bana no wonnon?",http://speech-app.s3.amazonaws.com/static/audio/uploads/2f4abe8b-e67f-4ef8-ad92-a4a83f3f42ba/b3f8e1c492a2e170e1020e915f9e5feb_9wk2n8d4.wav,"The severe headache, neck stiffness, high fever, and spreading purple rash strongly indicate acute bacterial meningitis, likely meningococcal disease, which is a life-threatening medical emergency. This infection requires immediate hospital treatment with intravenous antibiotics like ceftriaxone to prevent rapid deterioration, coma, or death. Do not wait or use sleeping medications; take him to the nearest health facility now for urgent lumbar puncture and proper care. Time is critical, and prompt treatment saves lives.",Deepseek-v4 pro,deepseek-v4-pro
2cc76397-ed2f-47fc-bfe4-fc04693d603d,fulfulde,fulfulde,Dada peju ɗo mari ɓikkon tati peɗu on petel mai pedu ɗo mari duubi gotel ɗada peju mai hirliti bawo balɗe sedda de o danyi peju do mari nyau koma ton wakkati mai odo ta occa wala darugo sam o virliti fofugo fu do hokka mo vi ɗojugo ɗo yawanci ɗo warinamo be keke wakkati komoi fu nasti ɗo ɗaana o vi fota boɗɗum ɗo wala acca mo o fofa o vurtina boɗɗum o vi o yahi ha nyaundigo gargajiya kuma hokki mo. Lekki gargajiya amma o hirliti wala ko huwini mo sei o vi o dilli tan o yahi a sibiti heɓa ɓe hefta ko fe’ata be petul damuwa ɗo wawan hoina ɓingal ɗo damuwa ɓerde na ko asma ɗon fe’ata be ɓingel ɗo kujeji toi ɗon handi ɓingel ɗo handi acca heɓa ko. damata mo wadinta mo o dodda ho’ina mo usta sosai.,"Daada  peju, do mari bikkon tati, peju don petel mai . Peju domari dubu gotel. Daada peju mai hirliti bawo palde sedda dai odayi . Peju do mari ye’u dojjugo, kuma tun wakati mai odo ta dojja wala darugo sam . Ovi kuma o hirliti foofugo fu do hokkamo bone.ovi dojjugo do yawanchi do warinamo be kikkide  wakati komai fu nasti do naana. Ovi foofugo mako do sadina mo ofoofa boddum. Kam dojjugo do wala acchamo o foofa o vurtina boddum . Ovi oyahi ha yaudiko gargajiya kuma hokkimo lekki gargajiya amma o hirliti wala ko huwunimo. So ovi odilli tan oyahi sibiti heba be o hefta ko fedata be peju. Damuwa do waawan hoyina bingel do na? Damuwa berde na ko asma don feddata be bingel do? Kujeji toi don haadi bingel do haadi accha, heba ko damaatamo wadintamo o dojja hoyinnamo, usta sosai?",http://speech-app.s3.amazonaws.com/static/audio/uploads/6e909e46-aea0-4c4f-bb81-41b4c41de685/f1bc7d90ca18dcde7c7c9283d525d056_aJYaONaC.wav,"This infant likely has severe pneumonia, but the combination of respiratory distress, sweating, and poor feeding strongly suggests acute heart failure, possibly from an undiagnosed congenital heart disease. Immediate management must include oxygen supplementation to maintain saturations above 94% and cautious intravenous antibiotics to cover common bacterial pathogens. Avoid overhydration and, if signs of fluid overload or heart failure are present, administer a diuretic like furosemide. A trial of nebulized bronchodilators may be attempted only if clear wheezing is auscultated, as it is not typical in heart failure. An urgent chest X-ray and echocardiography are critical to distinguish between cardiac and respiratory etiologies and guide definitive therapy.",Deepseek-v4 pro,deepseek-v4-pro
54bbaad4-dfe1-40e7-91f1-83faadadab2c,fulfulde,fulfulde,"Mini amodai we'e anɓɓa he jo jonamo o warti wuro o wulla, kominma ko fetiyam bosaru ha kosɗe mako me kala bo saru on toi ɗum ɗuroi koɗum bosaru kindiraɓe on wakkati nden meban ha balbe bo salun nga timmo ngam ɗum warake bo saru. mi yarama asibiti danyu dare kindira bate den tan mi yaha mi soda ha kemis mi sodi bata on ɗum tufuma ɗum kenya illa wakkati den mi yarima wuro amma lake man umti nokkure nanwoji jotta kam hakkila ammi hemi tammi bo sare ɗon hokki ɓingel nyamdu bo sare. mido nyama wodi lekki combiti larugo ko mo.","Mi lili bingei am sodan  bafe ewedu ƙeƴa kikiɗe. Hanọ mintaci sappọ e joyi, kosam owarti wuro e owulla.Ko mi ƴami ko fayti, ɓẹ wolwaniya ɓọsaru ngati  kosɗe mako. Mi ƴami mon dume kala bọosaru on, toi  dun ƴuroi ko ɗu boosaru keddiraɓẹ non. Wakkati nden, mi wujani mo ŋebban ha babal boosaru ngati mo, ngam dum wara tọke ɓosaru ɗum.
Sai ɓẹ hokki am shaawori mi yaramo asibiti dayngol dere keddiraɓẹ . Ɓe widdaniyam baatẹ tetanus mi yaha mi sooda ha kemist. Mi soodi baatẹ ọn,dun tufi mo ɗun ƙeƴa. Illa wakkati den, mi yarimọ wurọ amma illa ƙeƴa , futtẹrẹ man ɓuuti , nọgurẹ nọ wooji. Jotta kam ,hakkilo am  ummi  ẹ mi tammi boosaru dun hokki ɓingel am nƴau boosaru.  Mi ɗọ ƴama wodi  lekki kọ mi sodinta na mọ ko bọ mi yara mọ sibbiti ɓẹ  ɓedda larugọ mọ.",http://speech-app.s3.amazonaws.com/static/audio/uploads/2cfca6d5-0a0f-4852-ae31-483a1a78d358/d7f56e3c49af2c1ef1fe26497dd03885_Ojde3urT.wav,"The child’s condition—multiple boils that have burst, now with lethargy and refusal to eat—suggests a serious bacterial skin infection that may have progressed to sepsis, requiring urgent medical attention. Do not administer any leftover ointment or home remedies; return to the hospital immediately for evaluation, wound cleaning, and likely systemic antibiotics. Encourage small sips of clean water or oral rehydration solution to prevent dehydration while seeking care. Delaying proper treatment can lead to dangerous complications in young children.",Deepseek-v4 pro,deepseek-v4-pro
f25002c8-9b3c-4634-b743-63e14592b434,fulfulde,fulfulde,Gorko ambi mako cabble nai bo milliti sati ko sali ɗum o ɗo fita yara ndiyam sosai sosai no yarata ndiyam mai nonnon o silata to o yari ɗuɗɗum ma non kuma nonnon ma be jemma o finai wadai de sappo o ummi o yaha o silla o ɗo woka fu o nana. Bo o ɗo ɓeddi ɓandu seɗɗa wakkati fere o ɗo fiya o ɗo lara daure o wala lara boɗɗum to o ummi o ɗo wanca mirliti o ɗo silla akai be ɗuɗɗum bo ɗume on watata sendugo. Ɗo be ɗonka ɗo kwaɗi o yarata ndiyam ɗuɗɗum denbo o ɗo silla ɗuɗɗum ko alamaji ɗo wawan je yahu shuga ko hundeji fere ɗon aunugo be ko ji waɗata heɓa hefta irin nyautoy ɗon ɗo ko waɗi o ɗo somi kullum ɗo ɗume on waddata silugo akay ɗo. Ɗo sembe iyam mako ɓamti ɗon waɗata nyauɗo ko ndiyam ɓandu mako timmina ko kuje fere ɗon tan irin nyiri be kujeji yarugo toi o accata kuma ɗume on handi o dinga nyamugo mataki toi hosata vallititta alamaji ɗo de handi noi be hollugo je shuga handi waɗa kullum ko. Yonde go nyau toi ɗon waɗata alamaji ɗo je feɗata ha ɓandu mako.,"Gorko am dubi mako cappende ni. Denbo mi hirliti saati tati ko saali do odo fi ta yara diyam sosai sosai. No o yarata deyam mai nonon o sillata. Toh oyari dumdum ma nonnon. Kuma nonnon ma be jamma o finai wadai de sappo, o ummi o yaha o silla. Odo wooka fu, odo nana chomri kullum. Bo odon beddi bandu sedda. Wakati fere odo fi’a o do lara dowre, owala laara boddum to o ummi odo wancha. Mi hirliti odo silla akai akai bo dundum bo. Dumedon watata sillugo mere mere do be donka do? Kwadi oyarata diyam dumdum denbo odo silla duddum? Ko alaamaji do waawan je ye’u shuga, ko hundeji fere don? Haunigo toi be goji toi waddata heba hefta irin ye’u toi don do? Kowadi odo somi kullum do? Dumedon waddata silligo akai akai do? Do sembe eyam mako bamti don waddata ye’u do, ko diyam bandu mako timmi na, ko kujjeji fere don tan? Irin yiiri be kujeji yarugo toi o acchata, kuma dume don haadi odinga yaamugo? 
Mataaki toi ohosata, vallititta alaamaji do? De haadi noi goji be haunugo je Ye’u shuga haadi wada, kullum na ko yandego yandego? Ye’u toi don waddata alaamaji do je fe’data ha bandu mako?",http://speech-app.s3.amazonaws.com/static/audio/uploads/8a97b8c6-8fe2-4d56-8192-7dfa47a06db8/729fddc470af85a17ac60bfb78dd0ee8_4uOweQfF.wav,"These symptoms of excessive thirst, frequent urination (especially nighttime), weight loss, fatigue, and blurred vision strongly indicate diabetes mellitus (high blood sugar disease). To confirm, perform a fasting blood sugar test, random blood sugar test, and urine dipstick for glucose and ketones. The tiredness results from the body's inability to use sugar for energy and from dehydration caused by excessive urination. Initial management includes dietary changes (reducing refined starches and sugary drinks, increasing vegetables, whole grains, and lean protein), regular physical activity, and starting oral medication such as metformin, with insulin if severely ill. These symptoms occur because high blood sugar spills into urine, drawing water out, leading to dehydration and energy loss.",Deepseek-v4 pro,deepseek-v4-pro
c6d6cd08-5891-40ef-a139-f669e738afb7,fulfulde,fulfulde,Reɗujo wari sibiti kikkide gorko mako do hollina mo akai akai o vi do wati mo o dinga hurturgo yalade duddum to o nani gorko mako do warta sare ko to o nangan lawol sare sai odo wurtira gam o do dami. Ta o tappam ko o huɗam o heliti fu ɓernde mako dogga ɗo fiya o dilli ha sembe iyam mako sai o tawi ɗo va’i sai o vi o tori vallide ha sare mako yecci ɓe wanni mo bayani mo bayani ko. Kanjum ɗon sare mako hokki mo lekki gargajiya amma wala ko acci sam bawo o naftiri o yiɗi o anda ɗume on o waɗata heɓa ta o ringa vurturgo sosai ɗo tori ko to on ni gorko mako ɗo warta ɗum on waɗata o lornina hakkilo mako ɓernde mako wala jam e hakkilo.,"Reedujo wari sibiti kikide do, sai ovi gorko mako do hoolinaamo akai akai be do doofa mo kullum. Ovi do watimo odinga hurtuluggo. Yalaade dumdum to onani gorko mako do warta saare ko to onangan lawol sare, se odo hurtila gam odo daami ta o tappamo ko o huda mo.
O hirliti fuu berde mako do dogga, do fi’ya. O dilli haunugo sembe eyam mako, se tawi do fa’i.
 Sai ovi o tori vallinde ha saaro mako be oyechhi be wanni be bayani ko feddata.  Kanjum don saare mako hokkimo lekki gargajiya amma wala ko acchi sam bawo o naftiri.
Oyidi o anda, dume don o wadata heba ta oringa hurlituko sosai do, to odo hota sare ko to o nani gorko mako do warta? 
Dume don owadata o lornina  hakkilo mako, berde mako waala , jam e hakkilo?",http://speech-app.s3.amazonaws.com/static/audio/uploads/2e433a65-2b62-4d14-bb27-dd938229234c/c306bef2a869a29a5f5379e5e636567c_FwtnIFMv.wav,"Encourage her to bring her husband to a hospital for a comprehensive evaluation, as his symptoms—restlessness, racing heart, fleeing home, and sleeplessness—could stem from a physical condition like infection, substance use, or a metabolic disorder that needs urgent care. If medical causes are ruled out, this is likely a mental health emergency such as acute psychosis or mania, which requires psychotropic medication and supportive counseling, not unproven traditional remedies alone. Explain to the family that mental illness is treatable, and reducing stigma by providing a calm, non-judgmental environment at home is essential for his recovery. Refer him to the nearest primary health center or community mental health program, where staff can initiate treatment and arrange follow-up. With proper diagnosis and consistent treatment, most individuals regain stability, and rebuilding trust through gentle family support will help restore his peace of mind.",Deepseek-v4 pro,deepseek-v4-pro
01c01c8d-5192-45d6-b2a6-aa58636139b3,fulfulde,fulfulde,Debbo banga on duɓi amin e tati e joi usbi joi on lari amoti kugal ko yali amɗe tati sali ɗo mi hefti o ɗo fi kata ɗoja sosai ko ɗume je darnata. Ɗojugo mai amma mi lari accdai joɗugo ha sare to mi dilli be fajira se a warta jego dada am on joɗata be ɓingel am kala deɓi wakkati yonugo min ɗo yona min nana ko ɗo yecca am woɓɓe. Ɓingel ambi joi on kosam ɓe fuɗɗi yahugo kugal mi dayi miɗo kosam mi yarni mo kosam je lebbi tati mi fuɗɗi hokkugo mo nyamduji fere miɗo hokka mo. Nyamduuji kala kala bana gaari be nyamdu ɓingel je mi andi ko yardi amma fofugo mako dana o fofi ba dan o vowi fofugo ba o wala fufa boɗɗum kuma mako sukki pat. vidum be hande wakkati o do yiwa mo be fajira sanga o naftiri ndiyam jumjum ha kine mako be haberde mako gam ndamba mai sati fofugo mai fuddi o acci fofugo boɗɗum kuma fofugo mai acca kuseni. on min naftirta hamaku je acca tabba mai kuma hala fufugo mai je lebbi die waɗata mum kuma min wadata hala fufugo boɗɗum. haɗata mo fufugo.,"Mi dabbo panginga, duubi ma cappande tati e joyi. Useni ,mido  bingel am laibi joyi on laraina am mo. 
Mi hoti kugal. Ko kaydini ma , yalde tati sali do , mi havti o do if kata doja sosai. Min godi kodume je darnata dojugo mai, amma mi lari acei. Mi  Duda I jodugo ha Sara. To mi dile be fajita, Sai asiri mi wartata jago . Dada am on Jodata be bingel am . Kala dami habi wakati onugo, mido onuna minana ko odo doja, kuma beddo yeca am odo doja. Bingel mai lebi joyi on . O ace yarugo kosam tan  gam mi fudi yahugo kugal. Mi rai nimo kosam je labi tati, mi fudi hokugomo yamduji fera.  Mi do hoka mo yamduji Kala Kala , bana gari be yamdu bingel  je mi andi.
Ko kaydini am tun keyan Jamba, fofugo maako da bana o vowi ba. O wala fofa boddum, kuma kine maako suki pat .
Dada ma vidum ma hande wakati odo yiwamo be fajira, san da o naf tartiri diya jumjum ha kine mako be ha berda mako gam danma  mai sati.
Fofugo mai  fudi. O achiti fofugo bodum, kuma fofugo mai ache mo.
Useki, am dema: dima on mi naf tirta a maako je a cha ta  danba mai? Kuma hala fofugo  mai je labii, dime mi wadaata, dime mi naf tarta mo, kuma dime me wata hala fofugo bodum bo hadata mo fofugo.",http://speech-app.s3.amazonaws.com/static/audio/uploads/e969e5a4-b9c1-4135-91f5-06d3466c1f7b/0c71653210fc3b05c4f3723db180c30f_Ky7SgT4A.wav,"The child’s symptoms—cough for three days, vomiting after feeds, and new fast breathing—strongly suggest pneumonia or bronchiolitis requiring urgent medical assessment. Stop immediately the harmful practice of applying cold water to the nose and chest, and discontinue the traditional incense (hamaku), which worsens respiratory distress. Fast breathing and difficulty breathing are danger signs; the child needs prompt evaluation at a health facility for possible oxygen therapy and antibiotics. While awaiting care, keep the child in a calm, upright position to ease breathing and continue offering small, frequent feeds if tolerated, but do not force. Do not use any home remedies to “stop” the breathing, as this can mask a life-threatening condition.",Deepseek-v4 pro,deepseek-v4-pro
15b2f125-fca9-4ad1-8ffa-9a5db02234e0,fulfulde,fulfulde,Dada je wondi ha daadiraɓe je waddata ɓikkoi maɓɓe tufugo batal o famtini o yiwi keccal mako ɗo mari damuwa ha hunduko mako ɓingel mai ɗo waɗi bulu hande sai o yisina ɓingal mai o ɗo turra. Heɓata hendu boɗɗum be kuma ɗo hokka mo banugo boɗɗum o vi kanjum ɗon sakli musam gam wanda ko ko fe’ata be keccel mako ɗume on watata ɗebal mai waɗa bulu bannin do mai on kuma waddata ɓingel turra bo heba damuwa fofugo. Lekki ɗon ɓe hokkata na ɓe lara ɓingel mai na,"Daada je wondi ha daadirabe je waddata bikkoi mappe tufugo baatal ofamtini  o ye’u kecchel mako do mari damuwa ha hundeko mako, bo lebol mingel mai o wadi buluu .
Hande sai o yi’i to odo musina bingel mai, odo torra , hebata hendu boddum , be kuma do hokkamo bone foofugo boddum. Ovi kanjum don saklimo sam gam ohanda ko feddata be kecchel mako.
Dumedon watata lebol mingel wada buluu banni? Dume don kuma waddata mingel torra bo heba damuwa foofugo to’ do musina? Lekki don be hokkatanaaa, ko be larai mingel mai na?",http://speech-app.s3.amazonaws.com/static/audio/uploads/aa9f1487-f1a3-4d70-aef8-286694f399cd/e96515e360a92f867f6105de073e3c23_e14dyyfM.wav,"This child exhibits danger signs requiring immediate action: fever, a blister near the mouth, and difficulty breathing. Do not administer the tetanus vaccine; defer vaccination until the child fully recovers. The respiratory distress could indicate a serious infection such as severe pneumonia, measles, or herpetic gingivostomatitis with airway compromise. Immediately refer the child to the nearest hospital for urgent evaluation, providing oxygen if available and ensuring airway support during transport. Monitor closely and treat fever with paracetamol while arranging the emergency referral.",Deepseek-v4 pro,deepseek-v4-pro
f01bdcfa-cea4-4a33-ade6-520e66be1a80,fulfulde,fulfulde,Dada joɗata ha fattude amin do mari redu je bingel mako didamo ha fuddarde redu mai komai oyaha dedai odo nana beldum mingal fere do wara amma lewru sadda ko sali do o fuddi nanugo lesdu mako do nawa yende naudum mai wadi mo sosai har dakai o darata boddum Nibai samɗi rufugo iyam sosai rufugo iyam mai ɗa no rufata ɗon ba rufi sosai kuma wati mo comri oɗo somi de o lari iyam mai sai o wurtiri tani ɗon ko fe’i be ɓingel mako gorko mako yawi vallni mo be yahi sibiti. kanjum dunigo les redu ha redu rufugo iyam sosai do alama hattara don na je dada ko bingel ha redu mai dume on alama goddo larata redu mai don damuwa don lekki je darnata naudum mai. ɓe darna iyam mai je naunata bingal mai je naunata bingal mai.,"Daada, joodata ha  fattude amin. Do mari redu je mingel mako didabu. A fuddurde reedu mai komai oyaha daidai, odo nana beldum bingel feere do wara . Amma lewru sedda ko saalido ofuddi nanugo les reedu mako do naawa. Yende naudum mai wadi mo sosai, har daker o darata boddum. Nebai sam, bawo toin ofuddi rufugo eyam sosai . Rufugo eyam mai da no rufata don ba, rufi sosai kuma waati mo chomri odo Sommi. Dai o laari eyam mai, sai o hurtili taani don ko fe’di be bingel mako. Gorko mako yawi vallimo be yahi sibiti. Demde am kanju, dume don watata nawugo les reedu ha reedujo? Rufugo eyam sosai do alaama hattara don na je daada ko bingel ha redu mai? Dumedon alaama goddo laarata redu mai don damuwa? Don lekki je darnata naudum mai na be darna eyam mai je nawnata bingel mai?",http://speech-app.s3.amazonaws.com/static/audio/uploads/a249550d-bcc7-48c3-a9e8-1bbd6f7ad486/8c2360e1822e81d4fada6be76e0f1dee_RZc9f1Qz.wav,"The dangerous sign is the heavy vaginal bleeding causing hypovolemic shock, evidenced by the woman fainting. This indicates a life-threatening hemorrhage often from an incomplete miscarriage or a ruptured ectopic pregnancy. To stop the bleeding and preserve the pregnancy, if the cervix is closed and the baby’s heartbeat is present, immediate management includes strict bed rest, intravenous fluids, and progesterone supplementation (plus anti-D immunoglobulin if indicated). Should ultrasound confirm an inevitable or incomplete miscarriage with heavy bleeding, emergency uterine evacuation via manual vacuum aspiration or curettage is required to stop hemorrhage and save the mother, though the baby is already lost. In resource-limited settings, prompt recognition and referral for surgical intervention are critical for maternal survival.",Deepseek-v4 pro,deepseek-v4-pro
8d286282-88c2-4db6-9d83-b44e488d498b,fulfulde,fulfulde,Likita joɗata ha sare amin lari bingal mako wala mo sungo boddum je o yidi o musina mo sai bingal mai musina sedda sai yofta bana odo somi dada mai bo hirliti bingal mai wala sembe musungo den bo odo vita wulina sosai ha hore be yeso da kanjum tamba denbo fofugo bingal mai. O ɗo fofa bana yaha dow ɓe ɗo jippa les bana goɗɗo mo hokkata balleji ɗo dillani dada mai ɗo ɓedda damugo o ɗo tamma ko gam ɓingel mai wala musina ko heyata ko ɗon damuwa fere je ɗo hauti be fofugo be wolungo ɓingel mai tos. o vi ha o yaha asibiti o lara likita hoinan mo bingal mako demne ame on latata bingal heba damuwa mo sungo boddum no bingal mai fofata do alama nyau fere don namaji hattara be baba mingal mai hakkilinta dume on watata bingel petel go to ɗo musina.,"Likita, daada joodata ha sare amin, laari mingel mako wala musungo boddum. Dai o idi o musinamo sai mingel mai musina sedda sai yofta bana odo somi. Dada mai bo hirliti bingel mai wala sembe musungo denbo odo fi ta wulina sosai ha hore be yeso. Da kanjum tanba denbo foofugo bingel mai changi. Odo foofa bana yaha do do be do jippa les les , bana goddo mo hokkata bone foofugo. Balleji do dilla ni, daada mai obedda damugo. Odo tamma ko gam bingel mai wala musuna ko heyata ko don damuwa fere je do hauti be foofugo be vulungo bingel mai. Toh sai ovi ha oyaha sibiti olaara likita hauninamo bingel mako. 
 Demde am, dumedon lattata bingel heba damuwa musungo boddum? No bingel mai foofata do, alaama nyawu fere Donna?  Alaamaji hattara toi daada be baaba mingel mai hokkilinta? Dumedon waatata mingel petel vulungo todo musina?",http://speech-app.s3.amazonaws.com/static/audio/uploads/01f98330-4691-445e-b5cd-053c5ce906a0/4e7daa789a8dcfd3dc736d325b81b26a_UmtJityj.wav,"The child's symptoms—easy fatiguability, excessive sweating on the head, and labored breathing—strongly suggest congestive heart failure, most commonly from an undiagnosed congenital heart disease like a ventricular septal defect. In our community setting, I would urgently refer the child to a tertiary hospital for an echocardiogram to confirm the defect. Immediate management should include administering oxygen, sitting the child upright, and cautiously giving a diuretic such as furosemide under weight-based dosing to relieve fluid overload. Addressing the underlying heart failure will improve the child's energy and breathing, ultimately allowing a normal smile. Parental reassurance and nutritional support are also critical while awaiting definitive care.",Deepseek-v4 pro,deepseek-v4-pro
a3a8aecf-41e9-4c37-9e58-85cab2862faf,fulfulde,fulfulde,Duɓi a debbo inna mako adda anma amma dare bandi mi hisi mi lari cokali on no joɗo fere mako inla ko inna mako mayi oyida fijugo he komoi fu oyida faddugo ko moi fu o fuɗɗi salaki nyamdu nandi hanowo omilo sanci kunne on hulniyam sai mi wadi daware yarugo mo nyautugo asbiti ko yotti asibiti. Mi likita on na ɗum hala maide en nama korrata mo waɗata wuro ngam mi walamo ko hani ɓingel on heɓa wankta jo na ma ngam o heɓa o nyama ko o fija sakiraɓe mako ko hanni ɗum walliran ma shagoran nyaudugo.,"Duɓi Adeolu sapo(10), inna makọ adda an non. Amma,dere panɗeɗe, mi hissi mi lari ,cukaley on nọ joɗọ fere mako illa kọ inna makọ mayi; O yiɗa fijuki e ko moi fu,   oyiɗa badduko ko moi fuu. O fuɗi salaki ŋyamdu. E ɗun nandi hano o miilo sanne , be ɓerne mako e meti. Uune on hulnni am,sai mi waɗi dabare yarigomo  ƴaudiigu asibiti. Komi ƴotti asibiti,mi ƴamin Likita on ,""  na dun haala maide inna maka torratamo bo?  Koi mi waɗata wuro ga mi walla mo , ko haani bingei on heɓɓa wolwana likitajo nyaudigu ɓerne?, ko hanni mi wannamo ngam mi o heba o ŋaama ko o fijja e sakiraɓe mako  ko haani dun walliramo shaawori nyaundigu?",http://speech-app.s3.amazonaws.com/static/audio/uploads/6c355d41-5efc-4383-a6e1-647f7be7f245/d55dc637310d60277193dfe69c27bd5e_A65DSzAF.wav,"It is essential to provide consistent, loving reassurance and maintain familiar daily routines for meals and bedtime to restore a sense of safety. Encourage small, frequent, nutrient-dense meals and offer her favourite foods without force, using calm and positive mealtimes with family. Gently invite peer play for short periods, starting with one trusted friend in a familiar setting, and allow her to refuse without pressure. Acknowledge her sadness simply and let her express feelings through drawing or storytelling, avoiding avoidance of the topic of her mother’s death. If refusal to eat persists beyond two weeks, weight loss continues, or she remains completely withdrawn, bring her back to the hospital for nutritional support, possible counselling, and to rule out medical illness.",Deepseek-v4 pro,deepseek-v4-pro
780a88ff-c11d-41bb-9f23-6c37350359fb,fulfulde,fulfulde,Debbo mo duuɓi caɓɓande tati dayi minti sedda ko sali dango mai dedai ɗon amma daigel ɗo ɓingel ɗo mari damuwaji manga ɓingel ɗo wala woka boɗɗum denbo wala notitta bana keccel waɗata ɓawo dango ɓingel. Ɓingel mai wokai boɗɗum bo ɗo heɓa bone hafinugo ɓandu ɓingel mai ɗo bana ɗo tiddi ko kuma bana wala dimba no handi ɓingel mai wala nyama boɗɗum be torna mum sumungo dada mai ɗo sakri ngam ɓikkoi mako de sali ɗo. Ɗo woka atake to ɓe danyi ɗum waddata damuwa ɗo goji toi be waɗata ɗo keccel ɗo be kuma mataki gawal toi hosata ɗume on wannata ɓingel keccum ɗo.,"Debbo mo dubi cappande tati dayi minti sedda ko sali. Dayugo mai daidai don. Amma dai be dayi mingel do, mingel do do Mari damuwaaji manga. Mingel do Wala wooka boddum. Denbo wala nootititta bana kejjel wadata. Bawo dayugo bingel mai wookai  boddum bo do hebba bone ha finigo. Bandu bingel mai do bana do tiddi ko kuma bana walaa dimba no haadi. Bingel mai wala yaama boddum be torna mo musunungo. Daada mai do sakli gam bikkoiji mako de saali do bedo wooka, ataake to be dayibe . Dume don waddata damuwa do? Goji toi be wadata do kechel do, be kuma mataaki gwagaawal toi hosata? Dumedon wannata mingel kejjum do?",http://speech-app.s3.amazonaws.com/static/audio/uploads/265e7393-c766-4ed1-9dbe-108fe8ada491/37145d139abce18251d52258917f0874_T9jRqZeT.wav,"The baby likely has imperforate anus, a congenital condition where the anal opening is absent, preventing passage of meconium and stool. The lack of urine output suggests possible associated urogenital anomalies like a cloacal malformation. This requires immediate surgical referral to a center with pediatric surgical capacity for evaluation and creation of a diverting colostomy. Without intervention, intestinal obstruction, perforation, and sepsis will develop rapidly. A detailed examination for associated VACTERL anomalies should be performed.",Deepseek-v4 pro,deepseek-v4-pro
99f911f5-20d3-4ac4-9574-b812408eeb47,fulfulde,fulfulde,Debbo ɗo dayi haa amin fajira ɗo veti ɗo o dayi nde o wari jamdi je tati be fajira mo wondi be mako ha sare yani amin vi debbo ɗo ɓandu mako ɗo dimna bo ɗo wuli sosai den bo o do mari damuwaji ko shafi bandu mako je damatamo sosai. Min yahi min laari debbo mai min suddi mo be kare min auni wolugo ɓandu mako min tawi tati min wanni mo godi je nyamo cufi ngam debbo ɗo velnai o nandi malaria min emi mo ko wondi ko o nyami o vi wala ko oya. Min yecci mo wondi be mako be hokka mo sha’i o yara min emi mo o musini handi na sai o vi de o wari mo sungo ɓingel mai sai o tawi keccel mai riwi se min vi debbo mai o umma o joɗa o ɓari ɓawo mako. Babal vallita ɓandu mako hoina seɗɗa ɗo pat nda pat ba amma vallitai bo gite mako laɓin sari mo to nyami ni sai o yara parasita mol to yari parasita mol mai timmi sei min lara dai on handi min hokka mo fahin o ɗo mari malaria ko ma min waɗi mogoji mai us min hokka mo o timmini nyamugo nden bo min sari mo o yara parasita mo tonda o satai to dillai min handi nyau min hokka mo min hokkata.,"Debbo do dayi ha amin fajira do. Veeti do o dayi. Dai owari jambi je tati be fajiri , mo wondi be mako ha sare yooni amin, vi debbo do bandu mako do duina bo do vuli sosai denbo odo mari damuwaaji ko shafi bandu mako je daamata sosai. Min yahi min laari debbo mai, min suddi mo be kare, mi hauni wulugo bandu mako, min tawi 38.2.
Min wanni mo goji be nawu chufi. Kam debbo do velnai, o nandi malariya . Min emmi mo ko woodi ko o yaami, ovi wala ko Oyami. Min yechi mo vondi be mako, be hokkamo shaa’i o yara. Min emmimo o musini hande na? Sai ovi dai owari musungo bingel mai, sai o tawi kecchel mai riiwi.
Sai minvi debbo mai o umma o hoods obaara bawo mako , heba vallita bandu mako hoina sedda da pat ba, amma vallitai bo gite mako Labai. Min sauri mo to yamini sai oyara paracetamol. To oyari paracetamol mai timmi , sai min lara dai don haadi minhokka mo fein. Odo mari malayria kuma min wani mo goji mai . Useni min waawanmihokka mo fein. To o timmini yamugo, denbo min sauri mo o yara paracetamol, tunda o saatai, to dillai ni minhandai yaudinde min hokkata.",http://speech-app.s3.amazonaws.com/static/audio/uploads/337467d4-18ba-42ad-b5a5-5c408cb82954/546cbd31aebd0c1c025d6d19de042c37_IXusi5MH.wav,"This presentation suggests postpartum sepsis complicated by severe malaria or septic shock. The three-day postpartum fever, confusion, body shaking (likely rigors or convulsions), and severe weakness are red flags requiring urgent hospital referral. Initiate broad-spectrum antibiotics like ceftriaxone and intravenous artesunate for suspected severe malaria immediately if available. In the community setting, give a first dose of intramuscular artesunate or rectal artesunate and intramuscular ceftriaxone before transport. Ensure she is kept cool, hydrated, and closely monitored for airway, breathing, and circulation during transfer.",Deepseek-v4 pro,deepseek-v4-pro
71b27612-6180-4a02-8350-9b26bc81f697,fulfulde,fulfulde,Dana kesum ko danya e ha asibiti amen minti cappanɗe ɗiɗi ko waɗi ɓingel waɗi nuɗum danyi woya woya teli nude danya ngel wadai woyade boɗɗum min yiwi fu nanugo mako tidum no bingel delabi tan mi yiwi kadi tamreji mako tidum no alai nalle mako ko dume. Ɓingel kesum waɗi danyi ha ɗa'i waɗa de boɗɗum gele danya harnuje jamu wala doraja. Ɓingel foti heɓɗe e nati wuro ɓingel ko ɗume o wawi kokkude ɓingel ti ko ɗume o wawa hokkude ha irin nyau. ma nyamana enjamgel ma waɗi enjam.,"Binge danyel kesum ko danyaa e ha asbiti amen minti cappande didi ko wadii , Binge Ngel ena wadi no dum  daanii  woori. Tawi gila node daya, Ngel wadaayi woyaade boddum . Min yeewii  numfuaango maako, 
tee dum no waddu . Kono bingel ngel ena nyibi tan . Min yeewii kadi tembereeji maako, tee dum no alaa cedeele. Naamnal am ko :ko dume waawi waddi bingel  kesum wadi no dum daanii haa  woori e wadaayi wodaade boddum gile nde danyaa?
Hol nooje njamu walla jokkondiral ngel bingel nge foti hebde?
inna o arti  wuro e bingel ngel, kodume o waawii hokkude bingel ngel, tee kodume o waawaa hokkude?
Hol irin nyamuduuji inna maa nyaamde ngam o Wonaa e jam, tee bingel ngel maa wadi e jam? ",http://speech-app.s3.amazonaws.com/static/audio/uploads/9d8cfc96-651b-4c4e-b6b7-6301f11d620d/1521c0075746dc48a95911ec85c837b5_PKMlxJy8.wav,"The baby shows signs of perinatal asphyxia, needing immediate newborn resuscitation. Dry the baby thoroughly, wrap in warm cloths, and gently suction the mouth then nose only if there is visible obstruction. If breathing remains weak or absent and heart rate is below 100 beats per minute, start bag-mask ventilation with room air. Do not give any oral fluids or feeds until spontaneous, effective breathing is established to prevent aspiration. Once stabilized, keep the baby in skin-to-skin contact and initiate early exclusive breastfeeding to provide warmth, energy, and infection protection.",Deepseek-v4 pro,deepseek-v4-pro
e8915206-af8a-409f-a309-ae147e55f287,fulfulde,fulfulde,Dada danyi keccel sati ko sali ɗo o fuddi larugo iyam sedda sedda ha ɓandu mako amma balɗe o dillai o lari hundeji ko nandi redu be iyam ɗo vurta wakkati fere nda ɓingel mai ɗo chanji den bo dande mako ko o mari vodai. Nden bo o handi dada minto sedda sedda ha les jaburu mako bo kullum to o lari alamaji do darnde mako do saka odo tampi ko irin damuwaji do don fedata bawo dango ko damuwa fere don yende je oi. Asibiti be o ɗo valla be daadiraɓe feere sai o nani ta ɓe hoosa mere kala hundeji ɓe laari fu feata ha ɓandu maɓɓe kanjum waɗi mo o yiɗi o laara likita o volde dem ndiyam duniya on waddata irin hundeji ɗo ɓawo danyugo wawan nawugo lesre to alama yahugo namaji toi. kesum handi wata hakkilo ɓawo dayugo mataki toi ɗada ɗo handi tokka heɓa nyauɗo heɓa mo ta nyauɗo heɓa mo.,"Daada dayi chekkel saati didi ko saali do. Ofuddi larugo eyam sedda sedda ha bandumako . Amma baldeji odilla ni, olari hundeji ko nandi reedu be eyam do vurta. Wakati feere daada bingel mai do changi. Debbo daade mako ko omari vodai. Denbo o handi daada bingel do odo mara nawugo redu sedda sedda ha les jaaburu mako. Bo kullum to olaari alaamaji do berde mako do sakla. Odo tampi ko irin damuwaaji do nonnon fedata bawo dayugo ko damuwa fere don. Don yedde je o yahi sibiti, be odo volla be daadiraabe fere, sai o Nani ta be hosa mere kala hundeji be lari fu fedata ha bandu mappe. Kanjum waddi mo odi olaara likita ovolwina be.
Demde am dume donwaddata irin hundeji do bawo dayugo? Waawan nawugo les reedu alaama ye’u don na?
Alaamaji toi daada kesum haadi wata hakkilo bawo dayugo? Mataaki toi daada do haadi tokka heba ta ye’u do heba mun?",http://speech-app.s3.amazonaws.com/static/audio/uploads/73bc774a-868f-4bf5-8325-519385d1ece0/5b3c90fb472e1135f877781013b09339_vKdBGbmx.wav,"Based on your description, the mother likely has retained products of conception (pieces of placenta or membranes left in the womb after delivery) or a postpartum uterine infection (endometritis). These conditions cause intermittent bleeding, passage of clots or tissue, lower abdominal pain, and foul-smelling discharge, which matches the ""watery world"" symptom. The persistent low-grade fever and fatigue suggest an ongoing infection that can lead to sepsis if untreated. She requires an urgent pelvic ultrasound and manual vacuum aspiration or antibiotics in a hospital. Delaying care, especially with traditional removal of objects, increases her risk of severe hemorrhage, infertility, or death.",Deepseek-v4 pro,deepseek-v4-pro
b90caa08-e1f9-4e0e-890d-5e95aa066144,fulfulde,fulfulde,Debbo fere kam waddi bingel mako mo dimbi tati asibiti be laramo hande subaka ko be halibo eketo yimɓe olo wani binge on tatata kosam o larata goddo fere mo wolwal tamo heddi inde mako o sota mo damai ha noi masan hingare jungo nyami debbo on cokali on medi hiɓugo badde na mako. O meda himɓe baɗɗe minbedi men cokali heɓi jaɓugo kala batel mum ha tummude ko o fotti noɓugo bana no inna mako waddi redi nyaudugo ɗum min kotoltol laɓii mingew on jarbi bate mako pat feiti. Innde cukali on ingol wala paɗɗe o jaɓi bate pesode mako pat ko dami cu.,"Deɓbo fere kam wandi ɓingei mako mo duuɓi tati asbiti ɓelaramo ande subaka.
Ko ɓe halibo, ike tọ ƴiɓẹ wolwani ɓingei on,o tonta takọ sam, ọlarata gọdọ fẹrẹ mo wọlwatamọ,e ta nọdi indẹ makọ ,ọsọŋata,mọ damai   hanọ ọnai naima sam.
E ndẹr ƴamai  ŋgal, ƴammi  debbo on ,  ""cukalei on mẹɗi hebki paɗɗe na?""  Inna makọ wi'i ,ọ meɗa hebki paɗɗẹ. Meen ɓedi men ƴamimo "" cukalei ngei heɓɓi  jaɓɓukọ kala baatẹ  pesoode mun  a timmuɗẹ , ko o fotnoo hebki bana nọ inna maakọ waddi?' Ereeji ŋaudugol  din min kuutọrto laaɓini,ɓingei on jaɓi baatẹ mako pat .
Mi ɓedi mi ƴami: "" kọ fayti  huunɗẹ cukalei on ,ngel wala paaɗɗẹ e ọjaɓi baatẹpesoode makọ pat,kọ daami cukaley ọn?",http://speech-app.s3.amazonaws.com/static/audio/uploads/4a044283-803f-4c41-be8f-d5745fa9224a/d5fdeff9cd0db445b689eb66990458be_QSvlABCT.wav,"The child likely has acute dysentery, characterized by bloody, mucoid stools, vomiting, and abdominal pain following ingestion of contaminated food. The history of a stranger's leftover food suggests infectious colitis, commonly caused by Shigella or Entamoeba histolytica in this region. Immediate management includes assessing hydration and starting oral rehydration salts with zinc supplementation, while avoiding the traditional herbal remedies that can worsen dehydration or cause toxicity. Initiate empirical antibiotic therapy such as ciprofloxacin for suspected shigellosis or metronidazole if amoebiasis is confirmed by stool microscopy, in line with local guidelines. Advise the mother on strict hand hygiene, safe food practices, and return promptly if the child develops high fever, decreased urine output, or lethargy.",Deepseek-v4 pro,deepseek-v4-pro
1a002373-faf1-4e16-826e-6df369cca5ef,fulfulde,fulfulde,Ɓe waddi debbo fere sibiti hande fajira ɗo iyam ɗo rufa ha maako sosai pat kuma ɗo sakli ta seɗɗa ɓe emi mo ko irin ɗo meɗi feɗugo be mako o vi meɗi feɗugo de ɗiɗi ko sali de fe’ata o ɗo nana. Na'um dembo iyam mai rufata a rufata ko redu on rufata o vi o anda ko o don mari redu ko odo vidu be em de o lari al ada mako o vi nebai ko o lari. Ovi o lari bana lewru gotel be reta bako rufugo iyam ɗo hande fatira puseni ɗum watata debbo rufugo iyam sosai ɗo banni mataki dagge hosata yaundi hokkata debbo ɗo. Hisnu yonki mako be darnata iyam mai lekkiji toy be bateji be hokkata mo je darnata iyam mai.,"Be waddi debbi fere sibiti hande fajira do, eyam do rufa ha mako sosai fah, kuma do sakli mo daa sedda. Be demi mo, ko irin do meddi fudugo be mako, ovi medi fudugo de didi ko saali. De fedata odo nana naudum, denbo eyam mai rufa ta’a rufa ta’a. Be ummi ko reedu don rufata. Ovi o anda ko odon no mari redu ko odo bee redu . Be emmi dai olaari al haada mako , ovi nebbai ko o laari .ovi o lari bana lewru gotel be reeta boko rufugo eyam do fuddi fein hande fajira. Useni dime don watata debbo rufugo eyam sosai do banni? Mataki gwagaawal toi hosata? Yaudigi toi hokkata debbo do hisnu yonkimaako be darnata eyam mai?
Lekkiji toi be baatedi toi be hokkatamo je darnata eyam mai?
Kuma hownugo toi be waawata be wadda, be hefta dume waddi rufugo eyam kulnidum do?",http://speech-app.s3.amazonaws.com/static/audio/uploads/e706871e-2885-4c80-ad52-4873b8fa79fa/8ec82bf62749bcaac51913a6970dc7a2_EbCdRQ1X.wav,"Tranexamic acid 1 g intravenously over 10 minutes is the first-line medicine to rapidly stabilize clot formation in severe obstetric bleeding. Secure two large-bore intravenous lines and infuse Ringer’s lactate or normal saline swiftly to restore circulating volume. If delivery has occurred or the woman is in active labor, give oxytocin 10 IU intramuscularly and misoprostol 800 micrograms rectally to contract the uterus and reduce bleeding. Type and cross-match blood urgently and transfuse packed red cells as soon as they are available, as timely replacement is lifesaving. Immediately refer to a facility with comprehensive emergency obstetric care, because uncontrolled antepartum or intrapartum hemorrhage often requires surgical intervention.",Deepseek-v4 pro,deepseek-v4-pro
4423cbe0-a4db-4778-948d-3a5fa0e78a09,fulfulde,fulfulde,Ala bukum vi ɗo yi'a daure kanjum be comre bo hore nawata mum ɗo haɗi mo juɗe ɓeldi sati ɗiɗi ko sali o wala ɗana jamma boɗɗum sam kosɗe mako ɗiɗi be juɗe mako be yeso fu pat ni ɗo futi. O ɗo tani habda be mai ɓe sarimo o yara hundeji fere ni amma dai fu pat wala ko hoini sam amma ni ɓe vi mo o tammi waɗugo dama ɓe lari mo nda ɓe vida ko shafi nda ko shafi fofugo ɗon ba. Ko handi ni vita ko ɗume manga ɗon bana o ɗo faɗa skul wala bone sembe iyam ma ko fu be auni ɓe tawi onret gam mai. Be vi o siwta be wadi sembe iyam mako fahin be tawi on fifti ovati be lari bo odo be redu to sai be hokki mo lekki je sembe iyam mako do va’i je marɓe redu gam lekki mai wala damuwa ha jaumu redo be yecci mo Kala hundeji fu je o watta bandu mako hundeji tornata mo sosai watata sembe iyam mako bedda amba ɓawo hundeji ɓe wanni irin jamu redu ɗo je ɗo mari namugo hore kullum be uppugo yeso mataki toi hosata ha dou redu. Tatta har debbo ɗo jima.,"Alabukun vii,  odo ye’a dowre , kanjum be chomri, bo hore naawata mo do hadi mo jode belde. Saati didi ko salli, o wala naaana jamma boddum sam. Koste mako didi be juude mako be yeso fu pat ni do puuti puuti. Odo tani habda be mai. Be saurimo o yara hundeji fere nii, amma dai fu pat walaa ko hoini sam. Amma nii be viimo o tammi waddugo daama.
Be laari mo bevi daa ko shafii foofugo don ba. Ko haadini beda be wadi, be vii da kodume manga don bah. Odo fada eskal wala bone. Sembe eyam mako fu be hauni be tawi 168/100.  Gammai bevi o suita , be godi sembe eyam mako fain be tawi 150/90.
Belaari bo odo bee reedu. Toh sai be hokki mo lekki je sembe eyam mako do fadi, je marbe reedu, gam lekki mai wala damuwa ha jaumo reedujo. Be yechi mo kala hundeji fu je owatta, bandamo hundeji tornato mo soosai  watata sembe eyam mako bedda. Demde am ba, bawo hundeji be wanni irin jaumu reedu do, jedo mari nawwugo hoore kullum be uppugo yeeso mataaki toi hosata hado reedujo do, ta  ye’u yotta har debbi mo do jima?
Be kuma dume don jaumu redu wadata da yotta irinbanni bako owonna banni?",http://speech-app.s3.amazonaws.com/static/audio/uploads/e6fc6d6a-6f3e-4be2-b78d-2e1d770c801e/d57b9cb9d5cea86ec4327ac7d10e0e10_Jfw0zUq5.wav,"The patient’s symptoms of facial and limb swelling, joint pains, headache, and elevated blood pressure (150/90 mmHg) with likely proteinuria and hematuria point to acute nephritic syndrome, most commonly post-streptococcal glomerulonephritis in this setting following a throat or skin infection. The kidney inflammation causes salt and water retention, leading to the edema and hypertension. Management includes strict salt restriction, antihypertensives to control blood pressure, and monitoring of urine output and renal function; diuretics may be used for edema if needed. His wife’s pregnancy is not directly harmed by his condition, but his medications must be reviewed to ensure they are safe for any potential fetal exposure through him. A urinalysis, serum creatinine, and ASO titre should be obtained to confirm the diagnosis and guide long-term care with a doctor.",Deepseek-v4 pro,deepseek-v4-pro
070402f8-05b1-468e-bb31-930b2f90e3c6,fulfulde,fulfulde,Ɓawo mi dayi bandu am fuɗɗi hoinugo kirinni min dadai en wala ndiyam laɓɗam ha fattude en yiɗi mi yiwa kullum kullum ndiyam be dotti min naftirta min ma fa. Hakina hore amin ɗo yiwa boɗɗum to kigi fere bo wari min nana belɗum ɓandu amin fuɗɗi nanugo jagol be bandu am fuɗɗi dimugo kulum nda min ɗo nana jangol bo hauti be bandu amlai fahin semiti iyam je vurtata bawo dayugo. haccenga min nanata daga totton bo valai bo haccega mai dudi bo medai fedugo be am mi kasitugo giteam daga totton de mi ummi sei don mi yahi sibiti mi’ama ko diyam laɓɗam je min naftirta mi yiwa be mai kanjum. waddata kala wodago.,"Bawo mi dayi , bandu am fuddi hoinugo , kikide fere ni minumi, tunde dai en wala diam labdam ha fattude amin, to idi mi yiiwa kullum kullum diam be dotti , minaftirita , mi numii amma fah haadi ni mido hakkilona hore am mido yiiwa boddum. Toh kikide fere bo wari , mi nanei beldum bandu am. Mi fuddi nanugo jaagol , be bandu am fuddi dewnugo kullum kullum . Da mido naana jaagol, bo hauti be bandu am vellai fein. Se mi hirliti eyam je vurtata bawo dayugo don hacchega mi nannata daga ton bo vellai bo. Hacchega mai duudi bo meddai fudugo be am  bo. Mi kaasi ittugo gite am daga totton. Dai mi ummi, sai don miyahi sibiti mi emma ko diyam labdam je mi naftiri ta mi yiwa be mai kanjum don waddata kala yeu bawo dayugo.",http://speech-app.s3.amazonaws.com/static/audio/uploads/a89fb6be-d253-468e-a30f-fbbc5ffd979d/1c55787ba76b985398d0ced24232e4bc_6kSfBV8k.wav,"Your symptoms of fever, chills, generalized body aches, and persistent bleeding after delivery strongly suggest a postpartum infection, such as endometritis or puerperal sepsis. Using clean water and soap for personal hygiene does not cause these infections; on the contrary, it is a critical practice to prevent them. The infection likely arose from unsterile conditions during or after childbirth, especially given the lack of clean water in your environment. This is a medical emergency that requires immediate hospital evaluation for antibiotic treatment and possible evacuation of any retained products of conception. Please go to the hospital without delay, as untreated infection can rapidly become life-threatening.",Deepseek-v4 pro,deepseek-v4-pro
4af82849-4342-407a-a297-a30633dd2ca0,fulfulde,fulfulde,Addirawo on danyi ɓingel debbo balɗe sali sei o lari ba kala wakkati o musinta mo o wala fofa boɗɗum wakkati fere ɓingel man yofta kosam bano fude mako ta’i de wore dada ɓingel timmini mu be jemma sei o lari leɓi ɓingel ba wailiti sedda sedda sai o tamppi ko o waɗata sai o waɗi ɓamtugo ɓingel man ngam o heɓa o fofa boɗɗum amma bo ɓingel gagiri fofugo boɗɗum. lebbi bingel man sei o yawi o hosi bingel o yari asibiti gam be lari na bingel mai dume on chanjini bingel man leppol nden bo wala ibe no bingel fofata na ko bo nyau ɓerde walla nyau hanta dasinta bingel man fofugo be bone dume on alamaji kalludum je saroji watinta hakkilo dume on agaje be wawata hokkugo bingel mo fofata be bone.,"Addirawo am dayi bingel debbo balde sali ,sai o lari ba kala wakkati o misinta mo o wala fofa boddum,wakkati fere bingel man yofta ta kossam bamo pofde mako ta ee,yenda wore,dada bingel timmini musungo mo be jemma,sai o lari lebbi bingel ba wailiti sedda sedda,sai o tampi ko o wadata,sai o godi bamtugo bingel mai gam o heba o fofa boddum,amma bo bingel gagiri fofugo boddum,be bo chanjugo lebbi bingel man,sai o yawi o hosi bingel o yari asibiti gam be larinamo bingel mai,
Dume on chanjini bingel man lebbal?
Denbo wala aibe no bingel fofata nah?
Ko bo yauw berde walla yauw hanta dasinta bingel man fofata be bone?
Dume on alamaji kalludum je saaroji watinta hakkilo 
Dume on aagaji be wawata hokkugo bingel mo fofata be bone",http://speech-app.s3.amazonaws.com/static/audio/uploads/d41322bf-a0c6-4499-acc3-c40f67587815/f85138fdf93e7d827340b342c9888acd_iNKJQ5F2.wav,"The baby's symptoms of delayed or absent passage of meconium (stool), vomiting, and progressive abdominal distension strongly indicate a congenital intestinal obstruction, such as Hirschsprung disease or an anorectal malformation, not a chest disease. This occurs when nerve cells are missing in the colon or the anal opening is absent/narrowed, preventing normal stool expulsion. Key danger signs requiring urgent referral to a surgical center include bilious (green) vomiting, increasing abdominal distension, failure to pass meconium within 48 hours of birth, and signs of dehydration or perforation. Initial emergency management involves withholding oral feeds, placing a nasogastric tube for decompression, and giving intravenous fluids. In the community setting, immediate referral is critical, as definitive treatment is surgical; no local remedies or medications can resolve the obstruction, and delays increase the risk of fatal complications like bowel perforation.",Deepseek-v4 pro,deepseek-v4-pro
9635323b-799b-4cd6-8021-a6ffbaa45c7a,fulfulde,fulfulde,Debbo jomo redu redu man lebbi jego min ɗo windi sare gotel fuɗɗigo dow ɓernde mako do fiya be lau a vi mo timmini do go jotta wakkati fere bo o ɗo soma ko o huwai ko ɗume denbo jungo mako do hautidira sedda satiji sali sedda o lari dande mako do uppa hedi yeso sai o hutiri o do numa do kam do nder nyau damata jou redu na ko bo dum nyau fere on sai o taski yahugo lara likita gam o anda dum nyaudo. Emol hado ɗume on waddini debbo redul jodo fiyel berde be lau lau do a viya mo timmini dogugo dembo dume on sanadu uppugo dande do irin nyau do kam wawan mema maunugo bingel redu mako do na dume on alamaji kalludum je be watinta gite hasare ba irin nyamduji ko kuje yare yareji on handi o dayinta ko bo wodi je ko beddata nyamugo ha irin wakkati do.,"Debbo Jomu redu reduman lebbi jego,mindo wondi sare gotel,fuddi hirrugo do berde mako do fiya be lau lau,aviya mo timmini dongugo jotta,wakkati fere bo o do soma ko o huwai ko dume,denbo jungo mako do hautidira sedda,satiji sali sedda o lari dade mako do uppa heddi yeso,sai o hultiri,o do nummado kam do der yauwu damata jomu redu nah ko bo dum yauwu fere on,sai o taski yehugo lara likita gam andugo dume sanadu yauw do.
Yammol ha do ,dume on waddini debbo redujo do fiyal berde be lau lau do aviya bo timmini doggugo?
Denbo dumme sanadu uppugo dade do?
Denbo irin yauw do kam wawan meme maunugo bingel redu mako do nah?
Dume on alamaji kalludum je be watinta gite ha sare?
Baa Irin yamduji ko kuje yare yare ji on hadi o dayinta ko bo wodi je ko o bedda ta yammugo ha irin wakkati do?",http://speech-app.s3.amazonaws.com/static/audio/uploads/257a211a-4acf-4d33-8bb7-91688f6a9a9b/1ea100091a79bf0b747085b28fca44eb_bEahFB2U.wav,"This presentation of rapid heartbeat and swelling of the feet in a woman at nine months of pregnancy most likely indicates pre-eclampsia or a hypertensive disorder, which can also occur with underlying heart disease or severe anemia. Such conditions can compromise placental blood flow, leading to harm for the baby such as poor growth, preterm birth, or fetal distress, and may progress to eclampsia (seizures) in the mother. Dangerous warning signs she must watch for include severe persistent headache, visual disturbances (blurring, flashing lights, or seeing spots), pain in the upper abdomen, and a sudden increase in swelling or shortness of breath. She should avoid salty foods, caffeinated drinks, and any traditional herbal concoctions not prescribed by a doctor, while eating a balanced diet with fresh vegetables, fruits, protein, and drinking sufficient clean water. She requires immediate blood pressure measurement and urinalysis at a health facility, and must deliver under skilled care where hypertension can be managed.",Deepseek-v4 pro,deepseek-v4-pro
439a3510-6994-4c54-a354-9f8e39e17b9d,fulfulde,fulfulde,Mi hakkili ko am pertiido mo vowi fijigo be sobirabe mako sanji wakkati gotel jotta hanko tan jodata ha sudu mako kullum o acci yewtogo bo o wala fala ko vowi yidugo mi hakkili bo ko min je woni sare o yida nyamugo be amin odo nandi mo woni der bella ko chamri kala wakkati fu kadi dume on wawata latata sabulu dasugo bandu mako be sobirabe mako wawan lata metol berde on. kotorugo hakkilo on damata mo hertoi min wawata valliugo mo gam siyo mako warta be alamaji toi handi en hakkila handi o lara hokko o shawarana ko likita mo andi nyawuji berde.,"Mi hakkili miko am pertido mo vowi fijugo beh sobirabe mako canji wakkati gotel. Jotta hanko tan jodata ha sudu mako kullum. O acci yewtugo, bo owala fala ko o vowi yidugo. Mi hakkili boh ko minin jeh woni sare, oyida yamugo beh amin . Odo nandi mo woni der billa koh chomri kala wakkati fu. Kadi, dume on wawata lata sababu dasugo bandu mako beh sobirabe mako? Wawan lata mettol berde on na koh torrugo hakkilo on damata mo? Her toi min wawata vallugo mo gam seyo mako warta? Beh alamaji toi handi en hakkila? Handi o lara hokko shawara na koh likita mo andi nyawuji berde?",http://speech-app.s3.amazonaws.com/static/audio/uploads/543e4e17-d941-44de-9941-31053b439bff/5772c7694127b69c21dfd7539161b906_4ZadKFma.wav,"The child's persistent withdrawal from peers, loss of interest in play, refusal of family meals, and seeming weakness are concerning signs that point toward a depressive disorder, a common but treatable mental health condition. In our setting, such symptoms can stem from psychological distress and should not be dismissed as mere stubbornness. I recommend prompt evaluation by a clinician experienced in mental health, such as a psychiatrist or a trained psychiatric nurse at a general hospital. They will assess for underlying medical issues and initiate appropriate talk therapy or medication, both of which are effective and locally available. Early treatment greatly improves the chances of the child returning to his normal self and reconnecting with family and friends.",Deepseek-v4 pro,deepseek-v4-pro
98e022a6-3280-419c-b6d4-0f2396fedf7b,fulfulde,fulfulde,Dada ɓingel fere ɗo dami hala keccel mako mo mari laru je tati bei nange ɓingel mai pijal boɗɗum amma to jemma waɗi sai o fuɗɗa tari tari mai ɗo ummina keccel man daga ɗo yiɗi mako bo keccel mai wokan diga ɓawo ha iri kala jamma ɗo dada mai lari ɓingel man ɗo fufa be lau bo ɗo habda fofa mai ma dada mai kasi danugo ngam o hutiri defadira waɗi dada mai hakkilri ɓingel mai sali musun. fijugo no o vowi sai o yari keccel mai ha likita ngam o yiɗi o anda ɗume on haddi sitta tari man bo ko waɗi o ɗo fofa be bone bo o anda iri kala lekki toi e wannata bingel man lamɗol am ko watata ɓingel petel tari sosai be jemma bo hada bingel man fufugo boɗɗum wawan wada tari be bonede fofugo man alamutu ɗume bei ɗume wawata wadugo ha sare heɓa keccal man ɗaana boɗɗum jemma.,"Daada ɓingel fere ɗo daami hala kechel mako mo mari lewru jetati. Be naange, ɓingel mai fijan boɗɗum, amma to jemma waɗi se o fuɗɗa tari. Tari mai ɗo ommina kechel man diga ɗoiɗi mako, bo kechel mai wokan diga ɓawo. Ha iri kala jemma doh, dada mai laari ɓingel man ɗo fofa be law bo oɗo habda fofa mai ma. Dada mai kaasi ɗaanugo gam o hulturi. De fajira waɗi, dada mai hakkili lari ɓingel mai sali musunugo bo o sali fijugo no ovowi, se oyaari kechel ha likita gam oyiɗi o anda ɗume on haddisitta tari man bo ko waɗi oɗo fofa be bone bo o'anda iri kala lekki toi ewannata ɓingel man. Lamnɗol am: ko watata ɓingel peetel taari sosay be jemma bo haɗa ɓingel man fofugo boɗɗum? Waawan waɗa taari be boneeɗe foofugo man alamu huttu? Ɗume be ɗume ewaawata waɗugo ha saare heɓa kechel man ɗaana boɗɗum jemma?",http://speech-app.s3.amazonaws.com/static/audio/uploads/613d2683-85de-4c67-9096-827184b2ebdd/5ae6765e8eade4159e4f5137883c57e1_NHp9iyFv.wav,"The child's symptoms are classic for an inguinal hernia, where a loop of intestine protrudes through a weakness in the groin, causing a swelling that appears or enlarges with crying and straining, especially at night. This can cause significant pain and restlessness due to intermittent trapping (incarceration) of bowel. At home, you can attempt gentle reduction by lying the child flat and applying steady, gentle pressure on the swelling while the child is calm; if it reduces, the crying should ease and the child can sleep. However, if the swelling is firm, tender, not reducible, or the child vomits, it is a surgical emergency requiring urgent hospital referral to prevent strangulation. Definitive cure is a herniotomy, a brief and safe surgical procedure available at district hospitals, which prevents life-threatening complications. Do not use herbal pastes or massages, as these delay life-saving treatment and risk infection.",Deepseek-v4 pro,deepseek-v4-pro
662d0f80-5975-44c8-b91f-e79e040b4d70,fulfulde,fulfulde,Rawandu ngati bingel bandan dubi mako je didi rawandu mai gati mo be yahi ha gargajiya goddo gargajiya ta’i babal mai sai wati lekki fere inde majum abboro amma jonta babal rawandu mai gati fuddi vurtungo dammutore bo ɗuti en yacci ɓe yara mo asibiti pusani iri kala ri ɓe wannata bingel ɗo o wawan heɓugo ngam rawandu mai ko da rawandu mai ɗo dama bo iri safande toi hani a wanna bingel petel ɗo mawandu mai wannai mo il fere ha bandu mako.,"Rawaandu ngati ɓingel ɓanɗam. Duɓi mako je ɗiɗi. De rawaandu mai gati mo, eyehi ha gargajiya, goɗɗo gargajiya ta'i babal mai se wati lekki fere inde majum 'aporo'. Amma jonta, babal rawandu mai gati fuddi vurtungo namputere bo ɓuti. En yechi ɓe eyara mo asibiti. Useni, iri kala lirore toi ewannata ɓingel ɗoh? Owawan heɓugo wuttaandu gam rawaandu mai, ko da rawaandu mai ɗo daama? Bo iri safande toi haani ewanna ɓingel peetel ɗo? Maandu rawaandu mai wannai mo illa fere ha ɓandu mako.",http://speech-app.s3.amazonaws.com/static/audio/uploads/d32f5e72-b75a-438a-aaa1-0f3e49e2ad25/d1317d919f7ad32aa7e02bea784f5e2e_254txzZC.wav,"The child's wound is infected due to the traditional cutting and application of non-sterile substances, which introduces bacteria and increases the risk of tetanus. Immediate hospital care involves cleaning the wound, draining any pus, and starting appropriate antibiotics for the infection. Tetanus immunization with both the vaccine and immunoglobulin is essential because the unsterile procedure creates a high-risk entry point for tetanus bacteria, and a child this age may not be fully vaccinated. Proper dressing with medical-grade materials like silver sulfadiazine cream for burns or simple sterile gauze will support healing, while avoiding further traditional remedies. The healing depends on controlling the infection and providing good nutrition; with proper medical care the wound should recover, though scarring may occur.",Deepseek-v4 pro,deepseek-v4-pro
7af2af64-2808-4bf4-a259-49c62c4a9b64,fulfulde,fulfulde,Debbo darnajo ɗo jogi ɓingel mako de o lari zazzabi nangi gal mai non non tan fuɗɗi dimbugo bingal mai do wada jinl wala der hakkilo irin nyautoi hebi bingel dadalgu sumdo be irin hakkulungo hakkilinta bingal do.,"Debbo jarmaajo do jogi bingel mako , de olaari zaszabi nangi gel , bingel mai nonnon tan fuddi dibbugo .Bingel mai do wada jindol owal der hakkilo . Irin yeu toi hebbi bingel daada  musunoddo do? Be irin hakkulingo toi hakkilinta bingel do?",http://speech-app.s3.amazonaws.com/static/audio/uploads/4e944aa2-b594-4fe7-bac1-5709e3f206d4/445167f8000db8be0f36ff93faaad782_UdH9lVGh.wav,"The presentation of a pregnant woman with acute fever and sudden convulsions most commonly suggests either eclampsia (if accompanied by hypertension and proteinuria) or severe malaria with cerebral involvement, both prevalent in our setting. Immediate blood pressure measurement and a rapid diagnostic test for malaria, along with urine dipstick for protein, are essential to distinguish the cause. Convulsions can reduce uterine blood flow and oxygenation, placing the fetus at high risk of distress, brain injury, or stillbirth. Urgent management includes securing the airway, administering magnesium sulfate for suspected eclampsia or intravenous artesunate for confirmed severe malaria, and controlling seizures. Fetal monitoring should commence as soon as the mother is stable, with delivery expedited if there are signs of fetal compromise or if eclampsia persists.",Deepseek-v4 pro,deepseek-v4-pro
05d40662-2ac2-4b71-88a4-87bf41b6ca15,fulfulde,fulfulde,Dada mu suno bingel mako kuma o do larani bandu bingel do wula wakkati bo da lori vi o yidda saali o yi bandu bingal mai gabaki daya tid sai o faddi bo o anda ko daya bol mako do mabbi. Gam kujeji ɗiyam ɗo vurtina mo ha hunduko kuma ɓingal mai wawata maɗa kala nyiri fu jotta oɗo ema elkita ko irin ɗo o maran nyauɗo maran dama kuma be irin nyau ganɗi ko o wawan o heɓa batal. Koje gargajiya be sabulu gargajiya ɗon ɓe naftirinta ɓingel be iri nyauɗo ha vurti.,"Daada musunoodo, hirliti bingel mako kuma odo laara ni bandu bingeldo, dowula wakatigo . Daada lori vi oyi bawoo awaa sedda saali oyi bandu bingel mai gabaakidaya tiidii se o faddi. Bo o anda ko leebol mako do mappi, gam kujeeji diam do vurtinamo ha hunduko. Kuma hingel mai wawata moda kala yiiri fu.
Jotta odo ema likita ko irin yeu do maran daama, kuma be irin yeu toi ga nandi, ko owaawan oheba  baatal koje gargajiya be sabulu gargajiya don be nefartirinta bingel be irin yewu do, ha lenyol o furti.",http://speech-app.s3.amazonaws.com/static/audio/uploads/505092e3-9608-4beb-98d8-d8aeb0a16945/88f1715c0c0a0e58e1d81a3b7eabeb44_DKJjG7gE.wav,"Based on your description, the child is experiencing fever with focal seizures (stiffening on one side of the body), followed by loss of consciousness, drooling, and inability to swallow. This is a medical emergency most likely indicating severe malaria (cerebral malaria) or acute bacterial meningitis, both common life-threatening childhood illnesses in our region. The use of traditional herbal concoctions and soaps, which are often applied to ""draw out the illness,"" is ineffective against these serious infections and can cause aspiration or poisoning, delaying proper treatment. The child urgently needs immediate hospital referral for intravenous antimalarials, antibiotics, and anticonvulsants to prevent brain damage, aspiration pneumonia, or death. Please take the child to the nearest health facility immediately; do not waste time with home remedies.",Deepseek-v4 pro,deepseek-v4-pro
b5f5fab7-0d62-4ff9-a947-631641f53f7c,fulfulde,fulfulde,Likita mi waddi ɓingel dubi jui be lebbi ɗiɗi kuma oɗo lebbi ɗiɗi ko sali oɗo be damuwa be fofugo saɗini mo jamma kuma o ɗo uja. ɗo ni sali dillugo mi sodini mo lekki ojjugo tibi inde magal tutolin chuld o yardi gora gotel amma ɗojugo mai dillai kuma har jotta ɗo be jemma ɗo saɗini mo mi wanni mo je tibi. Amma be vi wawan o wala nyau tibi ɗum likita ɗume on waddata ɓingel duɓi jui heɓa ittugo wala acca ɗum be kuma ɗume on waddata ɓingel dubi jui heba damuwa fofugo daker ɗo be tamma.,"Likita miwaddi by bingel dubu jew be lebbi didi , kuma odo be banin ko lebbi didi ko saali , odo be damuwa be foofugo do sadinimo jamma, kuma odo ojja kullum kullum. Hojjugo dooni salli dillugo. Mi soodi nimo lekki dojjugo TB, inde maagal Tutolin Children . O yardi goora gootel amma dojjugo mai dillai.kuma har jotta do dojjugo be jamma do sadinimo.
Mi wanni mo goji je TB, amma bevi wawan owala yeewu TB do.
Likita, dume don waddata bingel dubi jew heba hojjugo wala accha do, be kuma dume on waddata bingel dubi jew heba damuwa foofugo daker do be jamma?",http://speech-app.s3.amazonaws.com/static/audio/uploads/1c2be1aa-bad0-4e1e-8c37-84158acde31c/b0096cbd1874092b64c5f55c71ef46fc_PfUWaCPY.wav,"A 2-year-old child with a 2-month history of nocturnal cough and breathing difficulty requires systematic evaluation. The first priority is to rule out tuberculosis by taking a full TB contact history, checking growth, performing a chest X-ray, and sending a gastric aspirate or induced sputum for a rapid molecular test like GeneXpert MTB/RIF. If TB is confirmed, enroll the child in community-based DOTS with weight-banded pediatric fixed-dose combinations as per national guidelines; never treat empirically. For the wheezing and nighttime distress, consider asthma or viral-induced airway hyperreactivity and trial inhaled salbutamol via a metered-dose inhaler with spacer, observing for reversibility. Avoid relying on one dose of an over-the-counter cough syrup, as it does not address the underlying cause. Close follow-up and nutritional support are essential while awaiting test results.",Deepseek-v4 pro,deepseek-v4-pro
92caf330-cd8d-4af6-a332-4392a0684822,fulfulde,fulfulde,Inde ame ɓawo lebbi ɗiɗi ko saali ɗo militina gorko amofugo mako da dedai ba sam be odo ista akai akai banda ma odo babellaji ko habe saunde odo isla akai akai ni bofugo daidai o hokka. Ɗo waɗa ta’a be oɗo isla to oɗo solaji wodi ko je min waɗata heɓa hefta ko waɗata ɗotugo ɗo be isugo ko julde ha pellel mari solaji ko ɓandu mako ɗon. Chanta waɗata ɗum fe’a irin lekki toi ɗon o naftirta hofugo mako hota dedai be kuma o wawan o joɗa belɗum ko ha o woni fu.,"Inde am Mrs Akinleye, bawo lebbi didi ko saali do, mi hirliti nii gorko am, foofugo mako da daidai ba sam sam. Be odo isla akai akai , bandam odo babel sollaji ko ha be saa ta hunde. Odo isla akai akai ni bo foofugo dai dai do hokka mo bone. Foofugo mako do wada ta’a be odo isla to odoo pellel churde ko sollaaji. Wodi goji min wadata heba hefta ko waddata hojjugo do be islugo? Ko joode ha pelel mari sollaaji do waddata dum, ko bandu mako don chanjata wadata dum fe’a?
Irin lekki toi don o naftirita, foofugo mako hoota daidai be kuma owaawan ojooda peldum ko ha o woni fuu?",http://speech-app.s3.amazonaws.com/static/audio/uploads/958360c8-f3ce-4ba2-b455-3643aae6e790/49f615cddaa3661c794eed71f7b98358_ZwOT7vF9.wav,"This presentation strongly suggests congestive heart failure, likely from long-standing hypertension or cardiomyopathy. Immediate management includes sitting the patient upright to ease breathing and starting a loop diuretic like furosemide to reduce fluid overload and swelling. Restrict salt intake and monitor daily weight. Investigate for underlying causes such as hypertension, rheumatic heart disease, or ischemic heart disease with available tests like ECG and chest X-ray. Refer for echocardiography and specialist care, but initial diuresis with careful potassium monitoring can provide rapid relief.",Deepseek-v4 pro,deepseek-v4-pro
1a300999-4afc-406c-b8f9-db90c98bf7f7,fulfulde,fulfulde,Mayi ɓingel mako mo ɗo wondi be mako tun o dayi ɓingel hakkunde ɓawo tati ɗum waɗi rufata ɓawo dayugo bo rufa be robe sembe nda dedai ma o yiini fu ɓingel mako ɗo laɓi juɗe koste yeso. Tou ɗo tauna ɓandu ɗo wuli amma ha dar ɓalle tati ɗo ko sari ɗo kosɗe mako be juɗe mai fu ɗo fewi bo o ɗo somi somini sosai bo wala ko o wawata waɗugo kanjum waɗi o waddi mo sibiti heɓa. Likita lara ɓandu mako o yami ko wawan likita mai lotai babel mingel mai joɗata boɗɗum ko kanjum waddata rufugo iyam sembe mai bo otori likita mai vindina mo batal ko lekki je darnata iyam mai heɓa dada mai lornita sembe mako wawa hakkina ɓingel. ,"Maama yi’i bingel mako,mo odo wondi be mako tun o dayi bingel, hakkunde bawo tati dum wadi, eyam rufata bawo dayugo, o rufa belau be sembe da daidai ba. Oyi’i ni fuu bingel mako do laapi , judde, koste, yeeso, nofuru fuu do laapi. Odo ta dewna bandu bo owuli. Amma ha der balle tati ko saali do koste mako be juude mai fu doo feewi. Bo odo sommi sommi ni sosai bo wala ko o waawata wadugo. Kanjum wadi o waddimo sibiti heba likita laara bandu mako. Oemmi ko wawan likita mai lootai babel mingel mai joodata boddum, ko kanjum waddata rufugo eyam sembe mai.
Bo otori likita mai vindimo baatal ko lekki je darnata eyam mai, eba daada mai lornita sembe mako waawa hakkilina bingel mako.",http://speech-app.s3.amazonaws.com/static/audio/uploads/9d732eb6-fb7a-42c0-8736-8c3dbb646e26/baa51d6b97df04c44e663e70c4dc6d29_3Ul3VDrg.wav,"This presentation suggests secondary postpartum hemorrhage, likely due to retained placental fragments or uterine subinvolution, causing severe anemia. The doctor prescribed tablets, which are most likely uterotonics (such as misoprostol) to contract the uterus and stop bleeding, along with oral iron supplements to correct the anemia and restore her strength. The low blood level (hemoglobin) explains her profound weakness, pale extremities, and inability to care for her baby. She must complete the course, rest, and eat iron-rich foods, and return promptly for re-evaluation if bleeding persists or weakness worsens. Follow-up is essential to confirm resolution and ensure maternal recovery for safe childcare.",Deepseek-v4 pro,deepseek-v4-pro
1169dfcc-d852-4ad0-98bc-fcc9c05621ab,fulfulde,fulfulde,Myari sobajo amre dubi mako sappo e je tati gam o nasti dango bo wakkati wadi den yotti sibiti mai be hosi mo be godi mo ko handi fu be tawi sembe iyam mako va’i ko handi ni fu be wadan o do danyugo. Oɗon ni har ɓawo aawa sappo e ɗiɗi gorko mako dayai likita en sauri debbo mai o jaɓa ɓe wanna mo sis gam o ɗo der danugo ɗo ni sobajo am saali sam o fiwai o yidi dango baroɓe ibrani enta daga ɓawo o danyi bingal ɓawo aawa sappoi. O ɗo dergo o danyi ɓingel debbo e jamu ko ma min yettore Allah amma ko hirni amni amin ɓingel ɗo wala fofa boɗɗum be dimbi akai akai mari wuji bandu bingel ɗo o kini amma fofugo wartai dede har dotta be yawi be hokki mo. Oksid likita usini bingel do hisanna be to o hisi o wartan bingal ma wori na fore na,"Mi yari sobaajo am reduujo , mo duubi mako sappo e je tati, gam o nasti dayugo bo wakati wadi . Dai min yotti sibiti mai, be hosimo bo begodimo ko haadi fu, be tawi sembe eyam mako va’e. De bawadi ko haadini fu be wada . Odo der dayugo. Odon nii har bawo awa sappo e didi. Gorko mako dayai, likita en sauri debbo mai ojaba be wanna mo CS, gam odo der dayugo do neebi .
Sobajo am salli sam , ovi wai oyidi dayugo ba roobe ibrani’en dayata .
Dagabawo o dayi bingel, bawo awaa sappo e didi o do der dayugo. Odayi bingel debbo e jamun, kuma minyettore Allah. Amma ko hilni amin bingel do wala foofa boddum. Be dimbi akai akai, marri , wugi bandu bingel do. Owooki ni amma foofugo warta deedai har jotta.
Be yawi be hokkimo oksijin.
Likita, Useni, bingel do hisan na? Be to o hisi, o wartan bingel mo woodi naafoore na?",http://speech-app.s3.amazonaws.com/static/audio/uploads/3d266846-2143-40e8-9ce7-edd23e4b7d32/d4b1cfe7adcbf7518f4312ae01331c3a_PDX1kSVB.wav,"The adolescent mother likely had eclampsia/severe pre-eclampsia with prolonged labor, placing the newborn at high risk for birth asphyxia and early-onset neonatal sepsis. The baby's difficult breathing and subsequent deterioration despite oxygen suggest respiratory distress syndrome or meconium aspiration with superimposed infection. Immediate management must include continuous oxygen to maintain saturation above 90%, and starting intravenous broad-spectrum antibiotics (e.g., ampicillin plus gentamicin) after taking blood cultures. Also closely monitor blood glucose, temperature, and ensure gentle handling with kangaroo mother care if stable. If the baby's condition continues to worsen, urgently refer to a facility with neonatal intensive care for possible CPAP or mechanical ventilation.",Deepseek-v4 pro,deepseek-v4-pro
4d31877b-469d-4301-9932-75fd852d6b19,fulfulde,fulfulde,Rewo ɓingel mo hakkilinta ɓingel petel herti ɓingel o hakkilinta mai dakka fofata den bo fofugo bingal mai da dedai ba bingal do da keel don ba je be sakkini al ha dango kuma na bingal be yiwata be diyam pewdum. Ɗum waddata ɓingel petel fofata da kerɗo be ɗofugo mai hoi nai mo bana nane ɗume min waɗata do hala ɗo.,"Reenodo bingel mo hakkilinta bingel petel, hirliti bingel o hakkilinta mai daker foofata, denbo foofugo bingel mai da dedai ba.
Bingel do da chekkel don ba je be sakkiniel ha danugo, kuma naa bingel beyiiwata be diyam paudum.
Dume don waddata bingel petal foofata daker do be dojjata akai akai, bo kwadi foofugo mai hoyinai mo bana naane? Dume minwadata do halaa do?",http://speech-app.s3.amazonaws.com/static/audio/uploads/1c6a2b57-3053-4415-9727-917ed9722ce8/7c72ff04903a2a067085df6696d31fe2_ploEzH89.wav,"This presentation suggests neonatal respiratory distress likely due to congenital pneumonia, transient tachypnea, or sepsis. I would immediately ensure a warm environment and clear the airway by gentle suctioning of the mouth and nose. If oxygen is available, start at 2–4 L/min via nasal prongs to maintain saturation above 90%. Given the frothy sputum and cyanosis, I would administer the first dose of intramuscular ampicillin and gentamicin after checking for any contraindications. If the facility cannot provide continuous monitoring, I would urgently refer the baby to a higher-level center with incubator and respiratory support.",Deepseek-v4 pro,deepseek-v4-pro
4d31877b-469d-4301-9932-75fd852d6b19,fulfulde,fulfulde,Rewo ɓingel mo hakkilinta ɓingel petel herti ɓingel o hakkilinta mai dakka fofata den bo fofugo bingal mai da dedai ba bingal do da keel don ba je be sakkini al ha dango kuma na bingal be yiwata be diyam pewdum. Ɗum waddata ɓingel petel fofata da kerɗo be ɗofugo mai hoi nai mo bana nane ɗume min waɗata do hala ɗo.,"Reenodo bingel mo hakkilinta bingel petel, hirliti bingel o hakkilinta mai daker foofata, denbo foofugo bingel mai da dedai ba.
Bingel do da chekkel don ba je be sakkiniel ha danugo, kuma naa bingel beyiiwata be diyam paudum.
Dume don waddata bingel petal foofata daker do be dojjata akai akai, bo kwadi foofugo mai hoyinai mo bana naane? Dume minwadata do halaa do?",http://speech-app.s3.amazonaws.com/static/audio/uploads/1c6a2b57-3053-4415-9727-917ed9722ce8/7c72ff04903a2a067085df6696d31fe2_ploEzH89.wav,"Place an oral airway immediately to keep the mouth open, as newborns are obligate nasal breathers and bilateral choanal atresia can cause life-threatening respiratory distress. An adapted feeding nipple with the tip cut out (McGovern nipple) can be secured in the mouth to maintain the airway while awaiting definitive care. Feeding must be done via an orogastric tube to prevent aspiration, since milk regurgitates through the nose as described. The infant requires urgent referral to a tertiary hospital with ENT surgical capacity for transnasal endoscopic repair. This condition is a neonatal airway emergency, and delay in securing a patent airway risks hypoxic brain injury or death.",Deepseek-v4 pro,deepseek-v4-pro
4d31877b-469d-4301-9932-75fd852d6b19,fulfulde,fulfulde,Rewo ɓingel mo hakkilinta ɓingel petel herti ɓingel o hakkilinta mai dakka fofata den bo fofugo bingal mai da dedai ba bingal do da keel don ba je be sakkini al ha dango kuma na bingal be yiwata be diyam pewdum. Ɗum waddata ɓingel petel fofata da kerɗo be ɗofugo mai hoi nai mo bana nane ɗume min waɗata do hala ɗo.,"Reenodo bingel mo hakkilinta bingel petel, hirliti bingel o hakkilinta mai daker foofata, denbo foofugo bingel mai da dedai ba.
Bingel do da chekkel don ba je be sakkiniel ha danugo, kuma naa bingel beyiiwata be diyam paudum.
Dume don waddata bingel petal foofata daker do be dojjata akai akai, bo kwadi foofugo mai hoyinai mo bana naane? Dume minwadata do halaa do?",http://speech-app.s3.amazonaws.com/static/audio/uploads/1c6a2b57-3053-4415-9727-917ed9722ce8/7c72ff04903a2a067085df6696d31fe2_ploEzH89.wav,"The infant you describe shows danger signs: severe respiratory distress with chest in-drawing and neck retractions, cough, vomiting, and a sunken fontanel indicating dehydration. This presentation suggests severe pneumonia or bronchiolitis with dehydration, possibly complicated by sepsis or meningitis. Immediate referral to a health facility with oxygen and intravenous therapy is critical. While arranging transport, keep the child warm, clear the airway, and if the child is breastfeeding, continue; give oral rehydration solution by spoon if able to swallow. Administer the first dose of a recommended antibiotic like intramuscular ampicillin (or benzylpenicillin) plus gentamicin, as per Nigeria’s Integrated Management of Childhood Illness guidelines, and monitor breathing closely.",Deepseek-v4 pro,deepseek-v4-pro
4d31877b-469d-4301-9932-75fd852d6b19,fulfulde,fulfulde,Rewo ɓingel mo hakkilinta ɓingel petel herti ɓingel o hakkilinta mai dakka fofata den bo fofugo bingal mai da dedai ba bingal do da keel don ba je be sakkini al ha dango kuma na bingal be yiwata be diyam pewdum. Ɗum waddata ɓingel petel fofata da kerɗo be ɗofugo mai hoi nai mo bana nane ɗume min waɗata do hala ɗo.,"Reenodo bingel mo hakkilinta bingel petel, hirliti bingel o hakkilinta mai daker foofata, denbo foofugo bingel mai da dedai ba.
Bingel do da chekkel don ba je be sakkiniel ha danugo, kuma naa bingel beyiiwata be diyam paudum.
Dume don waddata bingel petal foofata daker do be dojjata akai akai, bo kwadi foofugo mai hoyinai mo bana naane? Dume minwadata do halaa do?",http://speech-app.s3.amazonaws.com/static/audio/uploads/1c6a2b57-3053-4415-9727-917ed9722ce8/7c72ff04903a2a067085df6696d31fe2_ploEzH89.wav,"This child shows signs of severe respiratory distress, including difficulty breathing, inability to lie down, and possibly grunting or chest indrawing. These symptoms suggest a life-threatening condition such as severe pneumonia or acute bronchiolitis, which are common in young children and require urgent medical care. You must take the child to the nearest hospital or health center immediately for oxygen therapy, appropriate antibiotics, and expert evaluation. While on your way, keep the child in an upright position to ease breathing and ensure nothing obstructs the airway. Do not delay, as this situation can worsen rapidly without proper treatment.",Deepseek-v4 pro,deepseek-v4-pro
4d31877b-469d-4301-9932-75fd852d6b19,fulfulde,fulfulde,Rewo ɓingel mo hakkilinta ɓingel petel herti ɓingel o hakkilinta mai dakka fofata den bo fofugo bingal mai da dedai ba bingal do da keel don ba je be sakkini al ha dango kuma na bingal be yiwata be diyam pewdum. Ɗum waddata ɓingel petel fofata da kerɗo be ɗofugo mai hoi nai mo bana nane ɗume min waɗata do hala ɗo.,"Reenodo bingel mo hakkilinta bingel petel, hirliti bingel o hakkilinta mai daker foofata, denbo foofugo bingel mai da dedai ba.
Bingel do da chekkel don ba je be sakkiniel ha danugo, kuma naa bingel beyiiwata be diyam paudum.
Dume don waddata bingel petal foofata daker do be dojjata akai akai, bo kwadi foofugo mai hoyinai mo bana naane? Dume minwadata do halaa do?",http://speech-app.s3.amazonaws.com/static/audio/uploads/1c6a2b57-3053-4415-9727-917ed9722ce8/7c72ff04903a2a067085df6696d31fe2_ploEzH89.wav,"The presentation suggests severe acute malnutrition with kwashiorkor (edematous malnutrition), likely complicated by ascites and respiratory distress due to fluid overload or infection. Immediate management requires admission and stabilization following WHO protocols: assess for hypoglycemia, hypothermia, dehydration, and severe infections, then begin cautious feeding with starter F-75 therapeutic milk to prevent refeeding syndrome. Treat any identified infections with broad-spectrum antibiotics, and manage breathing difficulty with oxygen and gentle diuretic use only if clearly overloaded, avoiding aggressive IV fluids unless in shock. Always adhere to the ten steps of routine care, including correction of micronutrient deficiencies, careful rehydration with low-sodium oral rehydration solution (ReSoMal), and sensory stimulation. Refer for inpatient nutritional rehabilitation with psychosocial support, as the child's caregiving role may have contributed to inadequate dietary intake, ensuring family education on proper weaning and follow-up.",Deepseek-v4 pro,deepseek-v4-pro
4d31877b-469d-4301-9932-75fd852d6b19,fulfulde,fulfulde,Rewo ɓingel mo hakkilinta ɓingel petel herti ɓingel o hakkilinta mai dakka fofata den bo fofugo bingal mai da dedai ba bingal do da keel don ba je be sakkini al ha dango kuma na bingal be yiwata be diyam pewdum. Ɗum waddata ɓingel petel fofata da kerɗo be ɗofugo mai hoi nai mo bana nane ɗume min waɗata do hala ɗo.,"Reenodo bingel mo hakkilinta bingel petel, hirliti bingel o hakkilinta mai daker foofata, denbo foofugo bingel mai da dedai ba.
Bingel do da chekkel don ba je be sakkiniel ha danugo, kuma naa bingel beyiiwata be diyam paudum.
Dume don waddata bingel petal foofata daker do be dojjata akai akai, bo kwadi foofugo mai hoyinai mo bana naane? Dume minwadata do halaa do?",http://speech-app.s3.amazonaws.com/static/audio/uploads/1c6a2b57-3053-4415-9727-917ed9722ce8/7c72ff04903a2a067085df6696d31fe2_ploEzH89.wav,"The child's symptoms of fever, vomiting, bulging fontanelle, and cloudy cerebrospinal fluid strongly indicate acute bacterial meningitis. Immediate management includes starting empiric intravenous antibiotics without delay, such as ceftriaxone (or ampicillin plus gentamicin per local guidelines), after collecting blood cultures if possible. Seizures should be controlled with anticonvulsants like diazepam or phenobarbital, and supportive care with fluids and close monitoring is essential. A cloudy CSF typically confirms the diagnosis and warrants completing a full course of antibiotics. Early treatment is critical to reduce mortality and prevent neurological complications.",Deepseek-v4 pro,deepseek-v4-pro
4d31877b-469d-4301-9932-75fd852d6b19,fulfulde,fulfulde,Rewo ɓingel mo hakkilinta ɓingel petel herti ɓingel o hakkilinta mai dakka fofata den bo fofugo bingal mai da dedai ba bingal do da keel don ba je be sakkini al ha dango kuma na bingal be yiwata be diyam pewdum. Ɗum waddata ɓingel petel fofata da kerɗo be ɗofugo mai hoi nai mo bana nane ɗume min waɗata do hala ɗo.,"Reenodo bingel mo hakkilinta bingel petel, hirliti bingel o hakkilinta mai daker foofata, denbo foofugo bingel mai da dedai ba.
Bingel do da chekkel don ba je be sakkiniel ha danugo, kuma naa bingel beyiiwata be diyam paudum.
Dume don waddata bingel petal foofata daker do be dojjata akai akai, bo kwadi foofugo mai hoyinai mo bana naane? Dume minwadata do halaa do?",http://speech-app.s3.amazonaws.com/static/audio/uploads/1c6a2b57-3053-4415-9727-917ed9722ce8/7c72ff04903a2a067085df6696d31fe2_ploEzH89.wav,"The child's umbilical swelling that bulges with crying and flattens when pressed is a common, usually harmless umbilical hernia. However, the vomiting of whitish fluid, fever, and hot body are not caused by a reducible hernia alone and indicate a separate infection, such as gastroenteritis, malaria, or a urinary tract infection. These symptoms risk dehydration and require urgent medical evaluation at a health facility. Do not apply tight binders, coins, or traditional straps to the hernia, as this can damage the skin and fail to treat the underlying illness. Bring the child to the hospital immediately for proper diagnosis and treatment.",Deepseek-v4 pro,deepseek-v4-pro
4d31877b-469d-4301-9932-75fd852d6b19,fulfulde,fulfulde,Rewo ɓingel mo hakkilinta ɓingel petel herti ɓingel o hakkilinta mai dakka fofata den bo fofugo bingal mai da dedai ba bingal do da keel don ba je be sakkini al ha dango kuma na bingal be yiwata be diyam pewdum. Ɗum waddata ɓingel petel fofata da kerɗo be ɗofugo mai hoi nai mo bana nane ɗume min waɗata do hala ɗo.,"Reenodo bingel mo hakkilinta bingel petel, hirliti bingel o hakkilinta mai daker foofata, denbo foofugo bingel mai da dedai ba.
Bingel do da chekkel don ba je be sakkiniel ha danugo, kuma naa bingel beyiiwata be diyam paudum.
Dume don waddata bingel petal foofata daker do be dojjata akai akai, bo kwadi foofugo mai hoyinai mo bana naane? Dume minwadata do halaa do?",http://speech-app.s3.amazonaws.com/static/audio/uploads/1c6a2b57-3053-4415-9727-917ed9722ce8/7c72ff04903a2a067085df6696d31fe2_ploEzH89.wav,"During a febrile seizure, you must never insert objects into the child's mouth or give water, as this can cause choking or aspiration. The child's current difficulty breathing with nasal discharge suggests possible aspiration of water or a foreign body into the airway, which requires urgent medical attention. Place the child on their side, clear any visible object only if safe to do so, and rush immediately to the nearest hospital for assessment of airway obstruction and possible aspiration pneumonia. For future seizures, simply lay the child on their side in a safe space, time the seizure, and do not restrain or put anything in the mouth; after it stops, treat the fever with paracetamol and tepid sponging, and seek medical review for the underlying infection.",Deepseek-v4 pro,deepseek-v4-pro
7be603c9-1850-4693-b2d6-1b7b07387ab2,fulfulde,fulfulde,Debbo fere danyi keccal ha asibiti amin fajiri ɗo dango mai hokkai mo sam o danyi wala damuwa nebai sam ɓawo o dayi min lati leppol min wanni mo ɓuli sofni be iyam ɓawo minti seɗɗa debbo ɗo o naftiri be leppol fere kanjum mai fu hebbini be iyam. Nyidai sam debbo fuddi nanugo wala sembe bo iyam mai do rufa sosai sali darugo dane on waddata rufugo iyam ɓawo danugo dume watta darna iyam mai ko wawan lata bingel fere don hader redu debbo ɗo ɗume on waddi rufugo iyam sembe daratado ba je debbo do. Duem wawata min wanna debbo ɗo iyam mai dara irin batal ko lekki toi nafu ɗo be min tura debbo ɗo asibiti manga na ɗon ko min wawata min wanna debbo ɗo je darnata iyam mai.,"Debbo fere dayi chekkel ha sibiti amin fajiri do. Dayugo mai hokkai mo bone sam, odayi wala damuwa. Nebai sam bawo o dayi min laari leppol min wanni mo buli, sofni be eyam.  Bawo minti sedda debbo do naftiri be leppol fere, kanjum mai fu hebbini be eyam. Nebai sam debbo fuddi nanugo owala sembe bo eyam mai do rufa sosai sali darugo. Dume don waddata rufugo eyam bawo dayugo ? Dime watta darna eyam mai? Ko wawan laata bingel fere don ha der reedu debbo do? Dume don waddi rufugo eyam sembe darata do ba je debbo do? Dume min wawata min wanna debbo do, eyam mai dara? Irin baatal ko lekki toi naftirint debbo do , be min tura debbo do sibiti manga na , ko don ko min wawata min wanna debbo do je darnata eyam mai?",http://speech-app.s3.amazonaws.com/static/audio/uploads/5dac9a38-8c55-48c0-a42e-db2f494830ab/586a9bb6daab0fb5d9630e9ae6621d65_2VpNAeQX.wav,"This is likely primary postpartum hemorrhage, commonly due to uterine atony. Immediately begin fundal massage and administer oxytocin 10 IU intramuscularly or infuse 20 IU in 500 mL normal saline, plus misoprostol 800 micrograms sublingually if available. Check for retained placental fragments or a second undelivered twin by examining the uterine fundus and performing a controlled vaginal exploration. If bleeding persists, apply bimanual uterine compression and expedite urgent referral to a higher-level facility with surgical capacity. Secure intravenous access, start crystalloid fluids, and arrange blood transfusion if possible, as her weakness suggests significant blood loss.",Deepseek-v4 pro,deepseek-v4-pro
d37bde49-8a16-485c-90d5-613f7fad7712,fulfulde,fulfulde,Duɓi am sappan e tati e ɗiɗi nyiɓai mi dayi je ɗiɗi ko sali ɗo on midayi mi heriti dou to miɗo musina keccal am ɗo yarnama bani musungo to o musini seddani sei o itta hunduko mako to mi habdi musungo mo fahin sei o musina seɗɗa o itta hunduko sei ko haɗi mo musungo boɗɗum sei mirriti o ɗo mari damba wala fufa boɗɗum bana ɓingel. banninta pofɗe mako mi yecci dada gorko am o vima den ɗo daya ndiyam nati hore keccel man on ko kuje fere amma bo minti hore mako kam likita en handi ɓe anda min ko ɓuri pusungu amɓerde maanjum on o wala hara boɗɗum ɗo dama ambo hakkilo am wala wala musina be boɗɗum sam sai to mi waɗi sembe to miɗi o musina. Sai to mi vindini mo o musina seɗɗa to fottini mo miɗi mi’ama dow sabo pewol man je o wala fofa be boɗɗum ɗo bofi fu ɗo nanda bana kine mako ɗo sukki bo hanjum on waɗi wala musina boɗɗum.,"Dubi am sappan e tati e didi. Nebai mi danyi, Balde je didi ko sali mi danyi. Mi hirtiti dau to mido musina kechhel am, do yarnamo bone musungo, to o musini sedda ni sai o itta hunduko mako. Toh mi hapdi musungo mo fahin sai o musina sedda o itta hunduko. Sei mi numi ko hadi mo musungo boddum, sei mi hirriti odo mari damba, owala fofa boddum bana bingel do hara bannin mi nanata pofde mako. Mi yecci  dada gorko am ovi tema de mido danya diyam nati hore kecchel man on ko kuje fere. Amma bo mi numi to diyam nasti hore mako kam, likita en handi beh anda. Min ko buri pusun go am berde ma hanjum on no owala hara boddum. Do dama am boh hakkilo am walai. Owala musina beh boddum sam. Sai toh miwadi beh sembe to miyidi o musina. Sai toh mi findini mo o musina sedda to fottini mo. Miyidi mi ema dau sababu pewol man jeh owala fofa beh boddum boh de o fofi fuu do nanda bana kine mako do sukki boh hanjum on wadi owala musina boddum. ",http://speech-app.s3.amazonaws.com/static/audio/uploads/840dabfc-6d8b-4a62-8077-5fe36c517b4a/4a8cbcc916138f5a8a753eb6c39bd2f3_f8CvbIoJ.wav,"This history suggests a breast abscess that has burst, creating a chronic, painless wound (mammary fistula). The severe initial pain, infant refusing the breast, and a discharge after squeezing point to an infection that has now partially drained. The absence of redness and ongoing mild sensation without severe pain are concerning for a slow-growing infection such as tuberculous mastitis, which is common in our setting and often lacks typical inflammation. It is crucial that you immediately visit the hospital for a proper examination, a sample of the wound discharge for culture, and a chest X-ray to rule out tuberculosis. In the meantime, keep the wound clean with boiled and cooled water, continue breastfeeding from the unaffected breast, and stop applying traditional leaves as they can introduce more germs.",Deepseek-v4 pro,deepseek-v4-pro
c60e851f-8a94-4b7e-aeeb-d8836133b45b,fulfulde,fulfulde,Debbo ɗo danyi ha sibiti meɗen lebbi jego ko sali o wari sibiti man be gorgo mako ha o danyi ɓingel marɗo lebbi jego mai wardi be mako jonta dada ma waɗi bayani do o hefti ɓingel man ɗo ɗojja balɗe sappo e tati yahugo sappo e nai ko sali o vi bo o ɗon no hokka mo lekki damba hiddeko ɗojugo man fuɗɗa o vi ɗo jere man halli on daga kiya. taci ko fuddi amma harturti o vide o musini mo fu odo hokka mo lekki ndiyam je dargo je be sorata je dojugo do je o dinki hokkugo bingel man do yara vi daga keya dojugo man turti je har yotti bingel man wala wawa fofa be boddum sosai bana pofde man do ta’a on do yaha dow je palas kala wakkati. Ɓe hultiri hanjum madi ɓe waddi mo sibiti meɗen jotta e mol am ha ɗo hanjum on min wawan min hokka debbo ɗo ko vallata mo be ɓingel ɗo ha sare na larugo no pofɗe mako ta’ata be ɗojere ɗo min vindina be lekki dojugo na ko en wadda go jego je dow ɓingel man hiddeko min hokka mo lekki ko batir.,"Debbo do danyi ha sibiti meden lebbi jego ko saali. Owari sibiti man beh gorko mako haa o danyi bingel mardo lebbi jego mo be wardi beh mako jonta .
Dada man wadi bayani dau o hirriti bingel man do dojja balde sappo-e-tati yehugo sappo-e-nai ko saali.
Ovi bo o donno hokka mo lekki damba hiddeko dojjugo man fudda. 
Ovi dojjere man halli on daga keya. Balde tati ko fuddi amma har turti.
Ovi de o musini mo fu, odo hokka mo lekki diyam jeh der gora- jeh be sorrata jeh dojjugo do- jeh o dingi hokkugo bingel man do yara.
Ovi daga keya dojjugo man turti jeh har yotti bingel man wala wawa fofa beh boddum, bo daami am sosai.
Bana pofde man to ta’a on do yaha dau jippa les kala wakkati fu. 
Beh hultiri hanjum wadi beh waddi mo sibiti meden. 
Jotta emol am hado hanjum on; min wawan min hokka debbo do ko vallata mo beh bingel do ha saare na? Larugo no pofde mako ta’ata beh dojjere do?
Min vindina be lekki dojjugo na? Ko en wada gwaje-gwaje dau bingel man hiddeko min hokka mo lekki ko bate?",http://speech-app.s3.amazonaws.com/static/audio/uploads/8bf9f4d8-ae8e-4625-9c88-f23cc5d70fe7/970b50df7a2e36e0d728c0229754f252_tsVjfEld.wav,"This infant has severe dehydration from persistent diarrhea, evidenced by a sunken fontanelle and profound weakness; therefore, immediate intravenous rehydration with Ringer’s lactate is the life-saving priority, not oral medicine alone. After emergency stabilization, treat the diarrhea with daily zinc sulfate for 14 days, continue breastfeeding, and give low-osmolarity ORS to replace ongoing losses. Strongly counsel the mother to stop applying any traditional substances to the fontanelle, as this carries a high risk of infection and provides no benefit. The history of a traditional herbal mixture (“damba”) before the diarrhea worsened suggests possible infectious or toxic enteritis, so consider a stool culture and appropriate antibiotics only if blood or mucus appears. At discharge, teach the mother how to monitor the fontanelle and recognize danger signs (lethargy, sunken eyes, inability to drink) to seek immediate care early.",Deepseek-v4 pro,deepseek-v4-pro
ca38ef49-d081-48fe-90af-041267c847c9,fulfulde,fulfulde,Min nyii goto nder rewɓe amin marɓe redu be gorko mako fajil ɗo vis jabur mako be ɓawo mako ɗo nawa be wakkatil mako waɗai fu min emi mo redu mako lebbi noi on o vi lebbi jego be balɗe sedda on min to ɗo nawa mo jotta na ko ɗo wara dilla on sai o vi ɗon jotta sei min emi mo to o larini. Ndiyam ko iyam na ɗo vi o lare ndiyam be iyam min emi mo ko bingel man je lamba noi on bo redu man je noi on vi amin on je arande emol min mari likita man hanjum on do alama debbo yotti on na o fukkiri on na ko hunde fere on min wawan min yarta debbo man dilla ɓe wanna mo koji nder redu wato sk. ngam min anda ko fe’ata na.,"Min yi goto der rewbe Amin marbe redu beh gorko mako fijjiri doh, ovi les jaburu mako beh bawo mako do nawa, beh wakkati daigol mako yottai fuu. Min emimo redu mako lebbi noi on? Ovi lebbi jego beh balde sedda on. Min emimo toh do nawa mo jotta ko do wara dilla on, sei ovi do nawa mo jotta. Sei min emimo toh olari diyam ko iyam, ovi olari diyam beh iyam. Min emimo bo bingel man jeh lamba noi on, bo redu man jeh noi on? Sei ovi hanjum on je arande. Emol min marni likita men hanjum on ; do alama daigol yotti onna, o fukkiri na, ko hunde fere on?
Min wawan min yerba debbo man dilla beh wanna mo gwaji der redu Wato scanning gam min anda ko fe’ata na?",http://speech-app.s3.amazonaws.com/static/audio/uploads/35e5444a-92ee-48b3-94f4-bbcce744cccc/50eb25d9c93460bd13d7650d59a556b4_QfKim7Pf.wav,"This presentation suggests labour with a high-risk complication, possibly placental abruption given the constant pain and fresh bleeding. The fluid leak confirms membrane rupture, and the continuous severe pain with blood raises concern for foetal distress. Immediate transfer to a facility with surgical capacity is critical for maternal and foetal survival. A caesarean section may be required if vaginal delivery is not imminent or if foetal heart rate is abnormal. Do not delay, and ensure the woman is transported urgently with close monitoring of vital signs and bleeding.",Deepseek-v4 pro,deepseek-v4-pro
5d55e7bb-831c-4364-81e4-fb2f7cac2000,fulfulde,fulfulde,titi lola daga ɓandu bingel am do fita diuna bingel man wala wawa wailita dande mako sam don nanda ma bana dande bingel man metatatata wailutuggo gite wore bingel man wawata mabbutuggo dume on wawata godda zazzabi do be bo ko hadata dande mako golto handi mi wanna mo heba mi anda sabo zazzabi man be ko hadata dande mako watuggo jawabu toy be yeccata men je ko woyla bandu bingel man je wadata zazzabi be ko hadata mako wanko.,"Inde am Titilola. Daga keya, bandu bingel am do wuli, odo fiita diwna.
Bingel man wala wawa wailita dande mako sam. Do nanda ma bana dande bingel metata wailutuggo. Gite wore bingel man wawata mabbutuggo. Dumejum on wawata wadda zazzabi doh beh bo ko hadata dande mako wailutuggo? Gwal toi handi mi wanna mo heba mi anda sababu zazzabi man beh ko hadata dande mako wailutuggo? Jawabu toi beh yeccata men jeh ko woni der bandu bingel man jeh waddata zazzabi beh ko hadata dade mako wailutuggo?",http://speech-app.s3.amazonaws.com/static/audio/uploads/2a7e9671-a183-4eeb-8e39-ab9c3c41583d/0f404b61a6cd74e458bf719ec8dcbeb3_iEoktNLt.wav,"The symptoms described—fever, inability to open the mouth (trismus), foul-smelling breath, and generalized body stiffness—are classic for neonatal tetanus. This condition is caused by neurotoxin from Clostridium tetani, often entering via an unhygienically cut umbilical cord. Immediate management requires intravenous tetanus antitoxin, antibiotics like metronidazole, wound care of the cord stump, and supportive care in a quiet, dark room to control spasms. Prevention is achieved through maternal tetanus toxoid vaccination during pregnancy and clean delivery practices. Urgent referral to a hospital with intensive care capability is essential for survival.",Deepseek-v4 pro,deepseek-v4-pro
097c330b-fb29-4392-acc8-015bd99ac09c,fulfulde,fulfulde,Inde amtilola daga keya bandu bingel am do wuli odo fita diuna bingel man wala wawa wailita dande mako sam don nanda ma bana dande bingel man wetata waituggo yite wore bingel man wawata mabbutuggo dumejum on wawata wuda zazzabi do be ko bo hadata dande mako waituggo gol handi mi wanna mo heba mi anda sabo zazzabi man be ko hadata dande mako waituggo jawabu toy bo be yecchata men je ko woni dar bandu bingel man je waddata zazzabi be ko wadata dande mako wodi go,"Inde am Titilola. Daga keya, bandu bingel am do wuli, odo fiita diwna.
Bingel man wala wawa wailita dande mako sam. Do nanda ma bana dande bingel metata wailutuggo. Gite wore bingel man wawata mabbutuggo. Dumejum on wawata wadda zazzabi doh beh bo ko hadata dande mako wailutuggo? Gwal toi handi mi wanna mo heba mi anda sababu zazzabi man beh ko hadata dande mako wailutuggo? Jawabu toi beh yeccata men jeh ko woni der bandu bingel man jeh waddata zazzabi beh ko hadata dade mako wailutuggo?",http://speech-app.s3.amazonaws.com/static/audio/uploads/3e582d3f-71b9-4d36-b70c-095cd79016cc/482f4a329e361907ead08f7240692149_qokCpWJA.wav,"The child's symptoms of fever, red eyes, inability to close the eyes, a protruding tongue, weakness, and skin lesions that may look like ringworm strongly suggest severe acute malnutrition, particularly kwashiorkor. In kwashiorkor, protein deficiency causes edema, skin breakdown (flaky dermatosis) that mimics fungal infections, muscle wasting, and a moon-face appearance that can lead to tongue protrusion and difficulty closing swollen eyelids; fever often arises from a coexisting infection. Immediate care requires a hospital assessment for malnutrition using mid-upper arm circumference (MUAC) or weight-for-height Z-score, treatment of infections with broad-spectrum antibiotics, and cautious refeeding with ready-to-use therapeutic food (RUTF) or F-75 then F-100 milk as per WHO protocols. Vitamin A supplementation according to national guidelines and management of dehydration will also be needed. Please bring the child to the nearest health facility without delay, as severe malnutrition carries a high risk of death if untreated.",Deepseek-v4 pro,deepseek-v4-pro
1922f14d-d08e-4f00-b45c-2c3c6f46b8e5,fulfulde,fulfulde,Dada fere hakkili lari ɓingel man ɗo ɗoja je balɗi arindiri kamma pewol on ɓillata ɓerde ɓingel man den bo accan mo amma bo ɗo juko man usta ɓingel man ɗo umma kala jamma fu ngam ɗojara man wakkati go kamma ɓingel man ɗo habda bano o wala wawa fufa be boɗɗum dada man to ummini bingal man darni oɗo wawan nano ɓerde mako fiyata wakkati fufata ngam bannin ango. Ɓingel man nda ɓingel man ɗoji sosai ha gagiri mo fufugo be boɗɗum nder jamma jango man dada man tas yahugo asibiti o yiɗi o nana ko waɗi ɗojugo man fuɗɗi ko waɗi tawugo pofɗe man nden nde bo o anda hedi o wawata valliugo emwal amma ha ɗo kanjum on ɗume on wawata wadda ɗojere be tawol pofɗe ɗo banda ma be jamma. Alluhai handi ɓe hakkila be man to ɓingel man ɗo ɗoja kujeji toi handi ɓe hakkila be man ngam usta ko haɗa ɗojugo man.,"Dada fere hakkili lari bingel mum do dojja jeh balde.
Arindere kam, o tamma pewol on billata berde bingel man, den bo accan mo.
Amma bo, dojjugo man ustai. Bingel man do umma kala jamma fu gam dojjere man. Wakkati go kam ma bingel man do hapda bana o wala wawa fofa beh boddum. Dada man toh ummini bingel man darni, odo wawa nana no berde mako fiyata wakkati o fofata. Gam bannin, danugo beh jamma do yarna bingel man bone. De bingel man dojji Sosai ha gagiri mo fofugo beh boddum der jamma, jango man dada man taski yahugo asibiti. Oyidi o anda ko wadi dojjugo man fuddi, ko waddi ta’ol pofde man, dende bo o anda hedi o wawata vallugo. Emol am hoda hanjum on: dume on wawata wadda dojjere beh ta’ol pofde do, banda ma beh jamma? Kuje kalludum toi handi beh hakkila beh man toh bingel man do dojja? Kujeji toi handi beh hakkila beh man gam usta ko hada dojjugo man?
",http://speech-app.s3.amazonaws.com/static/audio/uploads/2a7e9671-a183-4eeb-8e39-ab9c3c41583d/0f404b61a6cd74e458bf719ec8dcbeb3_AZyiHPA6.wav,"This child's symptoms—nighttime cough with wheezing (""pofɗe""), vomiting after coughing fits, and a sensation of rapid heartbeat and breathlessness after standing or running—strongly suggest asthma that was triggered by a recent viral cold. Nocturnal worsening and exercise-induced symptoms are classic features of airway hyperresponsiveness. In our community setting, the initial management includes removing triggers (smoke, dust, strong odors) and using a salbutamol inhaler with a spacer, if available, which is the most cost-effective reliever. For long-term control, a low-dose inhaled corticosteroid or oral montelukast following local guidelines can reduce airway inflammation and prevent these severe episodes. I would also examine the child for signs of tuberculosis or gastroesophageal reflux, which can mimic asthma, but given the clear viral prodrome and typical pattern, asthma is the most likely diagnosis.",Deepseek-v4 pro,deepseek-v4-pro
2eafca32-8cb0-4b65-afd7-f00db2a06c8a,fulfulde,fulfulde,Roowo ɓingel lari ɓingel mai ɗo ɗodda sosai naudum har karshe doddugo bingel none don wadata dotugo ha bingel bannin tan har karshe doddugo mai wala fufa boddum da kerdake fofata goji dume be dume be wawata be wanna bingal to borade toi min hokkata mo be kuma chawara tokkata reo bingal mai.,"Renoodo bingel lari bingel mai do dojja sosai naudum, har karshe dojjugo mingel nonnon tan foofugo daker.
Toh dume don waddata dojjugo ha bingel banni tan, har karshe dojjugo mai wala foofa boddum daker daker foofata? Goji dime be dime bewawata bewanna bingel mai? Choboraade toi min hokkata mo? Be
Kuma shawara toi hokkata renoodo bingel mai?",http://speech-app.s3.amazonaws.com/static/audio/uploads/384e1111-4dbf-4bbf-84f0-ed4ff7510e0f/d12396cc9b636a29e3344b6b9418a17e_r275y4Of.wav,"Based on your description, the child likely has a widespread itchy rash with secondary bacterial infection (impetiginization), commonly caused by scabies in our setting. First, confirm the diagnosis; if you see burrows, especially between fingers, treat all household members with topical 5% permethrin cream or 25% benzyl benzoate lotion applied overnight from neck to toes, repeating after one week. For the oozing sores, clean gently with saline and apply topical mupirocin or gentian violet twice daily to prevent sepsis. Keep the child’s nails trimmed short to avoid further skin damage, wash all bedding and clothes in hot water, and maintain good hygiene. If the condition does not improve within seven days or if fever develops, return immediately for a full examination and possible oral antibiotics.",Deepseek-v4 pro,deepseek-v4-pro
af16b3f3-84a4-4de3-a2ea-7bc14114dc24,fulfulde,fulfulde,nonon tan min lari debbo rediyo je sibiti amin wari fajjiri do o wari be naudum sosai o do woka be sembe odo jogi bawo mako be redu mako gam nodum o nanata bawo minti jetati yahugo sappo ha dar sudu danyugo min waddi mo min lari mo min tawi bingel do jippa. Pellel sam o yiɗi ɓinngel debbo to min waddini min waɗini ko haandi fuu en waɗata ɓaawo redu jobay ni min hoosi daada bee ɓinngel maako min yari bee hasudu ɓe siwta ndee seɗɗa sey dada man nyoniya o yecci amin o ɗo nana o walaa. O nana osomi gite mako o yi'ata laɓɗo o vi' amin ogodi nyamugo ɓawo o danyi amma da kek o heɓi o nyami be nyiri mai wala jippa boɗɗum har jotta oɗo ɗaana o wala sembe be o fuddi nanugo gelo on feɗi bannin ko iyam vurti ha mako sosai o wala iyam o handini ko o handi ni. Kilungo iyam ko ɗume wa nanta mo min hokka mo iyam na ko min hokka mo nyiri.,"Nonnon tan min lari debbo redujo je sibiti amin wari fajiri do. Owari be naudum sosai, odo wooka be sembe, odo jogi baawo mako be reedu mako gam noudum onanata. Bawo minti je tati yahugo sappo hader sudu 
dayugo min waddimo. Min larimo mintawi , mingel do jippa pellel danugo Dee. Nebai sam o dayi mingel debbo.
Toh min wadi ni kohaadi fu enwadata bawo redugo dayi .
Napai ni min hosi daada be bingel mako, min yari be haa sudu be suitata.
De nebi sedda, sai daada mai yooni amin , o yechi amin odonana o wala sembe, osomi , gite mako oyiyata labdum.
Ovi amin fu ogodi yamugo bawo o Dayi, amma dakar o hebi o yammi, Be yiiri mai wala jibba boddum.
Har jotta odonana o walaa sembe be ofuddi nanugo giilol . 
Dime on fedi bannin? Ko eyam vurti ha maako sosai, owala eyam. Ohadinika pillunko eyam. Ko dime bewadantamo? 
Min hokkamo eyam na?
Ko min hokkamo yirri?
",http://speech-app.s3.amazonaws.com/static/audio/uploads/4af59541-4b5a-442d-8676-4e2d66831773/c12052a2e9a926a6ce3a09d372ea0123_dow87MSR.wav,"This woman likely has severe postpartum anemia from hemorrhage during or after delivery, indicated by her extreme weakness, dizziness, blurred vision, pallor, and loss of appetite. In such symptomatic cases, a blood transfusion is necessary to rapidly restore her oxygen-carrying capacity, as food and oral iron alone cannot quickly correct severe blood loss. Before transfusion, a hemoglobin check should guide the decision (typically if less than 7 g/dL or if symptomatic), and the blood must be screened for infections like HIV and hepatitis given local risks. While preparing for transfusion, give intravenous fluids if hypotensive, start oral ferrous sulfate and folic acid, and encourage small, frequent, nutrient-rich meals once she can eat. Transfer to a higher facility immediately if safe blood is unavailable or if she deteriorates further.",Deepseek-v4 pro,deepseek-v4-pro
