audio_id,language,subset,question,reference,url,model_answer,requested_model,model_id
a921421a-5a74-4099-b2ff-7e857fd1d354,english,good_english,"A mother gave birth to a newborn two weeks ago. She started seeing blood little by little on her body. However, as the days went by, she noticed that something like the stomach and blood were coming out. Sometimes the mother of the child is different, and she has a neck that is not good. And she knows that the mother of the child usually has pains in her lower abdomen. And every time she sees these signs, her heart gets confused. She walks Wonder if it was something among the common problems after childbirth or another problem. One day when she went to the hospital and was talking to other mothers, she heard that they should not downplay any changes they see in their bodies. This made her seek a doctor to talk to them. My question is, what can cause such a thing after childbirth? Can pain in the lower abdomen be a sign of a disease? What are the signs that this new Mother should be careful of after childbirth. What are the steps that the mother needs to take to prevent this disease?","A mother gave birth to a newborn two weeks ago. She started seeing blood little by little on her body. However, as the days went by, she noticed that something like the stomach and blood were coming out. Sometimes the mother of the child is different. And she has a neck that is not good. And she knows that the mother of the child usually has small pains in her lower abdomen, and every time she sees these signs, her heart gets confused. She wondered if it was something among the common problems after childbirth or another problem. One day when she went to the hospital, and was talking to other mothers, she heard that they should not downplay any changes they see in their bodies. This made her seek a doctor to talk to them. My question is, what can cause such a thing after childbirth? Can pain in the lower abdomen be a sign of a disease? What are the signs that this new mother should be careful of after childbirth? What are the steps that the mother needs to take to prevent this disease?",http://speech-app.s3.amazonaws.com/static/audio/uploads/d376f16d-8a40-477f-86c0-22c5e7c0fabe/af6ace06eb9c166ea21d14b725dfe032_ikQsvTqh.wav,"The symptoms describe potential complications ranging from normal healing (lochia) to more serious issues like endometritis or retained placental tissue, which cause abdominal pain and unusual bleeding. Lower abdominal pain two weeks postpartum can indicate uterine infection (endometritis), signs of hemorrhage, or incomplete uterine involution, requiring immediate clinical assessment. New mothers must vigilantly monitor for alarming signs such as a rising fever, foul-smelling discharge, severe uncontrolled bleeding, or increasing abdominal pain. To prevent complications, maintain strict wound hygiene, continue uterine rest as advised, and crucially, attend all scheduled postnatal check-ups. Never downplay heavy spotting or unusual discharge, as prompt medical evaluation rules out serious conditions efficiently.",Gemma4-E4B (Ollama),gemma4:e4b
48eb67dd-3ea9-4e95-9aeb-6f739d5c047b,english,good_english,"My name is Mrs Akinleyeg. For about the past two months, I have noticed that my husband's breathing has not been normal at all. He also sneezes repeatedly, especially whenever he is in a dusty environment or in a place where something is being fried. He sneezes repeatedly and finds it difficult to breathe properly. His breathing becomes labored and he tends to sneeze whenever he's in places with smoke or dust. Is there any test that can be carried? out to determine exactly what is causing these symptoms, could staying in dusty places be the cause, or is his body system changing in a way that is making this happen, what type of medication can he use so that his breathing will become normal and comfortable at all times, wherever he may be.","My name is Mrs. Akinleye. For about the past two months, I have noticed that my husband's breathing has not been normal at all. He also sneezes repeatedly, especially whenever he is in a dusty environment or in a place where something is being fried. He sneezes repeatedly and finds it difficult to breathe properly.

His breathing becomes laboured, and he tends to sneeze whenever he is in places with smoke or dust.

Is there any test that can be carried out to determine exactly what is causing these symptoms? Could staying in dusty places be the cause, or is his body's system changing in a way that is making this happen? What type of medication can he use so that his breathing will become normal and comfortable at all times, wherever he may be?",http://speech-app.s3.amazonaws.com/static/audio/uploads/5c2b47ff-934e-40c4-b5b5-432f28b0e0d2/d4efc0e2708246ed472102cdf3811037_ASnp9s1f.wav,"The symptoms strongly suggest allergic rhinitis and probable mild, irritant-induced asthma, where the body is reacting to common environmental allergens/irritants like dust and smoke. We should begin with a thorough physical examination, and if possible, perform a Spirometry test to measure lung function, while an allergy test can pinpoint specific triggers. For immediate relief, using a nasal steroid spray and an inhaled bronchodilator (like salbutamol) when symptoms flare up is crucial. Lifestyle modifications must include minimizing exposure to smoke and dust, which is the primary cause of his labored breathing. Consistent use of these medications, guided by a proper diagnosis, will help manage his symptoms and stabilize his breathing comfortably.",Gemma4-E4B (Ollama),gemma4:e4b
193bc635-2a7a-48d4-a2a1-d80de70d3f1b,english,good_english,"We saw one of our pregnant women early this morning along with her husband. She said that she has severe pain in her abdomen and her back is also aching even though it is not yet up to her delivery date. We asked this lady how many months pregnant she is and she said it is a pregnancy of six months and a few days. We then also asked this lady whether she is experiencing that pain right now. or if it comes and goes and she said she is experiencing that pain right now. Then we asked this lady whether she saw water or saw blood and she said that she saw water and blood. We then also asked this lady which number of child, which number of pregnancy is the pregnancy that is inside her and she said it is her first pregnancy. Our question for our doctor is Could this sign point to signs of labor or a sign that the pregnancy is damaged, miscarriage or another sign? Can we tell this lady to go and do an internal photo examination which we call a scan to know what is happening?","​We saw one of our pregnant women early this morning along with her husband, she said that she has severe pain in her abdomen and her back is also aching, even though it is not yet up to her delivery date. We asked this lady how many months pregnant she is, and she said it is a pregnancy of six months and a few days. We then also asked this lady whether she is experiencing that pain right now or if it comes and goes, and she said she is experiencing that pain right now. Then we asked this lady whether she saw water or saw blood, and she said that she saw water and blood. We then also asked this lady which number of child, which number of pregnancy is the pregnancy that is inside her, and she said it is her first pregnancy. Our question for our doctor is,could this sign point to signs of labor, or a sign that the pregnancy is damaged (miscarriage), or another sign? Can we tell this lady to go and do an internal photo examination which we call a scan to know what is happening?",http://speech-app.s3.amazonaws.com/static/audio/uploads/0d76b810-cd58-4c7b-bbaa-14e1db431104/2bd4ee05cdcf559317294ce081a41a2e_cWWA0Fbu.wav,"This presentation is highly concerning and requires urgent, comprehensive assessment for preterm labor, placental abruption, or a cervical issue. The combination of severe pain, vaginal bleeding, and fluid leakage demands immediate investigation beyond just an ultrasound scan. We must first perform vital signs, check for signs of infection, and assess the cervix manually during an internal physical examination. While a scan is necessary to assess fetal well-being, fluid index, and placental health, the immediate priority is to rule out acute bleeding or infection. Therefore, the lady needs immediate triage, stable monitoring, and a thorough physical examination *before* and alongside the scan.",Gemma4-E4B (Ollama),gemma4:e4b
f5841173-3fa3-4104-943b-1116a20e44f2,english,good_english,"A mother who has three children. Meju is the junior child. Meju is a 1-year-old child. Meju's mother noticed that just a few days after childbirth, Meju has had a cough illness and has been coughing continuously without stopping at all. She said she also noticed that it is difficult for her to breathe well. She said this cough appears mostly in the evening when everyone has gone. She said her breath is also difficult to breathe well because this cough does not allow her to breathe in and out properly. She said she has been to the herbalists and has given her herbal mixtures but she noticed that none of the herbal mixtures she used worked. She said she then decided to go to the hospital so they could find out what happened to Kweju. Can this problem be Cured for this child? Is it a chest disease or asthma that it could be for the child? What are the things that the child needs to avoid so that this problem affecting her and causing her to cough can be significantly reduced?","A mother peju who has three children, peju is the junior child. Peju is a one-year-old child. Peju's mother noticed that, just a few days after childbirth, Peju has had a cough illness and has been coughing continuously without stopping at all. She said she also noticed that it is difficult for her to breathe well. She said this cough appears mostly in the evening, when everyone has gone to sleep. She said her breath is also difficult to breathe well, because this cough does not allow her to breathe in and out properly. She said she has been to the herbalists and has given her herbal mixtures, but she noticed that none of the herbal mixtures she used worked. She said she then decided to go to the hospital so they could find out what happened to Peju. Can this problem be cured for this child? Is it a chest disease or asthma that it could be for the child? What are the things that the child needs to avoid so that this problem affecting her and causing her to cough can be significantly reduced?",http://speech-app.s3.amazonaws.com/static/audio/uploads/5ed8e0c7-30e1-442b-aaa0-81777152de9e/2a24b6a777be7016fe4491f1783f310a_bXIVt5TF.wav,"Based on the symptoms—continuous cough and difficulty breathing, especially at night—this requires immediate medical evaluation to rule out pneumonia or acute airway obstruction. While the condition could be pediatric asthma or post-infectious bronchitis, only a physical exam, possibly with a chest X-ray, can confirm the diagnosis and determine if it is an inflammatory chest condition. Symptoms of difficulty breathing can be managed with bronchodilator inhalers and proper antibiotics if a bacterial infection is suspected. To significantly reduce coughing, she must avoid exposure to smoke, wood smoke, strong perfumes, and dusty environments, as these are common triggers in our community. Regular consultation and adherence to nebulizer treatments are vital for successful management.",Gemma4-E4B (Ollama),gemma4:e4b
0429f217-2ba8-4fde-b80b-a3a545934026,english,good_english,"I'm 32 years old. I just gave birth. I just gave birth seven days ago. I noticed that if I'm breastfeeding the child, he struggles to suck the breast. If the child sucks a little bit, the child will remove his mouth. If I try to put the breast in his mouth so he can suck, he will suck again a little bit and remove his mouth. I now thought that why doesn't the child suck breasts well, I now notice. That the child has cold. He's not breathing out well, like a child snoring, that's how he sounds. I called the attention of my mother-in-law. She said maybe while we want to give birth to him, maybe water entered his head or other things. But I thought if water entered his head, the nurses and doctors ought to know if water entered the child's head. What now shattered my heart the most was the way he's not feeding well. It's given me concern and my mind is not at rest. He does not suck well at all. It's by force anytime I want to breastfeed the child. I have to wake him to suck a little. That's if he agrees to. What I want to ask is that what's the cause of the cold that he doesn't breathe well, and that any time he breathes, it will look like someone that the nose is blocked, and that what is the cause that he's not sucking breast. ","I’m 32 years old , I just gave birth , I just gave birth 7days ago , I noticed that if I’m breast feeding the child , he struggles to suck the breast , if the child suck a little bit , the child will remove his mouth if I try to put the breast in his mouth so he can suck , he will suck again a little bit and remove his mouth , I now thought that why did the child doesn’t suck breast well , I now noticed that the child has cold , his not breathing out well like a child snoring that’s how he sounds, I call the attention of my mother in law , she say maybe while we want to give birth to the child maybe water enters his head or other things but I thought if water enters his head , the nurses and doctors ought to know if water enters the child’s head , what now shattered my heart the most was the way he’s not feeding well , it’s giving me concern and my mind is not at rest , he doesn’t suck well at all , it’s by force any time I want to breastfeed the child , I have to wake him to suck a little that’s if he agrees to , what I want to ask is that what’s the cause of the cold that he doesn’t breathe well and that anytime he breathe it’s would look like someone that the nose is blocked  and that what is the cause that he’s not sucking breast well .",http://speech-app.s3.amazonaws.com/static/audio/uploads/9cc562be-c195-4c12-8c16-130f86eb5fa9/0df772cf4bd08662a32ef9f68b31cd07_Cfyaxdur.wav,"These symptoms strongly suggest that the baby’s difficulty sucking is linked to upper airway congestion and respiratory distress, rather than a deep issue like water entering the head. The noisy breathing and blocked nose sensation are most commonly due to simple nasal congestion in newborns, which makes it hard for them to coordinate sucking, breathing, and swallowing effectively. First, use saline drops and gentle bulb suctioning frequently to keep the nasal passages open, as this significantly improves feeding ability. For feeding, ensure proper positioning and encourage slow, paced breastfeeding to prevent overtiredness. However, if the congestion is accompanied by grunting, flaring nostrils, or blue lips, please seek immediate medical evaluation, as these are signs of potential respiratory distress.",Gemma4-E4B (Ollama),gemma4:e4b
5c0d4c54-a56b-4866-aaf3-9a209ad6e81e,english,good_english,"Doctor, a mother living in our house began to notice that her baby was not breastfeeding well. Whenever she tried to breastfeed the baby, the baby would suck for a little while and then stop as if exhausted. The mother also noticed that the baby did not have enough strength to breastfeed and would sweat heavily on the head and face. Not only that, the baby's breathing changed. It seems as though the baby was breathing upward and downward like someone struggling to breathe. As the days went by, the mother became increasingly worried. She wondered whether it was because the baby was not feeding enough or whether there was a problem related to the baby's breathing and sweating. Therefore, she decided to go to the hospital to see a doctor for an examination of the baby. My question is, what could cause a baby? to have difficulty breastfeeding properly. Is the way the baby is breathing a sign of any health problem? What danger signs should the baby's parents watch out for? What could cause a young child to sweat while breastfeeding?","Doctor, a mother living in our house began to notice that her baby was not breastfeeding well. Whenever she tried to breastfeed the baby, the baby would suck for a little while and then stop as if exhausted.
The mother also noticed that the baby did not have enough strength to breastfeed and would sweat heavily on the head and face. Not only that, the baby's breathing changed; it seemed as though the baby was breathing upward and downward, like someone struggling to breathe.
As the days went by, the mother became increasingly worried. She wondered whether it was because the baby was not feeding enough, or whether there was a problem related to the baby's breathing and sweating. Therefore, she decided to go to the hospital to see a doctor for an examination of the baby.
My question is: what could cause a baby to have difficulty breastfeeding properly? Is the way the baby is breathing a sign of any health problem? What danger signs should the baby's parents watch out for? What could cause a young child to sweat while breastfeeding?",http://speech-app.s3.amazonaws.com/static/audio/uploads/c130082b-c98c-4348-8ad5-65a748d7cfdb/1bd18e09502433a260e019b03c7a2a30_DaAjTsHW.wav,"The labored breathing pattern is concerning and requires immediate evaluation, as it may signal underlying respiratory distress, infection, or severe fatigue. Difficult breastfeeding often stems from poor latch, improper positioning, or simply signs of overall exhaustion, but the combination with labored breathing and profuse sweating suggests the baby is struggling significantly and needs a full physical assessment. Parents must monitor for key danger signs, including fever, lethargy, poor urine output, nasal flaring, or inability to wake up. If the baby shows any sign of worsening breathing difficulty (e.g., retractions or grunting), immediate emergency care is paramount. In the interim, continue skin-to-skin contact, check positioning for optimal latch, and ensure the baby is sufficiently warm while awaiting professional medical treatment.",Gemma4-E4B (Ollama),gemma4:e4b
47a7b745-bfa9-466f-99b2-9e9b789272f4,english,good_english,"A mother of a young child became worried about her 8-month-old baby. During the daytime, the baby plays well, but every night the baby starts coughing. The cough wakes the baby from sleep and the baby cries afterwards. On one of those nights, the mother noticed that the baby was breathing very fast and seemed to be struggling to breathe. The mother could not sleep because of fear. The following morning, she noticed That the baby did not want to breastfeed or play as before, so she decided to take the baby to see a doctor because she wanted to know what was causing the cough and the breathing difficulty and to know what medicine or treatment could be used for the baby. My question is, what could cause a young child to cough severely at night and also make it difficult for the child to breathe properly? Could the cough and the struggle Struggle to breathe properly be signs of a lung disease, what are the things that can be done at home and to help the baby become more comfortable and sleep better at night?","A mother of a young child became worried about her eight-month-old baby. During the daytime, the baby plays well, but every night the baby starts coughing. The cough wakes the baby from sleep, and the baby cries afterwards.
On one of those nights, the mother noticed that the baby was breathing very fast and seemed to be struggling to breathe. The mother could not sleep because of fear. The following morning, she noticed that the baby did not want to breastfeed or play as before, so she decided to take the baby to see a doctor because she wanted to know what was causing the cough and the breathing difficulty and to know what medicine or treatment could be used for the baby.
My question is: what could cause a young child to cough severely at night and also make it difficult for the child to breathe properly? Could the cough and the struggle to breathe properly be signs of a lung disease? What are the things that can be done at home to help the baby become more comfortable and sleep better at night?",http://speech-app.s3.amazonaws.com/static/audio/uploads/5d17fda2-a578-46e0-bfc6-5ee2baed3026/b4f40da326990dd52eec1b1d2d945b52_IIsse8wd.wav,"The nocturnal cough and tachypnea are often symptoms of airway inflammation, commonly due to viral infections like bronchiolitis or acute bronchitis, which are highly prevalent in community settings. While these signs could indicate a mild lung infection (pneumonia/tracheitis), immediate clinical assessment is needed to rule out severe conditions like croup or asthma exacerbation. Crucially, elevating the head slightly (semi-upright positioning while resting) can help minimize mucus pooling and improve breathing mechanics at night. For comfort at home, maintaining a high level of humidity (using a warm bath steam or humidifier) and ensuring frequent, appropriate oral rehydration are paramount. Always monitor for worsening signs (cyanosis, inability to wake, or refusal to drink) and seek care promptly, as oxygen sat monitoring is essential for definitive diagnosis.",Gemma4-E4B (Ollama),gemma4:e4b
ec4b4ec7-75ef-41ca-ba6f-fc5c6c69d144,english,good_english,"A woman had a baby, a child, about five months ago. She explained regarding the child that there was nothing wrong at the time she gave birth, as the baby was feeding vigorously as expected. Suddenly, she noticed that the child would cry out in pain in their arms and legs. It also reached the point where the child would call for help to get up, to crawl or to move. So as to reach their mother. Please, what can this woman do for the child to relieve the pain in the arms and legs and to ensure they don't delay their developmental milestones? Therefore the mother wants to come to the hospital with the child to see a doctor and to find out what can be done to help the child's body recover and be in a healthy state.","A woman had a baby—a child—about five months ago. She explained regarding the child that there was nothing wrong at the time she gave birth, as the baby was feeding vigorously as expected. Suddenly, she noticed that the child would cry out in pain in their arms and legs. It also reached the point where the child would call for help to get up, to crawl, or to move, so as to reach their mother. Please, what can this woman do for the child to relieve the pain in the arms and legs, and to ensure they don't delay their developmental milestones? Therefore, the mother wants to come to the hospital with the child to see a doctor to find out what can be done to help the child's body recover and be in a healthy state",http://speech-app.s3.amazonaws.com/static/audio/uploads/cb7d0ab6-f969-40eb-9258-ad4b55bd80ae/06d192550816689893b8150456523768_pBOqs4ud.wav,"Based on your description, the child's signs of limb discomfort are likely related to vigorous, normal motor exploration as they approach developmental milestones. We recommend treating this as normal musculo-skeletal activity, not necessarily pain, and can manage it at home while ensuring structured play opportunities. To relieve the discomfort, gently massage the arms and legs, ensure proper feeding and nutrition, and limit excessive, exhausting overstimulation. Bring the child to the hospital immediately if the pain is accompanied by swelling, redness, fever, or if the child refuses to bear weight or move the limbs. Otherwise, continuing balanced care and physical stimulation will confidently help guide the child towards achieving healthy milestones.",Gemma4-E4B (Ollama),gemma4:e4b
ada6aff0-d3eb-45ce-90d5-529d6308338d,english,good_english,"A wife observed that her husband has a headache, and the headache is really really bad. It's quite much to the extent that the man has a stiff neck, unable to turn it to the left or right as it ought to be. She now observed some very tiny sores which were not on the man's body before but suddenly occurred. This scared the woman that this kind of occurrence that happened to her husband. What can be the cause and what can she do? The question I asked the woman was that has her husband ever had a high fever and a kind of drug was used? She said no. Or that the man, the bed he sleeps on, what he uses as pillow. Hope it is not that he slept on the neck. The woman said no, it is not that he slept on the neck, but suddenly the headache started and it was consistent. with a stiff neck and very tiny sores around the body. If something like this happens, what can that kind of wife do to help care for her husband and he will return to his normal self?","A wife observed that her husband has a headache, and the headache is really really bad. It quite much to the extent that the man has a stiff neck unable to turn it to the left or right as it ought to be. She now observed some very tiny sores which were not on the man's body before but suddenly occurred. This scared the woman that this kind of occurrence that happened to her husband what can be the cause and what can she do? The question I asked the woman was that has her husband ever had a high fever and a kind of drug was used? She said no. Or that the man, the bed he sleeps on what he uses as pillow hope it's not that he slept on the neck the woman said no it is not that he slept on the neck but suddenly the headache started and it was consistent with a stiff neck and very tiny sores around the body. If something like this happens, what can that kind of wife do to help care for her husband and he will return to his normal self? ",http://speech-app.s3.amazonaws.com/static/audio/uploads/c1d66b1c-1f82-40b2-bdd6-48cb8098643e/af15a019b54b875a5fd6ac4eb70407c0_111HqeS2.wav,"This constellation of severe headache, neck stiffness (nuchal rigidity), and new-onset skin lesions requires *immediate* medical emergency evaluation, as it is highly suspicious for meningitis. The inability to move the neck is a cardinal sign of meningeal irritation, which demands rapid investigation to rule out bacterial meningitis, a life-threatening condition. Immediate clinical assessment must include blood work and potentially a lumbar puncture (spinal tap) to confirm the etiology and guide treatment. Until hospital care is available, keep him comfortable, limit movement, and ensure he rests in a semi-elevated position to minimize intracranial pressure. Do not delay care, as timely intravenous antibiotics are crucial for survival and recovery.",Gemma4-E4B (Ollama),gemma4:e4b
6c4ab0d8-695b-453c-b3c0-db41ba12f1f7,english,good_english,"My daughter is pregnant. She is about 24 years old. She's the one who is pregnant. This happened today. At night, I noticed that she started having pain. She had already packed her belongings and came to my house. As the pain continued, I saw that it was increasing. I gathered all her belongings and she did not initially allow us to go to the hospital. We took her to the hospital. And they examined her. They said the cervix has started to open a little and that it is almost time for delivery. Until today, the cervix is still opening until the time the baby will come out. Yesterday, the baby was still in pain that kept increasing since we arrived here. She is in pain, the baby will come out. It is her first pregnancy. I am worried and my heart is troubled. I want to save my child. I do not want to lose the baby that is coming. Please, what could be causing this pain? Is this how it usually is for first time mothers when they're about to give birth? Is it possible the baby is too big and cannot come out through the birth canal? Or is it possible they will do surgery for her?","My daughter is pregnant; she is about twenty-four years old. She is the one who is pregnant. This happened today.
At night, I noticed that she started having pain. She had already packed her belongings and came to my house. As the pain continued, I saw that it was increasing. I gathered all her belongings, and she did not initially allow us to go to the hospital.
We took her to the hospital, and they examined her. They said the cervix has started to open a little, and that it is almost time for delivery.
Until today, the cervix is still opening until the time the baby will come out. Yesterday, the baby was still in pain that kept increasing since we arrived there.
She is in pain, the baby will come out, it is her first pregnancy. I am worried and my heart is troubled.
I want to save my child, and I do not want to lose the baby that is coming. Please, what could be causing this pain? Is this how it usually is for first-time mothers when they are about to give birth? Is it possible the baby is too big and cannot come out through the birth canal? Or is it possible they will do surgery for her?",http://speech-app.s3.amazonaws.com/static/audio/uploads/d5509e58-a2b1-40ca-8b13-2b7a616524d3/bfb28059877e5a1ae852d394c0e93371_GVWpRisH.wav,"The pain your daughter is experiencing is likely due to uterine contractions—the natural muscle action that opens the cervix to allow the baby to pass. Yes, intense and increasing pain is highly normal, especially during a first pregnancy, as her uterus muscles work hard to push the baby out. While it is possible to monitor for complications like fetal or maternal distress (or shoulder dystocia), these concerns require continuous examination and are assessed by your doctors. Dismissing the possibility of an excessive baby or needing a Cesarean section (surgery) is premature, as skillful care monitors progression every step of the way. Please remain calm, trust the medical team, and let them manage the delivery according to the measured progress of the labor.",Gemma4-E4B (Ollama),gemma4:e4b
9df719ce-bc9f-44b6-bded-3077ed94da7e,english,good_english,"Good evening. I came because of my younger sibling. I noticed that their eyes and skin have a pale yellowish color and this has been going on for about three days now. Their body is also very hot, burning with a fever and they cannot eat. They cannot retain anything. In fact, they are shivering and weakened heavily. Because their head is throbbing, their head is aching and their body is burning hot. We have tried Using some things at home, we gave them but even so, there is absolutely no difference in their condition. Their eyes and skin that have that pale yellowish color, it hasn't stopped. That yellow color is just increasing day by day, and they are not at peace, they are not comfortable, they are suffering. God forbid they are really suffering. That is why I came to the hospital so we can know what to do. The steps we need to take. So that my younger siblings body, their skin, and eyes that are turning yellow will stop, and they will recover.","Good evening I came because of my younger sibling. I noticed that their eyes and skin have an airy... a pale/yellowish color. And this has been going on for about three days now. Their body is also very hot, burning with a fever, and they cannot eat. They cannot retain anything, they cannot retain anything. In fact, they are shivering/weakened heavily. Because their head is throbbing, their head is aching, and their body is burning hot. We have tried using some things at home, we gave them, but even so, there is absolutely no difference in their condition. Their eyes and skin that have that pale/yellowish color, it hasn't stopped, that yellow color is just increasing day by day, and they are not at peace, they are not comfortable, they are suffering, God forbid, they are really suffering. That is why I came to the hospital so we can know what to do, the steps we need to take, so that my younger sibling's body, their skin and eyes that are turning yellow, will stop, and they will recover.
",http://speech-app.s3.amazonaws.com/static/audio/uploads/a414aded-62b8-4fc4-929d-26b35caeb978/989e6eadd835e1b96f4e8861a07e4c4c_MrBEXoaG.wav,"Based on these severe symptoms, your sibling requires urgent admission for immediate medical workup, as the yellow skin and eyes (jaundice) combined with fever and severe weakness suggest acute liver involvement or severe sepsis. Jaundice indicates elevated bilirubin, which, coupled with fever and headache, greatly raises suspicion for acute hepatitis, severe malaria, or typhoid fever requiring urgent investigation. We must immediately monitor vital signs, perform comprehensive blood tests (including Liver Function Tests, CBC, and rapid malaria smears), and administer supportive fluids to prevent dehydration and cerebral complications. Treatment will be directed at the underlying cause—whether it's an infection, metabolic issue, or toxin—after definitive diagnosis. Please remain at the hospital, continue to manage fever with paracetamol, and follow all prescribed medical regimen until the cause of the yellowing is controlled.",Gemma4-E4B (Ollama),gemma4:e4b
022c11b7-cca9-4275-af59-e4e8ee59e43f,english,good_english,"A newborn baby that has just been delivered in our hospital about 20 minutes ago was found to appear sleepy. The baby did not cry well since being delivered. When we checked its respiration, it was fine, but the baby was asleep all through. We also checked the temperature and it was normal. Here is my question. What could cause a newborn baby to appear as if it is sleeping and not cry properly since it's Birth, also what kind of treatment will be effective for such baby, and when the mother gets home, what could she administer to the child and what she should not, and what kind of food should the mother eat to ensure that both the mother and baby will be healthy?","A newborn baby that has just been delivered in our hospital about twenty minutes ago, was found to appear sleepy. The baby did not cry well since being delivered. When we checked it's respiration,  it was fine but the baby was asleep althrough, we also checked the temperature, and it was normal. Here is my question, what could cause a new born baby to appear as if it is sleeping? And not cry properly since it's birth? Also, what kind of treatment will be effective for such baby? And, when the mother gets home, what could she administer to the child and what she should not, and what kind of food should the mother eat to ensure that both the mother and baby will be healthy?",http://speech-app.s3.amazonaws.com/static/audio/uploads/6f8d8a92-3139-406c-aa58-7761f86019a8/98e6b71ce1791edd23c66d1f3ed10ccf_s31zSAVp.wav,"The newborn's lethargy and reduced crying are often due to mild neonatal hypoglycemia, transitional anemia, or transient neonatal jaundice, which require thorough observation. Initial effective treatment involves continuous vital sign monitoring, checking blood glucose levels, and ensuring proper thermal and oxygenation support. When discharged, the mother must prioritize frequent breastfeeding (following correct latch) and ensuring the baby remains warm through skin-to-skin contact (Kangaroo Care). She should not administer any unverified herbal remedies or leave the baby unattended, and she must consume nutrient-dense foods high in protein, fluids, and iron (e.g., local leafy greens, beans, fish) to support both postpartum recovery and sufficient colostrum/milk production. Continuous follow-up and timely presentation for fever or difficulty feeding are crucial for sustained neonatal and maternal health.",Gemma4-E4B (Ollama),gemma4:e4b
95743119-c813-4c38-a346-686838409ec0,english,good_english,"A woman who lives in our house, she's employed. She does her work diligently and has no health issues. One day, while she was bathing, she felt her breast and noticed something like a small hard lump inside it. Initially, she thought it was nothing serious, but she felt it again on another day and realized it was still there. As time went on, she became very anxious. She began to worry about where This issue was developing within her breast. It wasn't painful, but the fact that the lump was hard and wouldn't go made her sad. She also started remembering stories she used to hear about girls who had lumps in their breasts. After a few weeks, she decided to go see a doctor. She wanted to know what caused the lump and what she needed to do to safeguard her health. My questions are, what can cause a hard lump in a woman's breast? Does every breast lump mean something that could lead to cancer? What other symptoms should women look out for regarding their breasts?","A woman who lives in our house, she is employed. She does her work diligently and has no health issues.
One day, while she was bathing, she felt her breast and noticed something like a small, hard lump inside it.
Initially, she thought it was nothing serious, but she felt it again on another day and realized it was still there. As time went on, she became very anxious. She began to worry about whether this issue was developing within her breast. It wasn't painful, but the fact that the lump was hard and wouldn't go away made her sad. She also started remembering stories she used to hear about girls who had lumps in their breasts.
After a few weeks, she decided to go see a doctor. She wanted to know what caused the lump and what she needed to do to safeguard her health.
My questions are: What can cause a hard lump in a woman's breast?
Does every breast lump mean something that could lead to cancer?
What other symptoms should women look out for regarding their breasts?

",http://speech-app.s3.amazonaws.com/static/audio/uploads/06473ccd-4fdc-4cd5-89cc-70e5cd9d3262/b8bed3fe34877c2aa244cf1dabae69e5_sGUaCrxc.wav,"Most hard breast lumps are benign and commonly caused by fibrocystic changes or simple cysts, which are very common, especially in younger women. While concern is understandable, remember that most lumps are *not* cancer, but a definitive diagnosis (via ultrasound and/or biopsy) is essential to rule out malignancy. Women should maintain diligent self-examinations and monitor for concerning signs, including nipple discharge (especially bloody or clear), skin changes like dimpling or redness, or sudden asymmetry. Given your history, we must proceed with proper screening to fully understand the lump's nature and guide treatment. Please do not ignore any breast changes, and regular clinical check-ups are crucial for early detection.",Gemma4-E4B (Ollama),gemma4:e4b
27ce4e55-f624-41bb-b682-93b6327818fe,english,good_english,"A pregnant woman came to the hospital this evening and explained that her husband often shouts at her and frequently beats her. She said that this has caused her to become very fearful. Many times, whenever she hears her husband is coming home or when she is about to go home, she becomes afraid because she worries that he may beat her or verbally abuse her. She also noticed that her heart often races. or pounds. She went to have her blood pressure checked and she was told that her blood pressure was elevated. She said that she sought help from her parents and explained the situation to them. As a result, her parents gave her a traditional ABA remedy  ⁇ agbo ⁇, but there was no improvement after she used it. She wants to know, what can she do so that she will no longer be overwhelmed by fear. Whenever she's going home or hears that her husband is coming, what can she use or do to help restore her peace of mind, calmness, and emotional well-being?","A pregnant woman came to the hospital this evening and explained that her husband often shouts at her and frequently beats her. She said that this has caused her to become very fearful.
Many times, whenever she hears that her husband is coming home or when she is about to go home, she becomes afraid because she worries that he may beat her or verbally abuse her.
She also noticed that her heart often races or pounds. She went to have her blood pressure checked, and she was told that her blood pressure was elevated.
She said that she sought help from her parents and explained the situation to them. As a result, her parents gave her a traditional herbal remedy (""agbo""), but there was no improvement after she used it.
She wants to know:
What can she do so that she will no longer be overwhelmed by fear whenever she is going home or hears that her husband is coming?
What can she use or do to help restore her peace of mind, calmness, and emotional well-being?",http://speech-app.s3.amazonaws.com/static/audio/uploads/407249ff-42df-4b7b-bc18-59c6db93cdfc/22315e6de3ea823f350c794823894174_6hrBhbjm.wav,"Your safety and well-being are the absolute priority, and constant fear indicates severe acute anxiety related to domestic violence, which requires more than herbs. First, establishing a physically safe space away from the abuse is paramount; please seek assistance from local women’s support groups or trusted community leaders. Since high blood pressure and palpitations are signs of chronic stress, you *must* attend regular follow-up appointments to manage your hypertension and get appropriate anxiety medication. To counter immediate fear, practice diaphragmatic breathing and grounding techniques (""name five things you see, four things you feel, etc."") to consciously activate your calming parasympathetic nervous system. Remember, while traditional remedies are helpful, structured therapy and professional medical management of your stress hormones are necessary for lasting peace of mind.",Gemma4-E4B (Ollama),gemma4:e4b
6eb74fc8-7cdc-4d4d-a06b-065c285b47a5,english,good_english,"A woman just gave birth to a newborn baby at her hospital this morning. Her delivery was very easy and she gave birth to the baby smoothly and without complications. Shortly after the woman gave birth, we observed that the pads placed under her quickly became soaked with blood and it was quite a lot. A few minutes later, the woman used another pad, yet it was also filled with blood very quickly. Before long, the woman started feeling weak and the bleeding became so heavy that it did not stop. What could be the cause of postpartum hemorrhage? What could cause the bleeding to not stop? Is it possible that a second baby remains inside this woman? Is it possible that the woman's cervix is torn? Is it possible that her uterus is failing to contract to stop the bleeding? What could cause the hemorrhage? Heavy, continuous bleeding this woman is experiencing, what steps can we take for this woman to stop bleeding, what kind of injection or medication can be used for this woman, and should we send this woman to a larger hospital or is there another procedure we can perform on this woman to make the bleeding stop?","A woman just gave birth to a newborn baby at our hospital this morning. Her delivery was very easy, and she gave birth to the baby smoothly and without complications.
Shortly after this woman gave birth, we observed that the pad placed under her quickly became soaked with blood, and it was quite a lot. A few minutes later, the woman used another pad, yet it was also filled with blood, very quickly. Before long, the woman started feeling weak, and the bleeding became so heavy that it did not stop.
What could be the cause of postpartum hemorrhage? What could cause the bleeding to not stop? Is it possible that a second baby remains inside this woman? Is it possible that the woman's cervix is torn? Is it possible that her uterus is failing to contract to stop the bleeding? What could cause the heavy, continuous bleeding this woman is experiencing? What steps can we take for this woman to stop the bleeding? What kind of injection or medication can be used for this woman, and should we send this woman to a larger hospital, or is there another procedure we can perform on this woman to make the bleeding stop?",http://speech-app.s3.amazonaws.com/static/audio/uploads/ec461994-3da0-48c5-b5f5-4f5b8a550636/ce2a3f107f1dee8ad57fb91174554434_QJwqdIdL.wav,"The most likely causes of this severe postpartum hemorrhage (PPH) are uterine atony (failure of the uterus to contract), retained placental tissue, or significant uterine/cervical tears (the '4 Ts'). Immediate management requires forceful fundal massage to stimulate contraction, simultaneously administering uterotonic agents like Oxytocin, Carboprost, or Methylergonovine to promote uterine tone. Aggressive resuscitation—including IV fluids, packed red blood cells (if available), and assessing for coagulopathy—is crucial while local measures are performed. While initial stabilization is done here, persistent, uncontrolled bleeding, hemodynamic instability, or suspected trionic complications mandate immediate transfer to a facility with blood banking capabilities. Simultaneously, the fundus must be continuously assessed, and the patient must be addressed as a potential hemorrhagic shock victim until professional intervention is secured.",Gemma4-E4B (Ollama),gemma4:e4b
0fb66f21-102e-431d-a7f0-04fd8a4b4a97,english,good_english,"A mother among the mothers who usually bring their babies for injections explained that she noticed that her newborn baby has a problem around the mouth and the baby's lips look bluish. Today, she also noticed that when she is breastfeeding the baby, the baby struggles, gasps, and finds it difficult to breathe properly. She said this is what made her worried because she does not know what Is happening to the baby. What can cause a newborn babys lips to look bluish? What can also cause a baby to struggle and have difficulty breathing while breastfeeding? Can medicine be given or should the baby be examined?","A mother among the mothers who usually bring their babies for injections explained that she noticed that her newborn baby has a problem around the mouth, and the baby’s lips look blueish.
Today, she also noticed that when she is breastfeeding the baby, the baby struggles, gasps, and finds it difficult to breathe properly. She said this is what made her worried because she does not know what is happening to the baby.
What can cause a newborn baby’s lips to look blueish? What can also cause a baby to struggle and have difficulty breathing while breastfeeding? Can medicine be given, or should the baby be examined?",http://speech-app.s3.amazonaws.com/static/audio/uploads/eb59b12a-df81-4d6d-b556-2dfd10872bb0/e65bb243e369f0ed86efeb4630a8ccca_dzDCVVum.wav,"The blueish lips (cyanosis) are a critical sign indicating low oxygen levels in the blood (hypoxemia), which could stem from cardiac defects or severe lung issues like pneumonia. The struggle to breathe while breastfeeding confirms this oxygenation deficit, as sucking requires significant respiratory effort. This baby requires immediate resuscitation and full examination of the heart, lungs, and blood oxygen saturation level. We cannot give any medicine until a thorough assessment is completed, as treatment depends entirely on the root cause. Immediate action involves physical examination while maintaining airway patency and improving oxygen delivery.",Gemma4-E4B (Ollama),gemma4:e4b
44f035d9-9f2b-4e9d-a23b-289b07f70219,english,good_english,"A pregnant woman who is 6 months pregnant and lives in her house started noticing that her heart palpitates rapidly as if she just finished running. Sometimes she gets tired without doing any work at all and her hands trembling slightly. After a few weeks, she also noticed that her neck started swelling in the front. When people began telling her that her neck looks different from before, she became very Very frightened, wondering if this is one of the illness that affects pregnant women or if it is another problem. She has now decided to go to see a doctor so they can know what is causing it. My question is, what can cause a pregnant woman ⁇ s heart to palpitate rapidly like someone who just finished running, along with her neck swelling? Can this problem affect the development of the baby inside? her, what are the warning signs they should watch out for at home, are there certain foods or drinks that she ought to avoid, or those that she should eat more of during this kind of period?","​A pregnant woman who is six months pregnant and lives in our house started noticing that her heart palpitates rapidly as if she just finished running. Sometimes she gets tired without doing any work at all, and her hands tremble slightly. After a few weeks, she also noticed that her neck started swelling in the front. When people began telling her that her neck looks different from before, she became very frightened, wondering if this is one of the illnesses that affect pregnant women or if it is another problem. She has now decided to go see a doctor so they can know what is causing it. My question is, what can cause a pregnant woman's heart to palpitate rapidly like someone who just finished running, along with her neck swelling? Can this problem affect the development of the baby inside her? What are the warning signs they should watch out for at home? Are there certain foods or drinks that she ought to avoid, or those that she should eat more of during this kind of period?",http://speech-app.s3.amazonaws.com/static/audio/uploads/1b117728-ed2c-48be-b2bf-1788a368fd3b/b65c58746e68e319f6dd309f68af179e_ypZcc7lN.wav,"These symptoms are concerning and require immediate medical testing, as they could signify anemia, electrolyte imbalance, or hyperthyroidism, rather than just normal pregnancy changes. The observed neck swelling is likely generalized edema from fluid volume shifts, but it needs to be professionally assessed to rule out thyroid pathology or cardiac issues. Initial investigations, such as complete blood count (CBC) and thyroid function tests (TSH/T3/T4), are mandatory to pinpoint the exact cause. To manage symptoms, reduce caffeine and avoid excessive salt intake, while focusing on iron-rich foods (like leafy greens and legumes) and proper hydration. Seek urgent attention if she experiences severe shortness of breath, rapid abdominal swelling, or changes in vision, as these are signs of severe cardiac distress.",Gemma4-E4B (Ollama),gemma4:e4b
ec8c9662-4d2c-48bd-818f-f9d9a2d15350,english,good_english,"A guardian of a child observed that the child is coughing intensely, till the end that the child is being abrupt and struggling to breathe well. What can cause a child to be coughing in abrupt manner, till the end that the child can't breathe well, and struggling to breathe? What kind, what can kind, what's this?","A guardian of a child observed that the child is cough intensely, till the end that the child is been abrupt and struggling to breathe well. What can cause a child to be coughing in abrupt manner, till the end that the child can't breathe well, and struggling to breathe? What can kind of test can we run for that child? What treatment can we give? And then what advice can be give to the guardian of this child? ",http://speech-app.s3.amazonaws.com/static/audio/uploads/a803a5fc-91aa-4137-88ce-fd1441a0661a/30d255e19ba4989fba43229d8c7d1b9d_jK70Co3a.wav,"I must emphasize that the child requires immediate medical assessment at clinic or hospital, as these symptoms indicate acute respiratory distress. The intense coughing, struggle, and difficulty breathing suggest significant airway narrowing, which can be caused by viral pneumonia, bronchiolitis (especially with RSV), or a severe asthma exacerbation. Alternatively, the symptoms could signal foreign body aspiration or a localized airway obstruction like croup. Clinically, this distress means airflow limitation, and we must manage the child's oxygen saturation immediately. Management involves keeping the child calm, maintaining an open airway, and administering supplemental oxygen while awaiting diagnosis to prevent respiratory collapse.",Gemma4-E4B (Ollama),gemma4:e4b
f0faac29-3025-4671-8a8d-adc9918b703d,english,good_english,"A woman brought her 3 year old child who came to the hospital for a checkup this morning. The explanation given was that when people talk to the child, he doesn't react, he doesn't respond, he doesn't look at the person talking to him, and when they call his name, he doesn't even react as if he heard anything at all. In the question we asked the woman, has the child ever had any seizure? His mother said he has never had any seizure at all. We also asked, has the child received all his immunization vaccines, the ones he should have received according to what his mother brought. The medical card we used for verification showed that it is true the child received immunization vaccines and in it we saw that the child has received all his immunization vaccines completely. My next question is, regarding this kind of situation with a child who has no seizure And who has received all their immunization vaccines completely, what kind of thing could cause such situation in such a child?","A woman brought her three-year-old child who came to the hospital for a check-up this morning. The explanation given was that when people talk to the child, he doesn't react—he doesn't respond, he doesn't look at the person talking to him, and when they call his name, he doesn't even react as if he heard anything at all.
In the question we asked the woman, 'Has the child ever had any seizures?' His mother said he has never had any seizures at all. We also asked, 'Has the child received all his immunization vaccines, the ones he should have received according to what his mother brought?' The medical card we used for verification showed that it is true the child received immunization vaccines, and in it, we saw that the child had received all his immunization vaccines completely.
My next question is: 'Regarding this kind of situation with a child who has no seizures, and who has received all their immunization vaccines completely, what kind of thing could cause such a situation in such a child?",http://speech-app.s3.amazonaws.com/static/audio/uploads/5e370cc9-fefb-462b-8d77-fe746ab674b0/7bc67ffc7e85895eb1ea0bbe4e09a55c_1SCGFhJg.wav,"This clinical presentation suggests a profound neurological or sensory deficit, necessitating an urgent and thorough workup. We must rule out acute causes first, such as hypoglycemia, metabolic encephalopathy, or central nervous system infection, as these can acutely impair responsiveness. Equally important are assessing for underlying sensory impairments, specifically severe hearing or vision loss, which could prevent the child from processing verbal cues. Developmentally, the differential diagnoses include acquired developmental delay, developmental regression, or underlying structural brain abnormalities. Therefore, immediate investigations must include complete physical examination, screening for metabolic derangements, and referral for comprehensive audiometry and ophthalmology testing.",Gemma4-E4B (Ollama),gemma4:e4b
b52c20f6-9612-47cf-af15-432a9f2fe181,english,good_english,"One of my senior siblings just gave birth to a girl few days ago. She noticed that anytime she breastfeed, she have difficulty in breathing. Sometimes the child stops sucking suddenly that the child is lifeless. One day, the mother said that when she breastfeed the child at midnight, she noticed that the child lips is already changing little by little. She was so disappointed and confused. She tried carrying the child up so that the child could breathe well. But the child have difficulty in breathing. Ha was also afraid when he saw the child having difficulty breathing and the lips changing. They quickly carried the child to the hospital for medical attention. What can the lips of a newborn child change color and is difficulty breathing when a child is sucking a dangerous sign and is heart disease or liver? Disease cause a child difficulty in breathing, what are other dangerous signs and symptoms that parents can be cautious of and what are the emergency treatments that can be given to a child that have difficulty in breathing?","One of my senior siblings just gave birth to a girl few days ago , she noticed that anytime she breast feed she have difficulty in breathing , sometime the child stops sucking suddenly like the child is lifeless , one day the mother see that when she breastfeed the child at midnight she noticed that the child lips is already changing little by little she was so disappointed and confused, she tried  carrying  the child up so that the child to breathe well but the child have difficulty in breathing , her was also afraid when he saw the child having difficulty breathing and the lips changing , they quickly carried the child to the hospital for medical attention , what can the lips of a newborn child change color and is difficulty breathing when a child is sucking a   dangerous sign and is heart disease or liver disease cause a child difficulty in breathing , what are other dangerous signs and symptoms that parent can be cautious of , and what are the emergency treatment that can be given to a child that have difficulty in breathing.",http://speech-app.s3.amazonaws.com/static/audio/uploads/5d00cd62-5c2a-47e0-ba42-88ff267e91de/8db13b3408269957a9a598446ea232bb_yDwQHmnr.wav,"These symptoms—bluish lips (cyanosis) and difficulty breathing while feeding—require immediate clinical assessment as they indicate potential respiratory distress. While these signs *can* relate to cardiac or hepatic issues, common causes include transient airway obstructions, sepsis, or lung immaturity, making a physical examination critical. Other dangerous signs include persistent grunting, sucking excessively hard, generalized sluggishness, or skin discoloration that progresses rapidly. Emergency treatment involves stabilizing breathing via appropriate oxygen support, careful suctioning, administering supportive measures, and ruling out underlying infections. Parents must take the child to the nearest hospital immediately for thorough assessment, potentially including blood tests and oxygen saturation checks.",Gemma4-E4B (Ollama),gemma4:e4b
477e4899-265d-4021-bc19-bb4df19c9a8f,english,good_english,"My family members child was bitten by a dog. He is a 7 year old child. When the dog beat him, they usually went to their traditional healer. They made an incision on the wood and applied arch marrow  ⁇ traditional preparation to it. But now, the place where the dog beat him has started producing pus and it is swollen. We explained to them that they should take him to the hospital. Please, what kind of examination can be done for this boy? Can he have rabies because of the dog even if the dog itself seems to be fine? And what kind of treatment does the boy need? Consider that the dog did not cause any further injury to his body."," My family member’s child was bitten by a dog. He is a seven-year-old child. When the dog bit him, they usually went to their traditional healer; they made an incision on the wound and applied “apọrọ” (traditional preparation) to it. But now, the place where the dog bit him has started producing pus and it is swollen. We explained to them that they should take him to the hospital. Please, what kind of examination can be done for this boy? Can he have rabies because of the dog, even if the dog itself seems to be fine? And what kind of treatment does this young boy need? Consider that the dog did not cause any further injury to his body.",http://speech-app.s3.amazonaws.com/static/audio/uploads/1896bd6d-8e15-465f-a956-51e8d21cf7b2/db482860d695eeddb8581b708ab07098_sVQ2hBsQ.wav,"The examination must assess the wound depth, surrounding cellulitis, and perform wound cultures to identify pathogens. Regardless of the dog’s current appearance, rabies prophylaxis (vaccines and potentially immune globulin) must be initiated immediately due to high risk. Treatment requires urgent wound cleaning, meticulous debridement to remove foreign material from traditional preparations, and systemic antibiotics to manage the deep infection and pus formation. Furthermore, tetanus and diphtheria boosters must be administered based on the child’s immunization history. Local care must be sterile and monitored closely to prevent systemic sepsis or osteomyelitis.",Gemma4-E4B (Ollama),gemma4:e4b
f5faec3a-6a26-47aa-9f68-bc1acf97d3d0,english,good_english,"A grandmother noticed that her child that she has been with after she gave birth about three days ago, the breathing following childbirth was heavier than normal. She also noticed that she was turning pale. Her hands, feet, face and ears were pale. She was shivering and warm. However, in the last three days, she noticed that all her feet and hands became cold and She was completely exhausted and unable to do anything. This is why she brought her to the hospital so that the doctor could examine her body. She asked directly if it was possible that the doctor did not clean her wound properly, which is causing the heavy bleeding. She also specifically requested that the doctor prescribed injections or medications to help stop this bleeding so that she can regain her strength. And they can care for our child.","A grandmother noticed that her child, that she has been with after she gave birth, about three days ago, the bleeding following childbirth was heavier than normal. She also noticed that she was turning pale; her hands, feet, face, and ears were pale. She was shivering and warm. However, in the last three days, she noticed that all her feet and hands became cold, and she was completely exhausted and unable to do anything. This is why she brought her to the hospital so that the doctor could examine her body. She asked directly if it was possible that the doctor did not clean her womb properly, which is causing the heavy bleeding. She also specifically requested that the doctor prescribe injections or medication to help stop this bleeding, so that she can regain her strength and they can care for her child.",http://speech-app.s3.amazonaws.com/static/audio/uploads/9d4233da-54eb-4f33-9a6d-6b6a001f6e27/a30c84b9fddccfdfccd23b2977478a0d_DGrD89l3.wav,"Ma, we need to assess you immediately because your symptoms—the paleness, feeling cold in the hands and feet, and extreme weakness—are signs of low blood circulating to your body. While infection and bleeding are concerns, your overall condition suggests shock, meaning your blood volume or ability to carry oxygen is dangerously low. We must check your blood pressure, vital signs, and perform blood tests to determine if you are anemic, bleeding, or both, so we can stabilize you. We will start strong intravenous fluids and medicine to boost your blood pressure and support your circulation, while also investigating the source of any bleeding. Please remain still; we are focused on stabilizing your blood flow first before giving stronger medications.",Gemma4-E4B (Ollama),gemma4:e4b
b59970de-0e5f-4001-a5db-60b6c592f38f,english,good_english,"After I gave birth and I was trying to recover, one evening I thought that since we did not have a clean water in our area, if I wanted to bath, I would always use water that is not clean all the time. I kept thinking that I should take care of myself and be breathing properly. Then, when it became one evening, my body was no longer well, I started feeling cold, and my body began to shiver every day. I was feeling cold, but my body was not well again. I noticed that the blood that was coming out after childbirth had a smell coming from there that was not good at all. The smell was much, and this had not happened before. I could not take my eyes away from it. As I got up, that was when I was coming to the hospital to ask whether the clean water that I used. to bathe could cause any illness after birth.","After I gave birth and I was trying to recover, one evening I thought that since we did not have clean water in our area, if I wanted to bathe, I would always use water that is not clean all the time, I kept thinking that I should take care of myself and be bathing properly.
Then, when it became one evening, my body was no longer well. I started feeling cold, and my body began to shiver every day. I was feeling cold, but my body was not well again. I noticed that the blood that was coming out after childbirth had a smell coming from there that was not good at all. The smell was much, and this had not happened before.
I could not take my eyes away from it. As I got up, that was when I was coming to the hospital to ask whether the clean water that I used to bathe could cause any illness after childbirth ",http://speech-app.s3.amazonaws.com/static/audio/uploads/0a245b8d-44fc-4b40-8f1c-d466598db6ba/f321e04e965b28fc20d0d6919adb9013_MGTAvaTQ.wav,"Based on your symptoms—fever, chills, and foul-smelling discharge (lochia)—you are showing signs of a serious postpartum infection, likely Endometritis, which requires immediate attention. While unclean water poses risks of secondary skin infections, the severe systemic symptoms and foul lochia strongly suggest uterine infection, allowing bacteria to enter the uterus after delivery. This condition requires clinical assessment, uterine culture, and prompt administration of broad-spectrum antibiotics to prevent sepsis. Moving forward, always request access to clean water or boil all bathing water and use clean cloths to minimize the risk of ascending infections, which is crucial for recovery. Please do not delay; managing this infection with timely treatment is essential for your full recovery.",Gemma4-E4B (Ollama),gemma4:e4b
bab7d10c-f1cb-42d6-8ccb-2d86b31e91cb,english,good_english,"I sent my son to buy a wedding for me in the neighborhood yesterday. After about 15 minutes, he suddenly came home crying. When I asked what had happened, he told me that a dog had bitten him on the leg. I asked what kind of dog it was and where it came from, but they said they did not know where the dog came from or whether it was a neighborhood dog. At that point, I Applied oil to the place where the dog beat him to neutralize the poison of the dog. Afterwards, I was advised to take him to a maternity clinic in the neighborhood. I took him there and they prescribed a tetanus injection for me to buy from a chemist. I bought the injection and it was administered to him yesterday. I have since taken him home but since yesterday, the wound has become swollen and the sorrow Surrounding area is red. I am now worried that the dog may have transmitted rabies to my child. I would like to ask whether there is any medicine I can buy for him or whether I should take him to a hospital for further treatment.","I sent my son to buy ewedu for me in the neighborhood yesterday evening. After about fifteen minutes, he suddenly came home crying. When I asked what had happened, they told me that a dog had bitten him on the leg. I asked what kind of dog it was and where it came from, but they said they did not know where the dog came from or whether it was a neighborhood dog. At that point, I applied oil to the place where the dog bit him to neutralise the poison of the dog. Afterwards, I was advised to take him to a maternity clinic in the neighborhood. I took him there, and they prescribed a tetanus injection for me to buy from a chemist. I bought the injection, and it was administered to him yesterday. I have since taken him home, but since yesterday, the wound has become swollen and the surrounding area is red. I am now worried that the dog may have transmitted rabies to my child. I would like to ask whether there is any medicine I can buy for him or whether I should take him to a hospital for further treatment.",http://speech-app.s3.amazonaws.com/static/audio/uploads/0c668338-7a3f-4708-9e25-983322c59c7f/02054e13bbc52ecf3f2ee3a25fe6fa7f_RwuF8H6b.wav,"Given the swelling and surrounding redness, you must take your child to a proper hospital immediately for assessment, as these signs suggest a serious bacterial infection (cellulitis). Regarding rabies, you require prompt evaluation for post-exposure prophylaxis, specifically ensuring the correct administration of Rabies Immune Globulin and the vaccine series, which cannot be managed solely at a clinic. Irrespective of rabies, the wound needs thorough cleaning (irrigation) and likely requires local or systemic antibiotics to manage the infection caused by the bite. Do not rely on bought medicines; a medical professional must clean the wound properly and assess the need for wound drainage. Time is critical for rabies, and thorough management of the wound infection is necessary to prevent systemic sepsis.",Gemma4-E4B (Ollama),gemma4:e4b
21679a41-d1e8-4f9c-975c-0c254def6509,english,good_english,"A mother living in our neighborhood was pregnant with her second child. At the beginning of the pregnancy, everything was going normally and she was happy that a new baby was coming. However, a few months ago, she began to experience severe lower abdominal pain. One day, the pain became so intense that she could hardly stand up properly. Shortly afterward, she also started having heavy vaginal bleeding. The bleeding was more than usual and it made her very weak. When she saw the bleeding, she became frightened that her unborn baby might be in danger. Her husband quickly assisted her to go to the hospital. My question is, what can cause severe lower abdominal pain during pregnancy? Is heavy bleeding during pregnancy a danger sign for the mother or the unborn baby? What are the signs that indicate the pregnancy may be in trouble? Is there any medication that can stop the pain and bleeding without harming the unborn baby?","A mother living in our neighborhood was pregnant with her second child. At the beginning of the pregnancy, everything was going normally, and she was happy that a new baby was coming. However, a few months ago, she began to experience severe lower abdominal pain. One day, the pain became so intense that she could hardly stand up properly. Shortly afterward, she also started having heavy vaginal bleeding. The bleeding was more than usual, and it made her very weak. When she saw the bleeding, she became frightened that her unborn baby might be in danger. Her husband quickly assisted her to go to the hospital.
My question is: what can cause severe lower abdominal pain during pregnancy? Is heavy bleeding during pregnancy a danger sign for the mother or the unborn baby?
What are the signs that indicate the pregnancy may be in trouble? Is there any medication that can stop the pain and bleeding without harming the unborn baby?",http://speech-app.s3.amazonaws.com/static/audio/uploads/8ff85dc9-143a-4778-a2ca-3f17a8fbadb7/ff848d5eb12665a7f7c6dfaacd9d3513_1DtYP1Ih.wav,"The constellation of severe pain and heavy bleeding is a medical emergency, most commonly suggesting conditions like *Abruptio Placentae* (premature placental separation) or *Placenta Previa*. Yes, heavy bleeding and severe abdominal pain are major danger signs indicating potential uterine, placental, or bleeding complications for both mother and baby. Other signs of distress include fever, constant uterine tenderness, or sudden loss of fetal movement. Because these conditions require urgent assessment and management, no medication can safely stop the bleeding or pain without first diagnosing the exact cause in a hospital setting. Immediate monitoring, blood pressure assessment, and possibly blood transfusions are essential to stabilize both the mother and the fetus.",Gemma4-E4B (Ollama),gemma4:e4b
cc2b8337-3bf5-44ef-8aac-fdb155b6d16e,english,good_english,"I brought my nine-year-old child to the hospital this afternoon. I sent the child on an errand to buy something for me in town, but a dog beat the child. When they brought the child home and explained what happened, I examined the wound where the dog beats the child and I noticed that the wound is red and already swollen. We made inquiries in the neighborhood to find out about the dog that beats the child and the dog's owner said that they are never given the dog any vaccines. They mentioned that it just goes out, plays and comes back inside. They said they have never given the dog any medical treatment whatsoever. This is why I became frightened and rushed the child to the hospital so that it wouldn't turn out that the dog that beat the child is a rabid dog. What could possibly happen to a child who has been bitten by a dog? What could happen to a wound that is Red and swollen. Is it possible for an infection like rabies to enter this wound? Is it possible for something terrible to happen to the child as a result of this dog bite? Please, what can I do to prevent an infection from entering this wound? What vaccines and medications can be used to treat this child to ensure they receive proper care? What else can we do or what medical tests can we do? We run to care for this wound where the dog beat the child.","I brought my nine-year-old child to the hospital this afternoon. I sent the child on an errand to buy something for me in town, but a dog bit the child. When they brought the child home and explained what happened, I examined the wound where the dog bit the child, and I noticed that the wound is red and already swollen. We made inquiries in the neighborhood to find out about the dog that bit the child, and the dog's owner said that they have never given the dog any vaccines. They mentioned that it just goes out, plays, and comes back inside. They said they have never given the dog any medical treatment whatsoever. This is why I became frightened and rushed the child to the hospital, so that it wouldn't turn out that the dog that bit the child is a rabid dog. What could possibly happen to a child who has been bitten by a dog? What could happen to a wound that is red and swollen? Is it possible for an infection like rabies to enter this wound? Is it possible for something terrible to happen to the child as a result of this dog bite? Please...
What can I do to prevent an infection from entering this wound? What vaccines and what medications can be used to treat this child to ensure they receive proper care? What else can we do, or what medical tests can we run to care for the wound where the dog bit this child?

",http://speech-app.s3.amazonaws.com/static/audio/uploads/9ae3c190-338a-4c52-9a24-f0cb128863bf/c7d407bd5dafed3ab467861e9dd0713c_BVDlhm1N.wav,"The red and swollen appearance suggests a high likelihood of local bacterial infection, such as cellulitis, which must be aggressively managed with thorough wound cleaning and local antibiotics. While any bite carries a risk of systemic infection, the paramount concern given the unvaccinated dog is Rabies, which requires immediate Post-Exposure Prophylaxis (PEP) protocols. We must thoroughly clean the wound with antiseptic wash (e.g., Povidone-iodine) and evaluate the child for prophylactic tetanus and the full series of the Rabies vaccine. Immediate medical intervention must include administering the Rabies vaccine and possibly Rabies Immunoglobulin, along with systemic antibiotics to prevent sepsis and deepen the wound infection. Close wound care, monitoring for fever or spreading redness, and consistent follow-up are essential to prevent this bite from turning into a life-threatening complication.",Gemma4-E4B (Ollama),gemma4:e4b
92fbb174-1bea-4dc3-9d72-2fcb44a4b6b9,english,good_english,"A 33-year-old pregnant woman who is 7 months pregnant was brought to our hospital by her neighbors. They explained that she suddenly developed severe abdominal pain and a large amount of blood began to come out from her vagina. Her body was shaking and she was crying because the pain was intense. Her family said they were afraid that something serious might happen to both the mother and and the baby. Their first question for the doctor was, what could be causing this severe abdominal pain and heavy bleeding? Their second question was, what should be done immediately for this pregnant woman? Their third question was, what investigations or tests can be carried out? Their fourth question was, what treatment is appropriate for her condition? Their fifth question was, what foods should Should this pregnant woman avoid and what hygiene measures should she observe?","A thirty-three-year-old pregnant woman who is seven months pregnant was brought to our hospital by her neighbors. They explained that she suddenly developed severe abdominal pain, and a large amount of blood began to come out from her vagina. Her body was shaking, and she was crying because the pain was intense. Her family said they were afraid that something serious might happen to both the mother and the baby.
Their first question for the doctor was: What could be causing this severe abdominal pain and heavy bleeding?
Their second question was: What should be done immediately for this pregnant woman?
Their third question was: What investigations or tests can be carried out?
Their fourth question was: What treatment is appropriate for her condition?
Their fifth question was: What foods should this pregnant woman avoid, and what hygiene measures should she observe?",http://speech-app.s3.amazonaws.com/static/audio/uploads/05e13fac-16ee-4280-bfeb-29889967329c/a33e51c5d8336a1c1b59e22c7b130320_PHLZas9t.wav,"This critical presentation strongly suggests an obstetric hemorrhage, most likely due to **Placental Abruption** or Placenta Previa. Immediately, your priority is maternal stabilization by maintaining IV access, monitoring vital signs, and preparing for possible blood loss. Necessary investigations include checking blood hemoglobin, coagulation profiles, and performing an urgent ultrasound to rule out fetal distress or uterine rupture. Management involves aggressive uterine tonics, controlled blood transfusion, and delivering the baby under controlled conditions in a skilled setting. To prevent recurrence, advise the woman on moderate activity, avoiding heavy lifting, and maintaining excellent perineal and general hygiene.",Gemma4-E4B (Ollama),gemma4:e4b
aa0adeff-d420-4e58-9449-77ff24ef1ce2,english,good_english,"My husband is 40 years old, and I suddenly noticed that for about the past three weeks, he has been drinking water excessively. The more water he drinks, the more frequently he urinates. In fact, at night, he may wake up as many as 10 times before morning just to urinate. He has also complained of feeling tired all the time. He has gained a little weight as well. Sometimes his vision becomes blurry. And he says he does not see clearly when he gets up to move around. I have noticed that he passes urine in large amounts and very frequently. What could be causing this frequent urination and excessive thirst? Why does he seem to drink so much water and then urinate so often? Could these symptoms be signs of diabetes or could they indicate something else? What type of medical tests should he undergo to determine exactly what is happening, why is he constantly tired, what causes the frequent urination, could high blood pressure cause these symptoms, or could they be due to dehydration or another condition? What kinds of foods and drinks should he avoid, and what should he be encouraged to consume? What steps should he take to help these symptoms improve? Does he need to visit a healthcare facility for testing, or is testing unnecessary? How often should diabetes screening or blood sugar testing be done, regularly or only occasionally? What medical conditions could be responsible for all these symptoms occurring in his body?","My husband is forty years old, and I suddenly noticed that for about the past three weeks he has been drinking water excessively. The more water he drinks, the more frequently he urinates. In fact, at night, he may wake up as many as ten times before morning just to urinate. He has also complained of feeling tired all the time. He has gained a little weight as well. Sometimes his vision becomes blurry, and he says he does not see clearly when he gets up to move around. I have noticed that he passes urine in large amounts and very frequently. What could be causing this frequent urination and excessive thirst? Why does he seem to drink so much water and then urinate so often? Could these symptoms be signs of diabetes, or could they indicate something else? What type of medical tests should he undergo to determine exactly what is happening? Why is he constantly tired? What causes the frequent urination? Could high blood pressure cause these symptoms, or could they be due to dehydration or another condition? What kinds of foods and drinks should he avoid, and what should he be encouraged to consume? What steps should he take to help these symptoms improve? Does he need to visit a healthcare facility for testing, or is testing unnecessary? How often should diabetes screening or blood sugar testing be done, regularly or only occasionally? What medical conditions could be responsible for all these symptoms occurring in his body? ",http://speech-app.s3.amazonaws.com/static/audio/uploads/0c65d440-a66f-4b8e-97dc-27fb7ff0a604/9a17c6acf8343be46a0babb25123008c_YpjQxS6C.wav,"These classic symptoms of excessive thirst and urination (polydipsia and polyuria), coupled with fatigue and blurry vision, are highly concerning for uncontrolled **Diabetes Mellitus**, as high blood sugar pulls excessive water out of the body. Your husband must visit a healthcare facility immediately for critical diagnostic tests, including a Random Plasma Glucose and Haemoglobin A1c to confirm hyperglycemia. To improve symptoms, he must urgently adopt a diet low in processed sugars and refined carbohydrates, while avoiding excessive caffeine or highly sugary drinks. Immediate management involves monitoring blood sugar levels and staying well-hydrated with clean water, but professional medical evaluation is non-negotiable for treatment. Early diagnosis is vital because uncontrolled diabetes can lead to acute kidney injury and metabolic acidosis, requiring prompt medication and lifestyle interventions.",Gemma4-E4B (Ollama),gemma4:e4b
f5ecca7b-748e-405e-af96-af65897c4b34,english,good_english,"Adeolu is a 10-year-old child whose mother was my sister. However, for a few days now, I have noticed that this child sits alone ever since his mother died. He does not want to play with anyone and he does not want to talk to anyone. He has also started refusing to eat and it looks like he's thinking too much and is heartbroken. This frightened me and so I decided to To take him to the hospital for help. When I got to the hospital, I asked the doctor, could this child ⁇ s condition be due to the grief of his mother ⁇ s death and what can I do to help at home? Or does this child need to speak to a mental health professional or what can I do to make him eat or play with his peers and does he need any medication to help?","Adeolu is a ten-year-old child whose mother was my sister. However, for a few days now, I have noticed that this child sits alone ever since his mother died; he does not want to play with anyone, and he does not want to talk to anyone. He has also started refusing to eat, and it looks like he is thinking too much and is heartbroken. This frightened me, so I decided to take him to the hospital for help. When I got to the hospital, I asked the doctor, 'Could this child's condition be due to the grief of his mother's death?' And, 'What can I do to help at home, or does this child need to speak to a mental health professional, or what can I do to make him eat or play with his peers, and does he need any medication to help?",http://speech-app.s3.amazonaws.com/static/audio/uploads/ba655e5d-ada2-4098-8402-397c37ca029f/11b16a076b2a7efc5941a36f7d3993af_c1h2ndoX.wav,"This child’s emotional withdrawal, loss of appetite, and sadness are expected and normal reactions to the profound grief of losing his mother. While structured counseling and consistent family support are the cornerstones of healing, you must first maintain routine, encouraging connection through simple rituals like family meals and shared bedtime stories. Encourage small, manageable steps toward play by involving him in structured family activities rather than pressuring him to join peers alone; regarding the eating, offer highly nutritious, palatable foods in small portions to prevent malnutrition. Consult a mental health professional for formal grief counseling and monitoring, as medication is typically unnecessary unless symptoms develop into persistent depressive disorder or severe functional impairment. Above all, validate his grief by speaking openly with him, assuring him that it is safe to feel hurt and that time will help the family process this profound loss.",Gemma4-E4B (Ollama),gemma4:e4b
9806e5a1-7655-448c-9000-15916169fef4,english,good_english,"This woman gave birth at our hospital here about 6 months ago. She came to our hospital with her husband where she gave birth to her child, the 6 month old girl that they have brought in. The mother explained further that it has been about 13 to 14 days since she noticed that this child started coughing. The mother also mentioned that she had been treating this child for catarrh, before the cough started. She said the cough has become more severe since yesterday. The cough became very severe although it had initially started about three days ago. She said that whenever she breastfeeds the child, she also gives her the liquid medicine that is in the bottle, the one sold for coughs, which she had been administering and the child has been taking. She then said that since yesterday, the cough has become so severe that the child is finding it very Very very very difficult to breathe, which has really worried me. It is as if her breathing is fluctuating, going up and down every few seconds. They were frightened, which is why they brought her to the hospital. Now the question is, can we give this mother something to help with the child at home? Given that her breathing is fluctuating with that cough, should we prescribe cough medicine for her, or should we have the child. examined before prescribing any medicine or giving her an injection.","This woman gave birth at our hospital here about Six months ago.  she came to our hospital with her husband, where she gave birth to her child, the six-month-old girl that they have brought in.
The mother explained further that it has been about thirteen to fourteen days since she noticed that this child started coughing.
The mother also mentioned that she had been treating this child for catarrh earlier, before the cough started.
She said the cough has become more severe since yesterday. The cough became very severe, although it had initially started about three days ago.
She said that whenever she breastfeeds the child, she also gives her the liquid medicine that is in the bottle—the one sold for coughs—which she has been administering and the child has been taking.
She then said that since yesterday, the cough has become so severe that the child is finding it very, very, very difficult to breathe, which has really worried me.
It is as if her breathing is fluctuating—going up and down every few seconds.
They were frightened, which is why they brought her to the hospital.
Now, the question is: can we give this mother something to help the child at home, given that her breathing is fluctuating with that cough? Should we prescribe cough medicine for her, or should we have the child examined before prescribing any medicine or giving her an injection?""",http://speech-app.s3.amazonaws.com/static/audio/uploads/84f9c2bd-9d51-4fbd-94d5-95f1c5eb2452/2a606c3bfe2efbce01d59a35c15cd933_QVMBFWqM.wav,"You must absolutely examine the child immediately; do not advise home treatment or give any medicine without a thorough clinical assessment. The description of severe cough and fluctuating breathing pattern in a 6-month-old is a medical emergency, requiring prompt evaluation for serious conditions like severe pneumonia, laryngospasm, or upper airway obstruction. Cough medications are inappropriate and potentially harmful as they mask symptoms without treating the underlying, potentially life-threatening, respiratory distress. We must perform a detailed physical examination, including listening to the lungs and assessing work of breathing, to determine the cause and guide definitive management. Delaying examination risks the child's airway becoming compromised, necessitating immediate interventions like oxygen therapy or supportive care.",Gemma4-E4B (Ollama),gemma4:e4b
efd55ffe-21e5-4cfd-8737-d8de46f267c1,english,good_english,"Alabukun said she has been having blurred vision, together with weakness, and that headache has not allowed her to be comfortable. For about two weeks, she has not been able to sleep well at night. Both her legs, hands and face have been swollen. She has been trying her best. She was advised to take some things, but she did not notice any improvement. She was reassured that she would get better. She was examined and there was no obvious respiratory distress. All the important things that are needed to be accessed were checked and there was nothing else significant. She was able to climb a staircase without difficulty, her blood pressure was checked and it was found to be 16800. She was asked to rest and after some time with us, her blood pressure was checked again and it was 150/90. It was noted that she was pregnant, therefore treatment for high blood pressure that is suitable for pregnant women was started since it is considered safe in pregnancy. She was also educated on all the things she should avoid doing, especially avoiding excessive stress that could cause her blood pressure to rise further. My question is, after all the things that have been done for this kind of pregnant women, For pregnant women who have persistent headaches and facial swelling, what other measures can be used to manage such a pregnant woman without causing her condition to progress into convulsions considering that she is pregnant. Also, what are the things a pregnant woman can do to prevent getting to this stage before she presents in such a condition?","Alabukun said that she has been having blurred vision, together with weakness, and that headache has not allowed her to be comfortable. For about two weeks, she has not been able to sleep well at night. Both her legs, hands, and face have been swollen. She has been trying her best. She was advised to take some things, but she did not notice any improvement. She was reassured that she would get better.
She was examined, and there was no obvious respiratory distress. All the important things that needed to be assessed were checked, and there was nothing else significant. She was able to climb a staircase without difficulty. Her blood pressure was checked, and it was found to be 168/100. She was asked to rest, and after some time with us, her blood pressure was checked again, and it was 150/90.
It was noted that she was pregnant. Therefore, treatment for high blood pressure that is suitable for pregnant women was started, since it is considered safe in pregnancy. She was also educated on all the things she should avoid doing, especially avoiding excessive stress that could cause her blood pressure to rise further.
My question is: after all the things that have been done for this kind of pregnant woman, for pregnant women who have persistent headaches and facial swelling, what other measures can be used to manage such a pregnant woman without causing her condition to progress to convulsions, considering that she is pregnant? Also, what are the things a pregnant woman can do to prevent getting to this stage before she presents in such a condition?",http://speech-app.s3.amazonaws.com/static/audio/uploads/59452b8e-516e-41a4-a28f-4b6cc37951d8/b3156f4a14e626a26753b83129142199_56uvoAs7.wav,"For persistent headaches and swelling in preeclampsia, mandatory measures include consistent monitoring of proteinuria and initiating seizure prophylaxis with intravenous Magnesium Sulfate, as this is the standard care to prevent eclamptic seizures. Supportive management requires maintaining meticulous blood pressure control and ensuring adequate rest, managing underlying causes of swelling like poor nutrition or AKI. Prevention focuses heavily on rigorous antenatal care, which includes routine blood pressure checks, screening for gestational diabetes and chronic hypertension, and maintaining weight. Educating the patient on proper diet, adequate fluid intake, and achieving a healthy Body Mass Index (BMI) significantly reduces risk. Furthermore, managing any pre-existing medical conditions, such as obesity or hypertension, before and during pregnancy are crucial preventive steps.",Gemma4-E4B (Ollama),gemma4:e4b
ff112477-5c7b-45de-b7f4-35304688e317,english,good_english,"I am an married woman, 35 years old. Please I brought my five month old baby for examination and guidance. I have resumed work, but surprisingly for about the past three days, I have noticed that my baby has been coughing repeatedly. We have tried everything we can think of to stop the cough, but I can see that the cough has not gone away. I an unusual not at home. When I leave in the morning, I do not return until around 6 p.m. My mother stays at home with the baby. Whenever I have the opportunity to call, I do so and ask about the cough and they keep telling me that the baby is still coughing. The baby is five months old, he's no longer taking only breast milk because I have resumed work. I breastfed him exclusively for three months, and after that, I started giving him other foods. I have been giving him different foods, including pap and other baby food that I know. What is even more surprising is that since last night, his breathing has not been normal, he is not breathing well, and his nose is completely blocked. My mother even said that while bathing him this morning, she had to use a warm water around his nose. and chest because the cough had become severe. The breathing problem has also started, he's no longer breathing properly, and his breathing is not clear and free anymore. Please my question is, what can I use for him to stop the cough? And concerning the breathing that is no longer clear, what can I do? What can I use for him? And what steps can I take so that he can breathe? properly and nothing will obstruct his breathing.","I am an married woman, thirty-five years old. Please, I brought my five-month-old baby for examination and guidance.
I have resumed work. But surprisingly, for about the past three days, I have noticed that my baby has been coughing repeatedly. We have tried everything we can think of to stop the cough, but I can see that the cough has not gone away.
I am usually not at home. When I leave in the morning, I do not return until around 6 p.m. My mother stays at home with the baby.
Whenever I have the opportunity to call, I do so and ask about the cough, and they keep telling me that the baby is still coughing.
The baby is five months old. He is no longer taking only breast milk because I have resumed work. I breastfed him exclusively for three months, and after that I started giving him other foods.
I have been giving him different foods, including pap, and other baby foods that I know.
What is even more surprising is that since last night, his breathing has not been normal. He is not breathing well, and his nose is completely blocked.
My mother even said that while bathing him this morning, she had to use a little warm water around his nose and chest because the cough had become severe.
The breathing problem has also started. He is no longer breathing properly, and his breathing is not clear and free anymore.
Please, my question is: what can I use for him to stop the cough? And concerning the breathing that is no longer clear, what can I do, what can I use for him, and what steps can I take so that he can breathe properly and nothing will obstruct his breathing?",http://speech-app.s3.amazonaws.com/static/audio/uploads/4f9ca527-5a05-46bd-bb57-1bc6971917f7/b17162e004eda757117dfceeb57f519d_rvi9kyZo.wav,"**Please understand that since the baby is exhibiting signs of labored or poor breathing, he requires an immediate medical examination at the clinic or hospital.** To manage the congestion at home while en route, gently elevating the head during rest, keeping the air moist, and using nasal saline drops followed by gentle suctioning are highly effective initial steps. Avoid over-the-counter cough syrups unless directed by a doctor, as these can sometimes be ineffective or harmful in infants. You can also encourage gentle steam inhalation (like bathing the baby in a steamy bathroom) to help loosen thick mucus from the nose and chest. However, persistent difficulty in breathing could indicate bronchiolitis or pneumonia, making it absolutely essential that a trained professional physically assesses his lung sounds immediately.",Gemma4-E4B (Ollama),gemma4:e4b
b7448631-4a0d-4bfa-95f0-3f48188ade8a,english,good_english,"An elderly man came to our local hospital, this man said he has a severe headache, his neck is stiff and he has rashes suddenly appearing on his body. He came to ask what could be causing it and what kind of treatment can be given to him. We asked the man whether the headache started suddenly or if it came gradually. The man said it started suddenly at night and has become very severe now. We also asked if he can look at light properly, and he said no, because light affects its head and makes the headache worse. We also asked him about the rash on his body, whether it is painful, much or mild. The man said it is all over his body and he cannot point to one particular place, but it itches him. After that, we asked him if he had contact. And the man said they had not gone anywhere except selling goods in front of their house. They have not had any contact with any sick person. Our question for the doctor is what could cause this kind of headache and stiff neck where this man cannot turn his neck with rashes all over his body. What can cause it? Is it an infection? Infectious disease or something else, our second question is what kind of test can this man do to know exactly what is wrong with him for proper treatment and what medicine can he use before his test results come out?","An elderly man came to our local hospital. This man said he has a severe headache, his neck is stiff, and he has rashes suddenly appearing on his body. He came to ask what could be causing it and what kind of treatment can be given to him.
We asked the man whether the headache started suddenly or if it came gradually. The man said it started suddenly at night and has become very severe now. We also asked him if he can look at light properly, and he said no, because light affects his head and makes the headache worse.
We also asked him about the rash on his body, whether it is painful, much, or mild. The man said it is all over his body, and he cannot point to one particular place, but it itches him.
After that, we asked him if he had contact with any sick person recently, and the man said they had not gone anywhere except selling goods in front of their house. They have not had contact with any sick person.
Our question for the doctor is what could cause this kind of headache and stiff neck where this man cannot turn his neck, with rashes all over his body? What can cause it? Is it an infectious disease or something else?
Our second question is what kind of tests can this man do to know exactly what is wrong with him for proper treatment, and what medicine can he use before his test results come out?",http://speech-app.s3.amazonaws.com/static/audio/uploads/52eb6322-c83e-42d5-9fd8-d73feafb1550/06e209848aa2433fe1eff5301616410d_6cEf78Q6.wav,"Based on the history—sudden, severe headache, stiff neck (nuchal rigidity), photophobia, and rash—the primary concern is acute Meningitis, potentially complicated by Meningococcemia. Rash, combined with severe neurological signs, denotes a critical infectious process that requires immediate intervention, making this a high-risk emergency. Since symptoms are life-threatening, start empiric parenteral antibiotics, such as Ceftriaxone, immediately and simultaneously arrange for a lumbar puncture (spinal tap) and blood cultures. For definitive diagnosis, test the cerebrospinal fluid (CSF) for elevated white blood cells, protein, and perform rapid serological/culture tests for meningococcal antigens. Do not wait for test results; stabilize the patient, observe for signs of sepsis, and monitor neurological status hourly.",Gemma4-E4B (Ollama),gemma4:e4b
54beaf85-2de7-49fb-914e-b98f5bb98156,english,good_english,"I took my pregnant friend, who is 18 years old, to the hospital because she had gone into labor and her time had come. When we arrived at the hospital and they had carried out all the necessary assessments, her blood pressure was high. After they had completed all that needed to be done, she continued in labor. She remained in labor for about 12 hours. Her husband was nearby and Doctors advised that she should give consent for a cesarean section because she had been in labor for a long time. My friend refused. She said no, not at all. I want to give birth naturally like the Hebrew women. She eventually delivered the baby. After 12 hours of labor, she gave birth to a healthy looking baby girl and we thank we thanked God. However, what was Surprising was that the baby was not breathing properly. They stimulated the baby repeatedly, patting and rubbing her. She cried, but her breathing was still not normal. They quickly gave her oxygen. Doctor please will this baby survive? And if she survives, will she now become a disabled child?","I took my pregnant friend, who is eighteen years old, to the hospital because she had gone into labour and her time had come. When we arrived at the hospital and they had carried out all the necessary assessments, her blood pressure was high.
After they had completed all that needed to be done, she continued in labour. She remained in labour for about twelve hours. Her husband was nearby, and the doctors advised that she should give consent for a Caesarean section because she had been in labour for a long time.
My friend refused. She said, “No, not at all. I want to give birth naturally like the Hebrew women.”
She eventually delivered the baby. After twelve hours of labour, she gave birth to a healthy-looking baby girl, and we thanked God. However, what was surprising was that the baby was not breathing properly. They stimulated the baby repeatedly, patting and rubbing her. She cried, but her breathing was still not normal. They quickly gave her oxygen.
Doctor, please, will this baby survive? And if she survives, will she no become a disabled child?",http://speech-app.s3.amazonaws.com/static/audio/uploads/3b283b5f-8706-47d9-a94b-8974ced29a87/457b25ec97c9a2d837e4892406a58f82_OTpe1vnH.wav,"The baby's survival is highly likely given the immediate intervention (oxygen, stimulation), but continued critical care monitoring is essential to confirm stability. Neonatal respiratory distress after prolonged labor and maternal hypertension often indicates mild to moderate transient compromise, which usually resolves with observation and appropriate support. The baby will not automatically become disabled; permanent neurologic sequelae depend on the cause and severity of the distress (e.g., asphyxia) and the timeliness of resuscitation. Immediate follow-up tests, including blood gas analysis and neurological checks, are necessary to assess oxygenation and brain oxygen levels. Please ensure the baby remains under continuous pediatric care until a team can evaluate the full scope of her condition.",Gemma4-E4B (Ollama),gemma4:e4b
ead86e77-8bbd-4283-beb5-7e90aa5aaa34,english,good_english,"As a brave woman holding her child, seeing that the child is feverish, the child suddenly starts shaking. The child is having convulsions and is no longer in control. What kind of illness is affecting this nursing mother ⁇ s child, and what kind of care can be given to this child?","As a brave woman holding her child, seeing that the child is feverish, the child suddenly starts shaking. The child is having convulsions and is no longer in control. What kind of illness is affecting this nursing mother's child? And what kind of care can be given to this child?",http://speech-app.s3.amazonaws.com/static/audio/uploads/10c5424d-144a-4dd1-9f97-9990459542df/49c2ff7bdbe60c848869dc64fb8ad7b4_G1CWQFwx.wav,"This presentation of seizures in a feverish child requires immediate assessment for a Febrile Seizure, though serious causes like meningitis must be ruled out via full neurological evaluation. Immediate care involves placing the child in a safe environment, protecting the airway, and managing potential status epilepticus. Aggressively controlling the fever with appropriate antipyretics and ensuring adequate oxygenation are paramount initial steps. Ongoing supportive care, including fluids and seizure medication if prolonged, is necessary while pursuing blood tests and potentially a lumbar puncture. Educate the mother that while this is scary, stability, timely care, and recognizing danger signs are crucial for a positive outcome.",Gemma4-E4B (Ollama),gemma4:e4b
96a0e9e9-d88f-4848-ae24-cc4ba1b44f5d,english,good_english,"I noticed that my younger sister, who used to laugh before and who used to play with her friends, has changed completely. Now she stays alone in her room every day, she has withdrawn herself from conversations and she is no longer interested in the things she used to enjoy before. I also noticed that even at home, she does not want to eat with us. She appears to be unhappy or like someone who is tired. all the time. What could be causing her to suddenly avoid her friends? Could it be a problem such as sadness, emotional distress or anxiety? How can we help her so that she can become happy again? What warning signs should we watch out for? Should she see a counselor or a mental health professional?","I noticed that my younger sister, who used to laugh happily before and who used to play with her friends, has changed suddenly.
Now, she stays alone in her room every day. She has withdrawn herself from conversations, and she is no longer interested in the things she used to enjoy before.
I also noticed that even at home, she does not want to eat with us. She appears to be unhappy or like someone who is tired all the time.
What could be causing her to suddenly avoid her friends?
Could it be a problem such as sadness, emotional distress, or anxiety?
How can we help her so that she can become happy again?
What warning signs should we watch out for?
Should she see a counsellor or a mental health professional?",http://speech-app.s3.amazonaws.com/static/audio/uploads/4b72b95b-c78b-436b-9bc6-ebc305b2ea42/492adea00775f598650872f16371614a_LaaE6NQi.wav,"Based on her symptoms—withdrawal, loss of interest (anhedonia), change in appetite, and persistent low mood—she may be experiencing a major depressive episode or significant emotional stress requiring professional attention. You should encourage routine check-ups with a General Practitioner or psychiatrist who can rule out physical causes, such as anemia or hormonal issues, before diagnosing a mental health condition. Immediate support involves maintaining open communication, structuring her day with gentle activities, and ensuring a nutritionally adequate diet. Watch for escalating symptoms like talking about hopelessness, self-harm, or inability to function, as these require emergency care. Due to the severity and persistence of these symptoms, professional counseling, therapy, and potentially medication are strongly recommended for a full assessment and management plan.",Gemma4-E4B (Ollama),gemma4:e4b
93c0a5f2-48a1-4ddc-bf90-28d9b97aea1b,english,good_english,"A 22 year old lady who gave birth at our hospital 3 days ago brought her baby today for routine immunizations. Upon arrival, she made it known to us that this newborn baby completely refuses to breastfeed at all. To the extent that the baby is excessively floppy and sleepy. She stated that the baby does not take the breast and that all the time the baby's hand, feet, and entire body feel freezing cold, so much so that she is even terrified to touch the baby with bare hands and prefers to lift the baby only with layers of clothing. She noted that the baby refuses the breast, the entire body is cold to the touch, and the baby has become increasingly lethargic, unable to move the hands, unable to stretch the legs and completely lacking active Movement and reflexes, just lying completely still and weak. She says it is obvious to the eyes that the baby is exhausted and very unwell. What could cause this? What do you think could cause this newborn babys body to be freezing cold to the touch? Is it solely because of the refusal to breastfeed, or what else? What can we do about this refusal to breastfeed? Furthermore. Regarding the immunization vaccines they are supposed to give the administer, what is your professional advice?","​A 22-year-old lady who gave birth at our hospital three days ago brought her baby today for routine immunizations. Upon arrival, she made it known to us that this newborn baby completely refuses to breastfeed at all, to the extent that the baby is excessively floppy and sleepy. She stated that the baby does not take the breast, and that all the time, the baby's hands, feet, and entire body feel freezing cold, so much so that she is even terrified to touch the baby with bare hands and prefers to lift the baby only with layers of clothing. She noted that the baby refuses the breast, the entire body is cold to the touch, and the baby has become increasingly lethargic,unable to move the hands, unable to stretch the legs, and completely lacking active movement or reflexes, just lying completely still and weak. She says it is obvious to the eye that the baby is exhausted and very unwell.
​What could cause this? What do you think could cause this newborn baby's body to be freezing cold to the touch? Is it solely because of the refusal to breastfeed, or what else? What can we do about this refusal to breastfeed? Furthermore, regarding the immunization vaccines they are supposed to administer, what is your professional advice?",http://speech-app.s3.amazonaws.com/static/audio/uploads/3f7dd9e2-3e76-4785-968c-d49821026640/58942583eba546711c59bd5c8be73c85_km1Dy0wh.wav,"This clinical picture strongly suggests Neonatal Hypothermia and Hypoglycemia, which represents an acute medical emergency requiring immediate stabilization. The persistent coldness is not solely due to poor feeding but reflects critically depleted metabolic energy, preventing the baby from generating sufficient heat (thermogenesis). Active warming (rectal rewarming, blankets), close monitoring of blood glucose, and supplemental feeding, likely intravenously, must be initiated immediately. The feeding refusal and profound lethargy are secondary signs of severe metabolic distress and central nervous system depression. Therefore, routine immunization vaccines must be postponed until the baby is medically stable, the temperature normalized, and the blood glucose levels are confirmed within the normal range.",Gemma4-E4B (Ollama),gemma4:e4b
60ebf071-ab75-4b25-976f-80da984eeef9,english,good_english,"Suddenly, we saw one of our pregnant women who came to our hospital this morning. She arrived in severe pain, crying loudly, holding her back and abdomen because of the pain. After about eight to ten minutes of bringing her into the labor ward, we examined her and found that the baby was already descending and her cervix was fully dilated. Very shortly afterwards, she delivered a baby girl, so we cast Carried out all the necessary and appropriate post-delivery care. Not long after, we moved the mother and the baby into a room so they can rest. A little while later, the mother called us and said she was feeling weak, tired, and that her eyes seemed dim or blurry. She also tried to eat after delivery but struggled to do so and the food was not going down well. She continued to feel weak and she was also feeling dizzy. What could have happened? Could it be that she lost a lot of blood and now needs a blood transfusion or what should have been done for her? Should we give her blood or should we give her food?","Suddenly, we saw one of our pregnant women who came to our hospital this morning. She arrived in severe pain, crying loudly, holding her back and abdomen because of the pain.
After about eight to ten minutes of bringing her into the labour ward, we examined her and found that the baby was already descending and her cervix was fully dilated.
Very shortly afterward, she delivered a baby girl.
So we carried out all the necessary and appropriate post-delivery care.
Not long after, we moved the mother and baby into a room so they could rest.
A little while later, the mother called us and said she was feeling very weak, tired, and that her eyes seemed dim or blurry. She also tried to eat after delivery but struggled to do so, and the food was not going down well.
She continued to feel weak, and she was also feeling dizzy.
What could have happened? Could it be that she lost a lot of blood and now needs a blood transfusion, or what should be done for her? Should we give her blood, or should we give her food?",http://speech-app.s3.amazonaws.com/static/audio/uploads/a1fd68f3-c1f4-4a0b-b5ba-5feae9f148e1/f36e5dd3457e6edfd9d106c459615554_MYyz7Jut.wav,"The mother's symptoms—weakness, dizziness, blurry vision, and poor appetite—are classic signs of postpartum hypovolemic shock and/or acute anemia secondary to potential blood loss (Postpartum Haemorrhage or atony). In this scenario, the immediate priority is not food but assessing and managing fluid and blood volume deficits. Obtain a full set of vital signs, assess for bleeding (lacerations, fundal check), and aggressively manage the circulation with intravenous crystalloid fluids. Only after she is proven stable and normotensive should we worry about feeding; resuscitation requires blood products and fluids first, followed by controlled glucose or bland oral intake.",Gemma4-E4B (Ollama),gemma4:e4b
fec14073-dfa2-476e-809c-c07bd3e953eb,english,good_english,"A 30 year old woman gave birth a few minutes ago. The delivery was said to be normal. However, since the baby was born, the baby has been having serious difficulty. The baby is not crying well and is not responding as a newborn should. After birth, the baby did not cry properly and seems to have difficulty waking up. The body seems stiff or not moving properly as expected. The baby Baby also cannot feed well and is struggling to breastfeed. The mother is worried because her previous children used to cry immediately after birth. What can cause this problem? What tests can be done on the baby and what emergency steps should be taken? What can be done for this newborn baby?","A 30-year-old woman gave birth a few minutes ago. The delivery was said to be normal. However, since the baby was born, the baby has been having serious difficulty. The baby is not crying well and is not responding as a newborn should.
After birth, the baby did not cry properly, and seems to have difficulty waking up. The body seems stiff or not moving properly as expected. The baby also cannot feed well and is struggling to breastfeed.
The mother is worried because her previous children used to cry immediately after birth. What can cause this problem? What tests can be done on the baby, and what emergency steps should be taken? What can be done for this newborn baby?",http://speech-app.s3.amazonaws.com/static/audio/uploads/0b17fba7-ce86-4ca5-9f6d-40a14644ac29/10db19e060883487669c8310e238e9ea_I5fQFaCA.wav,"This presentation suggests neonatal respiratory or neurological compromise, most commonly due to transient birth asphyxia or metabolic derangement such as hypoglycemia. Immediate management requires following the ABC protocol: securing the airway, ensuring breathing support (oxygen/ventilation), and stimulating circulation. Crucial initial tests include point-of-care blood glucose measurement and blood gas analysis to rule out acidosis or respiratory failure. Emergency steps involve continuous warmth, oxygen supplementation, and immediate administration of glucose if hypoglycemia is suspected. Consistent care requires monitoring vital signs, supportive measures (such as gut stimulation), and referring the baby for comprehensive follow-up to prevent neurological injury.",Gemma4-E4B (Ollama),gemma4:e4b
6c61e24c-8041-4734-b186-b6c30e72d219,english,good_english,"This lady gave birth at our place this morning. She delivered the baby at dawn. When she arrived around 8 AM, the person who was with her at home called us saying this lady was shivering, her body was very hot and she had a lot of body tissues which really bothered her. We went to see the lady, covered her with a cloth and checked her temperature meaning how hot her body was and it was 38. 8.2 We performed a malaria test for this lady. That is a malaria rapid test diagnosis was done. This lady is not well, it looks like malaria. We asked if she had eaten and she said she hadn't eaten anything. We told those who were with her to give her tea, to let the lady drink it. As she breastfed the baby, she said when she wanted to breastfeed the baby, She noticed the baby passed too or had a bowel movement. We then asked the lady to sit up and lean back on the bed she was on to let her body recover better, not completely, but to help and her eyes were not white or pale, so we advised that once she had eaten, she should take paracetamol. After she had finished taking the paracetamol, we decided Decided how many days it'll be before we can give it to the lady again, she has malaria and we performed a malaria test, please we can give it to her again once she has finished eating and we have asked and we have advised to take paracetamol since she's feeling weak if it doesn't go away we will know what kind of treatment to provide.","This lady gave birth at our place this morning; she delivered the baby at dawn. When she arrived around 8:00 AM, the person who was with her at home called us, saying this lady was shivering, her body was very hot, and she had a lot of body issues which really bothered her. We went to see the lady, covered her with a cloth, and checked her temperature—meaning how hot her body was—and it was 38.2. We performed a malaria test for this lady, that is, a malaria rapid test diagnosis was done. This lady is not well, it looks like malaria. We asked if she had eaten, and she said she hadn't eaten anything. We told those who were with her to give her tea, to let the lady drink it. Has she breastfed the baby? She said when she wanted to breastfeed the baby, she noticed the baby passed stool/had a bowel movement. We then asked the lady to sit up and lean back on the bed she was on, to let her body recover better—not completely, but to help—and her eyes were not white/pale. So, we advised that once she has eaten, she should take Paracetamol. After she has finished taking the Paracetamol, we decided how many days it will be before we can give it to the lady again. She has malaria, and we performed a malaria test. Please, we can give it to her again. Once she has finished eating, and we have advised her to take Paracetamol, since she is feeling weak, if it doesn't go away, we will know what kind of treatment to provide.",http://speech-app.s3.amazonaws.com/static/audio/uploads/8fa1af4f-6289-47e5-a2a1-61d2770e6544/4136145b69518b61de75dd85af63b366_x3QjVBt0.wav,"This lady's presentation of fever, chills, and weakness following delivery strongly suggests postpartum malaria, which requires immediate and comprehensive management. The Paracetamol schedule must be based on fixed intervals (e.g., every 4-6 hours) to manage the fever, not on how she feels, ensuring continuous fever control. The most critical step remains initiating appropriate anti-malarial medication as per local protocols, concurrent with fluid and oral electrolyte intake. We must concurrently monitor for signs of postpartum hemorrhage or sepsis, necessitating close observation of uterine tone and bleeding. Nutritional support and continued rest are crucial pillars of recovery to stabilize her systems while the antimalarials take effect.",Gemma4-E4B (Ollama),gemma4:e4b
52b3f296-e02f-459c-a891-f4da8cea399e,english,good_english,A caregiver who is taking care of a small child noticed that the child she is caring for is struggling to breathe and the child's breathing is not normal. She also noticed that the child coughs repeatedly and the cough is very severe. The child is not a baby that was abandoned at birth nor a child that is usually bathed with cold water. What then can cause a small child to be breathing with difficulty and coughing repeatedly and why would breathing not be easy for the child as it should be? What can be done about this situation?,"A caregiver who is taking care of a small child noticed that the child she is caring for is struggling to breathe, and the child's breathing is not normal.
She also noticed that the child coughs repeatedly, and the cough is very severe.
The child is not a baby that was abandoned at birth, nor a child that is usually bathed with cold water.
What then can cause a small child to be breathing with difficulty and coughing repeatedly, and why would breathing not be easy for the child as it should be? What can be done about this situation?",http://speech-app.s3.amazonaws.com/static/audio/uploads/0d35a930-c290-4945-9a50-6623349f947e/0bc428189924e16f32df2a39efb85695_ScNqKjvd.wav,"The difficulty in breathing often signals an Acute Lower Respiratory Tract Infection (ALRTI), such as pneumonia or severe bronchitis, which are common in this setting. Severe coughing causes inflammation and swelling of the airways, leading to mucus buildup and narrowing (bronchospasm) that restricts airflow. This obstruction forces the child to use accessory muscles for breathing, making the effort appear extremely labored. Immediate action requires assessing for signs of respiratory failure and administering supplemental oxygen. Management includes supportive care, hydration, managing fever, and potentially starting age-appropriate antibiotics or nebulized bronchodilators under medical supervision.",Gemma4-E4B (Ollama),gemma4:e4b
306cb1f0-f47e-4044-9514-da6efdfd53bf,english,good_english,"A mother noticed that for the past few days, her child had started coughing continuously. At first, she thought it was a cold affecting the child's chest and that it would go away. However, the cough did not improve. Every night, the child wakes up suddenly because of the cough. Sometimes the child struggles as if it is difficult to breathe properly. The mother would carry the child upright and could hear the chest working while the child was breathing. This makes it difficult for the child to sleep well at night. One day, after a night during which the child coughed severely and struggled to breathe properly, the mother decided to go to the hospital. She wanted to know what was causing the cough, what was causing the breathing difficulty and how she could help the child. My question is, what could cause a child to cough severely? And have difficulty breathing especially at night, what danger signs should they watch out for when the child is coughing and what things should be avoided in order to prevent or reduce this cough?","A mother noticed that for the past few days, her child had started coughing continuously. At first, she thought it was a cold affecting the child’s chest and that it would go away. However, the cough did not improve. Every night, the child wakes up suddenly because of the cough. Sometimes, the child struggles as if it is difficult to breathe properly. The mother would carry the child upright and could hear the chest working while the child was breathing. This makes it difficult for the child to sleep well at night.
One day, after a night during which the child coughed severely and struggled to breathe properly, the mother decided to go to the hospital. She wanted to know what was causing the cough, what was causing the breathing difficulty, and how she could help the child.
My question is: what could cause a child to cough severely and have difficulty breathing, especially at night? What danger signs should they watch out for when the child is coughing? What things should they avoid in order to prevent or reduce this cough?",http://speech-app.s3.amazonaws.com/static/audio/uploads/b1cdb61a-4286-4f92-a537-c16a5697cd0f/898ef53789bfab4a139623d7f4b3a544_zgq3Luqk.wav,"The persistent cough and nocturnal difficulty breathing are likely due to airway inflammation, commonly caused by asthma, post-viral bronchial irritation, or allergies. Immediate red flag danger signs include bluish lips or nails (cyanosis), severe rapid breathing, or noticeable chest retractions, requiring urgent hospital care. To reduce the cough, you must strictly avoid smoke exposure, chemical fumes, and strong dust, as these are potent airway irritants. Keeping the environment clean and using relative humidity during dry seasons can help maintain nasal and bronchial passages. Always ensure your child receives proper nutrition and vaccination to prevent secondary bacterial infections.",Gemma4-E4B (Ollama),gemma4:e4b
cc78a249-b0eb-4d34-8511-527fb612ba05,english,good_english,"A man named Subero, who is 50 years old, developed a cough one day. At first, the cough was mild, but as the weeks passed and turned into months, it gradually became worse. After some time, he began to find it difficult to breathe properly. It is true that he had tried several remedies when the cough was still mild, but none of them worked. Instead of improving, the cough continued to worsen. He eventually decided that, rather than continue to buy small medications on his own, he should go to the hospital and speak with a doctor. When he arrived at the hospital, he explained that he had been coughing for about three months. He also explained that he had tried many home remedies based on people's advice, including honey, hot water, Bitter cola, and several cough medicines that he purchased. However, Instead of getting better, the cough continued to worsen. It had reached a point where he sometimes felt as if he could no longer breathe properly because of the cough. He then asked the doctor what could be causing him to have such a persistent cough for such a long period of time. He also wanted to know why all the remedies and treatments he tried had not worked. Finally, he asked what he could could do for the cough to go away completely so that he could breathe properly again and regain good health.","A man named Suberu, who is fifty years old, developed a cough one day. At first, the cough was mild, but as the weeks passed and turned into months, it gradually became worse. After some time, he began to find it difficult to breathe properly. It is true that he had tried several remedies when the cough was still mild, but none of them worked. Instead of improving, the cough continued to worsen. He eventually decided that rather than continuing to buy small medications on his own, he should go to the hospital and speak with a doctor. When he arrived at the hospital, he explained that he had been coughing for about three months. He also explained that he had tried many home remedies based on people's advice, including honey, hot water, bitter kola, and several cough medicines that he purchased. However, instead of getting better, the cough continued to worsen. It had reached a point where he sometimes felt as though he could no longer breathe properly because of the cough. He then asked the doctor what could be causing him to have such a persistent cough for such a long period of time. He also wanted to know why all the remedies and treatments he had tried had not worked. Finally, he asked what he could do for the cough to go away completely so that he could breathe properly again and regain good health.",http://speech-app.s3.amazonaws.com/static/audio/uploads/662c5525-4eea-44c7-b18e-8b94c67a8011/adc0aa991cfedbb0d097f2b8b4461596_ajxxSqxr.wav,"Mr. Subero, your prolonged cough and shortness of breath strongly suggest a chronic underlying respiratory condition, such as Tuberculosis (TB) or Chronic Obstructive Pulmonary Disease (COPD), which requires immediate in-depth investigation. The simple remedies you used were palliative, addressing only symptoms, whereas effective treatment must target the root cause, which could be bacterial, fungal, or inflammatory. To accurately diagnose this, we must perform Chest X-rays, detailed lung function tests, and sputum cultures for acid-fast bacilli. Treatment will then involve specific, prescribed antibiotics or bronchodilators, as generic cough medicines are insufficient for managing a persistent, severe airway issue. Please do not stop coming to the hospital; we must follow this rigorous diagnostic protocol to stabilize your breathing and restore your health.",Gemma4-E4B (Ollama),gemma4:e4b
50c16e3d-71d8-414c-8d48-c9988857d975,english,good_english,"My name is Titilola. Since yesterday, my child's body has been burning, shaving intensely. The child cannot turn their neck at all. It seems as if the child's neck can no longer be turned. The child can only open one eye. What could be causing the fever and the inability to turn my child's neck? What kind of examination can I perform so that I can know what is causing the fever and the inability to turn the child's neck? What kind of results could appear within the child's body that could cause the fever and the inability to turn the child's neck?","My name is Titilola. Since yesterday, my child's body has been burning, shivering intensely. The child cannot turn their neck at all. It seems as if the child's neck can no longer be turned. The child can only open one eye. What could be causing the fever and the inability to turn my child's neck? What kind of examination can I perform so that I can know what is causing the fever and the inability to turn the child's neck? What kind of result could appear? Within the child's body that could cause the fever and the inability to turn the child's neck.",http://speech-app.s3.amazonaws.com/static/audio/uploads/c3e9cfc0-8637-4954-b423-c0be9a71f715/4f0b4abb672b26ebb40fa965cf69dd5c_2TyJiCgO.wav,"This combination of high fever, rash, and marked neck stiffness (nuchal rigidity) is concerning for acute meningitis or meningococcemia, which requires immediate medical attention. Because the inability to move the neck suggests irritation of the meninges, a prompt review at a hospital is critical for diagnosis and treatment. Clinically, I would assess for signs of meningeal irritation upon examination and would urgently require complete blood count, blood cultures, and a lumbar puncture (spinal tap). These tests look for increased white blood cells and specific pathogens in the cerebrospinal fluid (CSF), which confirm meningitis. Prompt diagnosis is vital as bacterial meningitis is life-threatening and requires intravenous antibiotics without delay.",Gemma4-E4B (Ollama),gemma4:e4b
8a461b5c-55b1-4551-a9b6-d919b99190a3,english,good_english,"A woman noticed that her husband coughs very strongly when he wake up in the morning while still on the bed. The cough starts suddenly and takes a long time before it stops. As time goes on, she also notices that her husband struggles to breathe properly. When he walks a little distance or climbs stairs, he stops to catch his breath and becomes tired very quickly. One day, after her husband spent a long time coughing and trying to regain his breath, the wife became worse. She started thinking that maybe there is a disease causing all these problems. The next day, she spoke with her husband to go to the hospital so that they can see a doctor and know exactly what is happening. The question is, what can cause a cough to be this severe with constant hardness and difficulty breathing all the time when the cough occurs? Can this problem be related only to lung disease or heart disease? What are the Things that can cause death or make a person struggle to breathe severely. To the point that the person needs urgent medical attention, what are the danger signs of breathing problems that the family should watch out for regarding cough and difficulty breathing?","A woman noticed that her husband coughs very strongly when they wake up in the morning while still on the bed. The cough starts suddenly and takes a long time before it stops. As time goes on, she also notices that her husband struggles to breathe properly. When he walks a little distance or climbs stairs, he stops to catch his breath and becomes tired very quickly.
One day, after her husband spent a long time coughing and trying to regain his breath, the wife became worried. She started thinking that maybe there is a disease causing all these problems. The next day, she spoke with her husband to go to the hospital so that they can see a doctor and know exactly what is happening.
The question is what can cause a cough to be this severe, with constant tiredness and difficulty breathing all the time when the cough occurs? Can this problem be related only to lung disease or heart disease? What are the things that can cause death or make a person struggle to breathe severely, to the point that the person needs urgent medical attention?
What are the danger signs of breathing problems that the family should watch out for regarding cough and difficulty in breathing?",http://speech-app.s3.amazonaws.com/static/audio/uploads/115ce5dc-c95e-40c5-9a67-f2e55fcb5c91/498edb062e99b3a5e70e46971f7e146f_gEK5baX4.wav,"The constellation of morning cough and exertional dyspnea strongly suggests cardiac and/or pulmonary compromise, most commonly involving Congestive Heart Failure and Chronic Obstructive Pulmonary Disease (COPD). It is critical to understand that breathlessness is seldom due to only one system; often, conditions like left-sided heart failure cause fluid backup that exacerbates underlying COPD. Severe difficulty breathing can be caused by pneumothorax, pulmonary embolism, pneumonia, or severe electrolyte imbalances, all requiring urgent care. Danger signs demanding immediate attention include blue discoloration of the lips or nail beds (cyanosis), inability to speak a full sentence due to breathlessness, and severe, rapid worsening of effort. Therefore, while the immediate focus must be ruling out life-threatening cardiac and respiratory causes, prompt clinical assessment, including chest X-ray and blood tests, is essential for accurate diagnosis.",Gemma4-E4B (Ollama),gemma4:e4b
9b17d5b6-b900-457d-bf64-b48f71723994,english,good_english,"The mother of a woman who had recently given birth came to the hospital. She said that since her daughter gave birth, she has been bleeding heavily. As a result, she no longer has strength in her body. The woman who gave birth is 24 years old. She also said that the bleeding is excessive and is making her feel weak. The mother is unable to eat properly and is unable to do anything. My question is: What could cause a woman to continue bleeding after giving birth a few days ago? What treatment should be given to the mother to stop the bleeding and help her regain her strength? What advice can be given to this mother and her daughter?","The mother of a woman who had recently given birth came to the hospital. She said that since her daughter gave birth, she has been bleeding heavily. As a result, she no longer has strength in her body. The woman who gave birth is twenty-four years old. She also said that the bleeding is excessive and is making her feel weak. The mother is unable to eat properly and is unable to do anything.
My question is: what could cause a woman to continue bleeding after giving birth a few days ago? What treatment should be given to the mother to stop the bleeding and help her regain her strength? What advice can be given to this mother and her daughter?",http://speech-app.s3.amazonaws.com/static/audio/uploads/ef216169-deb8-4f4a-ad6e-51f3eed25b86/20f9a0e70e4ff96e3b35484219eb5979_WMSb66ES.wav,"This clinical picture strongly suggests Postpartum Hemorrhage (PPH), most commonly caused by uterine atony—the uterus not contracting effectively to stop bleeding. Immediate treatment requires emergency management, starting with uterine massage and administering uterotonic drugs like Oxytocin or Misoprostol to promote contraction. Simultaneously, aggressive fluid replacement and blood transfusion must stabilize hypovolemic shock and address severe anemia, which is causing the weakness. For recovery, the mother needs strict monitoring for infection and repeated skilled blood transfusions to replace lost iron and volume. The family must be advised to recognize danger signs like increasing bleeding, fever, or severe pain, and to ensure timely follow-up for comprehensive iron and nutritional supplementation.",Gemma4-E4B (Ollama),gemma4:e4b
e8fa0c97-2352-48e6-93e0-9edf8955cd55,english,good_english,"Doctor, I brought my 5 years and 2 month old child who has had this condition for about 2 months, who finds it difficult to breathe at night and also coughs all the time. This cough has become persistent. I brought a TB cough medicine called Tutolin Children for him. He has finished one bottle but the cough has not gone and it is still difficult for him to breathe at night. I did a TB test for him but they told me that he does not have tuberculosis. So doctor, what could if, what could cause a 5 year old child to have a persistent cough and what could cause a 5 year old child to have difficulty breathing at night?","Doctor, I brought my 5 years and 2 months old child, who has had this condition for about two months, who finds it difficult to breathe at night and also coughs all the time.
This cough has become persistent.
I bought a TB cough medicine called Tutolin Children for him; he has finished one bottle, but the cough has not gone, and it is still difficult for him to breathe at night.
I did a TB test for him, but they told me that he does not have tuberculosis.
So doctor, what could cause a 5-year-old child to have a persistent cough, and what could cause a 5-year-old child to have difficulty breathing at night?",http://speech-app.s3.amazonaws.com/static/audio/uploads/c4031d06-1f5e-4531-a212-379cf06b9a9d/5d82cb5522c98aec9f901e050018e52d_OSnAt1Vu.wav,"Based on the history, the nocturnal difficulty breathing and persistent cough, especially after ruling out active TB, strongly suggest a diagnosis of pediatric asthma or chronic wheezing. These symptoms are often triggered by irritants, dust, cold air, and allergies. Another vital consideration is Gastroesophageal Reflux Disease (GERD), which often causes nighttime coughing and breathlessness in children. I recommend repeating a thorough physical examination, checking for wheezing, and considering a peak flow or spirometry test to confirm variable airflow obstruction. Management should focus on identifying triggers and likely initiating maintenance inhaled corticosteroids or a short-acting bronchodilator (like salbutamol) as guided by proper local respiratory care protocols.",Gemma4-E4B (Ollama),gemma4:e4b
46c82bff-402d-4ea2-9331-fc5b38a5b70f,english,good_english,"Good evening doctor. Please I brought my child to the hospital because I noticed the way he breathes. He makes a sound as if air is passing through a small hole. It sounds like wheezing. It also sounds like someone blowing a whistle and he is struggling to breathe properly. I have also noticed that for about three days now, he usually coughs at night. Sometimes I notice his chest drawing in and out intensely, as if he's warm. Working extra hard just to breathe. I also noticed that he can no longer eat as well as before. Whenever he wants to eat, he has to pause to catch his breath. This situation hasn't given him the chance to feed properly for about three days now. I have also taken him to the local chemist  ⁇ patent medicine store ⁇  in her neighborhood and they gave me some cough medicine for him because he was coughing slightly. Though the cough wasn't severe, but despite all the medication he took, I noticed he didn't work, his breathing remains the same, and he still cannot eat well. Please, what kind of condition is affecting my child with this whistling breath? Also, does he need a chest examination  ⁇ x-ray ⁇  to find out what is troubling him and why his chest is heaving up and down? What kind of of treatment can I give this child at home to help him ease the breathing so he can breathe properly? Are there other medications or alternative measures I can take for this child?","Good evening doctor. Please, I brought my child to the hospital because I noticed that the way he breathes, he makes a sound as if air is passing through a small hole. It sounds like wheezing. It also sounds like someone blowing a whistle, and he is struggling to breathe properly.
I have also noticed that for about three days now, he usually coughs at night. Sometimes, I notice his chest drawing in and out intensely, as if he is working extra hard just to breathe. I also noticed that he can no longer eat well as before. Whenever he wants to eat, he has to pause to catch his breath. This situation hasn't given him the chance to feed properly for about three days now.
I have already taken him to the local chemists (patent medicine stores) in our neighborhood, and they gave me some cough medicine for him because he was coughing slightly, though the cough wasn't severe. But despite all the medication he took, I noticed it didn't work. His breathing remains the same, and he still cannot eat well. Please, what kind of condition is affecting my child with this whistling breath? Also, does he need a chest examination (X-ray) to find out what is troubling him and why his chest is heaving up and down? What kind of treatment can I give this child at home to help ease his breathing so he can breathe properly? Are there other medications or alternative measures I can take for this child?",http://speech-app.s3.amazonaws.com/static/audio/uploads/c56b8957-d2d9-4897-a03e-403fc98082e3/913522d484f266446c5031903b7c9a7c_cRXoCAGw.wav,"Based on the whistling sound and intense chest retractions, your child is experiencing significant airway narrowing, suggestive of a severe asthma exacerbation or bronchiolitis. Immediate medical evaluation is crucial, requiring a comprehensive physical exam and likely a chest X-ray or full gas measurement to rule out pneumonia and grade the severity of the obstruction. Do not administer further over-the-counter cough syrups, as they will not address the root issue of airway contraction. At home, keep him upright, elevate his head, and use humidifiers or steam inhalation to keep the airways moist. Given his distress and inability to eat, he requires prompt admission for supplemental oxygen, nebulization bronchodilators, and continuous monitoring.",Gemma4-E4B (Ollama),gemma4:e4b
63953d69-eaa8-43f3-b906-7c31b65ec81c,english,good_english,"A woman was brought to the hospital this morning because she was bleeding heavily and this had caused her a great deal of distress. She was asked whether this had happened to her before and she replied that it had happened about twice previously during which she usually experienced pain and the bleeding would occur intermittently. She was then asked whether she might be having a miscarriage but she said she did not know whether she was pregnant or whether she had become pregnant. She was asked when she last had her menstrual period and she replied that it had not been very long as she had her last menstrual period about one and half months ago before the bleeding started again this morning. Please what could cause a woman to bleed this heavily, what emergency steps can be taken, what treatments can be given to this woman to save her life and stop the bleeding, what medicines or injuries Projections that help stop bleeding can be given to her first and what investigations can be carried out to determine the cause of such severe bleeding.","A woman was brought to the hospital this morning because she was bleeding heavily, and this had caused her a great deal of distress. She was asked whether this had happened to her before, and she replied that it had happened about twice previously, during which she usually experienced pain and the bleeding would occur intermittently. She was then asked whether she might be having a miscarriage, but she said she did not know whether she was pregnant or whether she had become pregnant. She was asked when she last had her menstrual period, and she replied that it had not been very long, as she had her last menstrual period about one and a half months ago before this bleeding started again this morning. Please, what could cause a woman to bleed this heavily? What emergency steps can be taken? What treatments can be given to this woman to save her life and stop the bleeding? What medicines or injections that help stop bleeding can be given to her first? And what investigations can be carried out to determine the cause of such severe bleeding?",http://speech-app.s3.amazonaws.com/static/audio/uploads/7b4e5923-c2e2-4179-a79f-0b45facd1a80/cdfadce328194fef123430ad5753be3d_PBWh9ZCs.wav,"Possible causes include retained products of conception, uterine atony, placental abruption, or cervical/uterine trauma, necessitating immediate resuscitation and stabilization. The emergency management involves establishing large-bore IV access, administering oxygen, and initiating massive transfusion protocols (blood, plasma, platelets) until hemodynamically stable. First-line life-saving treatment includes firm uterine massage and administering uterotonic agents like Oxytocin or Carboprost to control bleeding from the uterus. Crucial investigations include a complete blood count (CBC), quantifying hemoglobin, and performing a bedside ultrasound to assess for ectopic pregnancy or trapped placental tissue. Furthermore, a quantitative Blood Group Service and Rh typing are mandatory to prepare for potential blood transfusions, while hormonal testing (hCG) helps clarify the pregnancy status.",Gemma4-E4B (Ollama),gemma4:e4b
ef184d94-ce1c-48b8-afb8-b660491a5a96,english,good_english,"A nursing mother noticed her child coughing and also suspected that the child's body was warm at certain times. She further stated that a few hours ago, she noticed that the child's entire body became stiff and she fainted, and she couldn't confirm that her lips were stable anymore as they were secreting fluids, and the child could no longer swallow any food. She was now asking the doctor if such an illness can be treated. what disease it resembles and she further asked if she could get an injection or use local herbs for this disease. She went on to say that herbal mixture  ⁇ agbo ⁇  and traditional soap are what they usually use to treat this disease for any child afflicted by it in the community she came from.","A nursing mother noticed her child coughing and also suspected that the child's body was warm at certain times. She further stated that a few hours ago, she noticed that the child's entire body became stiff and she fainted, and she couldn't confirm that her lips were stable anymore as they were secreting fluid, and the child could no longer swallow any food. She is now asking the doctor if such an illness can be treated, what disease it resembles, and she further asked if she could get an injection or use local herbs for this disease. She went on to say that herbal mixtures (agbo) and traditional soap are what they usually use to treat this disease for any child afflicted by it in the community she comes from.",http://speech-app.s3.amazonaws.com/static/audio/uploads/70e65f2d-f8fa-40c8-aadd-5992a4cc46ca/a6d1e37e17cd73f804372f7e838d59b8_ASCsCEYS.wav,"Based on the combination of fever, body stiffening, and altered consciousness, the child’s symptoms are highly suggestive of Meningitis or a severe Central Nervous System (CNS) infection. This is a profound medical emergency requiring immediate hospital care, not home treatment. You must urgently take the child to the facility because this condition requires targeted intravenous antibiotics and antipyretics for survival. While local remedies like *Agbo* are culturally important, CNS infections require sterile, potent medicines, and delaying professional care is extremely dangerous. Do not attempt herbal treatments or administer the child anything by mouth until a doctor has thoroughly assessed them.",Gemma4-E4B (Ollama),gemma4:e4b
