audio_id,language,question,reference,url,model_answer,requested_model,model_id
a921421a-5a74-4099-b2ff-7e857fd1d354,english,"A mother gave birth to a newborn two weeks ago. She started seeing blood little by little on her body. However, as the days went by, she noticed that something like the stomach and blood were coming out. Sometimes the mother of the child is different, and she has a neck that is not good. And she knows that the mother of the child usually has pains in her lower abdomen. And every time she sees these signs, her heart gets confused. She walks Wonder if it was something among the common problems after childbirth or another problem. One day when she went to the hospital and was talking to other mothers, she heard that they should not downplay any changes they see in their bodies. This made her seek a doctor to talk to them. My question is, what can cause such a thing after childbirth? Can pain in the lower abdomen be a sign of a disease? What are the signs that this new Mother should be careful of after childbirth. What are the steps that the mother needs to take to prevent this disease?","A mother gave birth to a newborn two weeks ago. She started seeing blood little by little on her body. However, as the days went by, she noticed that something like the stomach and blood were coming out. Sometimes the mother of the child is different. And she has a neck that is not good. And she knows that the mother of the child usually has small pains in her lower abdomen, and every time she sees these signs, her heart gets confused. She wondered if it was something among the common problems after childbirth or another problem. One day when she went to the hospital, and was talking to other mothers, she heard that they should not downplay any changes they see in their bodies. This made her seek a doctor to talk to them. My question is, what can cause such a thing after childbirth? Can pain in the lower abdomen be a sign of a disease? What are the signs that this new mother should be careful of after childbirth? What are the steps that the mother needs to take to prevent this disease?",http://speech-app.s3.amazonaws.com/static/audio/uploads/d376f16d-8a40-477f-86c0-22c5e7c0fabe/af6ace06eb9c166ea21d14b725dfe032_ikQsvTqh.wav,"The passage of tissue and blood with lower abdominal pain two weeks postpartum is commonly caused by retained products of conception (RPOC) or puerperal sepsis, which is a severe uterine infection. Yes, lower abdominal pain is a critical sign of disease postpartum, typically indicating endometritis or uterine subinvolution that requires immediate medical evaluation. This mother must urgently watch for warning signs like heavy bleeding (soaking a pad in less than an hour), foul-smelling vaginal discharge, high fever, severe abdominal pain, or sudden changes in mental status like confusion. To prevent these life-threatening complications, she should maintain strict perineal hygiene, avoid unsanitary traditional practices, and ensure she does not miss her scheduled postnatal clinic visits. She must immediately go to the hospital for an ultrasound and clinical assessment, as she will likely need urgent antibiotics or a uterine evacuation to remove any retained tissue.",GLM-5.2-max,glm-5.2
48eb67dd-3ea9-4e95-9aeb-6f739d5c047b,english,"My name is Mrs Akinleyeg. For about the past two months, I have noticed that my husband's breathing has not been normal at all. He also sneezes repeatedly, especially whenever he is in a dusty environment or in a place where something is being fried. He sneezes repeatedly and finds it difficult to breathe properly. His breathing becomes labored and he tends to sneeze whenever he's in places with smoke or dust. Is there any test that can be carried? out to determine exactly what is causing these symptoms, could staying in dusty places be the cause, or is his body system changing in a way that is making this happen, what type of medication can he use so that his breathing will become normal and comfortable at all times, wherever he may be.","My name is Mrs. Akinleye. For about the past two months, I have noticed that my husband's breathing has not been normal at all. He also sneezes repeatedly, especially whenever he is in a dusty environment or in a place where something is being fried. He sneezes repeatedly and finds it difficult to breathe properly.

His breathing becomes laboured, and he tends to sneeze whenever he is in places with smoke or dust.

Is there any test that can be carried out to determine exactly what is causing these symptoms? Could staying in dusty places be the cause, or is his body's system changing in a way that is making this happen? What type of medication can he use so that his breathing will become normal and comfortable at all times, wherever he may be?",http://speech-app.s3.amazonaws.com/static/audio/uploads/5c2b47ff-934e-40c4-b5b5-432f28b0e0d2/d4efc0e2708246ed472102cdf3811037_ASnp9s1f.wav,"Your husband's symptoms indicate allergic asthma and allergic rhinitis, conditions where his immune system overreacts to environmental triggers like dust, smoke, and frying fumes. To confirm this, a physician should perform a spirometry test to assess his lung function and possibly a skin prick test to identify specific allergens. While avoiding dusty and smoky environments is essential to prevent attacks, he requires medical treatment to fully control the symptoms. For immediate relief of labored breathing, a reliever inhaler like Salbutamol and oral antihistamines for sneezing are typically used. However, to keep his breathing normal at all times, he must see a doctor for a prescribed preventer inhaler, usually containing inhaled corticosteroids.",GLM-5.2-max,glm-5.2
193bc635-2a7a-48d4-a2a1-d80de70d3f1b,english,"We saw one of our pregnant women early this morning along with her husband. She said that she has severe pain in her abdomen and her back is also aching even though it is not yet up to her delivery date. We asked this lady how many months pregnant she is and she said it is a pregnancy of six months and a few days. We then also asked this lady whether she is experiencing that pain right now. or if it comes and goes and she said she is experiencing that pain right now. Then we asked this lady whether she saw water or saw blood and she said that she saw water and blood. We then also asked this lady which number of child, which number of pregnancy is the pregnancy that is inside her and she said it is her first pregnancy. Our question for our doctor is Could this sign point to signs of labor or a sign that the pregnancy is damaged, miscarriage or another sign? Can we tell this lady to go and do an internal photo examination which we call a scan to know what is happening?","​We saw one of our pregnant women early this morning along with her husband, she said that she has severe pain in her abdomen and her back is also aching, even though it is not yet up to her delivery date. We asked this lady how many months pregnant she is, and she said it is a pregnancy of six months and a few days. We then also asked this lady whether she is experiencing that pain right now or if it comes and goes, and she said she is experiencing that pain right now. Then we asked this lady whether she saw water or saw blood, and she said that she saw water and blood. We then also asked this lady which number of child, which number of pregnancy is the pregnancy that is inside her, and she said it is her first pregnancy. Our question for our doctor is,could this sign point to signs of labor, or a sign that the pregnancy is damaged (miscarriage), or another sign? Can we tell this lady to go and do an internal photo examination which we call a scan to know what is happening?",http://speech-app.s3.amazonaws.com/static/audio/uploads/0d76b810-cd58-4c7b-bbaa-14e1db431104/2bd4ee05cdcf559317294ce081a41a2e_cWWA0Fbu.wav,"These symptoms at six months strongly suggest a severe obstetric emergency, such as preterm labor, late miscarriage, or a placental abruption where the placenta prematurely separates from the womb. The combination of constant severe pain, bleeding, and leaking fluid is highly dangerous and requires immediate medical intervention to protect both the mother and the baby. You must urgently refer this patient to the nearest hospital with maternity services for an immediate clinical assessment by a doctor. While an ultrasound scan is indeed necessary to determine the exact cause and fetal status, it must be performed within a hospital setting alongside emergency care. Please do not delay her transfer to a proper medical facility by sending her to get a scan elsewhere first.",GLM-5.2-max,glm-5.2
f5841173-3fa3-4104-943b-1116a20e44f2,english,"A mother who has three children. Meju is the junior child. Meju is a 1-year-old child. Meju's mother noticed that just a few days after childbirth, Meju has had a cough illness and has been coughing continuously without stopping at all. She said she also noticed that it is difficult for her to breathe well. She said this cough appears mostly in the evening when everyone has gone. She said her breath is also difficult to breathe well because this cough does not allow her to breathe in and out properly. She said she has been to the herbalists and has given her herbal mixtures but she noticed that none of the herbal mixtures she used worked. She said she then decided to go to the hospital so they could find out what happened to Kweju. Can this problem be Cured for this child? Is it a chest disease or asthma that it could be for the child? What are the things that the child needs to avoid so that this problem affecting her and causing her to cough can be significantly reduced?","A mother peju who has three children, peju is the junior child. Peju is a one-year-old child. Peju's mother noticed that, just a few days after childbirth, Peju has had a cough illness and has been coughing continuously without stopping at all. She said she also noticed that it is difficult for her to breathe well. She said this cough appears mostly in the evening, when everyone has gone to sleep. She said her breath is also difficult to breathe well, because this cough does not allow her to breathe in and out properly. She said she has been to the herbalists and has given her herbal mixtures, but she noticed that none of the herbal mixtures she used worked. She said she then decided to go to the hospital so they could find out what happened to Peju. Can this problem be cured for this child? Is it a chest disease or asthma that it could be for the child? What are the things that the child needs to avoid so that this problem affecting her and causing her to cough can be significantly reduced?",http://speech-app.s3.amazonaws.com/static/audio/uploads/5ed8e0c7-30e1-442b-aaa0-81777152de9e/2a24b6a777be7016fe4491f1783f310a_bXIVt5TF.wav,"Yes, this is a chest disease, and while childhood asthma is a strong possibility due to the nighttime coughing and breathlessness, chronic conditions like tuberculosis must be ruled out by a doctor. Depending on the exact diagnosis from hospital tests, this problem can be cured or effectively managed with modern medications, but the harmful herbal mixtures must be stopped immediately. To significantly reduce these coughing episodes, the child needs to avoid indoor cooking smoke, dust, cold air, and contact with people who have respiratory infections. Taking the child to the hospital for a proper clinical examination, likely including a chest X-ray, is the crucial next step to receive the correct inhaler or specific medical treatment.",GLM-5.2-max,glm-5.2
0429f217-2ba8-4fde-b80b-a3a545934026,english,"I'm 32 years old. I just gave birth. I just gave birth seven days ago. I noticed that if I'm breastfeeding the child, he struggles to suck the breast. If the child sucks a little bit, the child will remove his mouth. If I try to put the breast in his mouth so he can suck, he will suck again a little bit and remove his mouth. I now thought that why doesn't the child suck breasts well, I now notice. That the child has cold. He's not breathing out well, like a child snoring, that's how he sounds. I called the attention of my mother-in-law. She said maybe while we want to give birth to him, maybe water entered his head or other things. But I thought if water entered his head, the nurses and doctors ought to know if water entered the child's head. What now shattered my heart the most was the way he's not feeding well. It's given me concern and my mind is not at rest. He does not suck well at all. It's by force anytime I want to breastfeed the child. I have to wake him to suck a little. That's if he agrees to. What I want to ask is that what's the cause of the cold that he doesn't breathe well, and that any time he breathes, it will look like someone that the nose is blocked, and that what is the cause that he's not sucking breast. ","I’m 32 years old , I just gave birth , I just gave birth 7days ago , I noticed that if I’m breast feeding the child , he struggles to suck the breast , if the child suck a little bit , the child will remove his mouth if I try to put the breast in his mouth so he can suck , he will suck again a little bit and remove his mouth , I now thought that why did the child doesn’t suck breast well , I now noticed that the child has cold , his not breathing out well like a child snoring that’s how he sounds, I call the attention of my mother in law , she say maybe while we want to give birth to the child maybe water enters his head or other things but I thought if water enters his head , the nurses and doctors ought to know if water enters the child’s head , what now shattered my heart the most was the way he’s not feeding well , it’s giving me concern and my mind is not at rest , he doesn’t suck well at all , it’s by force any time I want to breastfeed the child , I have to wake him to suck a little that’s if he agrees to , what I want to ask is that what’s the cause of the cold that he doesn’t breathe well and that anytime he breathe it’s would look like someone that the nose is blocked  and that what is the cause that he’s not sucking breast well .",http://speech-app.s3.amazonaws.com/static/audio/uploads/9cc562be-c195-4c12-8c16-130f86eb5fa9/0df772cf4bd08662a32ef9f68b31cd07_Cfyaxdur.wav,"Your baby's noisy breathing is likely due to mild nasal congestion, which is common in newborns because their narrow nasal passages easily trap normal mucus, not because ""water entered his head"" during delivery. Newborns are obligate nose-breathers, meaning they struggle to breathe through their mouths, so a blocked nose directly causes the poor breastfeeding as he must release the breast to catch his breath. To help him feed, gently clear his nose with saline drops before each feeding and ensure he remains warm. Because he is only seven days old, you must monitor him closely for danger signs like fast breathing, chest in-drawing, fever, or excessive sleepiness. If you notice any of these warning signs or if his feeding does not improve, please take him to the hospital immediately to rule out a neonatal chest infection.",GLM-5.2-max,glm-5.2
5c0d4c54-a56b-4866-aaf3-9a209ad6e81e,english,"Doctor, a mother living in our house began to notice that her baby was not breastfeeding well. Whenever she tried to breastfeed the baby, the baby would suck for a little while and then stop as if exhausted. The mother also noticed that the baby did not have enough strength to breastfeed and would sweat heavily on the head and face. Not only that, the baby's breathing changed. It seems as though the baby was breathing upward and downward like someone struggling to breathe. As the days went by, the mother became increasingly worried. She wondered whether it was because the baby was not feeding enough or whether there was a problem related to the baby's breathing and sweating. Therefore, she decided to go to the hospital to see a doctor for an examination of the baby. My question is, what could cause a baby? to have difficulty breastfeeding properly. Is the way the baby is breathing a sign of any health problem? What danger signs should the baby's parents watch out for? What could cause a young child to sweat while breastfeeding?","Doctor, a mother living in our house began to notice that her baby was not breastfeeding well. Whenever she tried to breastfeed the baby, the baby would suck for a little while and then stop as if exhausted.
The mother also noticed that the baby did not have enough strength to breastfeed and would sweat heavily on the head and face. Not only that, the baby's breathing changed; it seemed as though the baby was breathing upward and downward, like someone struggling to breathe.
As the days went by, the mother became increasingly worried. She wondered whether it was because the baby was not feeding enough, or whether there was a problem related to the baby's breathing and sweating. Therefore, she decided to go to the hospital to see a doctor for an examination of the baby.
My question is: what could cause a baby to have difficulty breastfeeding properly? Is the way the baby is breathing a sign of any health problem? What danger signs should the baby's parents watch out for? What could cause a young child to sweat while breastfeeding?",http://speech-app.s3.amazonaws.com/static/audio/uploads/c130082b-c98c-4348-8ad5-65a748d7cfdb/1bd18e09502433a260e019b03c7a2a30_DaAjTsHW.wav,"The baby's poor feeding, abnormal breathing, and sweating are classic signs of congestive heart failure—often due to congenital heart disease—or a severe respiratory infection like pneumonia, both of which make the infant too exhausted to coordinate sucking and breathing. The described breathing pattern is a definitive sign of respiratory distress, while the heavy sweating occurs because feeding becomes a highly strenuous physical activity when the baby's heart and lungs are overworking. Parents must urgently watch for danger signs such as bluish discoloration of the lips or tongue (cyanosis), severe chest in-drawing, nasal flaring, grunting, extreme lethargy, and a complete refusal to feed. Given these concerning symptoms, this infant requires immediate hospital evaluation, including oxygen saturation monitoring and a chest X-ray, to identify the exact cause and prevent fatal deterioration.",GLM-5.2-max,glm-5.2
47a7b745-bfa9-466f-99b2-9e9b789272f4,english,"A mother of a young child became worried about her 8-month-old baby. During the daytime, the baby plays well, but every night the baby starts coughing. The cough wakes the baby from sleep and the baby cries afterwards. On one of those nights, the mother noticed that the baby was breathing very fast and seemed to be struggling to breathe. The mother could not sleep because of fear. The following morning, she noticed That the baby did not want to breastfeed or play as before, so she decided to take the baby to see a doctor because she wanted to know what was causing the cough and the breathing difficulty and to know what medicine or treatment could be used for the baby. My question is, what could cause a young child to cough severely at night and also make it difficult for the child to breathe properly? Could the cough and the struggle Struggle to breathe properly be signs of a lung disease, what are the things that can be done at home and to help the baby become more comfortable and sleep better at night?","A mother of a young child became worried about her eight-month-old baby. During the daytime, the baby plays well, but every night the baby starts coughing. The cough wakes the baby from sleep, and the baby cries afterwards.
On one of those nights, the mother noticed that the baby was breathing very fast and seemed to be struggling to breathe. The mother could not sleep because of fear. The following morning, she noticed that the baby did not want to breastfeed or play as before, so she decided to take the baby to see a doctor because she wanted to know what was causing the cough and the breathing difficulty and to know what medicine or treatment could be used for the baby.
My question is: what could cause a young child to cough severely at night and also make it difficult for the child to breathe properly? Could the cough and the struggle to breathe properly be signs of a lung disease? What are the things that can be done at home to help the baby become more comfortable and sleep better at night?",http://speech-app.s3.amazonaws.com/static/audio/uploads/5d17fda2-a578-46e0-bfc6-5ee2baed3026/b4f40da326990dd52eec1b1d2d945b52_IIsse8wd.wav,"The baby's symptoms strongly suggest a lower respiratory tract infection, such as bronchiolitis or pneumonia, which are indeed acute lung diseases common in infants. The rapid breathing, struggling to breathe, and refusal to breastfeed are recognized danger signs indicating severe respiratory distress that requires immediate hospital evaluation rather than just home management. At the hospital, the doctor will assess oxygen saturation and may administer oxygen, nebulized medications, or antibiotics depending on the specific diagnosis. While arranging urgent medical care, you can keep the baby upright to ease breathing, use saline nasal drops to clear mucus, and ensure the room is well-ventilated and free of smoke. Please do not give over-the-counter cough syrups to an 8-month-old, as they are not recommended for this age group and can be harmful.",GLM-5.2-max,glm-5.2
ec4b4ec7-75ef-41ca-ba6f-fc5c6c69d144,english,"A woman had a baby, a child, about five months ago. She explained regarding the child that there was nothing wrong at the time she gave birth, as the baby was feeding vigorously as expected. Suddenly, she noticed that the child would cry out in pain in their arms and legs. It also reached the point where the child would call for help to get up, to crawl or to move. So as to reach their mother. Please, what can this woman do for the child to relieve the pain in the arms and legs and to ensure they don't delay their developmental milestones? Therefore the mother wants to come to the hospital with the child to see a doctor and to find out what can be done to help the child's body recover and be in a healthy state.","A woman had a baby—a child—about five months ago. She explained regarding the child that there was nothing wrong at the time she gave birth, as the baby was feeding vigorously as expected. Suddenly, she noticed that the child would cry out in pain in their arms and legs. It also reached the point where the child would call for help to get up, to crawl, or to move, so as to reach their mother. Please, what can this woman do for the child to relieve the pain in the arms and legs, and to ensure they don't delay their developmental milestones? Therefore, the mother wants to come to the hospital with the child to see a doctor to find out what can be done to help the child's body recover and be in a healthy state",http://speech-app.s3.amazonaws.com/static/audio/uploads/cb7d0ab6-f969-40eb-9258-ad4b55bd80ae/06d192550816689893b8150456523768_pBOqs4ud.wav,"The mother must bring the child to the hospital immediately, as sudden limb pain and reluctance to move in a 5-month-old strongly suggests a Sickle Cell crisis (dactylitis) or an acute bone or joint infection. While preparing for the hospital visit, she should avoid handling the painful limbs unnecessarily, continue breastfeeding to ensure hydration, and can administer a weight-appropriate dose of paracetamol syrup for temporary pain relief. At the hospital, the doctor will physically examine the child and likely request blood tests, such as a sickle cell screen and inflammatory markers, alongside X-rays to determine the exact cause. Once diagnosed, the medical team will provide definitive treatments like adequate pain management, hydration, or antibiotics if an infection is present, which will help the child move comfortably again. This prompt medical intervention is essential to resolve the underlying condition, alleviate the child's pain, and ensure they do not fall behind on their developmental milestones.",GLM-5.2-max,glm-5.2
ada6aff0-d3eb-45ce-90d5-529d6308338d,english,"A wife observed that her husband has a headache, and the headache is really really bad. It's quite much to the extent that the man has a stiff neck, unable to turn it to the left or right as it ought to be. She now observed some very tiny sores which were not on the man's body before but suddenly occurred. This scared the woman that this kind of occurrence that happened to her husband. What can be the cause and what can she do? The question I asked the woman was that has her husband ever had a high fever and a kind of drug was used? She said no. Or that the man, the bed he sleeps on, what he uses as pillow. Hope it is not that he slept on the neck. The woman said no, it is not that he slept on the neck, but suddenly the headache started and it was consistent. with a stiff neck and very tiny sores around the body. If something like this happens, what can that kind of wife do to help care for her husband and he will return to his normal self?","A wife observed that her husband has a headache, and the headache is really really bad. It quite much to the extent that the man has a stiff neck unable to turn it to the left or right as it ought to be. She now observed some very tiny sores which were not on the man's body before but suddenly occurred. This scared the woman that this kind of occurrence that happened to her husband what can be the cause and what can she do? The question I asked the woman was that has her husband ever had a high fever and a kind of drug was used? She said no. Or that the man, the bed he sleeps on what he uses as pillow hope it's not that he slept on the neck the woman said no it is not that he slept on the neck but suddenly the headache started and it was consistent with a stiff neck and very tiny sores around the body. If something like this happens, what can that kind of wife do to help care for her husband and he will return to his normal self? ",http://speech-app.s3.amazonaws.com/static/audio/uploads/c1d66b1c-1f82-40b2-bdd6-48cb8098643e/af15a019b54b875a5fd6ac4eb70407c0_111HqeS2.wav,"The combination of a severe headache, neck stiffness, and sudden tiny sores strongly suggests meningococcal meningitis, a life-threatening bacterial infection of the brain lining that is prevalent in our region. This is a critical medical emergency, so the wife must immediately take her husband to the nearest hospital for urgent medical intervention without attempting any home remedies. At the hospital, doctors will likely administer intravenous antibiotics, such as ceftriaxone, and provide supportive care to treat the infection and reduce brain swelling. While transporting him, she should keep him comfortable, avoid giving him any random medications, and ensure he avoids bright lights if they worsen his headache. Furthermore, because meningitis is highly contagious, she and other close contacts must visit the hospital for prophylactic antibiotics to prevent infection.",GLM-5.2-max,glm-5.2
6c4ab0d8-695b-453c-b3c0-db41ba12f1f7,english,"My daughter is pregnant. She is about 24 years old. She's the one who is pregnant. This happened today. At night, I noticed that she started having pain. She had already packed her belongings and came to my house. As the pain continued, I saw that it was increasing. I gathered all her belongings and she did not initially allow us to go to the hospital. We took her to the hospital. And they examined her. They said the cervix has started to open a little and that it is almost time for delivery. Until today, the cervix is still opening until the time the baby will come out. Yesterday, the baby was still in pain that kept increasing since we arrived here. She is in pain, the baby will come out. It is her first pregnancy. I am worried and my heart is troubled. I want to save my child. I do not want to lose the baby that is coming. Please, what could be causing this pain? Is this how it usually is for first time mothers when they're about to give birth? Is it possible the baby is too big and cannot come out through the birth canal? Or is it possible they will do surgery for her?","My daughter is pregnant; she is about twenty-four years old. She is the one who is pregnant. This happened today.
At night, I noticed that she started having pain. She had already packed her belongings and came to my house. As the pain continued, I saw that it was increasing. I gathered all her belongings, and she did not initially allow us to go to the hospital.
We took her to the hospital, and they examined her. They said the cervix has started to open a little, and that it is almost time for delivery.
Until today, the cervix is still opening until the time the baby will come out. Yesterday, the baby was still in pain that kept increasing since we arrived there.
She is in pain, the baby will come out, it is her first pregnancy. I am worried and my heart is troubled.
I want to save my child, and I do not want to lose the baby that is coming. Please, what could be causing this pain? Is this how it usually is for first-time mothers when they are about to give birth? Is it possible the baby is too big and cannot come out through the birth canal? Or is it possible they will do surgery for her?",http://speech-app.s3.amazonaws.com/static/audio/uploads/d5509e58-a2b1-40ca-8b13-2b7a616524d3/bfb28059877e5a1ae852d394c0e93371_GVWpRisH.wav,"The increasing pain your daughter is experiencing is caused by uterine contractions, which are necessary to open the cervix and safely push the baby down the birth canal. It is completely normal for first-time mothers to experience intense, prolonged pain during labor since their pelvic tissues and muscles are stretching for the first time. While it is possible the baby could be too large for the birth canal, a condition known as cephalopelvic disproportion, the doctors will closely monitor her labor progress to detect this early. If the baby cannot pass safely or if there are signs of distress, the medical team will perform a Cesarean section to ensure the safety of both mother and child. Please be reassured that she is in the best possible place at the hospital, as the healthcare providers are fully equipped to manage her care and intervene surgically if necessary to save her and the baby.",GLM-5.2-max,glm-5.2
9df719ce-bc9f-44b6-bded-3077ed94da7e,english,"Good evening. I came because of my younger sibling. I noticed that their eyes and skin have a pale yellowish color and this has been going on for about three days now. Their body is also very hot, burning with a fever and they cannot eat. They cannot retain anything. In fact, they are shivering and weakened heavily. Because their head is throbbing, their head is aching and their body is burning hot. We have tried Using some things at home, we gave them but even so, there is absolutely no difference in their condition. Their eyes and skin that have that pale yellowish color, it hasn't stopped. That yellow color is just increasing day by day, and they are not at peace, they are not comfortable, they are suffering. God forbid they are really suffering. That is why I came to the hospital so we can know what to do. The steps we need to take. So that my younger siblings body, their skin, and eyes that are turning yellow will stop, and they will recover.","Good evening I came because of my younger sibling. I noticed that their eyes and skin have an airy... a pale/yellowish color. And this has been going on for about three days now. Their body is also very hot, burning with a fever, and they cannot eat. They cannot retain anything, they cannot retain anything. In fact, they are shivering/weakened heavily. Because their head is throbbing, their head is aching, and their body is burning hot. We have tried using some things at home, we gave them, but even so, there is absolutely no difference in their condition. Their eyes and skin that have that pale/yellowish color, it hasn't stopped, that yellow color is just increasing day by day, and they are not at peace, they are not comfortable, they are suffering, God forbid, they are really suffering. That is why I came to the hospital so we can know what to do, the steps we need to take, so that my younger sibling's body, their skin and eyes that are turning yellow, will stop, and they will recover.
",http://speech-app.s3.amazonaws.com/static/audio/uploads/a414aded-62b8-4fc4-929d-26b35caeb978/989e6eadd835e1b96f4e8861a07e4c4c_MrBEXoaG.wav,"Based on the symptoms of progressive jaundice, high fever, chills, and vomiting, your sibling is likely suffering from a severe systemic infection such as severe malaria, acute viral hepatitis, or yellow fever, which are common in our environment. The yellowing of the eyes and skin indicates a buildup of bilirubin, which occurs when red blood cells are rapidly destroyed or the liver is inflamed and unable to function properly. You must admit them to the hospital immediately for urgent blood tests, including a malaria parasite test, liver function tests, and a full blood count, to determine the exact cause. We will immediately start intravenous fluids to treat the dehydration from vomiting, and administer appropriate antimalarial or supportive medications based on the test results. Delaying medical intervention could lead to severe complications like acute liver failure or cerebral malaria, so please proceed to the emergency ward right away.",GLM-5.2-max,glm-5.2
022c11b7-cca9-4275-af59-e4e8ee59e43f,english,"A newborn baby that has just been delivered in our hospital about 20 minutes ago was found to appear sleepy. The baby did not cry well since being delivered. When we checked its respiration, it was fine, but the baby was asleep all through. We also checked the temperature and it was normal. Here is my question. What could cause a newborn baby to appear as if it is sleeping and not cry properly since it's Birth, also what kind of treatment will be effective for such baby, and when the mother gets home, what could she administer to the child and what she should not, and what kind of food should the mother eat to ensure that both the mother and baby will be healthy?","A newborn baby that has just been delivered in our hospital about twenty minutes ago, was found to appear sleepy. The baby did not cry well since being delivered. When we checked it's respiration,  it was fine but the baby was asleep althrough, we also checked the temperature, and it was normal. Here is my question, what could cause a new born baby to appear as if it is sleeping? And not cry properly since it's birth? Also, what kind of treatment will be effective for such baby? And, when the mother gets home, what could she administer to the child and what she should not, and what kind of food should the mother eat to ensure that both the mother and baby will be healthy?",http://speech-app.s3.amazonaws.com/static/audio/uploads/6f8d8a92-3139-406c-aa58-7761f86019a8/98e6b71ce1791edd23c66d1f3ed10ccf_s31zSAVp.wav,"A sleepy newborn with a poor cry despite normal vitals could be experiencing birth asphyxia, neonatal hypoglycemia, or the residual effects of maternal analgesics or sedatives administered during labor. The baby requires immediate inpatient neonatal evaluation, including blood glucose checks and possible intravenous dextrose or oxygen therapy, so the infant must not be discharged home yet. Once medically cleared and discharged, the mother should exclusively breastfeed on demand and must never administer water, gripe water, or local herbal mixtures like ""agbo"" to the newborn. To support recovery and adequate lactation, the mother should eat a balanced diet rich in local proteins, leafy green vegetables, fresh fruits, and plenty of fluids.",GLM-5.2-max,glm-5.2
95743119-c813-4c38-a346-686838409ec0,english,"A woman who lives in our house, she's employed. She does her work diligently and has no health issues. One day, while she was bathing, she felt her breast and noticed something like a small hard lump inside it. Initially, she thought it was nothing serious, but she felt it again on another day and realized it was still there. As time went on, she became very anxious. She began to worry about where This issue was developing within her breast. It wasn't painful, but the fact that the lump was hard and wouldn't go made her sad. She also started remembering stories she used to hear about girls who had lumps in their breasts. After a few weeks, she decided to go see a doctor. She wanted to know what caused the lump and what she needed to do to safeguard her health. My questions are, what can cause a hard lump in a woman's breast? Does every breast lump mean something that could lead to cancer? What other symptoms should women look out for regarding their breasts?","A woman who lives in our house, she is employed. She does her work diligently and has no health issues.
One day, while she was bathing, she felt her breast and noticed something like a small, hard lump inside it.
Initially, she thought it was nothing serious, but she felt it again on another day and realized it was still there. As time went on, she became very anxious. She began to worry about whether this issue was developing within her breast. It wasn't painful, but the fact that the lump was hard and wouldn't go away made her sad. She also started remembering stories she used to hear about girls who had lumps in their breasts.
After a few weeks, she decided to go see a doctor. She wanted to know what caused the lump and what she needed to do to safeguard her health.
My questions are: What can cause a hard lump in a woman's breast?
Does every breast lump mean something that could lead to cancer?
What other symptoms should women look out for regarding their breasts?

",http://speech-app.s3.amazonaws.com/static/audio/uploads/06473ccd-4fdc-4cd5-89cc-70e5cd9d3262/b8bed3fe34877c2aa244cf1dabae69e5_sGUaCrxc.wav,"A hard breast lump can be caused by several conditions, including non-cancerous growths like fibroadenomas (which are highly prevalent in young African women), fluid-filled cysts, infections, or breast cancer. Fortunately, not every breast lump means cancer, as many are entirely benign, but every persistent lump must be evaluated by a doctor using ultrasound and a biopsy to determine its exact nature. In addition to lumps, women should watch for changes in breast size or shape, skin dimpling resembling an orange peel, nipple retraction, abnormal nipple discharge, and swellings in the armpit. It is commendable that she is seeking medical care, as early clinical evaluation is crucial for accurate diagnosis and peace of mind.",GLM-5.2-max,glm-5.2
27ce4e55-f624-41bb-b682-93b6327818fe,english,"A pregnant woman came to the hospital this evening and explained that her husband often shouts at her and frequently beats her. She said that this has caused her to become very fearful. Many times, whenever she hears her husband is coming home or when she is about to go home, she becomes afraid because she worries that he may beat her or verbally abuse her. She also noticed that her heart often races. or pounds. She went to have her blood pressure checked and she was told that her blood pressure was elevated. She said that she sought help from her parents and explained the situation to them. As a result, her parents gave her a traditional ABA remedy  ⁇ agbo ⁇, but there was no improvement after she used it. She wants to know, what can she do so that she will no longer be overwhelmed by fear. Whenever she's going home or hears that her husband is coming, what can she use or do to help restore her peace of mind, calmness, and emotional well-being?","A pregnant woman came to the hospital this evening and explained that her husband often shouts at her and frequently beats her. She said that this has caused her to become very fearful.
Many times, whenever she hears that her husband is coming home or when she is about to go home, she becomes afraid because she worries that he may beat her or verbally abuse her.
She also noticed that her heart often races or pounds. She went to have her blood pressure checked, and she was told that her blood pressure was elevated.
She said that she sought help from her parents and explained the situation to them. As a result, her parents gave her a traditional herbal remedy (""agbo""), but there was no improvement after she used it.
She wants to know:
What can she do so that she will no longer be overwhelmed by fear whenever she is going home or hears that her husband is coming?
What can she use or do to help restore her peace of mind, calmness, and emotional well-being?",http://speech-app.s3.amazonaws.com/static/audio/uploads/407249ff-42df-4b7b-bc18-59c6db93cdfc/22315e6de3ea823f350c794823894174_6hrBhbjm.wav,"This pregnant woman is experiencing intimate partner violence and severe anxiety, which is dangerously elevating her blood pressure and putting her pregnancy at risk, making unregulated traditional remedies like ""agbo"" inappropriate and potentially harmful. She must urgently undergo an obstetric evaluation to manage her blood pressure and rule out hypertensive disorders of pregnancy like preeclampsia, as stress directly impacts maternal and fetal health. To manage acute episodes of fear and palpitations, she can practice slow, deep breathing exercises, but true peace of mind requires removing herself from the abusive environment. She should immediately work with the hospital's social worker or a local domestic violence support unit to create a safety plan, which may involve temporarily relocating to a safe environment. Additionally, a referral to a mental health professional for trauma-focused counseling will provide her with long-term coping strategies to restore her emotional well-being.",GLM-5.2-max,glm-5.2
6eb74fc8-7cdc-4d4d-a06b-065c285b47a5,english,"A woman just gave birth to a newborn baby at her hospital this morning. Her delivery was very easy and she gave birth to the baby smoothly and without complications. Shortly after the woman gave birth, we observed that the pads placed under her quickly became soaked with blood and it was quite a lot. A few minutes later, the woman used another pad, yet it was also filled with blood very quickly. Before long, the woman started feeling weak and the bleeding became so heavy that it did not stop. What could be the cause of postpartum hemorrhage? What could cause the bleeding to not stop? Is it possible that a second baby remains inside this woman? Is it possible that the woman's cervix is torn? Is it possible that her uterus is failing to contract to stop the bleeding? What could cause the hemorrhage? Heavy, continuous bleeding this woman is experiencing, what steps can we take for this woman to stop bleeding, what kind of injection or medication can be used for this woman, and should we send this woman to a larger hospital or is there another procedure we can perform on this woman to make the bleeding stop?","A woman just gave birth to a newborn baby at our hospital this morning. Her delivery was very easy, and she gave birth to the baby smoothly and without complications.
Shortly after this woman gave birth, we observed that the pad placed under her quickly became soaked with blood, and it was quite a lot. A few minutes later, the woman used another pad, yet it was also filled with blood, very quickly. Before long, the woman started feeling weak, and the bleeding became so heavy that it did not stop.
What could be the cause of postpartum hemorrhage? What could cause the bleeding to not stop? Is it possible that a second baby remains inside this woman? Is it possible that the woman's cervix is torn? Is it possible that her uterus is failing to contract to stop the bleeding? What could cause the heavy, continuous bleeding this woman is experiencing? What steps can we take for this woman to stop the bleeding? What kind of injection or medication can be used for this woman, and should we send this woman to a larger hospital, or is there another procedure we can perform on this woman to make the bleeding stop?",http://speech-app.s3.amazonaws.com/static/audio/uploads/ec461994-3da0-48c5-b5f5-4f5b8a550636/ce2a3f107f1dee8ad57fb91174554434_QJwqdIdL.wav,"This woman is experiencing severe postpartum hemorrhage (PPH), most commonly caused by uterine atony (failure of the uterus to contract), though a cervical tear, retained placental tissue, or an undiagnosed second baby are all possible and must be immediately evaluated. You must urgently start intravenous fluids, palpate her abdomen to exclude a second baby, and administer uterotonics such as intramuscular Oxytocin or misoprostol. Next, perform a thorough vaginal examination to inspect for and repair any cervical tears, ensure the placenta is completely delivered, and apply bimanual uterine compression if the uterus remains soft. If the bleeding does not rapidly cease with these medications and interventions, she must be urgently referred to a larger hospital for blood transfusions and advanced surgical procedures to save her life.",GLM-5.2-max,glm-5.2
0fb66f21-102e-431d-a7f0-04fd8a4b4a97,english,"A mother among the mothers who usually bring their babies for injections explained that she noticed that her newborn baby has a problem around the mouth and the baby's lips look bluish. Today, she also noticed that when she is breastfeeding the baby, the baby struggles, gasps, and finds it difficult to breathe properly. She said this is what made her worried because she does not know what Is happening to the baby. What can cause a newborn babys lips to look bluish? What can also cause a baby to struggle and have difficulty breathing while breastfeeding? Can medicine be given or should the baby be examined?","A mother among the mothers who usually bring their babies for injections explained that she noticed that her newborn baby has a problem around the mouth, and the baby’s lips look blueish.
Today, she also noticed that when she is breastfeeding the baby, the baby struggles, gasps, and finds it difficult to breathe properly. She said this is what made her worried because she does not know what is happening to the baby.
What can cause a newborn baby’s lips to look blueish? What can also cause a baby to struggle and have difficulty breathing while breastfeeding? Can medicine be given, or should the baby be examined?",http://speech-app.s3.amazonaws.com/static/audio/uploads/eb59b12a-df81-4d6d-b556-2dfd10872bb0/e65bb243e369f0ed86efeb4630a8ccca_dzDCVVum.wav,"The bluish lips indicate central cyanosis, meaning the baby has low oxygen levels in the blood, which is commonly caused by congenital heart defects or severe lung problems like pneumonia. The struggle and gasping during breastfeeding happen because feeding requires extra effort and oxygen, making it difficult for a baby with compromised heart or lung function to breathe and suck simultaneously. You should not give any medicine at home; the baby must be examined by a doctor immediately. In our local setting, neonatal cyanosis is a medical emergency requiring urgent hospital evaluation to determine the exact cause and provide oxygen or other life-saving treatments. Please take the baby to the nearest hospital right away.",GLM-5.2-max,glm-5.2
44f035d9-9f2b-4e9d-a23b-289b07f70219,english,"A pregnant woman who is 6 months pregnant and lives in her house started noticing that her heart palpitates rapidly as if she just finished running. Sometimes she gets tired without doing any work at all and her hands trembling slightly. After a few weeks, she also noticed that her neck started swelling in the front. When people began telling her that her neck looks different from before, she became very Very frightened, wondering if this is one of the illness that affects pregnant women or if it is another problem. She has now decided to go to see a doctor so they can know what is causing it. My question is, what can cause a pregnant woman ⁇ s heart to palpitate rapidly like someone who just finished running, along with her neck swelling? Can this problem affect the development of the baby inside? her, what are the warning signs they should watch out for at home, are there certain foods or drinks that she ought to avoid, or those that she should eat more of during this kind of period?","​A pregnant woman who is six months pregnant and lives in our house started noticing that her heart palpitates rapidly as if she just finished running. Sometimes she gets tired without doing any work at all, and her hands tremble slightly. After a few weeks, she also noticed that her neck started swelling in the front. When people began telling her that her neck looks different from before, she became very frightened, wondering if this is one of the illnesses that affect pregnant women or if it is another problem. She has now decided to go see a doctor so they can know what is causing it. My question is, what can cause a pregnant woman's heart to palpitate rapidly like someone who just finished running, along with her neck swelling? Can this problem affect the development of the baby inside her? What are the warning signs they should watch out for at home? Are there certain foods or drinks that she ought to avoid, or those that she should eat more of during this kind of period?",http://speech-app.s3.amazonaws.com/static/audio/uploads/1b117728-ed2c-48be-b2bf-1788a368fd3b/b65c58746e68e319f6dd309f68af179e_ypZcc7lN.wav,"This pregnant woman is likely experiencing hyperthyroidism, an overactive thyroid gland often caused by Graves' disease, which explains her palpitations, fatigue, tremors, and neck swelling (goiter). If left untreated, this condition can affect the baby's development, potentially leading to preterm birth, low birth weight, or fetal thyroid dysfunction. At home, she must watch for emergency warning signs like chest pain, severe shortness of breath, high fever, or confusion, which could indicate a dangerous thyroid storm. She should avoid caffeine found in coffee and energy drinks, as well as excessive iodine intake from kelp or iodine supplements, which can worsen the goiter. She should eat a balanced diet rich in fruits, vegetables, and lean proteins, but her most crucial next step is to urgently see a doctor for thyroid function tests and pregnancy-safe anti-thyroid medication.",GLM-5.2-max,glm-5.2
ec8c9662-4d2c-48bd-818f-f9d9a2d15350,english,"A guardian of a child observed that the child is coughing intensely, till the end that the child is being abrupt and struggling to breathe well. What can cause a child to be coughing in abrupt manner, till the end that the child can't breathe well, and struggling to breathe? What kind, what can kind, what's this?","A guardian of a child observed that the child is cough intensely, till the end that the child is been abrupt and struggling to breathe well. What can cause a child to be coughing in abrupt manner, till the end that the child can't breathe well, and struggling to breathe? What can kind of test can we run for that child? What treatment can we give? And then what advice can be give to the guardian of this child? ",http://speech-app.s3.amazonaws.com/static/audio/uploads/a803a5fc-91aa-4137-88ce-fd1441a0661a/30d255e19ba4989fba43229d8c7d1b9d_jK70Co3a.wav,"This description of intense, abrupt coughing followed by a struggle to breathe strongly suggests a paroxysmal cough, classically caused by Pertussis (whooping cough) or foreign body aspiration. Pertussis, which remains prevalent in settings with incomplete immunization coverage, causes severe coughing fits that end with a desperate struggle to inhale, often producing a ""whoop"" sound. A sudden onset of these symptoms without prior illness could also indicate the inhalation of a foreign body, such as a groundnut or small object, acutely blocking the child's airway. Other serious possibilities include severe bronchopneumonia or acute asthma exacerbations. Because the child is struggling to breathe, this is a medical emergency requiring immediate hospital evaluation for oxygen therapy and airway management.",GLM-5.2-max,glm-5.2
f0faac29-3025-4671-8a8d-adc9918b703d,english,"A woman brought her 3 year old child who came to the hospital for a checkup this morning. The explanation given was that when people talk to the child, he doesn't react, he doesn't respond, he doesn't look at the person talking to him, and when they call his name, he doesn't even react as if he heard anything at all. In the question we asked the woman, has the child ever had any seizure? His mother said he has never had any seizure at all. We also asked, has the child received all his immunization vaccines, the ones he should have received according to what his mother brought. The medical card we used for verification showed that it is true the child received immunization vaccines and in it we saw that the child has received all his immunization vaccines completely. My next question is, regarding this kind of situation with a child who has no seizure And who has received all their immunization vaccines completely, what kind of thing could cause such situation in such a child?","A woman brought her three-year-old child who came to the hospital for a check-up this morning. The explanation given was that when people talk to the child, he doesn't react—he doesn't respond, he doesn't look at the person talking to him, and when they call his name, he doesn't even react as if he heard anything at all.
In the question we asked the woman, 'Has the child ever had any seizures?' His mother said he has never had any seizures at all. We also asked, 'Has the child received all his immunization vaccines, the ones he should have received according to what his mother brought?' The medical card we used for verification showed that it is true the child received immunization vaccines, and in it, we saw that the child had received all his immunization vaccines completely.
My next question is: 'Regarding this kind of situation with a child who has no seizures, and who has received all their immunization vaccines completely, what kind of thing could cause such a situation in such a child?",http://speech-app.s3.amazonaws.com/static/audio/uploads/5e370cc9-fefb-462b-8d77-fe746ab674b0/7bc67ffc7e85895eb1ea0bbe4e09a55c_1SCGFhJg.wav,"This child's failure to respond to his name, lack of eye contact, and unresponsiveness to speech strongly suggest either Autism Spectrum Disorder (ASD) or a severe hearing impairment. ASD is a neurodevelopmental condition characterized by deficits in social communication and reciprocal interaction, which often becomes apparent at this age when language milestones are expected to develop. Alternatively, profound hearing loss could result from congenital causes, chronic untreated middle ear infections, or complications of severe neonatal jaundice (kernicterus), the latter being a relatively common occurrence in our region. The absence of seizures and a complete immunization record make post-infectious neurological complications like meningitis less likely, but they do not rule out these primary developmental or sensory deficits. I strongly recommend an urgent audiological assessment and a referral to a developmental pediatrician to differentiate between hearing loss and ASD and to initiate appropriate early interventions.",GLM-5.2-max,glm-5.2
b52c20f6-9612-47cf-af15-432a9f2fe181,english,"One of my senior siblings just gave birth to a girl few days ago. She noticed that anytime she breastfeed, she have difficulty in breathing. Sometimes the child stops sucking suddenly that the child is lifeless. One day, the mother said that when she breastfeed the child at midnight, she noticed that the child lips is already changing little by little. She was so disappointed and confused. She tried carrying the child up so that the child could breathe well. But the child have difficulty in breathing. Ha was also afraid when he saw the child having difficulty breathing and the lips changing. They quickly carried the child to the hospital for medical attention. What can the lips of a newborn child change color and is difficulty breathing when a child is sucking a dangerous sign and is heart disease or liver? Disease cause a child difficulty in breathing, what are other dangerous signs and symptoms that parents can be cautious of and what are the emergency treatments that can be given to a child that have difficulty in breathing?","One of my senior siblings just gave birth to a girl few days ago , she noticed that anytime she breast feed she have difficulty in breathing , sometime the child stops sucking suddenly like the child is lifeless , one day the mother see that when she breastfeed the child at midnight she noticed that the child lips is already changing little by little she was so disappointed and confused, she tried  carrying  the child up so that the child to breathe well but the child have difficulty in breathing , her was also afraid when he saw the child having difficulty breathing and the lips changing , they quickly carried the child to the hospital for medical attention , what can the lips of a newborn child change color and is difficulty breathing when a child is sucking a   dangerous sign and is heart disease or liver disease cause a child difficulty in breathing , what are other dangerous signs and symptoms that parent can be cautious of , and what are the emergency treatment that can be given to a child that have difficulty in breathing.",http://speech-app.s3.amazonaws.com/static/audio/uploads/5d00cd62-5c2a-47e0-ba42-88ff267e91de/8db13b3408269957a9a598446ea232bb_yDwQHmnr.wav,"The change in the newborn's lip color to blue (cyanosis) and breathing difficulty during feeding are dangerous signs of oxygen deprivation, strongly suggesting a congenital heart defect rather than liver disease, as the physical exertion of sucking easily overwhelms a compromised heart. Parents must also cautiously watch for other danger signs like severe chest in-drawing, nasal flaring, grunting, excessive sweating, poor weight gain, and lethargy. There is no safe home treatment for neonatal respiratory distress, so the baby must be rushed immediately to the nearest hospital with pediatric services for emergency oxygen therapy and specialist evaluation. At the hospital, doctors will typically administer oxygen, use an echocardiogram to diagnose the specific cardiac anomaly, and may give medications like prostaglandins to keep vital blood vessels open before surgical correction.",GLM-5.2-max,glm-5.2
477e4899-265d-4021-bc19-bb4df19c9a8f,english,"My family members child was bitten by a dog. He is a 7 year old child. When the dog beat him, they usually went to their traditional healer. They made an incision on the wood and applied arch marrow  ⁇ traditional preparation to it. But now, the place where the dog beat him has started producing pus and it is swollen. We explained to them that they should take him to the hospital. Please, what kind of examination can be done for this boy? Can he have rabies because of the dog even if the dog itself seems to be fine? And what kind of treatment does the boy need? Consider that the dog did not cause any further injury to his body."," My family member’s child was bitten by a dog. He is a seven-year-old child. When the dog bit him, they usually went to their traditional healer; they made an incision on the wound and applied “apọrọ” (traditional preparation) to it. But now, the place where the dog bit him has started producing pus and it is swollen. We explained to them that they should take him to the hospital. Please, what kind of examination can be done for this boy? Can he have rabies because of the dog, even if the dog itself seems to be fine? And what kind of treatment does this young boy need? Consider that the dog did not cause any further injury to his body.",http://speech-app.s3.amazonaws.com/static/audio/uploads/1896bd6d-8e15-465f-a956-51e8d21cf7b2/db482860d695eeddb8581b708ab07098_sVQ2hBsQ.wav,"The boy requires a thorough physical examination of the wound to assess tissue damage, pus extent, and check for systemic signs like fever or lymphadenopathy. Yes, he can still contract rabies because a dog can shed the virus in its saliva up to ten days before showing any symptoms, making post-exposure prophylaxis absolutely necessary. Treatment involves immediate medical wound cleaning to remove the traditional preparation and dead tissue, along with broad-spectrum antibiotics like amoxicillin-clavulanate to clear the bacterial infection. He must also receive a tetanus booster and the full rabies post-exposure vaccination series as soon as possible. Please take him to the nearest hospital immediately, as untreated wound infections and rabies are both life-threatening.",GLM-5.2-max,glm-5.2
f5faec3a-6a26-47aa-9f68-bc1acf97d3d0,english,"A grandmother noticed that her child that she has been with after she gave birth about three days ago, the breathing following childbirth was heavier than normal. She also noticed that she was turning pale. Her hands, feet, face and ears were pale. She was shivering and warm. However, in the last three days, she noticed that all her feet and hands became cold and She was completely exhausted and unable to do anything. This is why she brought her to the hospital so that the doctor could examine her body. She asked directly if it was possible that the doctor did not clean her wound properly, which is causing the heavy bleeding. She also specifically requested that the doctor prescribed injections or medications to help stop this bleeding so that she can regain her strength. And they can care for our child.","A grandmother noticed that her child, that she has been with after she gave birth, about three days ago, the bleeding following childbirth was heavier than normal. She also noticed that she was turning pale; her hands, feet, face, and ears were pale. She was shivering and warm. However, in the last three days, she noticed that all her feet and hands became cold, and she was completely exhausted and unable to do anything. This is why she brought her to the hospital so that the doctor could examine her body. She asked directly if it was possible that the doctor did not clean her womb properly, which is causing the heavy bleeding. She also specifically requested that the doctor prescribe injections or medication to help stop this bleeding, so that she can regain her strength and they can care for her child.",http://speech-app.s3.amazonaws.com/static/audio/uploads/9d4233da-54eb-4f33-9a6d-6b6a001f6e27/a30c84b9fddccfdfccd23b2977478a0d_DGrD89l3.wav,"This patient is exhibiting signs of severe hemorrhagic shock and puerperal sepsis, which is a life-threatening emergency requiring immediate admission. While improper wound care can cause infection, it does not cause heavy bleeding; the bleeding is likely due to uterine atony, retained placenta, or tears. We will immediately start intravenous fluids and administer injections like oxytocin to help the womb contract and stop the bleeding, alongside antibiotics for the infection. We must also conduct a thorough examination to identify and repair the source of the bleeding. Only after stabilizing her condition with blood transfusions and medication will she be able to regain strength and care for her child.",GLM-5.2-max,glm-5.2
b59970de-0e5f-4001-a5db-60b6c592f38f,english,"After I gave birth and I was trying to recover, one evening I thought that since we did not have a clean water in our area, if I wanted to bath, I would always use water that is not clean all the time. I kept thinking that I should take care of myself and be breathing properly. Then, when it became one evening, my body was no longer well, I started feeling cold, and my body began to shiver every day. I was feeling cold, but my body was not well again. I noticed that the blood that was coming out after childbirth had a smell coming from there that was not good at all. The smell was much, and this had not happened before. I could not take my eyes away from it. As I got up, that was when I was coming to the hospital to ask whether the clean water that I used. to bathe could cause any illness after birth.","After I gave birth and I was trying to recover, one evening I thought that since we did not have clean water in our area, if I wanted to bathe, I would always use water that is not clean all the time, I kept thinking that I should take care of myself and be bathing properly.
Then, when it became one evening, my body was no longer well. I started feeling cold, and my body began to shiver every day. I was feeling cold, but my body was not well again. I noticed that the blood that was coming out after childbirth had a smell coming from there that was not good at all. The smell was much, and this had not happened before.
I could not take my eyes away from it. As I got up, that was when I was coming to the hospital to ask whether the clean water that I used to bathe could cause any illness after childbirth ",http://speech-app.s3.amazonaws.com/static/audio/uploads/0a245b8d-44fc-4b40-8f1c-d466598db6ba/f321e04e965b28fc20d0d6919adb9013_MGTAvaTQ.wav,"Yes, bathing with unclean water after childbirth can introduce harmful bacteria into your genital tract, leading to a serious postpartum infection known as puerperal sepsis. Your symptoms of daily shivering, feeling unwell, and having foul-smelling postpartum bleeding are classic signs of a uterine infection (endometritis) that requires immediate medical treatment. In our resource-limited settings, lack of clean water significantly increases the risk of such infections, making proper hygiene critical after delivery. You need to go to the hospital immediately for a full examination and intravenous antibiotics to prevent the infection from spreading into your bloodstream. Please do not delay seeking emergency care, as postpartum infections can rapidly become life-threatening if left untreated.",GLM-5.2-max,glm-5.2
bab7d10c-f1cb-42d6-8ccb-2d86b31e91cb,english,"I sent my son to buy a wedding for me in the neighborhood yesterday. After about 15 minutes, he suddenly came home crying. When I asked what had happened, he told me that a dog had bitten him on the leg. I asked what kind of dog it was and where it came from, but they said they did not know where the dog came from or whether it was a neighborhood dog. At that point, I Applied oil to the place where the dog beat him to neutralize the poison of the dog. Afterwards, I was advised to take him to a maternity clinic in the neighborhood. I took him there and they prescribed a tetanus injection for me to buy from a chemist. I bought the injection and it was administered to him yesterday. I have since taken him home but since yesterday, the wound has become swollen and the sorrow Surrounding area is red. I am now worried that the dog may have transmitted rabies to my child. I would like to ask whether there is any medicine I can buy for him or whether I should take him to a hospital for further treatment.","I sent my son to buy ewedu for me in the neighborhood yesterday evening. After about fifteen minutes, he suddenly came home crying. When I asked what had happened, they told me that a dog had bitten him on the leg. I asked what kind of dog it was and where it came from, but they said they did not know where the dog came from or whether it was a neighborhood dog. At that point, I applied oil to the place where the dog bit him to neutralise the poison of the dog. Afterwards, I was advised to take him to a maternity clinic in the neighborhood. I took him there, and they prescribed a tetanus injection for me to buy from a chemist. I bought the injection, and it was administered to him yesterday. I have since taken him home, but since yesterday, the wound has become swollen and the surrounding area is red. I am now worried that the dog may have transmitted rabies to my child. I would like to ask whether there is any medicine I can buy for him or whether I should take him to a hospital for further treatment.",http://speech-app.s3.amazonaws.com/static/audio/uploads/0c668338-7a3f-4708-9e25-983322c59c7f/02054e13bbc52ecf3f2ee3a25fe6fa7f_RwuF8H6b.wav,"You must take your son to the hospital immediately for proper medical evaluation, as the redness and swelling indicate a bacterial wound infection requiring prescription antibiotics. Because the dog is unknown and cannot be observed for rabies, your son urgently needs rabies post-exposure prophylaxis (PEP), a disease that is fatal once symptoms appear but completely preventable if the vaccine is given promptly. Applying oil was an unsafe practice that likely trapped bacteria in the wound, making professional wound cleaning by a healthcare worker essential. While the tetanus injection was a good step, it does not protect against rabies or active bacterial infections, so please stop self-medicating and seek immediate hospital care.",GLM-5.2-max,glm-5.2
21679a41-d1e8-4f9c-975c-0c254def6509,english,"A mother living in our neighborhood was pregnant with her second child. At the beginning of the pregnancy, everything was going normally and she was happy that a new baby was coming. However, a few months ago, she began to experience severe lower abdominal pain. One day, the pain became so intense that she could hardly stand up properly. Shortly afterward, she also started having heavy vaginal bleeding. The bleeding was more than usual and it made her very weak. When she saw the bleeding, she became frightened that her unborn baby might be in danger. Her husband quickly assisted her to go to the hospital. My question is, what can cause severe lower abdominal pain during pregnancy? Is heavy bleeding during pregnancy a danger sign for the mother or the unborn baby? What are the signs that indicate the pregnancy may be in trouble? Is there any medication that can stop the pain and bleeding without harming the unborn baby?","A mother living in our neighborhood was pregnant with her second child. At the beginning of the pregnancy, everything was going normally, and she was happy that a new baby was coming. However, a few months ago, she began to experience severe lower abdominal pain. One day, the pain became so intense that she could hardly stand up properly. Shortly afterward, she also started having heavy vaginal bleeding. The bleeding was more than usual, and it made her very weak. When she saw the bleeding, she became frightened that her unborn baby might be in danger. Her husband quickly assisted her to go to the hospital.
My question is: what can cause severe lower abdominal pain during pregnancy? Is heavy bleeding during pregnancy a danger sign for the mother or the unborn baby?
What are the signs that indicate the pregnancy may be in trouble? Is there any medication that can stop the pain and bleeding without harming the unborn baby?",http://speech-app.s3.amazonaws.com/static/audio/uploads/8ff85dc9-143a-4778-a2ca-3f17a8fbadb7/ff848d5eb12665a7f7c6dfaacd9d3513_1DtYP1Ih.wav,"Severe lower abdominal pain during pregnancy can be caused by serious complications such as ectopic pregnancy, miscarriage, or placental abruption. Heavy bleeding is an absolute danger sign for both the mother and the unborn baby, as it can lead to maternal shock, severe anemia, or fetal death. Other critical warning signs that indicate a pregnancy is in trouble include severe headaches, blurred vision, reduced fetal movements, and fever. There is no single safe medication to stop this pain and bleeding without a doctor's diagnosis, as taking the wrong drugs can harm the fetus and worsen the underlying emergency. She requires immediate hospital evaluation with an ultrasound so medical professionals can determine the exact cause and provide appropriate, pregnancy-safe treatments or life-saving interventions.",GLM-5.2-max,glm-5.2
cc2b8337-3bf5-44ef-8aac-fdb155b6d16e,english,"I brought my nine-year-old child to the hospital this afternoon. I sent the child on an errand to buy something for me in town, but a dog beat the child. When they brought the child home and explained what happened, I examined the wound where the dog beats the child and I noticed that the wound is red and already swollen. We made inquiries in the neighborhood to find out about the dog that beats the child and the dog's owner said that they are never given the dog any vaccines. They mentioned that it just goes out, plays and comes back inside. They said they have never given the dog any medical treatment whatsoever. This is why I became frightened and rushed the child to the hospital so that it wouldn't turn out that the dog that beat the child is a rabid dog. What could possibly happen to a child who has been bitten by a dog? What could happen to a wound that is Red and swollen. Is it possible for an infection like rabies to enter this wound? Is it possible for something terrible to happen to the child as a result of this dog bite? Please, what can I do to prevent an infection from entering this wound? What vaccines and medications can be used to treat this child to ensure they receive proper care? What else can we do or what medical tests can we do? We run to care for this wound where the dog beat the child.","I brought my nine-year-old child to the hospital this afternoon. I sent the child on an errand to buy something for me in town, but a dog bit the child. When they brought the child home and explained what happened, I examined the wound where the dog bit the child, and I noticed that the wound is red and already swollen. We made inquiries in the neighborhood to find out about the dog that bit the child, and the dog's owner said that they have never given the dog any vaccines. They mentioned that it just goes out, plays, and comes back inside. They said they have never given the dog any medical treatment whatsoever. This is why I became frightened and rushed the child to the hospital, so that it wouldn't turn out that the dog that bit the child is a rabid dog. What could possibly happen to a child who has been bitten by a dog? What could happen to a wound that is red and swollen? Is it possible for an infection like rabies to enter this wound? Is it possible for something terrible to happen to the child as a result of this dog bite? Please...
What can I do to prevent an infection from entering this wound? What vaccines and what medications can be used to treat this child to ensure they receive proper care? What else can we do, or what medical tests can we run to care for the wound where the dog bit this child?

",http://speech-app.s3.amazonaws.com/static/audio/uploads/9ae3c190-338a-4c52-9a24-f0cb128863bf/c7d407bd5dafed3ab467861e9dd0713c_BVDlhm1N.wav,"An unvaccinated dog bite poses a severe risk of rabies, a fatal viral infection that enters through the broken skin, and the red, swollen wound indicates a brewing bacterial infection like cellulitis. To care for the wound, wash it immediately and thoroughly with plenty of soap and running water for 15 minutes, then apply an antiseptic like povidone-iodine to prevent further infection. The child must receive post-exposure prophylaxis (PEP) rabies vaccines immediately, along with rabies immunoglobulin injected directly into the wound if the dog cannot be safely observed for 10 days. To treat the current bacterial infection and prevent complications, the child needs prescription oral antibiotics like amoxicillin-clavulanate and an updated tetanus vaccination. No medical tests can detect rabies in the child before symptoms appear, so treatment must begin now based on the exposure history, while local veterinary authorities attempt to locate and observe the dog.",GLM-5.2-max,glm-5.2
92fbb174-1bea-4dc3-9d72-2fcb44a4b6b9,english,"A 33-year-old pregnant woman who is 7 months pregnant was brought to our hospital by her neighbors. They explained that she suddenly developed severe abdominal pain and a large amount of blood began to come out from her vagina. Her body was shaking and she was crying because the pain was intense. Her family said they were afraid that something serious might happen to both the mother and and the baby. Their first question for the doctor was, what could be causing this severe abdominal pain and heavy bleeding? Their second question was, what should be done immediately for this pregnant woman? Their third question was, what investigations or tests can be carried out? Their fourth question was, what treatment is appropriate for her condition? Their fifth question was, what foods should Should this pregnant woman avoid and what hygiene measures should she observe?","A thirty-three-year-old pregnant woman who is seven months pregnant was brought to our hospital by her neighbors. They explained that she suddenly developed severe abdominal pain, and a large amount of blood began to come out from her vagina. Her body was shaking, and she was crying because the pain was intense. Her family said they were afraid that something serious might happen to both the mother and the baby.
Their first question for the doctor was: What could be causing this severe abdominal pain and heavy bleeding?
Their second question was: What should be done immediately for this pregnant woman?
Their third question was: What investigations or tests can be carried out?
Their fourth question was: What treatment is appropriate for her condition?
Their fifth question was: What foods should this pregnant woman avoid, and what hygiene measures should she observe?",http://speech-app.s3.amazonaws.com/static/audio/uploads/05e13fac-16ee-4280-bfeb-29889967329c/a33e51c5d8336a1c1b59e22c7b130320_PHLZas9t.wav,"The sudden severe abdominal pain and heavy vaginal bleeding at 7 months strongly suggest placental abruption, a life-threatening condition where the placenta prematurely detaches from the uterine wall. Immediately, she needs to be stabilized with intravenous fluids and oxygen while being urgently prepared for an emergency Caesarean section to save both her and the baby. Crucial investigations include an urgent obstetric ultrasound to assess the baby's heartbeat and placenta position, alongside a full blood count and a blood group and cross-match. The appropriate definitive treatment involves prompt surgical delivery of the baby, coupled with aggressive blood transfusion if she has lost a significant amount of blood. While recovering, she should maintain strict perineal hygiene using clean, warm water and avoid eating raw or undercooked foods, unpasteurized dairy, and unsanitary local street foods to prevent infections.",GLM-5.2-max,glm-5.2
aa0adeff-d420-4e58-9449-77ff24ef1ce2,english,"My husband is 40 years old, and I suddenly noticed that for about the past three weeks, he has been drinking water excessively. The more water he drinks, the more frequently he urinates. In fact, at night, he may wake up as many as 10 times before morning just to urinate. He has also complained of feeling tired all the time. He has gained a little weight as well. Sometimes his vision becomes blurry. And he says he does not see clearly when he gets up to move around. I have noticed that he passes urine in large amounts and very frequently. What could be causing this frequent urination and excessive thirst? Why does he seem to drink so much water and then urinate so often? Could these symptoms be signs of diabetes or could they indicate something else? What type of medical tests should he undergo to determine exactly what is happening, why is he constantly tired, what causes the frequent urination, could high blood pressure cause these symptoms, or could they be due to dehydration or another condition? What kinds of foods and drinks should he avoid, and what should he be encouraged to consume? What steps should he take to help these symptoms improve? Does he need to visit a healthcare facility for testing, or is testing unnecessary? How often should diabetes screening or blood sugar testing be done, regularly or only occasionally? What medical conditions could be responsible for all these symptoms occurring in his body?","My husband is forty years old, and I suddenly noticed that for about the past three weeks he has been drinking water excessively. The more water he drinks, the more frequently he urinates. In fact, at night, he may wake up as many as ten times before morning just to urinate. He has also complained of feeling tired all the time. He has gained a little weight as well. Sometimes his vision becomes blurry, and he says he does not see clearly when he gets up to move around. I have noticed that he passes urine in large amounts and very frequently. What could be causing this frequent urination and excessive thirst? Why does he seem to drink so much water and then urinate so often? Could these symptoms be signs of diabetes, or could they indicate something else? What type of medical tests should he undergo to determine exactly what is happening? Why is he constantly tired? What causes the frequent urination? Could high blood pressure cause these symptoms, or could they be due to dehydration or another condition? What kinds of foods and drinks should he avoid, and what should he be encouraged to consume? What steps should he take to help these symptoms improve? Does he need to visit a healthcare facility for testing, or is testing unnecessary? How often should diabetes screening or blood sugar testing be done, regularly or only occasionally? What medical conditions could be responsible for all these symptoms occurring in his body? ",http://speech-app.s3.amazonaws.com/static/audio/uploads/0c65d440-a66f-4b8e-97dc-27fb7ff0a604/9a17c6acf8343be46a0babb25123008c_YpjQxS6C.wav,"Your husband's symptoms of excessive thirst, frequent nighttime urination, fatigue, and blurry vision are classic signs of Diabetes Mellitus, a condition where high blood sugar causes excessive urine production, leading to dehydration and compensatory over-drinking. He must urgently visit a healthcare facility for a fasting blood glucose test, HbA1c, urinalysis, and blood pressure check, as these will confirm the diagnosis and determine if co-existing hypertension or kidney issues are present. His constant tiredness occurs because his body cannot properly utilize glucose for energy, and to manage this, he should immediately avoid sugary drinks and refined carbohydrates while increasing his intake of vegetables, whole grains, and lean proteins. High blood pressure alone does not typically cause excessive thirst and urination, but it frequently coexists with diabetes and requires medical evaluation. While routine diabetes screening is generally done every three years for adults, anyone exhibiting these acute symptoms requires immediate clinical testing and should not delay seeking medical care.",GLM-5.2-max,glm-5.2
f5ecca7b-748e-405e-af96-af65897c4b34,english,"Adeolu is a 10-year-old child whose mother was my sister. However, for a few days now, I have noticed that this child sits alone ever since his mother died. He does not want to play with anyone and he does not want to talk to anyone. He has also started refusing to eat and it looks like he's thinking too much and is heartbroken. This frightened me and so I decided to To take him to the hospital for help. When I got to the hospital, I asked the doctor, could this child ⁇ s condition be due to the grief of his mother ⁇ s death and what can I do to help at home? Or does this child need to speak to a mental health professional or what can I do to make him eat or play with his peers and does he need any medication to help?","Adeolu is a ten-year-old child whose mother was my sister. However, for a few days now, I have noticed that this child sits alone ever since his mother died; he does not want to play with anyone, and he does not want to talk to anyone. He has also started refusing to eat, and it looks like he is thinking too much and is heartbroken. This frightened me, so I decided to take him to the hospital for help. When I got to the hospital, I asked the doctor, 'Could this child's condition be due to the grief of his mother's death?' And, 'What can I do to help at home, or does this child need to speak to a mental health professional, or what can I do to make him eat or play with his peers, and does he need any medication to help?",http://speech-app.s3.amazonaws.com/static/audio/uploads/ba655e5d-ada2-4098-8402-397c37ca029f/11b16a076b2a7efc5941a36f7d3993af_c1h2ndoX.wav,"Adeolu's symptoms are indeed a severe acute grief reaction to the traumatic loss of his mother, which often manifests in children as social withdrawal, reduced appetite, and a lack of interest in play. At home, offer a supportive environment by gently encouraging him to eat small portions of his favorite familiar foods and inviting him to light family activities without applying undue pressure. Given the severity of his withdrawal and refusal to eat, he does need to see a mental health professional, such as a child psychologist or clinical psychiatrist, for specialized grief counseling. Medications are not typically the first-line treatment for acute bereavement in a 10-year-old, but a psychiatrist can evaluate him to see if his symptoms progress to clinical depression requiring pharmacological support. Patience, consistent family support, and professional psychological therapy are the most effective tools to help him safely navigate this heartbreaking period and gradually return to his normal routine.",GLM-5.2-max,glm-5.2
9806e5a1-7655-448c-9000-15916169fef4,english,"This woman gave birth at our hospital here about 6 months ago. She came to our hospital with her husband where she gave birth to her child, the 6 month old girl that they have brought in. The mother explained further that it has been about 13 to 14 days since she noticed that this child started coughing. The mother also mentioned that she had been treating this child for catarrh, before the cough started. She said the cough has become more severe since yesterday. The cough became very severe although it had initially started about three days ago. She said that whenever she breastfeeds the child, she also gives her the liquid medicine that is in the bottle, the one sold for coughs, which she had been administering and the child has been taking. She then said that since yesterday, the cough has become so severe that the child is finding it very Very very very difficult to breathe, which has really worried me. It is as if her breathing is fluctuating, going up and down every few seconds. They were frightened, which is why they brought her to the hospital. Now the question is, can we give this mother something to help with the child at home? Given that her breathing is fluctuating with that cough, should we prescribe cough medicine for her, or should we have the child. examined before prescribing any medicine or giving her an injection.","This woman gave birth at our hospital here about Six months ago.  she came to our hospital with her husband, where she gave birth to her child, the six-month-old girl that they have brought in.
The mother explained further that it has been about thirteen to fourteen days since she noticed that this child started coughing.
The mother also mentioned that she had been treating this child for catarrh earlier, before the cough started.
She said the cough has become more severe since yesterday. The cough became very severe, although it had initially started about three days ago.
She said that whenever she breastfeeds the child, she also gives her the liquid medicine that is in the bottle—the one sold for coughs—which she has been administering and the child has been taking.
She then said that since yesterday, the cough has become so severe that the child is finding it very, very, very difficult to breathe, which has really worried me.
It is as if her breathing is fluctuating—going up and down every few seconds.
They were frightened, which is why they brought her to the hospital.
Now, the question is: can we give this mother something to help the child at home, given that her breathing is fluctuating with that cough? Should we prescribe cough medicine for her, or should we have the child examined before prescribing any medicine or giving her an injection?""",http://speech-app.s3.amazonaws.com/static/audio/uploads/84f9c2bd-9d51-4fbd-94d5-95f1c5eb2452/2a606c3bfe2efbce01d59a35c15cd933_QVMBFWqM.wav,"This infant must be examined immediately before any treatment is considered, and she cannot be managed at home. The severe difficulty breathing and fluctuating respirations are danger signs of severe pneumonia or bronchiolitis, requiring urgent clinical intervention. Over-the-counter cough syrups are ineffective and potentially harmful to infants, so they should be stopped immediately. Following WHO/IMCI guidelines, she requires prompt assessment to determine the need for oxygen and injectable antibiotics. Do not prescribe any medication or administer injections without first conducting a thorough physical examination to guide the treatment plan.",GLM-5.2-max,glm-5.2
efd55ffe-21e5-4cfd-8737-d8de46f267c1,english,"Alabukun said she has been having blurred vision, together with weakness, and that headache has not allowed her to be comfortable. For about two weeks, she has not been able to sleep well at night. Both her legs, hands and face have been swollen. She has been trying her best. She was advised to take some things, but she did not notice any improvement. She was reassured that she would get better. She was examined and there was no obvious respiratory distress. All the important things that are needed to be accessed were checked and there was nothing else significant. She was able to climb a staircase without difficulty, her blood pressure was checked and it was found to be 16800. She was asked to rest and after some time with us, her blood pressure was checked again and it was 150/90. It was noted that she was pregnant, therefore treatment for high blood pressure that is suitable for pregnant women was started since it is considered safe in pregnancy. She was also educated on all the things she should avoid doing, especially avoiding excessive stress that could cause her blood pressure to rise further. My question is, after all the things that have been done for this kind of pregnant women, For pregnant women who have persistent headaches and facial swelling, what other measures can be used to manage such a pregnant woman without causing her condition to progress into convulsions considering that she is pregnant. Also, what are the things a pregnant woman can do to prevent getting to this stage before she presents in such a condition?","Alabukun said that she has been having blurred vision, together with weakness, and that headache has not allowed her to be comfortable. For about two weeks, she has not been able to sleep well at night. Both her legs, hands, and face have been swollen. She has been trying her best. She was advised to take some things, but she did not notice any improvement. She was reassured that she would get better.
She was examined, and there was no obvious respiratory distress. All the important things that needed to be assessed were checked, and there was nothing else significant. She was able to climb a staircase without difficulty. Her blood pressure was checked, and it was found to be 168/100. She was asked to rest, and after some time with us, her blood pressure was checked again, and it was 150/90.
It was noted that she was pregnant. Therefore, treatment for high blood pressure that is suitable for pregnant women was started, since it is considered safe in pregnancy. She was also educated on all the things she should avoid doing, especially avoiding excessive stress that could cause her blood pressure to rise further.
My question is: after all the things that have been done for this kind of pregnant woman, for pregnant women who have persistent headaches and facial swelling, what other measures can be used to manage such a pregnant woman without causing her condition to progress to convulsions, considering that she is pregnant? Also, what are the things a pregnant woman can do to prevent getting to this stage before she presents in such a condition?",http://speech-app.s3.amazonaws.com/static/audio/uploads/59452b8e-516e-41a4-a28f-4b6cc37951d8/b3156f4a14e626a26753b83129142199_56uvoAs7.wav,"To prevent progression to convulsions (eclampsia), this pregnant woman with severe features must be admitted for intravenous magnesium sulfate for seizure prophylaxis alongside her safe antihypertensive therapy, with continuous fetal monitoring and planned delivery as the definitive cure. To prevent reaching this severe stage, pregnant women must initiate early and regular antenatal care for routine blood pressure and urine protein monitoring to detect pre-eclampsia before symptoms arise. Additionally, maintaining a healthy diet, avoiding excessive physical stress, and taking prophylactic low-dose aspirin or calcium supplements if deemed high-risk can significantly reduce the likelihood of developing this condition.",GLM-5.2-max,glm-5.2
ff112477-5c7b-45de-b7f4-35304688e317,english,"I am an married woman, 35 years old. Please I brought my five month old baby for examination and guidance. I have resumed work, but surprisingly for about the past three days, I have noticed that my baby has been coughing repeatedly. We have tried everything we can think of to stop the cough, but I can see that the cough has not gone away. I an unusual not at home. When I leave in the morning, I do not return until around 6 p.m. My mother stays at home with the baby. Whenever I have the opportunity to call, I do so and ask about the cough and they keep telling me that the baby is still coughing. The baby is five months old, he's no longer taking only breast milk because I have resumed work. I breastfed him exclusively for three months, and after that, I started giving him other foods. I have been giving him different foods, including pap and other baby food that I know. What is even more surprising is that since last night, his breathing has not been normal, he is not breathing well, and his nose is completely blocked. My mother even said that while bathing him this morning, she had to use a warm water around his nose. and chest because the cough had become severe. The breathing problem has also started, he's no longer breathing properly, and his breathing is not clear and free anymore. Please my question is, what can I use for him to stop the cough? And concerning the breathing that is no longer clear, what can I do? What can I use for him? And what steps can I take so that he can breathe? properly and nothing will obstruct his breathing.","I am an married woman, thirty-five years old. Please, I brought my five-month-old baby for examination and guidance.
I have resumed work. But surprisingly, for about the past three days, I have noticed that my baby has been coughing repeatedly. We have tried everything we can think of to stop the cough, but I can see that the cough has not gone away.
I am usually not at home. When I leave in the morning, I do not return until around 6 p.m. My mother stays at home with the baby.
Whenever I have the opportunity to call, I do so and ask about the cough, and they keep telling me that the baby is still coughing.
The baby is five months old. He is no longer taking only breast milk because I have resumed work. I breastfed him exclusively for three months, and after that I started giving him other foods.
I have been giving him different foods, including pap, and other baby foods that I know.
What is even more surprising is that since last night, his breathing has not been normal. He is not breathing well, and his nose is completely blocked.
My mother even said that while bathing him this morning, she had to use a little warm water around his nose and chest because the cough had become severe.
The breathing problem has also started. He is no longer breathing properly, and his breathing is not clear and free anymore.
Please, my question is: what can I use for him to stop the cough? And concerning the breathing that is no longer clear, what can I do, what can I use for him, and what steps can I take so that he can breathe properly and nothing will obstruct his breathing?",http://speech-app.s3.amazonaws.com/static/audio/uploads/4f9ca527-5a05-46bd-bb57-1bc6971917f7/b17162e004eda757117dfceeb57f519d_rvi9kyZo.wav,"Your baby's abnormal breathing and severe cough are red flags for acute lower respiratory infections like pneumonia or bronchiolitis, requiring urgent medical evaluation rather than home remedies. Please take him to the nearest hospital or clinic immediately, as breathing difficulties in a five-month-old can rapidly become life-threatening and may require oxygen therapy. Do not use over-the-counter cough syrups, as they are unsafe and ineffective for infants, but you can temporarily clear his blocked nose with saline nasal drops while heading to the hospital. The early introduction of complementary foods at three months may have increased his susceptibility to infections, so continuing to breastfeed alongside his prescribed treatments will help support his recovery. At the hospital, the doctor will listen to his chest to determine the exact cause and provide the appropriate, safe medications to clear his airways and resolve the cough.",GLM-5.2-max,glm-5.2
b7448631-4a0d-4bfa-95f0-3f48188ade8a,english,"An elderly man came to our local hospital, this man said he has a severe headache, his neck is stiff and he has rashes suddenly appearing on his body. He came to ask what could be causing it and what kind of treatment can be given to him. We asked the man whether the headache started suddenly or if it came gradually. The man said it started suddenly at night and has become very severe now. We also asked if he can look at light properly, and he said no, because light affects its head and makes the headache worse. We also asked him about the rash on his body, whether it is painful, much or mild. The man said it is all over his body and he cannot point to one particular place, but it itches him. After that, we asked him if he had contact. And the man said they had not gone anywhere except selling goods in front of their house. They have not had any contact with any sick person. Our question for the doctor is what could cause this kind of headache and stiff neck where this man cannot turn his neck with rashes all over his body. What can cause it? Is it an infection? Infectious disease or something else, our second question is what kind of test can this man do to know exactly what is wrong with him for proper treatment and what medicine can he use before his test results come out?","An elderly man came to our local hospital. This man said he has a severe headache, his neck is stiff, and he has rashes suddenly appearing on his body. He came to ask what could be causing it and what kind of treatment can be given to him.
We asked the man whether the headache started suddenly or if it came gradually. The man said it started suddenly at night and has become very severe now. We also asked him if he can look at light properly, and he said no, because light affects his head and makes the headache worse.
We also asked him about the rash on his body, whether it is painful, much, or mild. The man said it is all over his body, and he cannot point to one particular place, but it itches him.
After that, we asked him if he had contact with any sick person recently, and the man said they had not gone anywhere except selling goods in front of their house. They have not had contact with any sick person.
Our question for the doctor is what could cause this kind of headache and stiff neck where this man cannot turn his neck, with rashes all over his body? What can cause it? Is it an infectious disease or something else?
Our second question is what kind of tests can this man do to know exactly what is wrong with him for proper treatment, and what medicine can he use before his test results come out?",http://speech-app.s3.amazonaws.com/static/audio/uploads/52eb6322-c83e-42d5-9fd8-d73feafb1550/06e209848aa2433fe1eff5301616410d_6cEf78Q6.wav,"This presentation of sudden severe headache, neck stiffness, and photophobia is highly suggestive of meningitis, an infectious disease causing inflammation of the brain linings, though the generalized itchy rash may indicate a viral etiology or a concurrent allergic reaction. To determine the exact cause, he urgently requires a lumbar puncture for cerebrospinal fluid analysis, alongside blood cultures and a full blood count. Because bacterial meningitis is life-threatening and progresses rapidly, he should be immediately started on empirical intravenous antibiotics like Ceftriaxone before the test results are available. Supportive care, including analgesics for the headache and antihistamines for the itch, should also be provided.",GLM-5.2-max,glm-5.2
54beaf85-2de7-49fb-914e-b98f5bb98156,english,"I took my pregnant friend, who is 18 years old, to the hospital because she had gone into labor and her time had come. When we arrived at the hospital and they had carried out all the necessary assessments, her blood pressure was high. After they had completed all that needed to be done, she continued in labor. She remained in labor for about 12 hours. Her husband was nearby and Doctors advised that she should give consent for a cesarean section because she had been in labor for a long time. My friend refused. She said no, not at all. I want to give birth naturally like the Hebrew women. She eventually delivered the baby. After 12 hours of labor, she gave birth to a healthy looking baby girl and we thank we thanked God. However, what was Surprising was that the baby was not breathing properly. They stimulated the baby repeatedly, patting and rubbing her. She cried, but her breathing was still not normal. They quickly gave her oxygen. Doctor please will this baby survive? And if she survives, will she now become a disabled child?","I took my pregnant friend, who is eighteen years old, to the hospital because she had gone into labour and her time had come. When we arrived at the hospital and they had carried out all the necessary assessments, her blood pressure was high.
After they had completed all that needed to be done, she continued in labour. She remained in labour for about twelve hours. Her husband was nearby, and the doctors advised that she should give consent for a Caesarean section because she had been in labour for a long time.
My friend refused. She said, “No, not at all. I want to give birth naturally like the Hebrew women.”
She eventually delivered the baby. After twelve hours of labour, she gave birth to a healthy-looking baby girl, and we thanked God. However, what was surprising was that the baby was not breathing properly. They stimulated the baby repeatedly, patting and rubbing her. She cried, but her breathing was still not normal. They quickly gave her oxygen.
Doctor, please, will this baby survive? And if she survives, will she no become a disabled child?",http://speech-app.s3.amazonaws.com/static/audio/uploads/3b283b5f-8706-47d9-a94b-8974ced29a87/457b25ec97c9a2d837e4892406a58f82_OTpe1vnH.wav,"The baby's survival chances are good since she cried and responded to stimulation, though the abnormal breathing pattern indicates she experienced birth asphyxia likely due to the prolonged labor and maternal hypertension. Whether she develops disabilities depends on the severity and duration of oxygen deprivation to her brain, which cannot be determined immediately. Babies who receive prompt resuscitation and oxygen support, as was done here, have better outcomes. However, she needs close monitoring in a neonatal unit for signs of hypoxic-ischemic encephalopathy, seizures, feeding difficulties, and abnormal muscle tone over the next 48-72 hours. Long-term follow-up will be necessary to assess her neurodevelopment, as some effects of birth asphyxia may only become apparent as she grows.",GLM-5.2-max,glm-5.2
ead86e77-8bbd-4283-beb5-7e90aa5aaa34,english,"As a brave woman holding her child, seeing that the child is feverish, the child suddenly starts shaking. The child is having convulsions and is no longer in control. What kind of illness is affecting this nursing mother ⁇ s child, and what kind of care can be given to this child?","As a brave woman holding her child, seeing that the child is feverish, the child suddenly starts shaking. The child is having convulsions and is no longer in control. What kind of illness is affecting this nursing mother's child? And what kind of care can be given to this child?",http://speech-app.s3.amazonaws.com/static/audio/uploads/10c5424d-144a-4dd1-9f97-9990459542df/49c2ff7bdbe60c848869dc64fb8ad7b4_G1CWQFwx.wav,"The child is likely experiencing a febrile seizure, which in Nigeria is most commonly triggered by severe malaria or a severe bacterial infection. Immediately place the child on their side in a safe position to keep the airway clear and prevent choking, ensuring you do not put any objects or fluids into their mouth. Remove heavy clothing and use lukewarm water to tepid sponge the child to help bring down the fever. Once the convulsion stops, administer an age-appropriate dose of paracetamol syrup if the child is fully conscious and able to swallow. You must then urgently rush the child to the nearest hospital for proper medical evaluation and definitive treatment, such as antimalarials, antibiotics, or anticonvulsants.",GLM-5.2-max,glm-5.2
96a0e9e9-d88f-4848-ae24-cc4ba1b44f5d,english,"I noticed that my younger sister, who used to laugh before and who used to play with her friends, has changed completely. Now she stays alone in her room every day, she has withdrawn herself from conversations and she is no longer interested in the things she used to enjoy before. I also noticed that even at home, she does not want to eat with us. She appears to be unhappy or like someone who is tired. all the time. What could be causing her to suddenly avoid her friends? Could it be a problem such as sadness, emotional distress or anxiety? How can we help her so that she can become happy again? What warning signs should we watch out for? Should she see a counselor or a mental health professional?","I noticed that my younger sister, who used to laugh happily before and who used to play with her friends, has changed suddenly.
Now, she stays alone in her room every day. She has withdrawn herself from conversations, and she is no longer interested in the things she used to enjoy before.
I also noticed that even at home, she does not want to eat with us. She appears to be unhappy or like someone who is tired all the time.
What could be causing her to suddenly avoid her friends?
Could it be a problem such as sadness, emotional distress, or anxiety?
How can we help her so that she can become happy again?
What warning signs should we watch out for?
Should she see a counsellor or a mental health professional?",http://speech-app.s3.amazonaws.com/static/audio/uploads/4b72b95b-c78b-436b-9bc6-ebc305b2ea42/492adea00775f598650872f16371614a_LaaE6NQi.wav,"Her symptoms of social withdrawal, loss of interest, fatigue, and appetite changes strongly suggest major depressive disorder, though underlying medical conditions common in Nigeria like malaria or hypothyroidism must first be ruled out. You can help by offering gentle, non-judgmental support and encouraging open communication without forcing her to socialize or eat. Watch closely for emergency warning signs like suicidal statements, self-harm, severe weight loss, or a sudden inability to maintain personal hygiene. Yes, she absolutely needs to see a mental health professional, such as a clinical psychologist or psychiatrist, for a comprehensive evaluation. Early professional intervention utilizing evidence-based psychotherapy and potential pharmacological treatment provides the best pathway to her recovery.",GLM-5.2-max,glm-5.2
93c0a5f2-48a1-4ddc-bf90-28d9b97aea1b,english,"A 22 year old lady who gave birth at our hospital 3 days ago brought her baby today for routine immunizations. Upon arrival, she made it known to us that this newborn baby completely refuses to breastfeed at all. To the extent that the baby is excessively floppy and sleepy. She stated that the baby does not take the breast and that all the time the baby's hand, feet, and entire body feel freezing cold, so much so that she is even terrified to touch the baby with bare hands and prefers to lift the baby only with layers of clothing. She noted that the baby refuses the breast, the entire body is cold to the touch, and the baby has become increasingly lethargic, unable to move the hands, unable to stretch the legs and completely lacking active Movement and reflexes, just lying completely still and weak. She says it is obvious to the eyes that the baby is exhausted and very unwell. What could cause this? What do you think could cause this newborn babys body to be freezing cold to the touch? Is it solely because of the refusal to breastfeed, or what else? What can we do about this refusal to breastfeed? Furthermore. Regarding the immunization vaccines they are supposed to give the administer, what is your professional advice?","​A 22-year-old lady who gave birth at our hospital three days ago brought her baby today for routine immunizations. Upon arrival, she made it known to us that this newborn baby completely refuses to breastfeed at all, to the extent that the baby is excessively floppy and sleepy. She stated that the baby does not take the breast, and that all the time, the baby's hands, feet, and entire body feel freezing cold, so much so that she is even terrified to touch the baby with bare hands and prefers to lift the baby only with layers of clothing. She noted that the baby refuses the breast, the entire body is cold to the touch, and the baby has become increasingly lethargic,unable to move the hands, unable to stretch the legs, and completely lacking active movement or reflexes, just lying completely still and weak. She says it is obvious to the eye that the baby is exhausted and very unwell.
​What could cause this? What do you think could cause this newborn baby's body to be freezing cold to the touch? Is it solely because of the refusal to breastfeed, or what else? What can we do about this refusal to breastfeed? Furthermore, regarding the immunization vaccines they are supposed to administer, what is your professional advice?",http://speech-app.s3.amazonaws.com/static/audio/uploads/3f7dd9e2-3e76-4785-968c-d49821026640/58942583eba546711c59bd5c8be73c85_km1Dy0wh.wav,"This newborn is in a life-threatening emergency, likely severe neonatal sepsis complicated by profound hypothermia, hypoglycemia, and shock; the refusal to feed is a dangerous symptom of this critical illness rather than the primary cause of the coldness. The freezing cold body is due to severe hypothermia and poor peripheral perfusion secondary to the underlying sepsis and shock, not simply starvation from refusing the breast. You must immediately admit the baby to the neonatal unit for active warming using a radiant warmer, intravenous fluids containing dextrose, and empirical parenteral antibiotics, while strictly avoiding any oral feeding to prevent aspiration. Regarding the immunizations, you must defer all routine vaccines until the baby is hemodynamically stable and clinically improved, as administering vaccines to a critically ill infant in shock is contraindicated.",GLM-5.2-max,glm-5.2
60ebf071-ab75-4b25-976f-80da984eeef9,english,"Suddenly, we saw one of our pregnant women who came to our hospital this morning. She arrived in severe pain, crying loudly, holding her back and abdomen because of the pain. After about eight to ten minutes of bringing her into the labor ward, we examined her and found that the baby was already descending and her cervix was fully dilated. Very shortly afterwards, she delivered a baby girl, so we cast Carried out all the necessary and appropriate post-delivery care. Not long after, we moved the mother and the baby into a room so they can rest. A little while later, the mother called us and said she was feeling weak, tired, and that her eyes seemed dim or blurry. She also tried to eat after delivery but struggled to do so and the food was not going down well. She continued to feel weak and she was also feeling dizzy. What could have happened? Could it be that she lost a lot of blood and now needs a blood transfusion or what should have been done for her? Should we give her blood or should we give her food?","Suddenly, we saw one of our pregnant women who came to our hospital this morning. She arrived in severe pain, crying loudly, holding her back and abdomen because of the pain.
After about eight to ten minutes of bringing her into the labour ward, we examined her and found that the baby was already descending and her cervix was fully dilated.
Very shortly afterward, she delivered a baby girl.
So we carried out all the necessary and appropriate post-delivery care.
Not long after, we moved the mother and baby into a room so they could rest.
A little while later, the mother called us and said she was feeling very weak, tired, and that her eyes seemed dim or blurry. She also tried to eat after delivery but struggled to do so, and the food was not going down well.
She continued to feel weak, and she was also feeling dizzy.
What could have happened? Could it be that she lost a lot of blood and now needs a blood transfusion, or what should be done for her? Should we give her blood, or should we give her food?",http://speech-app.s3.amazonaws.com/static/audio/uploads/a1fd68f3-c1f4-4a0b-b5ba-5feae9f148e1/f36e5dd3457e6edfd9d106c459615554_MYyz7Jut.wav,"Her symptoms of weakness, dizziness, and blurry vision following a rapid delivery strongly suggest acute blood loss from postpartum hemorrhage or severe acute anemia. You must immediately assess her vital signs, check for ongoing vaginal bleeding or uterine atony, and urgently measure her packed cell volume (PCV). Secure intravenous access and administer crystalloid fluids like Normal Saline to restore her circulating volume while preparing for a potential blood transfusion if she is severely anemic or hemodynamically unstable. Do not force her to eat right now, as her swallowing difficulty and dizziness pose an aspiration risk; prioritize resuscitation with IV fluids and blood if indicated, allowing oral food only once she is fully stable.",GLM-5.2-max,glm-5.2
fec14073-dfa2-476e-809c-c07bd3e953eb,english,"A 30 year old woman gave birth a few minutes ago. The delivery was said to be normal. However, since the baby was born, the baby has been having serious difficulty. The baby is not crying well and is not responding as a newborn should. After birth, the baby did not cry properly and seems to have difficulty waking up. The body seems stiff or not moving properly as expected. The baby Baby also cannot feed well and is struggling to breastfeed. The mother is worried because her previous children used to cry immediately after birth. What can cause this problem? What tests can be done on the baby and what emergency steps should be taken? What can be done for this newborn baby?","A 30-year-old woman gave birth a few minutes ago. The delivery was said to be normal. However, since the baby was born, the baby has been having serious difficulty. The baby is not crying well and is not responding as a newborn should.
After birth, the baby did not cry properly, and seems to have difficulty waking up. The body seems stiff or not moving properly as expected. The baby also cannot feed well and is struggling to breastfeed.
The mother is worried because her previous children used to cry immediately after birth. What can cause this problem? What tests can be done on the baby, and what emergency steps should be taken? What can be done for this newborn baby?",http://speech-app.s3.amazonaws.com/static/audio/uploads/0b17fba7-ce86-4ca5-9f6d-40a14644ac29/10db19e060883487669c8310e238e9ea_I5fQFaCA.wav,"The baby's symptoms strongly suggest neonatal encephalopathy, most likely due to birth asphyxia (Hypoxic-Ischemic Encephalopathy), though neonatal sepsis, hypoglycemia, hypothermia, or birth trauma are important differentials. Emergency steps must immediately follow the Helping Babies Breathe protocol: ensure the baby is dry and warm, clear the airway, and initiate positive pressure ventilation with a bag and mask if the baby is not breathing or crying adequately. Urgent investigations to determine the underlying cause and guide treatment include a random blood glucose test, septic screen (Full Blood Count, blood culture), and serum electrolytes, while a cranial ultrasound can assess for intracranial hemorrhage. Management requires admitting the newborn to the Special Care Baby Unit for continuous monitoring, oxygen supplementation, intravenous fluids, empirical antibiotics, and strict temperature control to avoid hyperthermia. If the facility lacks advanced neonatal care capabilities, the baby must be stabilized and urgently referred to a tertiary hospital for specialized interventions like therapeutic hypothermia.",GLM-5.2-max,glm-5.2
6c61e24c-8041-4734-b186-b6c30e72d219,english,"This lady gave birth at our place this morning. She delivered the baby at dawn. When she arrived around 8 AM, the person who was with her at home called us saying this lady was shivering, her body was very hot and she had a lot of body tissues which really bothered her. We went to see the lady, covered her with a cloth and checked her temperature meaning how hot her body was and it was 38. 8.2 We performed a malaria test for this lady. That is a malaria rapid test diagnosis was done. This lady is not well, it looks like malaria. We asked if she had eaten and she said she hadn't eaten anything. We told those who were with her to give her tea, to let the lady drink it. As she breastfed the baby, she said when she wanted to breastfeed the baby, She noticed the baby passed too or had a bowel movement. We then asked the lady to sit up and lean back on the bed she was on to let her body recover better, not completely, but to help and her eyes were not white or pale, so we advised that once she had eaten, she should take paracetamol. After she had finished taking the paracetamol, we decided Decided how many days it'll be before we can give it to the lady again, she has malaria and we performed a malaria test, please we can give it to her again once she has finished eating and we have asked and we have advised to take paracetamol since she's feeling weak if it doesn't go away we will know what kind of treatment to provide.","This lady gave birth at our place this morning; she delivered the baby at dawn. When she arrived around 8:00 AM, the person who was with her at home called us, saying this lady was shivering, her body was very hot, and she had a lot of body issues which really bothered her. We went to see the lady, covered her with a cloth, and checked her temperature—meaning how hot her body was—and it was 38.2. We performed a malaria test for this lady, that is, a malaria rapid test diagnosis was done. This lady is not well, it looks like malaria. We asked if she had eaten, and she said she hadn't eaten anything. We told those who were with her to give her tea, to let the lady drink it. Has she breastfed the baby? She said when she wanted to breastfeed the baby, she noticed the baby passed stool/had a bowel movement. We then asked the lady to sit up and lean back on the bed she was on, to let her body recover better—not completely, but to help—and her eyes were not white/pale. So, we advised that once she has eaten, she should take Paracetamol. After she has finished taking the Paracetamol, we decided how many days it will be before we can give it to the lady again. She has malaria, and we performed a malaria test. Please, we can give it to her again. Once she has finished eating, and we have advised her to take Paracetamol, since she is feeling weak, if it doesn't go away, we will know what kind of treatment to provide.",http://speech-app.s3.amazonaws.com/static/audio/uploads/8fa1af4f-6289-47e5-a2a1-61d2770e6544/4136145b69518b61de75dd85af63b366_x3QjVBt0.wav,"Based on your description, this postpartum woman has confirmed uncomplicated malaria (positive RDT with fever 38.8°C and rigors) and should receive Artemether-Lumefantrine (ACT), which is the first-line antimalarial in Nigeria and is safe for breastfeeding mothers. Continue paracetamol 1g every 8 hours for fever and body pain, given after food as you rightly advised. The ""tissues"" she passed may be lochia or possibly retained products of conception—please examine her to ensure the uterus is well-contracted and there is no retained placental tissue, as this could also contribute to fever. Ensure she eats adequately and maintains hydration, as hypoglycemia can worsen weakness and complicate malaria recovery. If fever persists after 48 hours of ACT initiation or she develops danger signs such as drowsiness, convulsions, or difficulty breathing, refer her immediately to a higher-level facility for parenteral artesunate and further evaluation.",GLM-5.2-max,glm-5.2
52b3f296-e02f-459c-a891-f4da8cea399e,english,A caregiver who is taking care of a small child noticed that the child she is caring for is struggling to breathe and the child's breathing is not normal. She also noticed that the child coughs repeatedly and the cough is very severe. The child is not a baby that was abandoned at birth nor a child that is usually bathed with cold water. What then can cause a small child to be breathing with difficulty and coughing repeatedly and why would breathing not be easy for the child as it should be? What can be done about this situation?,"A caregiver who is taking care of a small child noticed that the child she is caring for is struggling to breathe, and the child's breathing is not normal.
She also noticed that the child coughs repeatedly, and the cough is very severe.
The child is not a baby that was abandoned at birth, nor a child that is usually bathed with cold water.
What then can cause a small child to be breathing with difficulty and coughing repeatedly, and why would breathing not be easy for the child as it should be? What can be done about this situation?",http://speech-app.s3.amazonaws.com/static/audio/uploads/0d35a930-c290-4945-9a50-6623349f947e/0bc428189924e16f32df2a39efb85695_ScNqKjvd.wav,"The child is likely suffering from severe pneumonia, acute bronchiolitis, or foreign body aspiration, which are common causes of respiratory distress in pediatric cases. Infections like pneumonia cause the air sacs in the lungs to fill with fluid and pus, impairing normal oxygen exchange and triggering a severe cough as the body attempts to clear the airways. Breathing becomes difficult because the lungs must work much harder to compensate for the reduced oxygen intake and obstructed air passages. The caregiver must urgently take the child to the nearest hospital or primary healthcare center, as these symptoms signify a life-threatening medical emergency. Upon arrival, doctors will assess the child and likely administer oxygen, provide antibiotics or bronchodilators, and monitor the child closely to ensure recovery.",GLM-5.2-max,glm-5.2
306cb1f0-f47e-4044-9514-da6efdfd53bf,english,"A mother noticed that for the past few days, her child had started coughing continuously. At first, she thought it was a cold affecting the child's chest and that it would go away. However, the cough did not improve. Every night, the child wakes up suddenly because of the cough. Sometimes the child struggles as if it is difficult to breathe properly. The mother would carry the child upright and could hear the chest working while the child was breathing. This makes it difficult for the child to sleep well at night. One day, after a night during which the child coughed severely and struggled to breathe properly, the mother decided to go to the hospital. She wanted to know what was causing the cough, what was causing the breathing difficulty and how she could help the child. My question is, what could cause a child to cough severely? And have difficulty breathing especially at night, what danger signs should they watch out for when the child is coughing and what things should be avoided in order to prevent or reduce this cough?","A mother noticed that for the past few days, her child had started coughing continuously. At first, she thought it was a cold affecting the child’s chest and that it would go away. However, the cough did not improve. Every night, the child wakes up suddenly because of the cough. Sometimes, the child struggles as if it is difficult to breathe properly. The mother would carry the child upright and could hear the chest working while the child was breathing. This makes it difficult for the child to sleep well at night.
One day, after a night during which the child coughed severely and struggled to breathe properly, the mother decided to go to the hospital. She wanted to know what was causing the cough, what was causing the breathing difficulty, and how she could help the child.
My question is: what could cause a child to cough severely and have difficulty breathing, especially at night? What danger signs should they watch out for when the child is coughing? What things should they avoid in order to prevent or reduce this cough?",http://speech-app.s3.amazonaws.com/static/audio/uploads/b1cdb61a-4286-4f92-a537-c16a5697cd0f/898ef53789bfab4a139623d7f4b3a544_zgq3Luqk.wav,"The child's symptoms strongly suggest asthma or acute bronchiolitis, conditions where viral infections, dust, or cold air trigger airway inflammation and narrowing, leading to severe nighttime coughing and breathing difficulty. Danger signs requiring immediate emergency care include severe chest in-drawing, bluish discoloration of the lips or face, nasal flaring, inability to feed, and excessive drowsiness. To prevent or reduce these episodes, strictly avoid exposure to indoor smoke from firewood or tobacco, dust, strong chemical fumes, and cold night air. Additionally, avoid giving over-the-counter adult cough syrups, as they can be ineffective or harmful to young children. Prompt hospital evaluation is essential so the child can receive appropriate medications, such as bronchodilators or oxygen therapy, to open the airways and prevent respiratory failure.",GLM-5.2-max,glm-5.2
cc78a249-b0eb-4d34-8511-527fb612ba05,english,"A man named Subero, who is 50 years old, developed a cough one day. At first, the cough was mild, but as the weeks passed and turned into months, it gradually became worse. After some time, he began to find it difficult to breathe properly. It is true that he had tried several remedies when the cough was still mild, but none of them worked. Instead of improving, the cough continued to worsen. He eventually decided that, rather than continue to buy small medications on his own, he should go to the hospital and speak with a doctor. When he arrived at the hospital, he explained that he had been coughing for about three months. He also explained that he had tried many home remedies based on people's advice, including honey, hot water, Bitter cola, and several cough medicines that he purchased. However, Instead of getting better, the cough continued to worsen. It had reached a point where he sometimes felt as if he could no longer breathe properly because of the cough. He then asked the doctor what could be causing him to have such a persistent cough for such a long period of time. He also wanted to know why all the remedies and treatments he tried had not worked. Finally, he asked what he could could do for the cough to go away completely so that he could breathe properly again and regain good health.","A man named Suberu, who is fifty years old, developed a cough one day. At first, the cough was mild, but as the weeks passed and turned into months, it gradually became worse. After some time, he began to find it difficult to breathe properly. It is true that he had tried several remedies when the cough was still mild, but none of them worked. Instead of improving, the cough continued to worsen. He eventually decided that rather than continuing to buy small medications on his own, he should go to the hospital and speak with a doctor. When he arrived at the hospital, he explained that he had been coughing for about three months. He also explained that he had tried many home remedies based on people's advice, including honey, hot water, bitter kola, and several cough medicines that he purchased. However, instead of getting better, the cough continued to worsen. It had reached a point where he sometimes felt as though he could no longer breathe properly because of the cough. He then asked the doctor what could be causing him to have such a persistent cough for such a long period of time. He also wanted to know why all the remedies and treatments he had tried had not worked. Finally, he asked what he could do for the cough to go away completely so that he could breathe properly again and regain good health.",http://speech-app.s3.amazonaws.com/static/audio/uploads/662c5525-4eea-44c7-b18e-8b94c67a8011/adc0aa991cfedbb0d097f2b8b4461596_ajxxSqxr.wav,"A persistent cough for three months with breathing difficulty strongly suggests serious underlying conditions like pulmonary tuberculosis, chronic obstructive pulmonary disease, or lung cancer, which are common in our setting. The home remedies and over-the-counter mixtures you tried only soothe the throat temporarily but lack the active medications needed to treat these specific diseases. To cure this and restore your breathing, we must first identify the exact cause through a chest X-ray, sputum test for TB, and HIV screening. Once the diagnosis is confirmed, I will prescribe targeted treatments, such as anti-TB drugs or inhalers, to eliminate the root cause. Please proceed with these tests immediately so we can begin the appropriate therapy and get you back to good health.",GLM-5.2-max,glm-5.2
50c16e3d-71d8-414c-8d48-c9988857d975,english,"My name is Titilola. Since yesterday, my child's body has been burning, shaving intensely. The child cannot turn their neck at all. It seems as if the child's neck can no longer be turned. The child can only open one eye. What could be causing the fever and the inability to turn my child's neck? What kind of examination can I perform so that I can know what is causing the fever and the inability to turn the child's neck? What kind of results could appear within the child's body that could cause the fever and the inability to turn the child's neck?","My name is Titilola. Since yesterday, my child's body has been burning, shivering intensely. The child cannot turn their neck at all. It seems as if the child's neck can no longer be turned. The child can only open one eye. What could be causing the fever and the inability to turn my child's neck? What kind of examination can I perform so that I can know what is causing the fever and the inability to turn the child's neck? What kind of result could appear? Within the child's body that could cause the fever and the inability to turn the child's neck.",http://speech-app.s3.amazonaws.com/static/audio/uploads/c3e9cfc0-8637-4954-b423-c0be9a71f715/4f0b4abb672b26ebb40fa965cf69dd5c_2TyJiCgO.wav,"Your child's symptoms of high fever, neck stiffness, and inability to open one eye strongly suggest a severe central nervous system infection such as bacterial meningitis or cerebral malaria, which are medical emergencies common in Nigeria. You must rush the child to the nearest hospital immediately for a doctor to perform a clinical neurological examination and urgent investigations, including a blood smear for malaria parasites and a lumbar puncture to analyze the cerebrospinal fluid. The test results may reveal bacteria or elevated white blood cells in the spinal fluid indicating meningitis, or malaria parasites in the blood, which cause inflammation and swelling of the brain tissues leading to these severe symptoms. Prompt diagnosis is critical, as these conditions can rapidly lead to brain damage or death if not treated aggressively with intravenous antibiotics or antimalarial medications. Please do not attempt to manage this at home or give any home remedies, as this is a life-threatening situation requiring immediate professional medical intervention.",GLM-5.2-max,glm-5.2
8a461b5c-55b1-4551-a9b6-d919b99190a3,english,"A woman noticed that her husband coughs very strongly when he wake up in the morning while still on the bed. The cough starts suddenly and takes a long time before it stops. As time goes on, she also notices that her husband struggles to breathe properly. When he walks a little distance or climbs stairs, he stops to catch his breath and becomes tired very quickly. One day, after her husband spent a long time coughing and trying to regain his breath, the wife became worse. She started thinking that maybe there is a disease causing all these problems. The next day, she spoke with her husband to go to the hospital so that they can see a doctor and know exactly what is happening. The question is, what can cause a cough to be this severe with constant hardness and difficulty breathing all the time when the cough occurs? Can this problem be related only to lung disease or heart disease? What are the Things that can cause death or make a person struggle to breathe severely. To the point that the person needs urgent medical attention, what are the danger signs of breathing problems that the family should watch out for regarding cough and difficulty breathing?","A woman noticed that her husband coughs very strongly when they wake up in the morning while still on the bed. The cough starts suddenly and takes a long time before it stops. As time goes on, she also notices that her husband struggles to breathe properly. When he walks a little distance or climbs stairs, he stops to catch his breath and becomes tired very quickly.
One day, after her husband spent a long time coughing and trying to regain his breath, the wife became worried. She started thinking that maybe there is a disease causing all these problems. The next day, she spoke with her husband to go to the hospital so that they can see a doctor and know exactly what is happening.
The question is what can cause a cough to be this severe, with constant tiredness and difficulty breathing all the time when the cough occurs? Can this problem be related only to lung disease or heart disease? What are the things that can cause death or make a person struggle to breathe severely, to the point that the person needs urgent medical attention?
What are the danger signs of breathing problems that the family should watch out for regarding cough and difficulty in breathing?",http://speech-app.s3.amazonaws.com/static/audio/uploads/115ce5dc-c95e-40c5-9a67-f2e55fcb5c91/498edb062e99b3a5e70e46971f7e146f_gEK5baX4.wav,"This severe morning cough with exertional breathlessness is commonly caused by chronic lung conditions like chronic obstructive pulmonary disease (COPD) from biomass fuel or tobacco smoke, tuberculosis, or congestive heart failure, meaning it is not limited to just the lungs or the heart as both can concurrently or independently cause these symptoms. Severe breathing struggles that lead to death usually result from respiratory failure, where oxygen levels drop dangerously low or carbon dioxide builds up, ultimately causing cardiac arrest. The family must urgently seek medical care if they observe danger signs such as bluish discoloration of the lips or fingertips, gasping for air with an inability to speak full sentences, severe chest pain, or altered consciousness like drowsiness and confusion. Given the high local burden of tuberculosis and hypertension-induced heart diseases in Nigeria, he requires immediate hospital evaluation with a chest X-ray and an echocardiogram to diagnose the exact cause and prevent fatal outcomes.",GLM-5.2-max,glm-5.2
9b17d5b6-b900-457d-bf64-b48f71723994,english,"The mother of a woman who had recently given birth came to the hospital. She said that since her daughter gave birth, she has been bleeding heavily. As a result, she no longer has strength in her body. The woman who gave birth is 24 years old. She also said that the bleeding is excessive and is making her feel weak. The mother is unable to eat properly and is unable to do anything. My question is: What could cause a woman to continue bleeding after giving birth a few days ago? What treatment should be given to the mother to stop the bleeding and help her regain her strength? What advice can be given to this mother and her daughter?","The mother of a woman who had recently given birth came to the hospital. She said that since her daughter gave birth, she has been bleeding heavily. As a result, she no longer has strength in her body. The woman who gave birth is twenty-four years old. She also said that the bleeding is excessive and is making her feel weak. The mother is unable to eat properly and is unable to do anything.
My question is: what could cause a woman to continue bleeding after giving birth a few days ago? What treatment should be given to the mother to stop the bleeding and help her regain her strength? What advice can be given to this mother and her daughter?",http://speech-app.s3.amazonaws.com/static/audio/uploads/ef216169-deb8-4f4a-ad6e-51f3eed25b86/20f9a0e70e4ff96e3b35484219eb5979_WMSb66ES.wav,"Heavy bleeding a few days after childbirth indicates secondary postpartum hemorrhage, typically caused by retained placental fragments, puerperal infection, or poor uterine contraction. To stop the bleeding and treat her severe weakness, she requires immediate hospital admission for intravenous fluids, uterotonic medications like oxytocin, a blood transfusion for anemia, and likely a manual vacuum aspiration to remove any retained tissues. I urgently advise the mother to bring her daughter to the nearest hospital emergency room immediately, as this is a life-threatening condition that cannot be managed at home. For recovery, the daughter must strictly take prescribed iron supplements, eat a nutritious diet rich in local protein and dark leafy greens, and get adequate rest to safely regain her strength.",GLM-5.2-max,glm-5.2
e8fa0c97-2352-48e6-93e0-9edf8955cd55,english,"Doctor, I brought my 5 years and 2 month old child who has had this condition for about 2 months, who finds it difficult to breathe at night and also coughs all the time. This cough has become persistent. I brought a TB cough medicine called Tutolin Children for him. He has finished one bottle but the cough has not gone and it is still difficult for him to breathe at night. I did a TB test for him but they told me that he does not have tuberculosis. So doctor, what could if, what could cause a 5 year old child to have a persistent cough and what could cause a 5 year old child to have difficulty breathing at night?","Doctor, I brought my 5 years and 2 months old child, who has had this condition for about two months, who finds it difficult to breathe at night and also coughs all the time.
This cough has become persistent.
I bought a TB cough medicine called Tutolin Children for him; he has finished one bottle, but the cough has not gone, and it is still difficult for him to breathe at night.
I did a TB test for him, but they told me that he does not have tuberculosis.
So doctor, what could cause a 5-year-old child to have a persistent cough, and what could cause a 5-year-old child to have difficulty breathing at night?",http://speech-app.s3.amazonaws.com/static/audio/uploads/c4031d06-1f5e-4531-a212-379cf06b9a9d/5d82cb5522c98aec9f901e050018e52d_OSnAt1Vu.wav,"Based on the negative TB test and his symptoms, your child most likely has childhood asthma or an allergic respiratory condition, which are common causes of chronic nocturnal cough and breathing difficulty in our environment. Asthma typically worsens at night due to airway inflammation and spasm triggered by allergens like dust or cold harmattan air, and Tutolin is merely an expectorant that cannot relieve this underlying constriction. Another strong possibility is allergic rhinitis causing post-nasal drip, which triggers coughing when he lies flat to sleep. I strongly recommend consulting a pediatrician for a clinical evaluation and appropriate treatment, such as bronchodilators like salbutamol or inhaled corticosteroids. Until then, minimize his exposure to dust, smoke, and cold night air to help reduce the severity of his nighttime attacks.",GLM-5.2-max,glm-5.2
46c82bff-402d-4ea2-9331-fc5b38a5b70f,english,"Good evening doctor. Please I brought my child to the hospital because I noticed the way he breathes. He makes a sound as if air is passing through a small hole. It sounds like wheezing. It also sounds like someone blowing a whistle and he is struggling to breathe properly. I have also noticed that for about three days now, he usually coughs at night. Sometimes I notice his chest drawing in and out intensely, as if he's warm. Working extra hard just to breathe. I also noticed that he can no longer eat as well as before. Whenever he wants to eat, he has to pause to catch his breath. This situation hasn't given him the chance to feed properly for about three days now. I have also taken him to the local chemist  ⁇ patent medicine store ⁇  in her neighborhood and they gave me some cough medicine for him because he was coughing slightly. Though the cough wasn't severe, but despite all the medication he took, I noticed he didn't work, his breathing remains the same, and he still cannot eat well. Please, what kind of condition is affecting my child with this whistling breath? Also, does he need a chest examination  ⁇ x-ray ⁇  to find out what is troubling him and why his chest is heaving up and down? What kind of of treatment can I give this child at home to help him ease the breathing so he can breathe properly? Are there other medications or alternative measures I can take for this child?","Good evening doctor. Please, I brought my child to the hospital because I noticed that the way he breathes, he makes a sound as if air is passing through a small hole. It sounds like wheezing. It also sounds like someone blowing a whistle, and he is struggling to breathe properly.
I have also noticed that for about three days now, he usually coughs at night. Sometimes, I notice his chest drawing in and out intensely, as if he is working extra hard just to breathe. I also noticed that he can no longer eat well as before. Whenever he wants to eat, he has to pause to catch his breath. This situation hasn't given him the chance to feed properly for about three days now.
I have already taken him to the local chemists (patent medicine stores) in our neighborhood, and they gave me some cough medicine for him because he was coughing slightly, though the cough wasn't severe. But despite all the medication he took, I noticed it didn't work. His breathing remains the same, and he still cannot eat well. Please, what kind of condition is affecting my child with this whistling breath? Also, does he need a chest examination (X-ray) to find out what is troubling him and why his chest is heaving up and down? What kind of treatment can I give this child at home to help ease his breathing so he can breathe properly? Are there other medications or alternative measures I can take for this child?",http://speech-app.s3.amazonaws.com/static/audio/uploads/c56b8957-d2d9-4897-a03e-403fc98082e3/913522d484f266446c5031903b7c9a7c_cRXoCAGw.wav,"Your child is likely experiencing an acute asthma exacerbation or severe bronchiolitis, indicated by the wheezing, chest retractions, and inability to feed. A chest X-ray is not immediately necessary unless your doctor suspects pneumonia, as this condition is primarily diagnosed through clinical examination. Because he is struggling to breathe and cannot eat, there are no safe home treatments or alternative measures; you must take him to the hospital immediately. At the hospital, he will receive appropriate, evidence-based interventions such as nebulized bronchodilators, oxygen therapy, and systemic steroids. Delaying professional medical care for home remedies in a child with this level of respiratory distress is highly dangerous and can be fatal.",GLM-5.2-max,glm-5.2
63953d69-eaa8-43f3-b906-7c31b65ec81c,english,"A woman was brought to the hospital this morning because she was bleeding heavily and this had caused her a great deal of distress. She was asked whether this had happened to her before and she replied that it had happened about twice previously during which she usually experienced pain and the bleeding would occur intermittently. She was then asked whether she might be having a miscarriage but she said she did not know whether she was pregnant or whether she had become pregnant. She was asked when she last had her menstrual period and she replied that it had not been very long as she had her last menstrual period about one and half months ago before the bleeding started again this morning. Please what could cause a woman to bleed this heavily, what emergency steps can be taken, what treatments can be given to this woman to save her life and stop the bleeding, what medicines or injuries Projections that help stop bleeding can be given to her first and what investigations can be carried out to determine the cause of such severe bleeding.","A woman was brought to the hospital this morning because she was bleeding heavily, and this had caused her a great deal of distress. She was asked whether this had happened to her before, and she replied that it had happened about twice previously, during which she usually experienced pain and the bleeding would occur intermittently. She was then asked whether she might be having a miscarriage, but she said she did not know whether she was pregnant or whether she had become pregnant. She was asked when she last had her menstrual period, and she replied that it had not been very long, as she had her last menstrual period about one and a half months ago before this bleeding started again this morning. Please, what could cause a woman to bleed this heavily? What emergency steps can be taken? What treatments can be given to this woman to save her life and stop the bleeding? What medicines or injections that help stop bleeding can be given to her first? And what investigations can be carried out to determine the cause of such severe bleeding?",http://speech-app.s3.amazonaws.com/static/audio/uploads/7b4e5923-c2e2-4179-a79f-0b45facd1a80/cdfadce328194fef123430ad5753be3d_PBWh9ZCs.wav,"Given her missed period and heavy, painful bleeding, a pregnancy-related complication such as a miscarriage or ectopic pregnancy is highly likely, requiring immediate emergency steps like assessing vital signs, securing intravenous access, and administering isotonic fluids. Urgent investigations must include a pregnancy test (urine beta-hCG), pelvic ultrasound, packed cell volume (PCV), and blood grouping with crossmatching. To rapidly control the bleeding, administer hemostatic medications like IV tranexamic acid alongside uterotonics such as oxytocin or misoprostol if a miscarriage is suspected. Definitive life-saving treatment requires urgent uterine evacuation via Manual Vacuum Aspiration (MVA) if retained products of conception are present, or emergency surgery if an ectopic pregnancy is confirmed.",GLM-5.2-max,glm-5.2
ef184d94-ce1c-48b8-afb8-b660491a5a96,english,"A nursing mother noticed her child coughing and also suspected that the child's body was warm at certain times. She further stated that a few hours ago, she noticed that the child's entire body became stiff and she fainted, and she couldn't confirm that her lips were stable anymore as they were secreting fluids, and the child could no longer swallow any food. She was now asking the doctor if such an illness can be treated. what disease it resembles and she further asked if she could get an injection or use local herbs for this disease. She went on to say that herbal mixture  ⁇ agbo ⁇  and traditional soap are what they usually use to treat this disease for any child afflicted by it in the community she came from.","A nursing mother noticed her child coughing and also suspected that the child's body was warm at certain times. She further stated that a few hours ago, she noticed that the child's entire body became stiff and she fainted, and she couldn't confirm that her lips were stable anymore as they were secreting fluid, and the child could no longer swallow any food. She is now asking the doctor if such an illness can be treated, what disease it resembles, and she further asked if she could get an injection or use local herbs for this disease. She went on to say that herbal mixtures (agbo) and traditional soap are what they usually use to treat this disease for any child afflicted by it in the community she comes from.",http://speech-app.s3.amazonaws.com/static/audio/uploads/70e65f2d-f8fa-40c8-aadd-5992a4cc46ca/a6d1e37e17cd73f804372f7e838d59b8_ASCsCEYS.wav,"This life-threatening emergency is treatable but requires immediate hospitalization, as the symptoms strongly resemble tetanus or severe meningitis, which cause body stiffness, fainting, and swallowing difficulties. You must absolutely avoid using local herbal mixtures or traditional soap, as these have no medical value, can cause severe toxicity, and will delay life-saving care. At the hospital, the doctor will administer appropriate medical injections, such as antibiotics, anticonvulsants, or tetanus antitoxin, along with vital supportive care to protect the child's airway. Immediate medical intervention is critical because the stiffness and inability to swallow can rapidly progress to breathing failure, a complication that home remedies cannot prevent or treat.",GLM-5.2-max,glm-5.2
