audio_id,language,subset,question,reference,url,model_answer,requested_model,model_id
a921421a-5a74-4099-b2ff-7e857fd1d354,english,good_english,"A mother gave birth to a newborn two weeks ago. She started seeing blood little by little on her body. However, as the days went by, she noticed that something like the stomach and blood were coming out. Sometimes the mother of the child is different, and she has a neck that is not good. And she knows that the mother of the child usually has pains in her lower abdomen. And every time she sees these signs, her heart gets confused. She walks Wonder if it was something among the common problems after childbirth or another problem. One day when she went to the hospital and was talking to other mothers, she heard that they should not downplay any changes they see in their bodies. This made her seek a doctor to talk to them. My question is, what can cause such a thing after childbirth? Can pain in the lower abdomen be a sign of a disease? What are the signs that this new Mother should be careful of after childbirth. What are the steps that the mother needs to take to prevent this disease?","A mother gave birth to a newborn two weeks ago. She started seeing blood little by little on her body. However, as the days went by, she noticed that something like the stomach and blood were coming out. Sometimes the mother of the child is different. And she has a neck that is not good. And she knows that the mother of the child usually has small pains in her lower abdomen, and every time she sees these signs, her heart gets confused. She wondered if it was something among the common problems after childbirth or another problem. One day when she went to the hospital, and was talking to other mothers, she heard that they should not downplay any changes they see in their bodies. This made her seek a doctor to talk to them. My question is, what can cause such a thing after childbirth? Can pain in the lower abdomen be a sign of a disease? What are the signs that this new mother should be careful of after childbirth? What are the steps that the mother needs to take to prevent this disease?",http://speech-app.s3.amazonaws.com/static/audio/uploads/d376f16d-8a40-477f-86c0-22c5e7c0fabe/af6ace06eb9c166ea21d14b725dfe032_ikQsvTqh.wav,"Passing blood with large clots or tissue two weeks postpartum, alongside lower abdominal pain, is typically caused by retained products of conception or a uterine infection (endometritis), and this pain is indeed a clear sign of underlying pathology rather than normal recovery. She must urgently monitor for danger signs such as soaking more than one pad per hour, foul-smelling discharge, fever, severe headaches, visual disturbances, or heart palpitations. To prevent severe complications, she should practice strict perineal hygiene, breastfeed frequently to promote uterine involution, and strictly attend all scheduled postnatal clinic visits. Most importantly, she must immediately return to the hospital for a pelvic ultrasound and clinical evaluation to treat any retained tissue or infection before it progresses to life-threatening sepsis or hemorrhage.",Qwen-3.7-Max,qwen3.7-max
48eb67dd-3ea9-4e95-9aeb-6f739d5c047b,english,good_english,"My name is Mrs Akinleyeg. For about the past two months, I have noticed that my husband's breathing has not been normal at all. He also sneezes repeatedly, especially whenever he is in a dusty environment or in a place where something is being fried. He sneezes repeatedly and finds it difficult to breathe properly. His breathing becomes labored and he tends to sneeze whenever he's in places with smoke or dust. Is there any test that can be carried? out to determine exactly what is causing these symptoms, could staying in dusty places be the cause, or is his body system changing in a way that is making this happen, what type of medication can he use so that his breathing will become normal and comfortable at all times, wherever he may be.","My name is Mrs. Akinleye. For about the past two months, I have noticed that my husband's breathing has not been normal at all. He also sneezes repeatedly, especially whenever he is in a dusty environment or in a place where something is being fried. He sneezes repeatedly and finds it difficult to breathe properly.

His breathing becomes laboured, and he tends to sneeze whenever he is in places with smoke or dust.

Is there any test that can be carried out to determine exactly what is causing these symptoms? Could staying in dusty places be the cause, or is his body's system changing in a way that is making this happen? What type of medication can he use so that his breathing will become normal and comfortable at all times, wherever he may be?",http://speech-app.s3.amazonaws.com/static/audio/uploads/5c2b47ff-934e-40c4-b5b5-432f28b0e0d2/d4efc0e2708246ed472102cdf3811037_ASnp9s1f.wav,"Your husband's symptoms strongly suggest allergic asthma and allergic rhinitis triggered by environmental irritants like dust and smoke, which are common in our local Nigerian environment. To confirm the diagnosis, he should undergo spirometry or a Peak Expiratory Flow Rate (PEFR) test at the clinic to evaluate his lung function and airway reversibility. His reaction is caused by an overactive immune response to these specific environmental triggers rather than a general, unexplained change in his body system. For effective management, he needs a prescription for a daily inhaled corticosteroid to prevent airway inflammation, a salbutamol inhaler for immediate relief during attacks, and an oral antihistamine like loratadine for the sneezing. However, because no medication can completely override continuous heavy exposure, strictly avoiding dusty and smoky environments remains the most vital step for his long-term comfort.",Qwen-3.7-Max,qwen3.7-max
193bc635-2a7a-48d4-a2a1-d80de70d3f1b,english,good_english,"We saw one of our pregnant women early this morning along with her husband. She said that she has severe pain in her abdomen and her back is also aching even though it is not yet up to her delivery date. We asked this lady how many months pregnant she is and she said it is a pregnancy of six months and a few days. We then also asked this lady whether she is experiencing that pain right now. or if it comes and goes and she said she is experiencing that pain right now. Then we asked this lady whether she saw water or saw blood and she said that she saw water and blood. We then also asked this lady which number of child, which number of pregnancy is the pregnancy that is inside her and she said it is her first pregnancy. Our question for our doctor is Could this sign point to signs of labor or a sign that the pregnancy is damaged, miscarriage or another sign? Can we tell this lady to go and do an internal photo examination which we call a scan to know what is happening?","​We saw one of our pregnant women early this morning along with her husband, she said that she has severe pain in her abdomen and her back is also aching, even though it is not yet up to her delivery date. We asked this lady how many months pregnant she is, and she said it is a pregnancy of six months and a few days. We then also asked this lady whether she is experiencing that pain right now or if it comes and goes, and she said she is experiencing that pain right now. Then we asked this lady whether she saw water or saw blood, and she said that she saw water and blood. We then also asked this lady which number of child, which number of pregnancy is the pregnancy that is inside her, and she said it is her first pregnancy. Our question for our doctor is,could this sign point to signs of labor, or a sign that the pregnancy is damaged (miscarriage), or another sign? Can we tell this lady to go and do an internal photo examination which we call a scan to know what is happening?",http://speech-app.s3.amazonaws.com/static/audio/uploads/0d76b810-cd58-4c7b-bbaa-14e1db431104/2bd4ee05cdcf559317294ce081a41a2e_cWWA0Fbu.wav,"These symptoms strongly indicate an obstetric emergency, most likely preterm labor with premature rupture of membranes or a life-threatening placental abruption, rather than a simple early miscarriage. At six months of gestation (approximately 24 to 26 weeks), her continuous severe pain with bleeding and fluid loss puts both maternal and fetal lives at immediate risk. Yes, you must urgently refer her for an obstetric ultrasound scan to assess fetal viability, placental location, and amniotic fluid levels while simultaneously admitting her for maternal resuscitation. In our community hospital setting, this immediate evaluation is critical to quickly mobilize necessary life-saving interventions like blood transfusions or neonatal support if an emergency preterm delivery becomes unavoidable.",Qwen-3.7-Max,qwen3.7-max
f5841173-3fa3-4104-943b-1116a20e44f2,english,good_english,"A mother who has three children. Meju is the junior child. Meju is a 1-year-old child. Meju's mother noticed that just a few days after childbirth, Meju has had a cough illness and has been coughing continuously without stopping at all. She said she also noticed that it is difficult for her to breathe well. She said this cough appears mostly in the evening when everyone has gone. She said her breath is also difficult to breathe well because this cough does not allow her to breathe in and out properly. She said she has been to the herbalists and has given her herbal mixtures but she noticed that none of the herbal mixtures she used worked. She said she then decided to go to the hospital so they could find out what happened to Kweju. Can this problem be Cured for this child? Is it a chest disease or asthma that it could be for the child? What are the things that the child needs to avoid so that this problem affecting her and causing her to cough can be significantly reduced?","A mother peju who has three children, peju is the junior child. Peju is a one-year-old child. Peju's mother noticed that, just a few days after childbirth, Peju has had a cough illness and has been coughing continuously without stopping at all. She said she also noticed that it is difficult for her to breathe well. She said this cough appears mostly in the evening, when everyone has gone to sleep. She said her breath is also difficult to breathe well, because this cough does not allow her to breathe in and out properly. She said she has been to the herbalists and has given her herbal mixtures, but she noticed that none of the herbal mixtures she used worked. She said she then decided to go to the hospital so they could find out what happened to Peju. Can this problem be cured for this child? Is it a chest disease or asthma that it could be for the child? What are the things that the child needs to avoid so that this problem affecting her and causing her to cough can be significantly reduced?",http://speech-app.s3.amazonaws.com/static/audio/uploads/5ed8e0c7-30e1-442b-aaa0-81777152de9e/2a24b6a777be7016fe4491f1783f310a_bXIVt5TF.wav,"Based on the continuous cough and breathing difficulty starting just days after birth, this is highly unlikely to be asthma, but rather a congenital chest anomaly, chronic infection like tuberculosis, or severe aspiration requiring urgent chest imaging. While curability depends on the exact diagnosis, many of these underlying structural or infectious conditions can be successfully treated or cured with targeted medical or surgical interventions once properly identified. To significantly reduce her symptoms, you must strictly avoid exposing Meju to indoor air pollutants common in our communities, such as firewood smoke, mosquito coils, cigarette smoke, and unregulated herbal mixtures that can cause dangerous toxicity or micro-aspiration. Please bring her to the hospital immediately for a thorough pediatric evaluation and chest X-ray to establish a definitive diagnosis and commence appropriate, life-saving treatment.",Qwen-3.7-Max,qwen3.7-max
0429f217-2ba8-4fde-b80b-a3a545934026,english,good_english,"I'm 32 years old. I just gave birth. I just gave birth seven days ago. I noticed that if I'm breastfeeding the child, he struggles to suck the breast. If the child sucks a little bit, the child will remove his mouth. If I try to put the breast in his mouth so he can suck, he will suck again a little bit and remove his mouth. I now thought that why doesn't the child suck breasts well, I now notice. That the child has cold. He's not breathing out well, like a child snoring, that's how he sounds. I called the attention of my mother-in-law. She said maybe while we want to give birth to him, maybe water entered his head or other things. But I thought if water entered his head, the nurses and doctors ought to know if water entered the child's head. What now shattered my heart the most was the way he's not feeding well. It's given me concern and my mind is not at rest. He does not suck well at all. It's by force anytime I want to breastfeed the child. I have to wake him to suck a little. That's if he agrees to. What I want to ask is that what's the cause of the cold that he doesn't breathe well, and that any time he breathes, it will look like someone that the nose is blocked, and that what is the cause that he's not sucking breast. ","I’m 32 years old , I just gave birth , I just gave birth 7days ago , I noticed that if I’m breast feeding the child , he struggles to suck the breast , if the child suck a little bit , the child will remove his mouth if I try to put the breast in his mouth so he can suck , he will suck again a little bit and remove his mouth , I now thought that why did the child doesn’t suck breast well , I now noticed that the child has cold , his not breathing out well like a child snoring that’s how he sounds, I call the attention of my mother in law , she say maybe while we want to give birth to the child maybe water enters his head or other things but I thought if water enters his head , the nurses and doctors ought to know if water enters the child’s head , what now shattered my heart the most was the way he’s not feeding well , it’s giving me concern and my mind is not at rest , he doesn’t suck well at all , it’s by force any time I want to breastfeed the child , I have to wake him to suck a little that’s if he agrees to , what I want to ask is that what’s the cause of the cold that he doesn’t breathe well and that anytime he breathe it’s would look like someone that the nose is blocked  and that what is the cause that he’s not sucking breast well .",http://speech-app.s3.amazonaws.com/static/audio/uploads/9cc562be-c195-4c12-8c16-130f86eb5fa9/0df772cf4bd08662a32ef9f68b31cd07_Cfyaxdur.wav,"In our clinical setting, a 7-day-old baby who is difficult to wake for feeds and has noisy breathing must be evaluated immediately for neonatal sepsis, a potentially life-threatening infection. The blocked nose sound and poor sucking occur because newborns are obligate nasal breathers, meaning they cannot breathe and suck simultaneously if their nostrils are congested with mucus. The belief that water entered his head during birth is a local myth; his lethargy and feeding difficulties are serious medical red flags requiring urgent professional care. Please take him to the hospital right now for a thorough examination, and you can use saline nasal drops with a bulb syringe to gently clear his airway before breastfeeding.",Qwen-3.7-Max,qwen3.7-max
5c0d4c54-a56b-4866-aaf3-9a209ad6e81e,english,good_english,"Doctor, a mother living in our house began to notice that her baby was not breastfeeding well. Whenever she tried to breastfeed the baby, the baby would suck for a little while and then stop as if exhausted. The mother also noticed that the baby did not have enough strength to breastfeed and would sweat heavily on the head and face. Not only that, the baby's breathing changed. It seems as though the baby was breathing upward and downward like someone struggling to breathe. As the days went by, the mother became increasingly worried. She wondered whether it was because the baby was not feeding enough or whether there was a problem related to the baby's breathing and sweating. Therefore, she decided to go to the hospital to see a doctor for an examination of the baby. My question is, what could cause a baby? to have difficulty breastfeeding properly. Is the way the baby is breathing a sign of any health problem? What danger signs should the baby's parents watch out for? What could cause a young child to sweat while breastfeeding?","Doctor, a mother living in our house began to notice that her baby was not breastfeeding well. Whenever she tried to breastfeed the baby, the baby would suck for a little while and then stop as if exhausted.
The mother also noticed that the baby did not have enough strength to breastfeed and would sweat heavily on the head and face. Not only that, the baby's breathing changed; it seemed as though the baby was breathing upward and downward, like someone struggling to breathe.
As the days went by, the mother became increasingly worried. She wondered whether it was because the baby was not feeding enough, or whether there was a problem related to the baby's breathing and sweating. Therefore, she decided to go to the hospital to see a doctor for an examination of the baby.
My question is: what could cause a baby to have difficulty breastfeeding properly? Is the way the baby is breathing a sign of any health problem? What danger signs should the baby's parents watch out for? What could cause a young child to sweat while breastfeeding?",http://speech-app.s3.amazonaws.com/static/audio/uploads/c130082b-c98c-4348-8ad5-65a748d7cfdb/1bd18e09502433a260e019b03c7a2a30_DaAjTsHW.wav,"A baby's difficulty breastfeeding, rapid exhaustion, and profuse head sweating during feeds are classic signs of congestive heart failure, most commonly caused by an underlying congenital heart defect, though severe pneumonia or anemia are also possible. The ""upward and downward"" breathing describes chest indrawing (retractions), which is a definitive sign of severe respiratory distress often resulting from fluid backing up into the lungs due to the failing heart. Parents must urgently watch out for danger signs such as bluish discoloration of the lips or skin (cyanosis), grunting, nasal flaring, extreme lethargy, and a complete inability to wake for feeds. In our Nigerian community hospitals, we manage this by immediately admitting the baby for oxygen therapy and diuretics to relieve fluid overload, followed by an urgent echocardiogram to confirm the cardiac anomaly.",Qwen-3.7-Max,qwen3.7-max
47a7b745-bfa9-466f-99b2-9e9b789272f4,english,good_english,"A mother of a young child became worried about her 8-month-old baby. During the daytime, the baby plays well, but every night the baby starts coughing. The cough wakes the baby from sleep and the baby cries afterwards. On one of those nights, the mother noticed that the baby was breathing very fast and seemed to be struggling to breathe. The mother could not sleep because of fear. The following morning, she noticed That the baby did not want to breastfeed or play as before, so she decided to take the baby to see a doctor because she wanted to know what was causing the cough and the breathing difficulty and to know what medicine or treatment could be used for the baby. My question is, what could cause a young child to cough severely at night and also make it difficult for the child to breathe properly? Could the cough and the struggle Struggle to breathe properly be signs of a lung disease, what are the things that can be done at home and to help the baby become more comfortable and sleep better at night?","A mother of a young child became worried about her eight-month-old baby. During the daytime, the baby plays well, but every night the baby starts coughing. The cough wakes the baby from sleep, and the baby cries afterwards.
On one of those nights, the mother noticed that the baby was breathing very fast and seemed to be struggling to breathe. The mother could not sleep because of fear. The following morning, she noticed that the baby did not want to breastfeed or play as before, so she decided to take the baby to see a doctor because she wanted to know what was causing the cough and the breathing difficulty and to know what medicine or treatment could be used for the baby.
My question is: what could cause a young child to cough severely at night and also make it difficult for the child to breathe properly? Could the cough and the struggle to breathe properly be signs of a lung disease? What are the things that can be done at home to help the baby become more comfortable and sleep better at night?",http://speech-app.s3.amazonaws.com/static/audio/uploads/5d17fda2-a578-46e0-bfc6-5ee2baed3026/b4f40da326990dd52eec1b1d2d945b52_IIsse8wd.wav,"Severe nocturnal coughing with fast breathing and respiratory distress in an 8-month-old is highly suggestive of lower respiratory tract infections like bronchiolitis or pneumonia, which are indeed significant lung diseases. According to WHO IMCI guidelines standard in Nigerian community hospitals, fast breathing, struggling to breathe, and poor feeding are danger signs of severe respiratory compromise that strictly preclude relying solely on home management. To help the baby breathe easier at home before and after hospital care, keep the infant in an upright position, offer smaller but more frequent breastfeeds to prevent fatigue, and eliminate exposure to indoor smoke from firewood or mosquito coils. You must avoid over-the-counter cough syrups, as they are contraindicated for infants, and instead rely on the doctor's clinical examination to initiate evidence-based treatments such as oxygen therapy, nebulization, or appropriate antibiotics.",Qwen-3.7-Max,qwen3.7-max
ec4b4ec7-75ef-41ca-ba6f-fc5c6c69d144,english,good_english,"A woman had a baby, a child, about five months ago. She explained regarding the child that there was nothing wrong at the time she gave birth, as the baby was feeding vigorously as expected. Suddenly, she noticed that the child would cry out in pain in their arms and legs. It also reached the point where the child would call for help to get up, to crawl or to move. So as to reach their mother. Please, what can this woman do for the child to relieve the pain in the arms and legs and to ensure they don't delay their developmental milestones? Therefore the mother wants to come to the hospital with the child to see a doctor and to find out what can be done to help the child's body recover and be in a healthy state.","A woman had a baby—a child—about five months ago. She explained regarding the child that there was nothing wrong at the time she gave birth, as the baby was feeding vigorously as expected. Suddenly, she noticed that the child would cry out in pain in their arms and legs. It also reached the point where the child would call for help to get up, to crawl, or to move, so as to reach their mother. Please, what can this woman do for the child to relieve the pain in the arms and legs, and to ensure they don't delay their developmental milestones? Therefore, the mother wants to come to the hospital with the child to see a doctor to find out what can be done to help the child's body recover and be in a healthy state",http://speech-app.s3.amazonaws.com/static/audio/uploads/cb7d0ab6-f969-40eb-9258-ad4b55bd80ae/06d192550816689893b8150456523768_pBOqs4ud.wav,"The mother should immediately bring the child to the hospital for a comprehensive evaluation, as sudden limb pain and reluctance to move in a five-month-old infant in our setting strongly suggests sickle cell dactylitis, acute bone infection, or nutritional deficiencies. While en route, she can administer weight-appropriate oral paracetamol for safe pain relief, but must strictly avoid unverified herbal concoctions or traditional bone setters that could cause severe harm. At the clinic, we will perform a physical examination, X-rays, and blood tests, including hemoglobin electrophoresis, to identify the exact cause and initiate targeted treatments like antibiotics or specific supplements. Prompt medical intervention will resolve the underlying condition, directly alleviating the pain and allowing the infant to resume normal motor activities to achieve developmental milestones without delay. We will also enroll the child in our well-baby clinic for ongoing nutritional counseling and developmental monitoring to ensure sustained health and timely milestone attainment.",Qwen-3.7-Max,qwen3.7-max
ada6aff0-d3eb-45ce-90d5-529d6308338d,english,good_english,"A wife observed that her husband has a headache, and the headache is really really bad. It's quite much to the extent that the man has a stiff neck, unable to turn it to the left or right as it ought to be. She now observed some very tiny sores which were not on the man's body before but suddenly occurred. This scared the woman that this kind of occurrence that happened to her husband. What can be the cause and what can she do? The question I asked the woman was that has her husband ever had a high fever and a kind of drug was used? She said no. Or that the man, the bed he sleeps on, what he uses as pillow. Hope it is not that he slept on the neck. The woman said no, it is not that he slept on the neck, but suddenly the headache started and it was consistent. with a stiff neck and very tiny sores around the body. If something like this happens, what can that kind of wife do to help care for her husband and he will return to his normal self?","A wife observed that her husband has a headache, and the headache is really really bad. It quite much to the extent that the man has a stiff neck unable to turn it to the left or right as it ought to be. She now observed some very tiny sores which were not on the man's body before but suddenly occurred. This scared the woman that this kind of occurrence that happened to her husband what can be the cause and what can she do? The question I asked the woman was that has her husband ever had a high fever and a kind of drug was used? She said no. Or that the man, the bed he sleeps on what he uses as pillow hope it's not that he slept on the neck the woman said no it is not that he slept on the neck but suddenly the headache started and it was consistent with a stiff neck and very tiny sores around the body. If something like this happens, what can that kind of wife do to help care for her husband and he will return to his normal self? ",http://speech-app.s3.amazonaws.com/static/audio/uploads/c1d66b1c-1f82-40b2-bdd6-48cb8098643e/af15a019b54b875a5fd6ac4eb70407c0_111HqeS2.wav,"The triad of a sudden severe headache, neck stiffness, and a new petechial rash (tiny sores) is a classic medical emergency highly indicative of meningococcal meningitis, a life-threatening bacterial infection prevalent in the African meningitis belt. Because this condition can rapidly progress to septic shock, brain damage, or death within hours, the wife must absolutely avoid home remedies and not delay seeking professional care. She must immediately transport her husband to the nearest hospital emergency department for urgent clinical evaluation and the immediate administration of intravenous antibiotics such as ceftriaxone. Rapid, hospital-based medical intervention is the only effective way to treat this severe infection and ensure his safe recovery back to his normal self.",Qwen-3.7-Max,qwen3.7-max
6c4ab0d8-695b-453c-b3c0-db41ba12f1f7,english,good_english,"My daughter is pregnant. She is about 24 years old. She's the one who is pregnant. This happened today. At night, I noticed that she started having pain. She had already packed her belongings and came to my house. As the pain continued, I saw that it was increasing. I gathered all her belongings and she did not initially allow us to go to the hospital. We took her to the hospital. And they examined her. They said the cervix has started to open a little and that it is almost time for delivery. Until today, the cervix is still opening until the time the baby will come out. Yesterday, the baby was still in pain that kept increasing since we arrived here. She is in pain, the baby will come out. It is her first pregnancy. I am worried and my heart is troubled. I want to save my child. I do not want to lose the baby that is coming. Please, what could be causing this pain? Is this how it usually is for first time mothers when they're about to give birth? Is it possible the baby is too big and cannot come out through the birth canal? Or is it possible they will do surgery for her?","My daughter is pregnant; she is about twenty-four years old. She is the one who is pregnant. This happened today.
At night, I noticed that she started having pain. She had already packed her belongings and came to my house. As the pain continued, I saw that it was increasing. I gathered all her belongings, and she did not initially allow us to go to the hospital.
We took her to the hospital, and they examined her. They said the cervix has started to open a little, and that it is almost time for delivery.
Until today, the cervix is still opening until the time the baby will come out. Yesterday, the baby was still in pain that kept increasing since we arrived there.
She is in pain, the baby will come out, it is her first pregnancy. I am worried and my heart is troubled.
I want to save my child, and I do not want to lose the baby that is coming. Please, what could be causing this pain? Is this how it usually is for first-time mothers when they are about to give birth? Is it possible the baby is too big and cannot come out through the birth canal? Or is it possible they will do surgery for her?",http://speech-app.s3.amazonaws.com/static/audio/uploads/d5509e58-a2b1-40ca-8b13-2b7a616524d3/bfb28059877e5a1ae852d394c0e93371_GVWpRisH.wav,"The increasing pain your daughter feels is caused by normal uterine contractions, which are necessary to dilate the cervix and deliver the baby. Prolonged, intense labor lasting 12 to 18 hours or more is very common and expected for first-time mothers in Nigeria as their bodies experience this process for the first time. While a large baby or a narrow pelvis (cephalopelvic disproportion) can prevent normal delivery, her doctors are actively monitoring her cervical dilation and the baby's descent using a standard labor partograph. If her labor stops progressing or the baby shows signs of distress, the medical team will promptly perform a Caesarean section to ensure both their safety. Please remain calm and trust the hospital staff, as she is in the right place to receive life-saving interventions if a surgical delivery becomes necessary.",Qwen-3.7-Max,qwen3.7-max
9df719ce-bc9f-44b6-bded-3077ed94da7e,english,good_english,"Good evening. I came because of my younger sibling. I noticed that their eyes and skin have a pale yellowish color and this has been going on for about three days now. Their body is also very hot, burning with a fever and they cannot eat. They cannot retain anything. In fact, they are shivering and weakened heavily. Because their head is throbbing, their head is aching and their body is burning hot. We have tried Using some things at home, we gave them but even so, there is absolutely no difference in their condition. Their eyes and skin that have that pale yellowish color, it hasn't stopped. That yellow color is just increasing day by day, and they are not at peace, they are not comfortable, they are suffering. God forbid they are really suffering. That is why I came to the hospital so we can know what to do. The steps we need to take. So that my younger siblings body, their skin, and eyes that are turning yellow will stop, and they will recover.","Good evening I came because of my younger sibling. I noticed that their eyes and skin have an airy... a pale/yellowish color. And this has been going on for about three days now. Their body is also very hot, burning with a fever, and they cannot eat. They cannot retain anything, they cannot retain anything. In fact, they are shivering/weakened heavily. Because their head is throbbing, their head is aching, and their body is burning hot. We have tried using some things at home, we gave them, but even so, there is absolutely no difference in their condition. Their eyes and skin that have that pale/yellowish color, it hasn't stopped, that yellow color is just increasing day by day, and they are not at peace, they are not comfortable, they are suffering, God forbid, they are really suffering. That is why I came to the hospital so we can know what to do, the steps we need to take, so that my younger sibling's body, their skin and eyes that are turning yellow, will stop, and they will recover.
",http://speech-app.s3.amazonaws.com/static/audio/uploads/a414aded-62b8-4fc4-929d-26b35caeb978/989e6eadd835e1b96f4e8861a07e4c4c_MrBEXoaG.wav,"Your sibling's symptoms of worsening jaundice, high fever with shivering, severe headache, and inability to tolerate oral intake strongly suggest severe malaria, a life-threatening emergency requiring immediate hospital admission. We must urgently perform a malaria rapid diagnostic test and blood film microscopy to confirm the infection and assess the extent of red blood cell destruction. Following standard Nigerian treatment guidelines, we will immediately administer intravenous artesunate and IV fluids to clear the parasites, correct dehydration, and reduce the fever. The yellowing of their eyes and skin is caused by the malaria parasite rapidly destroying red blood cells, and prompt IV antimalarial therapy is the only definitive way to halt this hemolysis and resolve the jaundice. Please consent to these emergency interventions now so we can stabilize your sibling and begin their recovery.",Qwen-3.7-Max,qwen3.7-max
022c11b7-cca9-4275-af59-e4e8ee59e43f,english,good_english,"A newborn baby that has just been delivered in our hospital about 20 minutes ago was found to appear sleepy. The baby did not cry well since being delivered. When we checked its respiration, it was fine, but the baby was asleep all through. We also checked the temperature and it was normal. Here is my question. What could cause a newborn baby to appear as if it is sleeping and not cry properly since it's Birth, also what kind of treatment will be effective for such baby, and when the mother gets home, what could she administer to the child and what she should not, and what kind of food should the mother eat to ensure that both the mother and baby will be healthy?","A newborn baby that has just been delivered in our hospital about twenty minutes ago, was found to appear sleepy. The baby did not cry well since being delivered. When we checked it's respiration,  it was fine but the baby was asleep althrough, we also checked the temperature, and it was normal. Here is my question, what could cause a new born baby to appear as if it is sleeping? And not cry properly since it's birth? Also, what kind of treatment will be effective for such baby? And, when the mother gets home, what could she administer to the child and what she should not, and what kind of food should the mother eat to ensure that both the mother and baby will be healthy?",http://speech-app.s3.amazonaws.com/static/audio/uploads/6f8d8a92-3139-406c-aa58-7761f86019a8/98e6b71ce1791edd23c66d1f3ed10ccf_s31zSAVp.wav,"A newborn's excessive sleepiness and weak cry, despite normal vital signs, are frequently caused by maternal pain medications given during labor, mild perinatal asphyxia, or neonatal hypoglycemia. Immediate treatment requires gentle tactile stimulation, skin-to-skin contact, and early initiation of breastfeeding to correct potential low blood sugar and encourage alertness. At home, the mother should feed the baby exclusively with breastmilk and must strictly avoid administering water, honey, or any traditional herbal mixtures, which pose severe risks of toxicity and infection. For optimal recovery and milk production, the mother should eat a balanced diet rich in proteins, plenty of fluids, and nutrient-dense local leafy vegetables.",Qwen-3.7-Max,qwen3.7-max
95743119-c813-4c38-a346-686838409ec0,english,good_english,"A woman who lives in our house, she's employed. She does her work diligently and has no health issues. One day, while she was bathing, she felt her breast and noticed something like a small hard lump inside it. Initially, she thought it was nothing serious, but she felt it again on another day and realized it was still there. As time went on, she became very anxious. She began to worry about where This issue was developing within her breast. It wasn't painful, but the fact that the lump was hard and wouldn't go made her sad. She also started remembering stories she used to hear about girls who had lumps in their breasts. After a few weeks, she decided to go see a doctor. She wanted to know what caused the lump and what she needed to do to safeguard her health. My questions are, what can cause a hard lump in a woman's breast? Does every breast lump mean something that could lead to cancer? What other symptoms should women look out for regarding their breasts?","A woman who lives in our house, she is employed. She does her work diligently and has no health issues.
One day, while she was bathing, she felt her breast and noticed something like a small, hard lump inside it.
Initially, she thought it was nothing serious, but she felt it again on another day and realized it was still there. As time went on, she became very anxious. She began to worry about whether this issue was developing within her breast. It wasn't painful, but the fact that the lump was hard and wouldn't go away made her sad. She also started remembering stories she used to hear about girls who had lumps in their breasts.
After a few weeks, she decided to go see a doctor. She wanted to know what caused the lump and what she needed to do to safeguard her health.
My questions are: What can cause a hard lump in a woman's breast?
Does every breast lump mean something that could lead to cancer?
What other symptoms should women look out for regarding their breasts?

",http://speech-app.s3.amazonaws.com/static/audio/uploads/06473ccd-4fdc-4cd5-89cc-70e5cd9d3262/b8bed3fe34877c2aa244cf1dabae69e5_sGUaCrxc.wav,"A hard breast lump can be caused by benign conditions like fibroadenomas or cysts, as well as malignancies like breast cancer, meaning not every lump is cancerous, though all require prompt medical evaluation. In our Nigerian community practice, we frequently see painless benign fibroadenomas, but because breast cancer also presents as a painless, hard mass, we always perform a clinical breast exam and recommend an ultrasound to confirm the diagnosis. Women should also monitor for other warning signs such as bloody nipple discharge, nipple retraction, skin dimpling, and armpit swelling, making her scheduled doctor's visit for a standard triple assessment absolutely essential to safeguard her health.",Qwen-3.7-Max,qwen3.7-max
27ce4e55-f624-41bb-b682-93b6327818fe,english,good_english,"A pregnant woman came to the hospital this evening and explained that her husband often shouts at her and frequently beats her. She said that this has caused her to become very fearful. Many times, whenever she hears her husband is coming home or when she is about to go home, she becomes afraid because she worries that he may beat her or verbally abuse her. She also noticed that her heart often races. or pounds. She went to have her blood pressure checked and she was told that her blood pressure was elevated. She said that she sought help from her parents and explained the situation to them. As a result, her parents gave her a traditional ABA remedy  ⁇ agbo ⁇, but there was no improvement after she used it. She wants to know, what can she do so that she will no longer be overwhelmed by fear. Whenever she's going home or hears that her husband is coming, what can she use or do to help restore her peace of mind, calmness, and emotional well-being?","A pregnant woman came to the hospital this evening and explained that her husband often shouts at her and frequently beats her. She said that this has caused her to become very fearful.
Many times, whenever she hears that her husband is coming home or when she is about to go home, she becomes afraid because she worries that he may beat her or verbally abuse her.
She also noticed that her heart often races or pounds. She went to have her blood pressure checked, and she was told that her blood pressure was elevated.
She said that she sought help from her parents and explained the situation to them. As a result, her parents gave her a traditional herbal remedy (""agbo""), but there was no improvement after she used it.
She wants to know:
What can she do so that she will no longer be overwhelmed by fear whenever she is going home or hears that her husband is coming?
What can she use or do to help restore her peace of mind, calmness, and emotional well-being?",http://speech-app.s3.amazonaws.com/static/audio/uploads/407249ff-42df-4b7b-bc18-59c6db93cdfc/22315e6de3ea823f350c794823894174_6hrBhbjm.wav,"Your severe anxiety, racing heart, and elevated blood pressure are direct physiological responses to the chronic trauma of intimate partner violence, which poses a critical risk to both you and your unborn baby. You must immediately stop taking unverified traditional herbal mixtures, as they can be toxic during pregnancy, and instead relocate to a safe environment with your parents while our hospital social workers and the local police gender desk intervene. To temporarily manage your anticipatory panic, practice deep, slow diaphragmatic breathing to stimulate your vagus nerve and naturally lower your heart rate. We must also urgently evaluate your elevated blood pressure in the clinic to rule out preeclampsia, a life-threatening pregnancy complication that requires specific medical management. Ultimately, true emotional well-being cannot be achieved through coping exercises while remaining in danger, so your definitive treatment is a comprehensive safety plan that permanently removes you from the abusive environment.",Qwen-3.7-Max,qwen3.7-max
6eb74fc8-7cdc-4d4d-a06b-065c285b47a5,english,good_english,"A woman just gave birth to a newborn baby at her hospital this morning. Her delivery was very easy and she gave birth to the baby smoothly and without complications. Shortly after the woman gave birth, we observed that the pads placed under her quickly became soaked with blood and it was quite a lot. A few minutes later, the woman used another pad, yet it was also filled with blood very quickly. Before long, the woman started feeling weak and the bleeding became so heavy that it did not stop. What could be the cause of postpartum hemorrhage? What could cause the bleeding to not stop? Is it possible that a second baby remains inside this woman? Is it possible that the woman's cervix is torn? Is it possible that her uterus is failing to contract to stop the bleeding? What could cause the hemorrhage? Heavy, continuous bleeding this woman is experiencing, what steps can we take for this woman to stop bleeding, what kind of injection or medication can be used for this woman, and should we send this woman to a larger hospital or is there another procedure we can perform on this woman to make the bleeding stop?","A woman just gave birth to a newborn baby at our hospital this morning. Her delivery was very easy, and she gave birth to the baby smoothly and without complications.
Shortly after this woman gave birth, we observed that the pad placed under her quickly became soaked with blood, and it was quite a lot. A few minutes later, the woman used another pad, yet it was also filled with blood, very quickly. Before long, the woman started feeling weak, and the bleeding became so heavy that it did not stop.
What could be the cause of postpartum hemorrhage? What could cause the bleeding to not stop? Is it possible that a second baby remains inside this woman? Is it possible that the woman's cervix is torn? Is it possible that her uterus is failing to contract to stop the bleeding? What could cause the heavy, continuous bleeding this woman is experiencing? What steps can we take for this woman to stop the bleeding? What kind of injection or medication can be used for this woman, and should we send this woman to a larger hospital, or is there another procedure we can perform on this woman to make the bleeding stop?",http://speech-app.s3.amazonaws.com/static/audio/uploads/ec461994-3da0-48c5-b5f5-4f5b8a550636/ce2a3f107f1dee8ad57fb91174554434_QJwqdIdL.wav,"The heavy bleeding is postpartum hemorrhage (PPH), most commonly caused by uterine atony (failure of the uterus to contract), though an undiagnosed second twin, retained placental tissue, or a cervical tear from a rapid delivery are also possible causes. To immediately stop the bleeding, perform vigorous uterine massage, establish large-bore IV access for fluid resuscitation, and administer uterotonic medications like intravenous Oxytocin, intramuscular Ergometrine, or Misoprostol. If medical management fails, apply bimanual uterine compression and a Non-pneumatic Anti-Shock Garment (NASG) to stabilize her hemodynamically. Because community hospitals typically lack advanced surgical capabilities, you must urgently transfer her to a larger tertiary hospital for definitive life-saving procedures such as uterine balloon tamponade, B-Lynch compression sutures, or hysterectomy.",Qwen-3.7-Max,qwen3.7-max
0fb66f21-102e-431d-a7f0-04fd8a4b4a97,english,good_english,"A mother among the mothers who usually bring their babies for injections explained that she noticed that her newborn baby has a problem around the mouth and the baby's lips look bluish. Today, she also noticed that when she is breastfeeding the baby, the baby struggles, gasps, and finds it difficult to breathe properly. She said this is what made her worried because she does not know what Is happening to the baby. What can cause a newborn babys lips to look bluish? What can also cause a baby to struggle and have difficulty breathing while breastfeeding? Can medicine be given or should the baby be examined?","A mother among the mothers who usually bring their babies for injections explained that she noticed that her newborn baby has a problem around the mouth, and the baby’s lips look blueish.
Today, she also noticed that when she is breastfeeding the baby, the baby struggles, gasps, and finds it difficult to breathe properly. She said this is what made her worried because she does not know what is happening to the baby.
What can cause a newborn baby’s lips to look blueish? What can also cause a baby to struggle and have difficulty breathing while breastfeeding? Can medicine be given, or should the baby be examined?",http://speech-app.s3.amazonaws.com/static/audio/uploads/eb59b12a-df81-4d6d-b556-2dfd10872bb0/e65bb243e369f0ed86efeb4630a8ccca_dzDCVVum.wav,"Bluish lips in a newborn, known as central cyanosis, indicate low blood oxygen levels typically caused by congenital heart defects, severe respiratory infections like pneumonia, or neonatal sepsis. Struggling and gasping during breastfeeding occur because feeding significantly increases the baby's metabolic and oxygen demands, which a compromised heart or lungs cannot sustain. The baby must be urgently examined by a clinician for a definitive diagnosis using pulse oximetry, chest radiography, or echocardiography before any intervention. Medication should never be given blindly without this thorough examination, as the treatment varies drastically and may require oxygen therapy, specific antibiotics, or even surgical correction for heart anomalies. In our Nigerian community practice, immediate clinical evaluation and urgent referral to a tertiary pediatric center are critical to prevent fatal outcomes.",Qwen-3.7-Max,qwen3.7-max
44f035d9-9f2b-4e9d-a23b-289b07f70219,english,good_english,"A pregnant woman who is 6 months pregnant and lives in her house started noticing that her heart palpitates rapidly as if she just finished running. Sometimes she gets tired without doing any work at all and her hands trembling slightly. After a few weeks, she also noticed that her neck started swelling in the front. When people began telling her that her neck looks different from before, she became very Very frightened, wondering if this is one of the illness that affects pregnant women or if it is another problem. She has now decided to go to see a doctor so they can know what is causing it. My question is, what can cause a pregnant woman ⁇ s heart to palpitate rapidly like someone who just finished running, along with her neck swelling? Can this problem affect the development of the baby inside? her, what are the warning signs they should watch out for at home, are there certain foods or drinks that she ought to avoid, or those that she should eat more of during this kind of period?","​A pregnant woman who is six months pregnant and lives in our house started noticing that her heart palpitates rapidly as if she just finished running. Sometimes she gets tired without doing any work at all, and her hands tremble slightly. After a few weeks, she also noticed that her neck started swelling in the front. When people began telling her that her neck looks different from before, she became very frightened, wondering if this is one of the illnesses that affect pregnant women or if it is another problem. She has now decided to go see a doctor so they can know what is causing it. My question is, what can cause a pregnant woman's heart to palpitate rapidly like someone who just finished running, along with her neck swelling? Can this problem affect the development of the baby inside her? What are the warning signs they should watch out for at home? Are there certain foods or drinks that she ought to avoid, or those that she should eat more of during this kind of period?",http://speech-app.s3.amazonaws.com/static/audio/uploads/1b117728-ed2c-48be-b2bf-1788a368fd3b/b65c58746e68e319f6dd309f68af179e_ypZcc7lN.wav,"Her symptoms of rapid palpitations, fatigue, tremors, and anterior neck swelling strongly indicate hyperthyroidism, a condition where the thyroid gland becomes overactive and enlarged due to increased metabolic demands or autoimmune changes during pregnancy. Uncontrolled hyperthyroidism can negatively affect fetal development by causing poor growth, preterm birth, or fetal heart issues, necessitating prompt clinical evaluation and pregnancy-safe antithyroid medications. She should immediately seek emergency care if she experiences warning signs such as severe shortness of breath, high fever, confusion, or decreased fetal movements, which may signal a dangerous thyroid storm or fetal distress. Dietary management involves avoiding stimulants like caffeine and limiting goitrogenic foods common in Nigeria, such as raw cassava and cabbage, while maintaining a balanced diet with adequately iodized salt.",Qwen-3.7-Max,qwen3.7-max
ec8c9662-4d2c-48bd-818f-f9d9a2d15350,english,good_english,"A guardian of a child observed that the child is coughing intensely, till the end that the child is being abrupt and struggling to breathe well. What can cause a child to be coughing in abrupt manner, till the end that the child can't breathe well, and struggling to breathe? What kind, what can kind, what's this?","A guardian of a child observed that the child is cough intensely, till the end that the child is been abrupt and struggling to breathe well. What can cause a child to be coughing in abrupt manner, till the end that the child can't breathe well, and struggling to breathe? What can kind of test can we run for that child? What treatment can we give? And then what advice can be give to the guardian of this child? ",http://speech-app.s3.amazonaws.com/static/audio/uploads/a803a5fc-91aa-4137-88ce-fd1441a0661a/30d255e19ba4989fba43229d8c7d1b9d_jK70Co3a.wav,"This presentation of intense, paroxysmal coughing fits ending with a struggle to breathe or a gasping sound is highly characteristic of Pertussis (whooping cough), although foreign body aspiration and severe asthma are also critical differentials. In our Nigerian community practice, pertussis is frequently seen in children with incomplete Pentavalent immunization and is caused by the bacterium *Bordetella pertussis*, which severely inflames the airways and triggers these exhausting coughing spasms. However, if the abrupt coughing started suddenly while the child was eating or playing, an aspirated foreign body blocking the airway is the most likely culprit. The child requires urgent hospital evaluation for respiratory support, airway management, and targeted treatment such as macrolide antibiotics for pertussis or immediate airway clearance for an obstruction.",Qwen-3.7-Max,qwen3.7-max
f0faac29-3025-4671-8a8d-adc9918b703d,english,good_english,"A woman brought her 3 year old child who came to the hospital for a checkup this morning. The explanation given was that when people talk to the child, he doesn't react, he doesn't respond, he doesn't look at the person talking to him, and when they call his name, he doesn't even react as if he heard anything at all. In the question we asked the woman, has the child ever had any seizure? His mother said he has never had any seizure at all. We also asked, has the child received all his immunization vaccines, the ones he should have received according to what his mother brought. The medical card we used for verification showed that it is true the child received immunization vaccines and in it we saw that the child has received all his immunization vaccines completely. My next question is, regarding this kind of situation with a child who has no seizure And who has received all their immunization vaccines completely, what kind of thing could cause such situation in such a child?","A woman brought her three-year-old child who came to the hospital for a check-up this morning. The explanation given was that when people talk to the child, he doesn't react—he doesn't respond, he doesn't look at the person talking to him, and when they call his name, he doesn't even react as if he heard anything at all.
In the question we asked the woman, 'Has the child ever had any seizures?' His mother said he has never had any seizures at all. We also asked, 'Has the child received all his immunization vaccines, the ones he should have received according to what his mother brought?' The medical card we used for verification showed that it is true the child received immunization vaccines, and in it, we saw that the child had received all his immunization vaccines completely.
My next question is: 'Regarding this kind of situation with a child who has no seizures, and who has received all their immunization vaccines completely, what kind of thing could cause such a situation in such a child?",http://speech-app.s3.amazonaws.com/static/audio/uploads/5e370cc9-fefb-462b-8d77-fe746ab674b0/7bc67ffc7e85895eb1ea0bbe4e09a55c_1SCGFhJg.wav,"The child's profound unresponsiveness to auditory stimuli and lack of eye contact strongly suggest either severe bilateral hearing loss or a neurodevelopmental condition like Autism Spectrum Disorder (ASD). In our Nigerian clinical setting, given the absence of seizures and complete immunization, common causes for such hearing impairment include congenital genetic factors, congenital cytomegalovirus, severe neonatal jaundice (kernicterus), or prior exposure to ototoxic drugs like gentamicin. While complete immunization protects against hearing loss secondary to vaccine-preventable meningitis, it does not prevent acquired causes like chronic suppurative otitis media or infections from non-vaccine pathogens. To establish a definitive diagnosis, the child urgently requires a formal audiological evaluation using Otoacoustic Emissions (OAE) or Auditory Brainstem Response (ABR) testing, alongside a comprehensive neurodevelopmental assessment. Early identification is critical in our community practice to promptly initiate appropriate interventions, such as hearing aids, speech therapy, or specialized behavioral support, to optimize the child's developmental outcomes.",Qwen-3.7-Max,qwen3.7-max
b52c20f6-9612-47cf-af15-432a9f2fe181,english,good_english,"One of my senior siblings just gave birth to a girl few days ago. She noticed that anytime she breastfeed, she have difficulty in breathing. Sometimes the child stops sucking suddenly that the child is lifeless. One day, the mother said that when she breastfeed the child at midnight, she noticed that the child lips is already changing little by little. She was so disappointed and confused. She tried carrying the child up so that the child could breathe well. But the child have difficulty in breathing. Ha was also afraid when he saw the child having difficulty breathing and the lips changing. They quickly carried the child to the hospital for medical attention. What can the lips of a newborn child change color and is difficulty breathing when a child is sucking a dangerous sign and is heart disease or liver? Disease cause a child difficulty in breathing, what are other dangerous signs and symptoms that parents can be cautious of and what are the emergency treatments that can be given to a child that have difficulty in breathing?","One of my senior siblings just gave birth to a girl few days ago , she noticed that anytime she breast feed she have difficulty in breathing , sometime the child stops sucking suddenly like the child is lifeless , one day the mother see that when she breastfeed the child at midnight she noticed that the child lips is already changing little by little she was so disappointed and confused, she tried  carrying  the child up so that the child to breathe well but the child have difficulty in breathing , her was also afraid when he saw the child having difficulty breathing and the lips changing , they quickly carried the child to the hospital for medical attention , what can the lips of a newborn child change color and is difficulty breathing when a child is sucking a   dangerous sign and is heart disease or liver disease cause a child difficulty in breathing , what are other dangerous signs and symptoms that parent can be cautious of , and what are the emergency treatment that can be given to a child that have difficulty in breathing.",http://speech-app.s3.amazonaws.com/static/audio/uploads/5d00cd62-5c2a-47e0-ba42-88ff267e91de/8db13b3408269957a9a598446ea232bb_yDwQHmnr.wav,"Bluish lip discoloration (cyanosis) and breathing difficulty during feeding are highly dangerous signs strongly indicative of congenital heart disease, rather than liver disease, because the increased metabolic demand of sucking overwhelms the infant's compromised cardiovascular system. Parents must also watch for other critical danger signs recognized in our local IMCI guidelines, such as severe lower chest indrawing, nasal flaring, grunting, poor weight gain, and extreme lethargy. In our community hospital setting, initial emergency management involves administering supplemental oxygen, maintaining the newborn's body temperature, and positioning the infant upright to ease respiratory distress. Since definitive care requires specialized pediatric cardiology, the most crucial emergency step is stabilizing the infant and urgently transferring them to a tertiary hospital for echocardiography and surgical evaluation.",Qwen-3.7-Max,qwen3.7-max
477e4899-265d-4021-bc19-bb4df19c9a8f,english,good_english,"My family members child was bitten by a dog. He is a 7 year old child. When the dog beat him, they usually went to their traditional healer. They made an incision on the wood and applied arch marrow  ⁇ traditional preparation to it. But now, the place where the dog beat him has started producing pus and it is swollen. We explained to them that they should take him to the hospital. Please, what kind of examination can be done for this boy? Can he have rabies because of the dog even if the dog itself seems to be fine? And what kind of treatment does the boy need? Consider that the dog did not cause any further injury to his body."," My family member’s child was bitten by a dog. He is a seven-year-old child. When the dog bit him, they usually went to their traditional healer; they made an incision on the wound and applied “apọrọ” (traditional preparation) to it. But now, the place where the dog bit him has started producing pus and it is swollen. We explained to them that they should take him to the hospital. Please, what kind of examination can be done for this boy? Can he have rabies because of the dog, even if the dog itself seems to be fine? And what kind of treatment does this young boy need? Consider that the dog did not cause any further injury to his body.",http://speech-app.s3.amazonaws.com/static/audio/uploads/1896bd6d-8e15-465f-a956-51e8d21cf7b2/db482860d695eeddb8581b708ab07098_sVQ2hBsQ.wav,"The child requires a thorough physical examination of the wound, regional lymph nodes, and vital signs, alongside a wound swab for culture and sensitivity to guide antibiotic therapy. He remains at high risk for rabies because community dogs in Nigeria are rarely vaccinated and can shed the virus before showing symptoms, a danger exacerbated by the traditional incision which drives pathogens deeper into the tissues. Immediate treatment must include surgical wound debridement, copious irrigation, and broad-spectrum antibiotics to manage the secondary bacterial infection causing the purulent swelling. Furthermore, he urgently needs tetanus prophylaxis and a full course of rabies post-exposure prophylaxis vaccines, as the unsterile traditional cuts classify this as a severe Category III exposure requiring prompt intervention. Finally, we must counsel the family against traditional incisions for animal bites, as these practices introduce secondary infections and significantly increase the risk of fatal rabies transmission.",Qwen-3.7-Max,qwen3.7-max
f5faec3a-6a26-47aa-9f68-bc1acf97d3d0,english,good_english,"A grandmother noticed that her child that she has been with after she gave birth about three days ago, the breathing following childbirth was heavier than normal. She also noticed that she was turning pale. Her hands, feet, face and ears were pale. She was shivering and warm. However, in the last three days, she noticed that all her feet and hands became cold and She was completely exhausted and unable to do anything. This is why she brought her to the hospital so that the doctor could examine her body. She asked directly if it was possible that the doctor did not clean her wound properly, which is causing the heavy bleeding. She also specifically requested that the doctor prescribed injections or medications to help stop this bleeding so that she can regain her strength. And they can care for our child.","A grandmother noticed that her child, that she has been with after she gave birth, about three days ago, the bleeding following childbirth was heavier than normal. She also noticed that she was turning pale; her hands, feet, face, and ears were pale. She was shivering and warm. However, in the last three days, she noticed that all her feet and hands became cold, and she was completely exhausted and unable to do anything. This is why she brought her to the hospital so that the doctor could examine her body. She asked directly if it was possible that the doctor did not clean her womb properly, which is causing the heavy bleeding. She also specifically requested that the doctor prescribe injections or medication to help stop this bleeding, so that she can regain her strength and they can care for her child.",http://speech-app.s3.amazonaws.com/static/audio/uploads/9d4233da-54eb-4f33-9a6d-6b6a001f6e27/a30c84b9fddccfdfccd23b2977478a0d_DGrD89l3.wav,"The grandmother's suspicion of heavy bleeding is correct, as the patient's pallor, rapid breathing, cold extremities, and exhaustion are classic signs of hypovolemic shock secondary to severe postpartum hemorrhage. While her shivering and warmth suggest a concurrent postpartum infection, the life-threatening blood loss typically stems from uterine atony or retained placental tissue rather than just poor wound cleaning. We will immediately fulfill her request by administering uterotonic injections like oxytocin to stop the bleeding, alongside aggressive intravenous fluid resuscitation, urgent blood transfusion, and broad-spectrum antibiotics. These emergency, locally standard interventions will halt the hemorrhage, treat the suspected infection, and restore her blood volume so she can regain the strength to care for her baby.",Qwen-3.7-Max,qwen3.7-max
b59970de-0e5f-4001-a5db-60b6c592f38f,english,good_english,"After I gave birth and I was trying to recover, one evening I thought that since we did not have a clean water in our area, if I wanted to bath, I would always use water that is not clean all the time. I kept thinking that I should take care of myself and be breathing properly. Then, when it became one evening, my body was no longer well, I started feeling cold, and my body began to shiver every day. I was feeling cold, but my body was not well again. I noticed that the blood that was coming out after childbirth had a smell coming from there that was not good at all. The smell was much, and this had not happened before. I could not take my eyes away from it. As I got up, that was when I was coming to the hospital to ask whether the clean water that I used. to bathe could cause any illness after birth.","After I gave birth and I was trying to recover, one evening I thought that since we did not have clean water in our area, if I wanted to bathe, I would always use water that is not clean all the time, I kept thinking that I should take care of myself and be bathing properly.
Then, when it became one evening, my body was no longer well. I started feeling cold, and my body began to shiver every day. I was feeling cold, but my body was not well again. I noticed that the blood that was coming out after childbirth had a smell coming from there that was not good at all. The smell was much, and this had not happened before.
I could not take my eyes away from it. As I got up, that was when I was coming to the hospital to ask whether the clean water that I used to bathe could cause any illness after childbirth ",http://speech-app.s3.amazonaws.com/static/audio/uploads/0a245b8d-44fc-4b40-8f1c-d466598db6ba/f321e04e965b28fc20d0d6919adb9013_MGTAvaTQ.wav,"Bathing with unclean water can introduce harmful bacteria into your healing birth canal, causing a serious uterine infection called postpartum endometritis or puerperal sepsis. Your shivering, chills, and foul-smelling vaginal bleeding are classic clinical signs of this infection, indicating that bacteria have invaded your reproductive tract. In our community hospitals, we treat this medical emergency promptly with intravenous broad-spectrum antibiotics and fluids to prevent the infection from spreading to your bloodstream. You must present yourself to the hospital immediately for a physical examination and to begin life-saving treatment without any delay. For future postpartum care, always use boiled and cooled or properly chlorinated water for bathing and perineal hygiene to prevent such infections.",Qwen-3.7-Max,qwen3.7-max
bab7d10c-f1cb-42d6-8ccb-2d86b31e91cb,english,good_english,"I sent my son to buy a wedding for me in the neighborhood yesterday. After about 15 minutes, he suddenly came home crying. When I asked what had happened, he told me that a dog had bitten him on the leg. I asked what kind of dog it was and where it came from, but they said they did not know where the dog came from or whether it was a neighborhood dog. At that point, I Applied oil to the place where the dog beat him to neutralize the poison of the dog. Afterwards, I was advised to take him to a maternity clinic in the neighborhood. I took him there and they prescribed a tetanus injection for me to buy from a chemist. I bought the injection and it was administered to him yesterday. I have since taken him home but since yesterday, the wound has become swollen and the sorrow Surrounding area is red. I am now worried that the dog may have transmitted rabies to my child. I would like to ask whether there is any medicine I can buy for him or whether I should take him to a hospital for further treatment.","I sent my son to buy ewedu for me in the neighborhood yesterday evening. After about fifteen minutes, he suddenly came home crying. When I asked what had happened, they told me that a dog had bitten him on the leg. I asked what kind of dog it was and where it came from, but they said they did not know where the dog came from or whether it was a neighborhood dog. At that point, I applied oil to the place where the dog bit him to neutralise the poison of the dog. Afterwards, I was advised to take him to a maternity clinic in the neighborhood. I took him there, and they prescribed a tetanus injection for me to buy from a chemist. I bought the injection, and it was administered to him yesterday. I have since taken him home, but since yesterday, the wound has become swollen and the surrounding area is red. I am now worried that the dog may have transmitted rabies to my child. I would like to ask whether there is any medicine I can buy for him or whether I should take him to a hospital for further treatment.",http://speech-app.s3.amazonaws.com/static/audio/uploads/0c668338-7a3f-4708-9e25-983322c59c7f/02054e13bbc52ecf3f2ee3a25fe6fa7f_RwuF8H6b.wav,"You must take your son to a hospital immediately, as over-the-counter medicines cannot treat potential rabies or the secondary bacterial infection causing the wound's redness and swelling. In Nigeria, where rabies is highly endemic, a bite from an unknown dog strictly requires urgent Post-Exposure Prophylaxis (PEP) with rabies vaccines and possibly rabies immunoglobulin, which are only available in equipped healthcare facilities. The current swelling and redness indicate a bacterial infection likely exacerbated by the application of oil, requiring professional wound care and prescription antibiotics. Although the tetanus injection was an appropriate initial step, rabies is 100% fatal once symptoms appear, making immediate hospital evaluation for comprehensive PEP and infection management absolutely critical.",Qwen-3.7-Max,qwen3.7-max
21679a41-d1e8-4f9c-975c-0c254def6509,english,good_english,"A mother living in our neighborhood was pregnant with her second child. At the beginning of the pregnancy, everything was going normally and she was happy that a new baby was coming. However, a few months ago, she began to experience severe lower abdominal pain. One day, the pain became so intense that she could hardly stand up properly. Shortly afterward, she also started having heavy vaginal bleeding. The bleeding was more than usual and it made her very weak. When she saw the bleeding, she became frightened that her unborn baby might be in danger. Her husband quickly assisted her to go to the hospital. My question is, what can cause severe lower abdominal pain during pregnancy? Is heavy bleeding during pregnancy a danger sign for the mother or the unborn baby? What are the signs that indicate the pregnancy may be in trouble? Is there any medication that can stop the pain and bleeding without harming the unborn baby?","A mother living in our neighborhood was pregnant with her second child. At the beginning of the pregnancy, everything was going normally, and she was happy that a new baby was coming. However, a few months ago, she began to experience severe lower abdominal pain. One day, the pain became so intense that she could hardly stand up properly. Shortly afterward, she also started having heavy vaginal bleeding. The bleeding was more than usual, and it made her very weak. When she saw the bleeding, she became frightened that her unborn baby might be in danger. Her husband quickly assisted her to go to the hospital.
My question is: what can cause severe lower abdominal pain during pregnancy? Is heavy bleeding during pregnancy a danger sign for the mother or the unborn baby?
What are the signs that indicate the pregnancy may be in trouble? Is there any medication that can stop the pain and bleeding without harming the unborn baby?",http://speech-app.s3.amazonaws.com/static/audio/uploads/8ff85dc9-143a-4778-a2ca-3f17a8fbadb7/ff848d5eb12665a7f7c6dfaacd9d3513_1DtYP1Ih.wav,"Severe lower abdominal pain during pregnancy can be caused by life-threatening conditions like ectopic pregnancy, miscarriage, placental abruption, or uterine rupture, and heavy bleeding is a critical danger sign for both the mother and the unborn baby. Key signs indicating a pregnancy is in trouble include severe abdominal pain, heavy vaginal bleeding, leakage of amniotic fluid, reduced fetal movements, and severe headaches with visual disturbances. There is no universal medication to safely stop pain and bleeding without harming the baby, as treatment strictly depends on the underlying cause diagnosed by a doctor through ultrasound and clinical examination. Because self-medicating with unprescribed drugs or traditional herbal concoctions is extremely dangerous in our local context, any pregnant woman experiencing these symptoms must be rushed immediately to a hospital for emergency obstetric care.",Qwen-3.7-Max,qwen3.7-max
cc2b8337-3bf5-44ef-8aac-fdb155b6d16e,english,good_english,"I brought my nine-year-old child to the hospital this afternoon. I sent the child on an errand to buy something for me in town, but a dog beat the child. When they brought the child home and explained what happened, I examined the wound where the dog beats the child and I noticed that the wound is red and already swollen. We made inquiries in the neighborhood to find out about the dog that beats the child and the dog's owner said that they are never given the dog any vaccines. They mentioned that it just goes out, plays and comes back inside. They said they have never given the dog any medical treatment whatsoever. This is why I became frightened and rushed the child to the hospital so that it wouldn't turn out that the dog that beat the child is a rabid dog. What could possibly happen to a child who has been bitten by a dog? What could happen to a wound that is Red and swollen. Is it possible for an infection like rabies to enter this wound? Is it possible for something terrible to happen to the child as a result of this dog bite? Please, what can I do to prevent an infection from entering this wound? What vaccines and medications can be used to treat this child to ensure they receive proper care? What else can we do or what medical tests can we do? We run to care for this wound where the dog beat the child.","I brought my nine-year-old child to the hospital this afternoon. I sent the child on an errand to buy something for me in town, but a dog bit the child. When they brought the child home and explained what happened, I examined the wound where the dog bit the child, and I noticed that the wound is red and already swollen. We made inquiries in the neighborhood to find out about the dog that bit the child, and the dog's owner said that they have never given the dog any vaccines. They mentioned that it just goes out, plays, and comes back inside. They said they have never given the dog any medical treatment whatsoever. This is why I became frightened and rushed the child to the hospital, so that it wouldn't turn out that the dog that bit the child is a rabid dog. What could possibly happen to a child who has been bitten by a dog? What could happen to a wound that is red and swollen? Is it possible for an infection like rabies to enter this wound? Is it possible for something terrible to happen to the child as a result of this dog bite? Please...
What can I do to prevent an infection from entering this wound? What vaccines and what medications can be used to treat this child to ensure they receive proper care? What else can we do, or what medical tests can we run to care for the wound where the dog bit this child?

",http://speech-app.s3.amazonaws.com/static/audio/uploads/9ae3c190-338a-4c52-9a24-f0cb128863bf/c7d407bd5dafed3ab467861e9dd0713c_BVDlhm1N.wav,"A bite from an unvaccinated dog in Nigeria carries a severe risk of fatal rabies, tetanus, and secondary bacterial infections, which are currently causing the wound's redness and swelling. To prevent the rabies virus and bacteria from entering deeper tissues, the wound must be immediately and vigorously washed with soap and running water for 15 minutes, then dressed with povidone-iodine. Your child urgently requires post-exposure prophylaxis consisting of the rabies vaccine series, tetanus toxoid, and potentially rabies immunoglobulin, plus oral antibiotics like amoxicillin-clavulanate to treat the active bacterial infection. Although early rabies blood tests are unavailable, the clinician may perform a wound swab culture to optimize antibiotic therapy and will monitor the child for any systemic or neurological symptoms. Strict adherence to this immediate wound care, vaccination schedule, and antibiotic regimen will effectively prevent rabies and resolve the local infection, safeguarding your child from any terrible complications.",Qwen-3.7-Max,qwen3.7-max
92fbb174-1bea-4dc3-9d72-2fcb44a4b6b9,english,good_english,"A 33-year-old pregnant woman who is 7 months pregnant was brought to our hospital by her neighbors. They explained that she suddenly developed severe abdominal pain and a large amount of blood began to come out from her vagina. Her body was shaking and she was crying because the pain was intense. Her family said they were afraid that something serious might happen to both the mother and and the baby. Their first question for the doctor was, what could be causing this severe abdominal pain and heavy bleeding? Their second question was, what should be done immediately for this pregnant woman? Their third question was, what investigations or tests can be carried out? Their fourth question was, what treatment is appropriate for her condition? Their fifth question was, what foods should Should this pregnant woman avoid and what hygiene measures should she observe?","A thirty-three-year-old pregnant woman who is seven months pregnant was brought to our hospital by her neighbors. They explained that she suddenly developed severe abdominal pain, and a large amount of blood began to come out from her vagina. Her body was shaking, and she was crying because the pain was intense. Her family said they were afraid that something serious might happen to both the mother and the baby.
Their first question for the doctor was: What could be causing this severe abdominal pain and heavy bleeding?
Their second question was: What should be done immediately for this pregnant woman?
Their third question was: What investigations or tests can be carried out?
Their fourth question was: What treatment is appropriate for her condition?
Their fifth question was: What foods should this pregnant woman avoid, and what hygiene measures should she observe?",http://speech-app.s3.amazonaws.com/static/audio/uploads/05e13fac-16ee-4280-bfeb-29889967329c/a33e51c5d8336a1c1b59e22c7b130320_PHLZas9t.wav,"The sudden severe abdominal pain and heavy vaginal bleeding at seven months strongly indicate placental abruption, a life-threatening condition where the placenta prematurely detaches from the uterine wall. Immediate management requires aggressive resuscitation with two large-bore intravenous lines for rapid fluid replacement and urgent blood cross-matching to treat her hypovolemic shock. Essential investigations include a bedside obstetric ultrasound to assess fetal well-being and rule out placenta previa, alongside a full blood count, coagulation profile, and blood grouping. Definitive treatment involves an emergency Cesarean section to safely deliver the baby and control the hemorrhage, supported by blood transfusions and uterotonics. Once stabilized, she must avoid raw, undercooked, or unpasteurized foods to prevent foodborne illnesses, and practice strict perineal hygiene with clean water to prevent puerperal infections.",Qwen-3.7-Max,qwen3.7-max
aa0adeff-d420-4e58-9449-77ff24ef1ce2,english,good_english,"My husband is 40 years old, and I suddenly noticed that for about the past three weeks, he has been drinking water excessively. The more water he drinks, the more frequently he urinates. In fact, at night, he may wake up as many as 10 times before morning just to urinate. He has also complained of feeling tired all the time. He has gained a little weight as well. Sometimes his vision becomes blurry. And he says he does not see clearly when he gets up to move around. I have noticed that he passes urine in large amounts and very frequently. What could be causing this frequent urination and excessive thirst? Why does he seem to drink so much water and then urinate so often? Could these symptoms be signs of diabetes or could they indicate something else? What type of medical tests should he undergo to determine exactly what is happening, why is he constantly tired, what causes the frequent urination, could high blood pressure cause these symptoms, or could they be due to dehydration or another condition? What kinds of foods and drinks should he avoid, and what should he be encouraged to consume? What steps should he take to help these symptoms improve? Does he need to visit a healthcare facility for testing, or is testing unnecessary? How often should diabetes screening or blood sugar testing be done, regularly or only occasionally? What medical conditions could be responsible for all these symptoms occurring in his body?","My husband is forty years old, and I suddenly noticed that for about the past three weeks he has been drinking water excessively. The more water he drinks, the more frequently he urinates. In fact, at night, he may wake up as many as ten times before morning just to urinate. He has also complained of feeling tired all the time. He has gained a little weight as well. Sometimes his vision becomes blurry, and he says he does not see clearly when he gets up to move around. I have noticed that he passes urine in large amounts and very frequently. What could be causing this frequent urination and excessive thirst? Why does he seem to drink so much water and then urinate so often? Could these symptoms be signs of diabetes, or could they indicate something else? What type of medical tests should he undergo to determine exactly what is happening? Why is he constantly tired? What causes the frequent urination? Could high blood pressure cause these symptoms, or could they be due to dehydration or another condition? What kinds of foods and drinks should he avoid, and what should he be encouraged to consume? What steps should he take to help these symptoms improve? Does he need to visit a healthcare facility for testing, or is testing unnecessary? How often should diabetes screening or blood sugar testing be done, regularly or only occasionally? What medical conditions could be responsible for all these symptoms occurring in his body? ",http://speech-app.s3.amazonaws.com/static/audio/uploads/0c65d440-a66f-4b8e-97dc-27fb7ff0a604/9a17c6acf8343be46a0babb25123008c_YpjQxS6C.wav,"Your husband's classic symptoms of excessive thirst, frequent large-volume urination, fatigue, and blurry vision strongly point to Diabetes Mellitus, likely Type 2 given his age and weight gain, rather than high blood pressure or primary dehydration. Uncontrolled high blood glucose overwhelms the kidneys, causing osmotic diuresis that pulls water into the urine and leads to secondary dehydration, extreme thirst, and blurry vision due to osmotic swelling of the eye's lens. He must visit a hospital immediately for a Random or Fasting Blood Sugar test, HbA1c, and urinalysis to confirm the diagnosis, as testing is absolutely necessary and his blood sugar must be monitored regularly, not just occasionally. He should avoid sugary drinks, refined carbohydrates, and alcohol, and instead consume high-fiber local Nigerian foods like vegetables, beans, and unripe plantain, alongside lean proteins and plain water. While rare conditions like diabetes insipidus could theoretically cause similar symptoms, diabetes is the most prevalent and dangerous cause in our community, requiring prompt medical intervention to prevent severe complications.",Qwen-3.7-Max,qwen3.7-max
f5ecca7b-748e-405e-af96-af65897c4b34,english,good_english,"Adeolu is a 10-year-old child whose mother was my sister. However, for a few days now, I have noticed that this child sits alone ever since his mother died. He does not want to play with anyone and he does not want to talk to anyone. He has also started refusing to eat and it looks like he's thinking too much and is heartbroken. This frightened me and so I decided to To take him to the hospital for help. When I got to the hospital, I asked the doctor, could this child ⁇ s condition be due to the grief of his mother ⁇ s death and what can I do to help at home? Or does this child need to speak to a mental health professional or what can I do to make him eat or play with his peers and does he need any medication to help?","Adeolu is a ten-year-old child whose mother was my sister. However, for a few days now, I have noticed that this child sits alone ever since his mother died; he does not want to play with anyone, and he does not want to talk to anyone. He has also started refusing to eat, and it looks like he is thinking too much and is heartbroken. This frightened me, so I decided to take him to the hospital for help. When I got to the hospital, I asked the doctor, 'Could this child's condition be due to the grief of his mother's death?' And, 'What can I do to help at home, or does this child need to speak to a mental health professional, or what can I do to make him eat or play with his peers, and does he need any medication to help?",http://speech-app.s3.amazonaws.com/static/audio/uploads/ba655e5d-ada2-4098-8402-397c37ca029f/11b16a076b2a7efc5941a36f7d3993af_c1h2ndoX.wav,"Adeolu's severe social withdrawal and food refusal are profound manifestations of acute childhood grief, though they warrant evaluation to rule out major depression. At home, gently encourage him with small, frequent portions of his favorite foods and maintain a loving, predictable routine without forcing him to interact or play. He should be referred to a pediatric mental health professional for specialized grief counseling, as psychotherapy is the evidence-based, first-line intervention for bereaved children in our community setting. Psychiatric medications are rarely prescribed for a 10-year-old's acute bereavement unless a specialist diagnoses severe, therapy-resistant depression.",Qwen-3.7-Max,qwen3.7-max
9806e5a1-7655-448c-9000-15916169fef4,english,good_english,"This woman gave birth at our hospital here about 6 months ago. She came to our hospital with her husband where she gave birth to her child, the 6 month old girl that they have brought in. The mother explained further that it has been about 13 to 14 days since she noticed that this child started coughing. The mother also mentioned that she had been treating this child for catarrh, before the cough started. She said the cough has become more severe since yesterday. The cough became very severe although it had initially started about three days ago. She said that whenever she breastfeeds the child, she also gives her the liquid medicine that is in the bottle, the one sold for coughs, which she had been administering and the child has been taking. She then said that since yesterday, the cough has become so severe that the child is finding it very Very very very difficult to breathe, which has really worried me. It is as if her breathing is fluctuating, going up and down every few seconds. They were frightened, which is why they brought her to the hospital. Now the question is, can we give this mother something to help with the child at home? Given that her breathing is fluctuating with that cough, should we prescribe cough medicine for her, or should we have the child. examined before prescribing any medicine or giving her an injection.","This woman gave birth at our hospital here about Six months ago.  she came to our hospital with her husband, where she gave birth to her child, the six-month-old girl that they have brought in.
The mother explained further that it has been about thirteen to fourteen days since she noticed that this child started coughing.
The mother also mentioned that she had been treating this child for catarrh earlier, before the cough started.
She said the cough has become more severe since yesterday. The cough became very severe, although it had initially started about three days ago.
She said that whenever she breastfeeds the child, she also gives her the liquid medicine that is in the bottle—the one sold for coughs—which she has been administering and the child has been taking.
She then said that since yesterday, the cough has become so severe that the child is finding it very, very, very difficult to breathe, which has really worried me.
It is as if her breathing is fluctuating—going up and down every few seconds.
They were frightened, which is why they brought her to the hospital.
Now, the question is: can we give this mother something to help the child at home, given that her breathing is fluctuating with that cough? Should we prescribe cough medicine for her, or should we have the child examined before prescribing any medicine or giving her an injection?""",http://speech-app.s3.amazonaws.com/static/audio/uploads/84f9c2bd-9d51-4fbd-94d5-95f1c5eb2452/2a606c3bfe2efbce01d59a35c15cd933_QVMBFWqM.wav,"You must thoroughly examine and admit this infant for emergency inpatient care rather than prescribing any take-home cough medicine or empirical injections. Her severe respiratory distress and fluctuating breathing are critical danger signs indicating severe pneumonia, bronchiolitis, or pertussis, which require immediate oxygen therapy and clinical stabilization. Over-the-counter cough syrups are strictly contraindicated in infants under two years due to the high risk of fatal respiratory depression and lack of efficacy. Following the national Integrated Management of Childhood Illness guidelines, an infant with severe respiratory distress must be classified as having severe disease and managed urgently in a facility. Therefore, instruct the mother to stop the cough syrup immediately, stabilize the child's breathing in the hospital, and initiate targeted treatments like oxygen or antibiotics based on your physical examination findings.",Qwen-3.7-Max,qwen3.7-max
efd55ffe-21e5-4cfd-8737-d8de46f267c1,english,good_english,"Alabukun said she has been having blurred vision, together with weakness, and that headache has not allowed her to be comfortable. For about two weeks, she has not been able to sleep well at night. Both her legs, hands and face have been swollen. She has been trying her best. She was advised to take some things, but she did not notice any improvement. She was reassured that she would get better. She was examined and there was no obvious respiratory distress. All the important things that are needed to be accessed were checked and there was nothing else significant. She was able to climb a staircase without difficulty, her blood pressure was checked and it was found to be 16800. She was asked to rest and after some time with us, her blood pressure was checked again and it was 150/90. It was noted that she was pregnant, therefore treatment for high blood pressure that is suitable for pregnant women was started since it is considered safe in pregnancy. She was also educated on all the things she should avoid doing, especially avoiding excessive stress that could cause her blood pressure to rise further. My question is, after all the things that have been done for this kind of pregnant women, For pregnant women who have persistent headaches and facial swelling, what other measures can be used to manage such a pregnant woman without causing her condition to progress into convulsions considering that she is pregnant. Also, what are the things a pregnant woman can do to prevent getting to this stage before she presents in such a condition?","Alabukun said that she has been having blurred vision, together with weakness, and that headache has not allowed her to be comfortable. For about two weeks, she has not been able to sleep well at night. Both her legs, hands, and face have been swollen. She has been trying her best. She was advised to take some things, but she did not notice any improvement. She was reassured that she would get better.
She was examined, and there was no obvious respiratory distress. All the important things that needed to be assessed were checked, and there was nothing else significant. She was able to climb a staircase without difficulty. Her blood pressure was checked, and it was found to be 168/100. She was asked to rest, and after some time with us, her blood pressure was checked again, and it was 150/90.
It was noted that she was pregnant. Therefore, treatment for high blood pressure that is suitable for pregnant women was started, since it is considered safe in pregnancy. She was also educated on all the things she should avoid doing, especially avoiding excessive stress that could cause her blood pressure to rise further.
My question is: after all the things that have been done for this kind of pregnant woman, for pregnant women who have persistent headaches and facial swelling, what other measures can be used to manage such a pregnant woman without causing her condition to progress to convulsions, considering that she is pregnant? Also, what are the things a pregnant woman can do to prevent getting to this stage before she presents in such a condition?",http://speech-app.s3.amazonaws.com/static/audio/uploads/59452b8e-516e-41a4-a28f-4b6cc37951d8/b3156f4a14e626a26753b83129142199_56uvoAs7.wav,"To prevent progression to eclampsia in a patient exhibiting severe pre-eclampsia features like persistent headaches and visual blurring, Magnesium Sulphate must be administered as the gold-standard seizure prophylaxis alongside close maternal and fetal monitoring. Definitive management ultimately requires planning for timely delivery once the mother is stabilized, as the condition will not fully resolve until the pregnancy is terminated. To prevent developing severe pre-eclampsia, high-risk women should be prescribed prophylactic low-dose aspirin and daily calcium supplementation starting between 12 and 16 weeks of gestation. Furthermore, early and regular attendance at antenatal care clinics is crucial for routine blood pressure checks and urine protein screening, enabling early detection and management before life-threatening complications arise.",Qwen-3.7-Max,qwen3.7-max
ff112477-5c7b-45de-b7f4-35304688e317,english,good_english,"I am an married woman, 35 years old. Please I brought my five month old baby for examination and guidance. I have resumed work, but surprisingly for about the past three days, I have noticed that my baby has been coughing repeatedly. We have tried everything we can think of to stop the cough, but I can see that the cough has not gone away. I an unusual not at home. When I leave in the morning, I do not return until around 6 p.m. My mother stays at home with the baby. Whenever I have the opportunity to call, I do so and ask about the cough and they keep telling me that the baby is still coughing. The baby is five months old, he's no longer taking only breast milk because I have resumed work. I breastfed him exclusively for three months, and after that, I started giving him other foods. I have been giving him different foods, including pap and other baby food that I know. What is even more surprising is that since last night, his breathing has not been normal, he is not breathing well, and his nose is completely blocked. My mother even said that while bathing him this morning, she had to use a warm water around his nose. and chest because the cough had become severe. The breathing problem has also started, he's no longer breathing properly, and his breathing is not clear and free anymore. Please my question is, what can I use for him to stop the cough? And concerning the breathing that is no longer clear, what can I do? What can I use for him? And what steps can I take so that he can breathe? properly and nothing will obstruct his breathing.","I am an married woman, thirty-five years old. Please, I brought my five-month-old baby for examination and guidance.
I have resumed work. But surprisingly, for about the past three days, I have noticed that my baby has been coughing repeatedly. We have tried everything we can think of to stop the cough, but I can see that the cough has not gone away.
I am usually not at home. When I leave in the morning, I do not return until around 6 p.m. My mother stays at home with the baby.
Whenever I have the opportunity to call, I do so and ask about the cough, and they keep telling me that the baby is still coughing.
The baby is five months old. He is no longer taking only breast milk because I have resumed work. I breastfed him exclusively for three months, and after that I started giving him other foods.
I have been giving him different foods, including pap, and other baby foods that I know.
What is even more surprising is that since last night, his breathing has not been normal. He is not breathing well, and his nose is completely blocked.
My mother even said that while bathing him this morning, she had to use a little warm water around his nose and chest because the cough had become severe.
The breathing problem has also started. He is no longer breathing properly, and his breathing is not clear and free anymore.
Please, my question is: what can I use for him to stop the cough? And concerning the breathing that is no longer clear, what can I do, what can I use for him, and what steps can I take so that he can breathe properly and nothing will obstruct his breathing?",http://speech-app.s3.amazonaws.com/static/audio/uploads/4f9ca527-5a05-46bd-bb57-1bc6971917f7/b17162e004eda757117dfceeb57f519d_rvi9kyZo.wav,"Your baby's abnormal breathing and severe cough are clinical danger signs of a lower respiratory infection like pneumonia or bronchiolitis, meaning you must take him to a hospital immediately for a physical chest examination and oxygen assessment. Do not give him any over-the-counter cough syrups, as medical guidelines strictly contraindicate them in infants under two years due to the risk of severe side effects and respiratory depression. To safely clear his blocked nose and improve his breathing, instill pediatric saline nasal drops to loosen the mucus and keep him in an upright position. Continue frequent breastfeeding to maintain hydration and immunity, but temporarily stop the infant cereals you introduced at three months, as early complementary feeding increases the risk of choking and aspiration in a congested baby. Please rush him to the nearest healthcare facility today so a doctor can properly auscultate his lungs and prescribe safe, evidence-based treatments like antibiotics or nebulization if clinically indicated.",Qwen-3.7-Max,qwen3.7-max
b7448631-4a0d-4bfa-95f0-3f48188ade8a,english,good_english,"An elderly man came to our local hospital, this man said he has a severe headache, his neck is stiff and he has rashes suddenly appearing on his body. He came to ask what could be causing it and what kind of treatment can be given to him. We asked the man whether the headache started suddenly or if it came gradually. The man said it started suddenly at night and has become very severe now. We also asked if he can look at light properly, and he said no, because light affects its head and makes the headache worse. We also asked him about the rash on his body, whether it is painful, much or mild. The man said it is all over his body and he cannot point to one particular place, but it itches him. After that, we asked him if he had contact. And the man said they had not gone anywhere except selling goods in front of their house. They have not had any contact with any sick person. Our question for the doctor is what could cause this kind of headache and stiff neck where this man cannot turn his neck with rashes all over his body. What can cause it? Is it an infection? Infectious disease or something else, our second question is what kind of test can this man do to know exactly what is wrong with him for proper treatment and what medicine can he use before his test results come out?","An elderly man came to our local hospital. This man said he has a severe headache, his neck is stiff, and he has rashes suddenly appearing on his body. He came to ask what could be causing it and what kind of treatment can be given to him.
We asked the man whether the headache started suddenly or if it came gradually. The man said it started suddenly at night and has become very severe now. We also asked him if he can look at light properly, and he said no, because light affects his head and makes the headache worse.
We also asked him about the rash on his body, whether it is painful, much, or mild. The man said it is all over his body, and he cannot point to one particular place, but it itches him.
After that, we asked him if he had contact with any sick person recently, and the man said they had not gone anywhere except selling goods in front of their house. They have not had contact with any sick person.
Our question for the doctor is what could cause this kind of headache and stiff neck where this man cannot turn his neck, with rashes all over his body? What can cause it? Is it an infectious disease or something else?
Our second question is what kind of tests can this man do to know exactly what is wrong with him for proper treatment, and what medicine can he use before his test results come out?",http://speech-app.s3.amazonaws.com/static/audio/uploads/52eb6322-c83e-42d5-9fd8-d73feafb1550/06e209848aa2433fe1eff5301616410d_6cEf78Q6.wav,"This clinical picture of sudden severe headache, neck stiffness, photophobia, and a rash strongly indicates acute infectious meningitis, most likely bacterial meningococcal disease, though viral meningoencephalitis remains a differential. To confirm the exact cause, he urgently needs a lumbar puncture for cerebrospinal fluid analysis, blood cultures, and a rapid diagnostic test to rule out severe malaria. Before test results return, immediately start empirical intravenous Ceftriaxone to cover life-threatening bacterial pathogens, alongside intravenous Dexamethasone to prevent severe neurological complications. Provide supportive care with intravenous fluids and paracetamol for pain relief while continuously monitoring his vital signs and Glasgow Coma Scale. Since sudden severe headaches can also indicate a subarachnoid hemorrhage requiring a CT scan, stabilize the patient and arrange urgent referral to a tertiary hospital if your community facility lacks neuroimaging and intensive care capabilities.",Qwen-3.7-Max,qwen3.7-max
54beaf85-2de7-49fb-914e-b98f5bb98156,english,good_english,"I took my pregnant friend, who is 18 years old, to the hospital because she had gone into labor and her time had come. When we arrived at the hospital and they had carried out all the necessary assessments, her blood pressure was high. After they had completed all that needed to be done, she continued in labor. She remained in labor for about 12 hours. Her husband was nearby and Doctors advised that she should give consent for a cesarean section because she had been in labor for a long time. My friend refused. She said no, not at all. I want to give birth naturally like the Hebrew women. She eventually delivered the baby. After 12 hours of labor, she gave birth to a healthy looking baby girl and we thank we thanked God. However, what was Surprising was that the baby was not breathing properly. They stimulated the baby repeatedly, patting and rubbing her. She cried, but her breathing was still not normal. They quickly gave her oxygen. Doctor please will this baby survive? And if she survives, will she now become a disabled child?","I took my pregnant friend, who is eighteen years old, to the hospital because she had gone into labour and her time had come. When we arrived at the hospital and they had carried out all the necessary assessments, her blood pressure was high.
After they had completed all that needed to be done, she continued in labour. She remained in labour for about twelve hours. Her husband was nearby, and the doctors advised that she should give consent for a Caesarean section because she had been in labour for a long time.
My friend refused. She said, “No, not at all. I want to give birth naturally like the Hebrew women.”
She eventually delivered the baby. After twelve hours of labour, she gave birth to a healthy-looking baby girl, and we thanked God. However, what was surprising was that the baby was not breathing properly. They stimulated the baby repeatedly, patting and rubbing her. She cried, but her breathing was still not normal. They quickly gave her oxygen.
Doctor, please, will this baby survive? And if she survives, will she no become a disabled child?",http://speech-app.s3.amazonaws.com/static/audio/uploads/3b283b5f-8706-47d9-a94b-8974ced29a87/457b25ec97c9a2d837e4892406a58f82_OTpe1vnH.wav,"The baby's survival and risk of future disability depend heavily on the severity of the birth asphyxia and the level of neonatal intensive care she receives. The mother's high blood pressure and prolonged labor likely caused fetal distress, leading to oxygen deprivation (hypoxic-ischemic encephalopathy) that explains the baby's abnormal breathing. While many asphyxiated babies survive without issues if promptly resuscitated, severe or prolonged oxygen deprivation carries a significant risk of long-term neurological disabilities such as cerebral palsy. In our local setting, it is crucial that the baby remains in a Special Care Baby Unit (SCBU) for continuous respiratory support and close neurological monitoring to manage any complications. A definitive prognosis regarding survival and disability cannot be made immediately; a pediatrician must evaluate her clinical progress and neurological signs over the next few days.",Qwen-3.7-Max,qwen3.7-max
ead86e77-8bbd-4283-beb5-7e90aa5aaa34,english,good_english,"As a brave woman holding her child, seeing that the child is feverish, the child suddenly starts shaking. The child is having convulsions and is no longer in control. What kind of illness is affecting this nursing mother ⁇ s child, and what kind of care can be given to this child?","As a brave woman holding her child, seeing that the child is feverish, the child suddenly starts shaking. The child is having convulsions and is no longer in control. What kind of illness is affecting this nursing mother's child? And what kind of care can be given to this child?",http://speech-app.s3.amazonaws.com/static/audio/uploads/10c5424d-144a-4dd1-9f97-9990459542df/49c2ff7bdbe60c848869dc64fb8ad7b4_G1CWQFwx.wav,"The child is most likely experiencing a febrile convulsion triggered by a rapid spike in body temperature, though severe endemic infections like cerebral malaria or meningitis must be urgently ruled out in our setting. Immediate first aid involves placing the child in the lateral recovery position to maintain a clear airway and prevent aspiration, while ensuring nothing is inserted into their mouth. If the seizure persists beyond five minutes, clinical guidelines dictate administering rectal diazepam to abort the convulsion, followed by antipyretics and tepid sponging to manage the fever. The child requires prompt hospital evaluation, including a rapid diagnostic test for malaria and a thorough neurological exam, to definitively identify and treat the underlying infectious cause.",Qwen-3.7-Max,qwen3.7-max
96a0e9e9-d88f-4848-ae24-cc4ba1b44f5d,english,good_english,"I noticed that my younger sister, who used to laugh before and who used to play with her friends, has changed completely. Now she stays alone in her room every day, she has withdrawn herself from conversations and she is no longer interested in the things she used to enjoy before. I also noticed that even at home, she does not want to eat with us. She appears to be unhappy or like someone who is tired. all the time. What could be causing her to suddenly avoid her friends? Could it be a problem such as sadness, emotional distress or anxiety? How can we help her so that she can become happy again? What warning signs should we watch out for? Should she see a counselor or a mental health professional?","I noticed that my younger sister, who used to laugh happily before and who used to play with her friends, has changed suddenly.
Now, she stays alone in her room every day. She has withdrawn herself from conversations, and she is no longer interested in the things she used to enjoy before.
I also noticed that even at home, she does not want to eat with us. She appears to be unhappy or like someone who is tired all the time.
What could be causing her to suddenly avoid her friends?
Could it be a problem such as sadness, emotional distress, or anxiety?
How can we help her so that she can become happy again?
What warning signs should we watch out for?
Should she see a counsellor or a mental health professional?",http://speech-app.s3.amazonaws.com/static/audio/uploads/4b72b95b-c78b-436b-9bc6-ebc305b2ea42/492adea00775f598650872f16371614a_LaaE6NQi.wav,"Her symptoms of social withdrawal, loss of interest in previously enjoyed activities, fatigue, and altered eating habits strongly suggest a clinical depressive episode or severe emotional distress rather than temporary sadness. You can support her by offering non-judgmental listening, maintaining a loving environment, and avoiding the stigmatizing language or spiritual attributions often incorrectly applied to mental health in our communities. Please watch out for critical warning signs such as expressions of hopelessness, self-harm, suicidal ideation, or severe weight loss, which require immediate emergency intervention. She absolutely should see a mental health professional, such as a clinical psychologist or psychiatrist at a local general hospital, for a comprehensive evaluation and evidence-based treatment like psychotherapy or medication. Early professional care combined with compassionate family support is the most effective way to help her recover and safely restore her well-being.",Qwen-3.7-Max,qwen3.7-max
93c0a5f2-48a1-4ddc-bf90-28d9b97aea1b,english,good_english,"A 22 year old lady who gave birth at our hospital 3 days ago brought her baby today for routine immunizations. Upon arrival, she made it known to us that this newborn baby completely refuses to breastfeed at all. To the extent that the baby is excessively floppy and sleepy. She stated that the baby does not take the breast and that all the time the baby's hand, feet, and entire body feel freezing cold, so much so that she is even terrified to touch the baby with bare hands and prefers to lift the baby only with layers of clothing. She noted that the baby refuses the breast, the entire body is cold to the touch, and the baby has become increasingly lethargic, unable to move the hands, unable to stretch the legs and completely lacking active Movement and reflexes, just lying completely still and weak. She says it is obvious to the eyes that the baby is exhausted and very unwell. What could cause this? What do you think could cause this newborn babys body to be freezing cold to the touch? Is it solely because of the refusal to breastfeed, or what else? What can we do about this refusal to breastfeed? Furthermore. Regarding the immunization vaccines they are supposed to give the administer, what is your professional advice?","​A 22-year-old lady who gave birth at our hospital three days ago brought her baby today for routine immunizations. Upon arrival, she made it known to us that this newborn baby completely refuses to breastfeed at all, to the extent that the baby is excessively floppy and sleepy. She stated that the baby does not take the breast, and that all the time, the baby's hands, feet, and entire body feel freezing cold, so much so that she is even terrified to touch the baby with bare hands and prefers to lift the baby only with layers of clothing. She noted that the baby refuses the breast, the entire body is cold to the touch, and the baby has become increasingly lethargic,unable to move the hands, unable to stretch the legs, and completely lacking active movement or reflexes, just lying completely still and weak. She says it is obvious to the eye that the baby is exhausted and very unwell.
​What could cause this? What do you think could cause this newborn baby's body to be freezing cold to the touch? Is it solely because of the refusal to breastfeed, or what else? What can we do about this refusal to breastfeed? Furthermore, regarding the immunization vaccines they are supposed to administer, what is your professional advice?",http://speech-app.s3.amazonaws.com/static/audio/uploads/3f7dd9e2-3e76-4785-968c-d49821026640/58942583eba546711c59bd5c8be73c85_km1Dy0wh.wav,"This newborn's profound hypothermia, lethargy, and feeding refusal are classic danger signs of life-threatening neonatal sepsis and severe hypoglycemia, meaning the freezing cold is due to impaired thermoregulation from systemic illness rather than solely poor feeding. To manage this critical state and the feeding refusal, we must immediately admit the baby for emergency resuscitation, gradual rewarming using Kangaroo Mother Care or a radiant warmer, intravenous glucose correction, and empiric antibiotics, followed by nasogastric tube feeding of expressed breast milk once stabilized. My professional advice regarding the scheduled immunizations is to strictly defer all vaccines until the infant has completely recovered from this acute, life-threatening illness.",Qwen-3.7-Max,qwen3.7-max
60ebf071-ab75-4b25-976f-80da984eeef9,english,good_english,"Suddenly, we saw one of our pregnant women who came to our hospital this morning. She arrived in severe pain, crying loudly, holding her back and abdomen because of the pain. After about eight to ten minutes of bringing her into the labor ward, we examined her and found that the baby was already descending and her cervix was fully dilated. Very shortly afterwards, she delivered a baby girl, so we cast Carried out all the necessary and appropriate post-delivery care. Not long after, we moved the mother and the baby into a room so they can rest. A little while later, the mother called us and said she was feeling weak, tired, and that her eyes seemed dim or blurry. She also tried to eat after delivery but struggled to do so and the food was not going down well. She continued to feel weak and she was also feeling dizzy. What could have happened? Could it be that she lost a lot of blood and now needs a blood transfusion or what should have been done for her? Should we give her blood or should we give her food?","Suddenly, we saw one of our pregnant women who came to our hospital this morning. She arrived in severe pain, crying loudly, holding her back and abdomen because of the pain.
After about eight to ten minutes of bringing her into the labour ward, we examined her and found that the baby was already descending and her cervix was fully dilated.
Very shortly afterward, she delivered a baby girl.
So we carried out all the necessary and appropriate post-delivery care.
Not long after, we moved the mother and baby into a room so they could rest.
A little while later, the mother called us and said she was feeling very weak, tired, and that her eyes seemed dim or blurry. She also tried to eat after delivery but struggled to do so, and the food was not going down well.
She continued to feel weak, and she was also feeling dizzy.
What could have happened? Could it be that she lost a lot of blood and now needs a blood transfusion, or what should be done for her? Should we give her blood, or should we give her food?",http://speech-app.s3.amazonaws.com/static/audio/uploads/a1fd68f3-c1f4-4a0b-b5ba-5feae9f148e1/f36e5dd3457e6edfd9d106c459615554_MYyz7Jut.wav,"The mother's symptoms of dizziness, blurry vision, and weakness strongly suggest hypovolemic shock secondary to postpartum hemorrhage (PPH) following her precipitous labor, or potentially severe preeclampsia. You must immediately check her vital signs, examine her abdomen and perineum for overt or concealed bleeding, and establish intravenous (IV) access for rapid fluid resuscitation. Do not force her to eat, as nausea and poor gastrointestinal perfusion make aspiration a high risk; instead, prioritize IV crystalloid fluids and administer uterotonics if the uterus is atonic. A blood transfusion is only indicated if she remains in shock despite initial fluids or if her Packed Cell Volume (PCV) is critically low, so draw blood for cross-matching immediately while stabilizing her.",Qwen-3.7-Max,qwen3.7-max
fec14073-dfa2-476e-809c-c07bd3e953eb,english,good_english,"A 30 year old woman gave birth a few minutes ago. The delivery was said to be normal. However, since the baby was born, the baby has been having serious difficulty. The baby is not crying well and is not responding as a newborn should. After birth, the baby did not cry properly and seems to have difficulty waking up. The body seems stiff or not moving properly as expected. The baby Baby also cannot feed well and is struggling to breastfeed. The mother is worried because her previous children used to cry immediately after birth. What can cause this problem? What tests can be done on the baby and what emergency steps should be taken? What can be done for this newborn baby?","A 30-year-old woman gave birth a few minutes ago. The delivery was said to be normal. However, since the baby was born, the baby has been having serious difficulty. The baby is not crying well and is not responding as a newborn should.
After birth, the baby did not cry properly, and seems to have difficulty waking up. The body seems stiff or not moving properly as expected. The baby also cannot feed well and is struggling to breastfeed.
The mother is worried because her previous children used to cry immediately after birth. What can cause this problem? What tests can be done on the baby, and what emergency steps should be taken? What can be done for this newborn baby?",http://speech-app.s3.amazonaws.com/static/audio/uploads/0b17fba7-ce86-4ca5-9f6d-40a14644ac29/10db19e060883487669c8310e238e9ea_I5fQFaCA.wav,"This presentation strongly suggests birth asphyxia complicated by hypoxic-ischemic encephalopathy, though severe neonatal hypoglycemia, early-onset sepsis, or central nervous system anomalies are also possible causes. Emergency steps must immediately follow standard neonatal resuscitation protocols like the Helping Babies Breathe guideline, focusing on thermoregulation, airway clearance, and positive pressure ventilation if the heart rate remains below 100 beats per minute. Critical diagnostic tests include an immediate bedside blood glucose check, blood gas analysis, serum electrolytes, and a septic screen to evaluate for underlying infections. Ongoing management requires admission to the special care baby unit for supportive care, including intravenous dextrose for hypoglycemia, empiric antibiotics, and anticonvulsants like phenobarbital if the stiffness indicates seizures. Should the baby fail to stabilize or require advanced neurocritical interventions, prompt referral to a tertiary hospital with a fully equipped neonatal intensive care unit is essential.",Qwen-3.7-Max,qwen3.7-max
6c61e24c-8041-4734-b186-b6c30e72d219,english,good_english,"This lady gave birth at our place this morning. She delivered the baby at dawn. When she arrived around 8 AM, the person who was with her at home called us saying this lady was shivering, her body was very hot and she had a lot of body tissues which really bothered her. We went to see the lady, covered her with a cloth and checked her temperature meaning how hot her body was and it was 38. 8.2 We performed a malaria test for this lady. That is a malaria rapid test diagnosis was done. This lady is not well, it looks like malaria. We asked if she had eaten and she said she hadn't eaten anything. We told those who were with her to give her tea, to let the lady drink it. As she breastfed the baby, she said when she wanted to breastfeed the baby, She noticed the baby passed too or had a bowel movement. We then asked the lady to sit up and lean back on the bed she was on to let her body recover better, not completely, but to help and her eyes were not white or pale, so we advised that once she had eaten, she should take paracetamol. After she had finished taking the paracetamol, we decided Decided how many days it'll be before we can give it to the lady again, she has malaria and we performed a malaria test, please we can give it to her again once she has finished eating and we have asked and we have advised to take paracetamol since she's feeling weak if it doesn't go away we will know what kind of treatment to provide.","This lady gave birth at our place this morning; she delivered the baby at dawn. When she arrived around 8:00 AM, the person who was with her at home called us, saying this lady was shivering, her body was very hot, and she had a lot of body issues which really bothered her. We went to see the lady, covered her with a cloth, and checked her temperature—meaning how hot her body was—and it was 38.2. We performed a malaria test for this lady, that is, a malaria rapid test diagnosis was done. This lady is not well, it looks like malaria. We asked if she had eaten, and she said she hadn't eaten anything. We told those who were with her to give her tea, to let the lady drink it. Has she breastfed the baby? She said when she wanted to breastfeed the baby, she noticed the baby passed stool/had a bowel movement. We then asked the lady to sit up and lean back on the bed she was on, to let her body recover better—not completely, but to help—and her eyes were not white/pale. So, we advised that once she has eaten, she should take Paracetamol. After she has finished taking the Paracetamol, we decided how many days it will be before we can give it to the lady again. She has malaria, and we performed a malaria test. Please, we can give it to her again. Once she has finished eating, and we have advised her to take Paracetamol, since she is feeling weak, if it doesn't go away, we will know what kind of treatment to provide.",http://speech-app.s3.amazonaws.com/static/audio/uploads/8fa1af4f-6289-47e5-a2a1-61d2770e6544/4136145b69518b61de75dd85af63b366_x3QjVBt0.wav,"Although the malaria rapid test may be positive, a postpartum fever of 38.8°C with shivering and the passage of large blood clots strongly suggests puerperal sepsis, a life-threatening condition requiring immediate evaluation. Paracetamol should be dosed every 6 to 8 hours, not measured in days, but it only temporarily reduces fever and does not treat the underlying infection. If the malaria test is unequivocally positive, she requires a standard three-day course of an Artemisinin-based Combination Therapy (ACT) according to Nigerian national guidelines. Crucially, you must examine her for uterine tenderness and promptly initiate broad-spectrum antibiotics for suspected postpartum sepsis, as relying solely on antimalarials and paracetamol could be fatal.",Qwen-3.7-Max,qwen3.7-max
52b3f296-e02f-459c-a891-f4da8cea399e,english,good_english,A caregiver who is taking care of a small child noticed that the child she is caring for is struggling to breathe and the child's breathing is not normal. She also noticed that the child coughs repeatedly and the cough is very severe. The child is not a baby that was abandoned at birth nor a child that is usually bathed with cold water. What then can cause a small child to be breathing with difficulty and coughing repeatedly and why would breathing not be easy for the child as it should be? What can be done about this situation?,"A caregiver who is taking care of a small child noticed that the child she is caring for is struggling to breathe, and the child's breathing is not normal.
She also noticed that the child coughs repeatedly, and the cough is very severe.
The child is not a baby that was abandoned at birth, nor a child that is usually bathed with cold water.
What then can cause a small child to be breathing with difficulty and coughing repeatedly, and why would breathing not be easy for the child as it should be? What can be done about this situation?",http://speech-app.s3.amazonaws.com/static/audio/uploads/0d35a930-c290-4945-9a50-6623349f947e/0bc428189924e16f32df2a39efb85695_ScNqKjvd.wav,"The child's severe cough and breathing difficulty are most likely caused by a lower respiratory tract infection such as pneumonia or reactive airway diseases like asthma, which are highly prevalent in our community. Breathing becomes difficult because these conditions cause severe inflammation, bronchospasm, and fluid accumulation in the lungs, narrowing the airways and significantly impairing oxygen exchange. Based on the Integrated Management of Childhood Illness guidelines practiced in Nigeria, the caregiver must immediately take the child to a healthcare facility for urgent evaluation and evidence-based treatments like appropriate antibiotics, bronchodilators, or supplemental oxygen. Prompt hospital-based medical management is crucial to prevent fatal complications, and the caregiver should strictly avoid delaying professional care with unproven traditional remedies.",Qwen-3.7-Max,qwen3.7-max
306cb1f0-f47e-4044-9514-da6efdfd53bf,english,good_english,"A mother noticed that for the past few days, her child had started coughing continuously. At first, she thought it was a cold affecting the child's chest and that it would go away. However, the cough did not improve. Every night, the child wakes up suddenly because of the cough. Sometimes the child struggles as if it is difficult to breathe properly. The mother would carry the child upright and could hear the chest working while the child was breathing. This makes it difficult for the child to sleep well at night. One day, after a night during which the child coughed severely and struggled to breathe properly, the mother decided to go to the hospital. She wanted to know what was causing the cough, what was causing the breathing difficulty and how she could help the child. My question is, what could cause a child to cough severely? And have difficulty breathing especially at night, what danger signs should they watch out for when the child is coughing and what things should be avoided in order to prevent or reduce this cough?","A mother noticed that for the past few days, her child had started coughing continuously. At first, she thought it was a cold affecting the child’s chest and that it would go away. However, the cough did not improve. Every night, the child wakes up suddenly because of the cough. Sometimes, the child struggles as if it is difficult to breathe properly. The mother would carry the child upright and could hear the chest working while the child was breathing. This makes it difficult for the child to sleep well at night.
One day, after a night during which the child coughed severely and struggled to breathe properly, the mother decided to go to the hospital. She wanted to know what was causing the cough, what was causing the breathing difficulty, and how she could help the child.
My question is: what could cause a child to cough severely and have difficulty breathing, especially at night? What danger signs should they watch out for when the child is coughing? What things should they avoid in order to prevent or reduce this cough?",http://speech-app.s3.amazonaws.com/static/audio/uploads/b1cdb61a-4286-4f92-a537-c16a5697cd0f/898ef53789bfab4a139623d7f4b3a544_zgq3Luqk.wav,"A child's severe, nocturnal cough with audible chest sounds is typically caused by asthma, viral-induced wheeze, or pneumonia, because lying flat and cooler night temperatures exacerbate airway inflammation and mucus accumulation. Caregivers must urgently seek hospital care if they observe danger signs like fast breathing, lower chest wall indrawing, grunting, bluish lips, or an inability to drink, which indicate severe respiratory distress. To prevent and reduce these episodes, families must avoid exposing the child to common local environmental triggers such as indoor firewood or kerosene smoke, mosquito coils, and dusty surroundings. Furthermore, avoid administering over-the-counter cough suppressants or unprescribed antibiotics, as they are medically contraindicated for young children and can cause dangerous side effects. The child requires a proper clinical assessment to receive evidence-based, locally available treatments like inhaled salbutamol for airway relaxation or appropriate antimicrobials if a bacterial infection is confirmed.",Qwen-3.7-Max,qwen3.7-max
cc78a249-b0eb-4d34-8511-527fb612ba05,english,good_english,"A man named Subero, who is 50 years old, developed a cough one day. At first, the cough was mild, but as the weeks passed and turned into months, it gradually became worse. After some time, he began to find it difficult to breathe properly. It is true that he had tried several remedies when the cough was still mild, but none of them worked. Instead of improving, the cough continued to worsen. He eventually decided that, rather than continue to buy small medications on his own, he should go to the hospital and speak with a doctor. When he arrived at the hospital, he explained that he had been coughing for about three months. He also explained that he had tried many home remedies based on people's advice, including honey, hot water, Bitter cola, and several cough medicines that he purchased. However, Instead of getting better, the cough continued to worsen. It had reached a point where he sometimes felt as if he could no longer breathe properly because of the cough. He then asked the doctor what could be causing him to have such a persistent cough for such a long period of time. He also wanted to know why all the remedies and treatments he tried had not worked. Finally, he asked what he could could do for the cough to go away completely so that he could breathe properly again and regain good health.","A man named Suberu, who is fifty years old, developed a cough one day. At first, the cough was mild, but as the weeks passed and turned into months, it gradually became worse. After some time, he began to find it difficult to breathe properly. It is true that he had tried several remedies when the cough was still mild, but none of them worked. Instead of improving, the cough continued to worsen. He eventually decided that rather than continuing to buy small medications on his own, he should go to the hospital and speak with a doctor. When he arrived at the hospital, he explained that he had been coughing for about three months. He also explained that he had tried many home remedies based on people's advice, including honey, hot water, bitter kola, and several cough medicines that he purchased. However, instead of getting better, the cough continued to worsen. It had reached a point where he sometimes felt as though he could no longer breathe properly because of the cough. He then asked the doctor what could be causing him to have such a persistent cough for such a long period of time. He also wanted to know why all the remedies and treatments he had tried had not worked. Finally, he asked what he could do for the cough to go away completely so that he could breathe properly again and regain good health.",http://speech-app.s3.amazonaws.com/static/audio/uploads/662c5525-4eea-44c7-b18e-8b94c67a8011/adc0aa991cfedbb0d097f2b8b4461596_ajxxSqxr.wav,"In our clinical setting, a persistent three-month cough with worsening breathlessness in a 50-year-old man strongly suggests Pulmonary Tuberculosis (TB), Chronic Obstructive Pulmonary Disease (COPD), or a lung malignancy. Home remedies and over-the-counter syrups failed because they merely soothe the throat and cannot treat the underlying chronic infectious or structural lung diseases causing your symptoms. To identify the exact cause, you must immediately undergo a chest X-ray and provide sputum samples for a GeneXpert test to rule out TB, which is highly endemic in Nigeria. Once diagnosed, we will initiate targeted, evidence-based treatments, such as a strict regimen of anti-TB drugs or prescription bronchodilators, to eliminate the root cause. By stopping self-medication and strictly adhering to this proper hospital management plan, your cough will resolve, allowing you to breathe comfortably and regain your health.",Qwen-3.7-Max,qwen3.7-max
50c16e3d-71d8-414c-8d48-c9988857d975,english,good_english,"My name is Titilola. Since yesterday, my child's body has been burning, shaving intensely. The child cannot turn their neck at all. It seems as if the child's neck can no longer be turned. The child can only open one eye. What could be causing the fever and the inability to turn my child's neck? What kind of examination can I perform so that I can know what is causing the fever and the inability to turn the child's neck? What kind of results could appear within the child's body that could cause the fever and the inability to turn the child's neck?","My name is Titilola. Since yesterday, my child's body has been burning, shivering intensely. The child cannot turn their neck at all. It seems as if the child's neck can no longer be turned. The child can only open one eye. What could be causing the fever and the inability to turn my child's neck? What kind of examination can I perform so that I can know what is causing the fever and the inability to turn the child's neck? What kind of result could appear? Within the child's body that could cause the fever and the inability to turn the child's neck.",http://speech-app.s3.amazonaws.com/static/audio/uploads/c3e9cfc0-8637-4954-b423-c0be9a71f715/4f0b4abb672b26ebb40fa965cf69dd5c_2TyJiCgO.wav,"Titilola, your child's high fever, shivering, severe neck stiffness, and inability to open one eye strongly suggest acute bacterial meningitis or cerebral malaria with cranial nerve involvement, which are life-threatening emergencies in our setting. You must immediately bring the child to the hospital for a lumbar puncture to analyze the cerebrospinal fluid, alongside a malaria blood test and blood cultures. The cerebrospinal fluid results may reveal elevated white blood cells, high protein, and low glucose indicating bacterial infection, while blood tests might show malaria parasites or bacterial growth, confirming the severe meningeal inflammation that causes the neck rigidity and eye nerve palsy. Please seek emergency hospital care right now, as these conditions require immediate intravenous antibiotics or antimalarials to prevent permanent neurological damage or death.",Qwen-3.7-Max,qwen3.7-max
8a461b5c-55b1-4551-a9b6-d919b99190a3,english,good_english,"A woman noticed that her husband coughs very strongly when he wake up in the morning while still on the bed. The cough starts suddenly and takes a long time before it stops. As time goes on, she also notices that her husband struggles to breathe properly. When he walks a little distance or climbs stairs, he stops to catch his breath and becomes tired very quickly. One day, after her husband spent a long time coughing and trying to regain his breath, the wife became worse. She started thinking that maybe there is a disease causing all these problems. The next day, she spoke with her husband to go to the hospital so that they can see a doctor and know exactly what is happening. The question is, what can cause a cough to be this severe with constant hardness and difficulty breathing all the time when the cough occurs? Can this problem be related only to lung disease or heart disease? What are the Things that can cause death or make a person struggle to breathe severely. To the point that the person needs urgent medical attention, what are the danger signs of breathing problems that the family should watch out for regarding cough and difficulty breathing?","A woman noticed that her husband coughs very strongly when they wake up in the morning while still on the bed. The cough starts suddenly and takes a long time before it stops. As time goes on, she also notices that her husband struggles to breathe properly. When he walks a little distance or climbs stairs, he stops to catch his breath and becomes tired very quickly.
One day, after her husband spent a long time coughing and trying to regain his breath, the wife became worried. She started thinking that maybe there is a disease causing all these problems. The next day, she spoke with her husband to go to the hospital so that they can see a doctor and know exactly what is happening.
The question is what can cause a cough to be this severe, with constant tiredness and difficulty breathing all the time when the cough occurs? Can this problem be related only to lung disease or heart disease? What are the things that can cause death or make a person struggle to breathe severely, to the point that the person needs urgent medical attention?
What are the danger signs of breathing problems that the family should watch out for regarding cough and difficulty in breathing?",http://speech-app.s3.amazonaws.com/static/audio/uploads/115ce5dc-c95e-40c5-9a67-f2e55fcb5c91/498edb062e99b3a5e70e46971f7e146f_gEK5baX4.wav,"A severe morning cough with progressive exertional breathlessness can be caused by Chronic Obstructive Pulmonary Disease (COPD), asthma, tuberculosis, or heart failure, meaning it can originate from lung disease, heart disease, or a combination of both such as cor pulmonale. These cardiopulmonary conditions lead to intense coughing and rapid fatigue by causing airway obstruction, chronic inflammation, or fluid accumulation in the lungs. Fatal breathing struggles requiring urgent intervention can result from acute severe asthma, massive pulmonary embolism, decompensated heart failure, or severe respiratory infections that rapidly cause systemic hypoxia. Families must immediately rush the patient to the hospital if they observe danger signs like bluish lips or fingers, confusion, inability to speak in full sentences, coughing up blood, or severe chest pain. In our Nigerian community hospitals, prompt evaluation using chest X-rays, ECGs, and sputum analysis is essential to accurately diagnose the underlying cause and initiate life-saving therapies like bronchodilators, diuretics, or antibiotics.",Qwen-3.7-Max,qwen3.7-max
9b17d5b6-b900-457d-bf64-b48f71723994,english,good_english,"The mother of a woman who had recently given birth came to the hospital. She said that since her daughter gave birth, she has been bleeding heavily. As a result, she no longer has strength in her body. The woman who gave birth is 24 years old. She also said that the bleeding is excessive and is making her feel weak. The mother is unable to eat properly and is unable to do anything. My question is: What could cause a woman to continue bleeding after giving birth a few days ago? What treatment should be given to the mother to stop the bleeding and help her regain her strength? What advice can be given to this mother and her daughter?","The mother of a woman who had recently given birth came to the hospital. She said that since her daughter gave birth, she has been bleeding heavily. As a result, she no longer has strength in her body. The woman who gave birth is twenty-four years old. She also said that the bleeding is excessive and is making her feel weak. The mother is unable to eat properly and is unable to do anything.
My question is: what could cause a woman to continue bleeding after giving birth a few days ago? What treatment should be given to the mother to stop the bleeding and help her regain her strength? What advice can be given to this mother and her daughter?",http://speech-app.s3.amazonaws.com/static/audio/uploads/ef216169-deb8-4f4a-ad6e-51f3eed25b86/20f9a0e70e4ff96e3b35484219eb5979_WMSb66ES.wav,"Continued bleeding a few days after childbirth, known as secondary postpartum hemorrhage, is typically caused by retained placental tissue or a uterine infection. To stop the bleeding and restore her strength, the patient needs immediate hospital admission for intravenous fluids, a blood transfusion if severely anemic, broad-spectrum antibiotics, uterotonics like misoprostol, and possible surgical uterine evacuation. I strongly advise the mother to bring her daughter to the emergency room immediately rather than using unproven traditional herbs, as this is a life-threatening obstetric emergency. Once medically stabilized, the daughter should be encouraged to eat iron-rich foods like liver, beans, and dark leafy green vegetables to naturally rebuild her blood volume. Finally, both women should be counseled on maintaining strict perineal hygiene and utilizing postpartum family planning to allow the patient's body adequate time to recover before another pregnancy.",Qwen-3.7-Max,qwen3.7-max
e8fa0c97-2352-48e6-93e0-9edf8955cd55,english,good_english,"Doctor, I brought my 5 years and 2 month old child who has had this condition for about 2 months, who finds it difficult to breathe at night and also coughs all the time. This cough has become persistent. I brought a TB cough medicine called Tutolin Children for him. He has finished one bottle but the cough has not gone and it is still difficult for him to breathe at night. I did a TB test for him but they told me that he does not have tuberculosis. So doctor, what could if, what could cause a 5 year old child to have a persistent cough and what could cause a 5 year old child to have difficulty breathing at night?","Doctor, I brought my 5 years and 2 months old child, who has had this condition for about two months, who finds it difficult to breathe at night and also coughs all the time.
This cough has become persistent.
I bought a TB cough medicine called Tutolin Children for him; he has finished one bottle, but the cough has not gone, and it is still difficult for him to breathe at night.
I did a TB test for him, but they told me that he does not have tuberculosis.
So doctor, what could cause a 5-year-old child to have a persistent cough, and what could cause a 5-year-old child to have difficulty breathing at night?",http://speech-app.s3.amazonaws.com/static/audio/uploads/c4031d06-1f5e-4531-a212-379cf06b9a9d/5d82cb5522c98aec9f901e050018e52d_OSnAt1Vu.wav,"With tuberculosis ruled out, your child's persistent cough and nocturnal breathing difficulty are most likely caused by childhood asthma, allergic rhinitis, or enlarged adenoids, which are highly prevalent in our community. Asthma causes airway inflammation that classically worsens at night, while enlarged adenoids physically obstruct the upper airway and cause post-nasal drip when the child lies flat. In our local practice, we also consider pulmonary eosinophilia from common parasitic infections like Ascaris, though asthma remains the leading cause of nocturnal respiratory distress in this age group. You should bring him to the clinic for a proper physical examination and chest auscultation so we can prescribe appropriate inhaled bronchodilators or corticosteroids to safely open his airways. Please discontinue the unprescribed cough syrup immediately, as it will not treat reactive airway conditions and may expose him to unnecessary side effects.",Qwen-3.7-Max,qwen3.7-max
46c82bff-402d-4ea2-9331-fc5b38a5b70f,english,good_english,"Good evening doctor. Please I brought my child to the hospital because I noticed the way he breathes. He makes a sound as if air is passing through a small hole. It sounds like wheezing. It also sounds like someone blowing a whistle and he is struggling to breathe properly. I have also noticed that for about three days now, he usually coughs at night. Sometimes I notice his chest drawing in and out intensely, as if he's warm. Working extra hard just to breathe. I also noticed that he can no longer eat as well as before. Whenever he wants to eat, he has to pause to catch his breath. This situation hasn't given him the chance to feed properly for about three days now. I have also taken him to the local chemist  ⁇ patent medicine store ⁇  in her neighborhood and they gave me some cough medicine for him because he was coughing slightly. Though the cough wasn't severe, but despite all the medication he took, I noticed he didn't work, his breathing remains the same, and he still cannot eat well. Please, what kind of condition is affecting my child with this whistling breath? Also, does he need a chest examination  ⁇ x-ray ⁇  to find out what is troubling him and why his chest is heaving up and down? What kind of of treatment can I give this child at home to help him ease the breathing so he can breathe properly? Are there other medications or alternative measures I can take for this child?","Good evening doctor. Please, I brought my child to the hospital because I noticed that the way he breathes, he makes a sound as if air is passing through a small hole. It sounds like wheezing. It also sounds like someone blowing a whistle, and he is struggling to breathe properly.
I have also noticed that for about three days now, he usually coughs at night. Sometimes, I notice his chest drawing in and out intensely, as if he is working extra hard just to breathe. I also noticed that he can no longer eat well as before. Whenever he wants to eat, he has to pause to catch his breath. This situation hasn't given him the chance to feed properly for about three days now.
I have already taken him to the local chemists (patent medicine stores) in our neighborhood, and they gave me some cough medicine for him because he was coughing slightly, though the cough wasn't severe. But despite all the medication he took, I noticed it didn't work. His breathing remains the same, and he still cannot eat well. Please, what kind of condition is affecting my child with this whistling breath? Also, does he need a chest examination (X-ray) to find out what is troubling him and why his chest is heaving up and down? What kind of treatment can I give this child at home to help ease his breathing so he can breathe properly? Are there other medications or alternative measures I can take for this child?",http://speech-app.s3.amazonaws.com/static/audio/uploads/c56b8957-d2d9-4897-a03e-403fc98082e3/913522d484f266446c5031903b7c9a7c_cRXoCAGw.wav,"Your child is exhibiting danger signs of severe respiratory distress, likely due to a severe lower respiratory tract infection or an acute asthma attack, which mandates immediate hospital admission rather than home care. Based on our local IMCI clinical guidelines, a chest X-ray is not urgently required before starting life-saving interventions like oxygen therapy and nebulized bronchodilators. You must discontinue all over-the-counter cough syrups from patent medicine stores, as they are ineffective for lower airway obstruction and potentially harmful to young children. There are absolutely no safe home remedies or alternative measures for a child with severe chest indrawing and feeding difficulties; he must remain hospitalized for continuous monitoring and appropriate prescription medications.",Qwen-3.7-Max,qwen3.7-max
63953d69-eaa8-43f3-b906-7c31b65ec81c,english,good_english,"A woman was brought to the hospital this morning because she was bleeding heavily and this had caused her a great deal of distress. She was asked whether this had happened to her before and she replied that it had happened about twice previously during which she usually experienced pain and the bleeding would occur intermittently. She was then asked whether she might be having a miscarriage but she said she did not know whether she was pregnant or whether she had become pregnant. She was asked when she last had her menstrual period and she replied that it had not been very long as she had her last menstrual period about one and half months ago before the bleeding started again this morning. Please what could cause a woman to bleed this heavily, what emergency steps can be taken, what treatments can be given to this woman to save her life and stop the bleeding, what medicines or injuries Projections that help stop bleeding can be given to her first and what investigations can be carried out to determine the cause of such severe bleeding.","A woman was brought to the hospital this morning because she was bleeding heavily, and this had caused her a great deal of distress. She was asked whether this had happened to her before, and she replied that it had happened about twice previously, during which she usually experienced pain and the bleeding would occur intermittently. She was then asked whether she might be having a miscarriage, but she said she did not know whether she was pregnant or whether she had become pregnant. She was asked when she last had her menstrual period, and she replied that it had not been very long, as she had her last menstrual period about one and a half months ago before this bleeding started again this morning. Please, what could cause a woman to bleed this heavily? What emergency steps can be taken? What treatments can be given to this woman to save her life and stop the bleeding? What medicines or injections that help stop bleeding can be given to her first? And what investigations can be carried out to determine the cause of such severe bleeding?",http://speech-app.s3.amazonaws.com/static/audio/uploads/7b4e5923-c2e2-4179-a79f-0b45facd1a80/cdfadce328194fef123430ad5753be3d_PBWh9ZCs.wav,"Given her last menstrual period was six weeks ago, the most likely causes of this heavy, painful bleeding are an incomplete miscarriage or an ectopic pregnancy, though uterine fibroids could explain her previous intermittent episodes. Immediate emergency steps involve securing large-bore intravenous access for crystalloid fluid resuscitation while performing a urine pregnancy test, pelvic ultrasound, full blood count, and blood crossmatching to guide management. To quickly stop the bleeding, first-line medical interventions include administering intravenous oxytocin, misoprostol, and tranexamic acid, along with prophylactic antibiotics. Definitive life-saving treatments to stop the hemorrhage include Manual Vacuum Aspiration or dilation and curettage for a miscarriage, or an emergency laparotomy if a ruptured ectopic pregnancy is confirmed. In our community hospital setting, rapidly combining these medical uterotonics with prompt surgical evacuation is the most effective, evidence-based strategy to prevent fatal hypovolemic shock.",Qwen-3.7-Max,qwen3.7-max
ef184d94-ce1c-48b8-afb8-b660491a5a96,english,good_english,"A nursing mother noticed her child coughing and also suspected that the child's body was warm at certain times. She further stated that a few hours ago, she noticed that the child's entire body became stiff and she fainted, and she couldn't confirm that her lips were stable anymore as they were secreting fluids, and the child could no longer swallow any food. She was now asking the doctor if such an illness can be treated. what disease it resembles and she further asked if she could get an injection or use local herbs for this disease. She went on to say that herbal mixture  ⁇ agbo ⁇  and traditional soap are what they usually use to treat this disease for any child afflicted by it in the community she came from.","A nursing mother noticed her child coughing and also suspected that the child's body was warm at certain times. She further stated that a few hours ago, she noticed that the child's entire body became stiff and she fainted, and she couldn't confirm that her lips were stable anymore as they were secreting fluid, and the child could no longer swallow any food. She is now asking the doctor if such an illness can be treated, what disease it resembles, and she further asked if she could get an injection or use local herbs for this disease. She went on to say that herbal mixtures (agbo) and traditional soap are what they usually use to treat this disease for any child afflicted by it in the community she comes from.",http://speech-app.s3.amazonaws.com/static/audio/uploads/70e65f2d-f8fa-40c8-aadd-5992a4cc46ca/a6d1e37e17cd73f804372f7e838d59b8_ASCsCEYS.wav,"Yes, this condition is highly treatable and the symptoms strongly indicate a seizure, likely a febrile convulsion or meningitis secondary to a severe infection like malaria or pneumonia. We will immediately administer an anticonvulsant injection, such as diazepam, to stop the body stiffness and frothing, followed by targeted medications to cure the underlying infection. I strongly advise against using local herbal mixtures or traditional soaps, as they lack standardized dosing, can cause severe organ toxicity, and administering them to an unconscious child who cannot swallow will cause fatal lung aspiration. Please allow us to admit the child immediately for proper medical evaluation, intravenous fluids, and close monitoring to ensure a full and safe recovery.",Qwen-3.7-Max,qwen3.7-max
