audio_id,language,subset,question,reference,url,model_answer,requested_model,model_id
2d74e2ea-1975-49fe-a396-a2dbb606fc2b,fulfulde,fulfulde,waddi bingel amma duɓi je naya nyautarde hande nyau mali ɓingel on siro soja naya goɗɗo amma bo saun ngati maddi cugale on wuro ɓe hitti mora puti fu tare to bo saru ɗon ngati cugale on mi tari fu tare noni bo ɗuti mi waɗi dabo findiraɓe mo andi bo saro gonati ɓingel on jonbo saru ɗo. Ɓe meɗa hokkugo ɓosaru on je ɓe wi ɗum yaha yasi ɗum fija ɗum wartetan ɓe wi ɓe meɗa hokkugo bol saru ɗum ni kesum kanjum waɗi mi holi sei mi yaha waɗugo ɓingel on nyotode ngam to bo saru ɗon ngati cukare on no wawi no wodi nyobo saru ɗum ɓe heɓata ɓingel ko bo saru ngatiko ɗume wawan. bana nyausaru wawi nasta nder futere ko wawi wadugo bingel on sappunga bosaru on kodume mi waye wadugo gam to nyau nata futere on nanda he lekki ha hokka bingel on gam heba jamu ko dumai goddum mi wawi wadugo wala ko lekki mi wawi waɗan gof. to sare do ngati bingel on.,"Mi waddi bingel am mo dubi jenayi Nyaurdorde hanne ƴaloma. Mi lili bingel on siri sooda Naƴam goɗun amma bosaaru ngati mo. De ɓe waddi cukaley on wuro ɓe hecci am ko fayti , Mi raɓɓuti futtere to bosaaru ɗun ngati cukaley on,Mi tawi futtere non wujji bo ɓuuti.  Men waɗi ƴamde  dere keddiraɓe mo andi bosaaru nga ƴati bingel on. Joom bosaaru ɗun wi'i ɓe meeɗa hokkuko bosaaru on Njibinanɗe .Ɓe wi'i ɗun yaha yasi dun  fija ɗu warta tan. Ɓe wi'i ɓe meeɗa hokkuko bosaaru ɗun lekki sam. Kanjum waɗi  mi huli se mi yaawi wadduko bingel on Nyaurdorde, gan to bosaaru ɗun ngati cukaley on no wodi ƴau bosaaru . Ɗume  heɓɓata bingel ko bosaaru ngati bo?  Ɗume wawi heɓɓa  futtere wojju ɗun e ɓuutu ɗun? Nƴau bana ƴau bosaaru waawi nasta dere futere? Ko waawi waɗɗuko bingel on sabun ngati bosaaru on? Tii, ko ɗume mi waawi waɗɗuko ngan to nƴau nata futtere on? Ɗume Njibinanɗe e lekki haani hokka bingel on gan hebɓe Jam? Ko ɗume goɗɗum min waawi waɗɗuko wala ko lekki min waawi waɗɗanko futtere ɗen to bosaaru ɗun ngati ɓingel on?",http://speech-app.s3.amazonaws.com/static/audio/uploads/8db0feef-c321-4371-8d38-e4f3d4f501a7/8985d43f9d32e7892beb790a979d77d4_cPvu0RiL.wav,"Because your four-year-old child is still suffering after initial malaria treatment, you must return to the clinic immediately for a repeat diagnostic test to check for treatment failure or a secondary infection. Malaria enters the body through the bite of an infected female Anopheles mosquito, so to prevent future infections, ensure the child sleeps under an Insecticide-Treated Net every night and clear all stagnant water around your home. While arranging to see the healthcare worker again, keep the child hydrated with plenty of fluids and give paracetamol to safely manage the fever. Do not buy random medicines from the market; only use prescribed antimalarials like ACTs guided by a confirmed test result.",Qwen-3.7-Plus (audio),qwen3.7-plus
ed72b813-04a2-482b-b3cb-305be48110dd,fulfulde,fulfulde,Debbo je joɗata ha sare amin o ɗo huwa ɗo waɗa kugal oɗo waɗa kugal mako boɗɗum bo o wala nyau yende fere wakkati o ɗo yiwa en mako ɗo mari hunde petel satinga hala. O laari o nanyi ɗum fahin fahin ɗo wakkati o dillai wakkati ɗo dilla o fuɗɗi nuɗɗi damuwa be mai sosai o fuddi on ha en. Nau amma babal mai ɗo safiti bo sare je mari ɗum ha endiije sali sati je sali o yidi o yahi larugo. Oki o yiɗi o anda ɗume on dasi ɗum de onta hala mai emdi jemma e ji mako mai on dasata hunde mai ha en debbo ko ɗume on je sati. Nda ha en ɗi nasa on debbo lora ta lara fahin ha en ɗi mai.,"Debbo je jodata ha sare amen, do huwa.
Do wada kuugal maako  boddum bo o wala yeiwu. Yende fera, waakati odo yiwa, o nane endi maako dou mari hunde petel satinga hader. O numi wala ko duma , o lori o nane dun fahen yende fera fahen do . Waakati do dellal, o fudi damugo be mai sosai, o fudi numugo dimai on ha endi maako. Wala nawa mo, amma balal mai do sati bo sali dellu go. O fudi num tugo labari je binkon robe je mari don ha endi mabe. Sati je sali,  o yeti larugo likita.  O kidi o anda dumi on dasi dum be dume on o wadata hala mai. Made jima: dumi on dasata hunde mai ha endi debbo? Koh dume o je satin ga  ha endi on na cancer? Dume on debbo lora ta lara fahim ha endi mai?",http://speech-app.s3.amazonaws.com/static/audio/uploads/98ee57f7-3ef6-4825-8dfe-2f825275efbc/367b6c1beeff153de6507f795d06a206_zWwfuLIk.wav,"The patient is presenting with a reducible groin hernia, caused by increased intra-abdominal pressure from heavy physical labor forcing tissue through a weakness in the abdominal wall. Although the swelling reduces with rest, failing to treat it risks bowel incarceration or strangulation, which are life-threatening emergencies that would severely compromise her overall health and livelihood. We advise her to immediately avoid heavy lifting and straining to prevent the hernia from becoming trapped. The definitive treatment is an elective surgical hernia repair at our community hospital, which is a routine, safe, and highly effective standard of care in our region. Prompt surgical intervention will permanently resolve the defect, allowing her to safely return to her daily activities without the risk of severe future complications.",Qwen-3.7-Plus (audio),qwen3.7-plus
61687dc7-de0c-42ca-be4a-fadcbcf06472,fulfulde,fulfulde,Debbo rediyo mo duɓi sappan me tati mo woodi redu leddi je ɗiɗi keddu e mako en galju mako ɗuɗɗi wodi yeso mako woya gauna ɗum wodi sembe mako sara’en mako bibbe sara en mako. Tawa daada ko ɓingel arande nyauto nyamde ɗiɗaɓre hani waɗugo ɓe lau ha debbo redujo on nyamrita tare ɗume hani pat o hefta nyau ɗum yamre nayare irin lekki kiya hani nyau dami o waɗata. ɗum daye hani o hutira.," Debbo reedujo mo dubi sappane tati e tati mo wodi reedu lebbi jeeɗiɗi keddu en makko ngaddimo Nyaurdorde amin. Ɓe wi'i  reedu mako no nawɗum tenduɗum, ƴiiyan ko ɗuɗi wurti le yeso mako. Ii 'o diwna ,I'o woya ngam nawɗun dun ɓurimo semɓe.  Saro en makko mbii be don kultori ta godɗun tawa Dada ko bingel ngel.

Ƴamnde arandere nde Nyautowo ƴami :  dume on wadi reedu naawurta non ha ma ƴiiƴam wurto e sembe?
Ƴamnde ɗi dabre: Dume haani waɗugo ɓelau ha debbo reedujo on?
Ƴamre tataure: Dume haani raɓɓu tugo hefta nyau dum?
Ƴamre Nayabre: Irin lekki kiye haani nyaudiramo?
Ƴamre Joyabre: ira Nyamdu nduye o woɗoto, nden bo ira ngendam dayeejam haani o hutira?
",http://speech-app.s3.amazonaws.com/static/audio/uploads/2a528297-991f-4766-aed9-740be2530bc6/654a64b274233d08e5dd443424b6f609_Il3mtpby.wav,"This 38-year-old grand multiparous woman carrying twins is at extremely high risk for maternal depletion, severe anemia, and preterm labor, necessitating immediate evaluation at a community hospital. To manage the vomiting in her child and her own illness, she should be given Oral Rehydration Solution (ORS) and screened for local endemic infections like malaria or gastroenteritis. She requires urgent therapeutic nutritional support, including iron-folic acid supplementation and a high-calorie diet, while strictly avoiding unprescribed herbal remedies that could cause fetal toxicity. Given her widowhood and physical weakness, her community support network must assist with transportation to the clinic and ensure she attends frequent, closely monitored antenatal visits.",Qwen-3.7-Plus (audio),qwen3.7-plus
77dc6882-e75f-4291-866c-23fe43998cc9,fulfulde,fulfulde,Jam ɓandu likita waddi bingal amin larin no o fofata ɗon woni bana sautu hendu ɗo sala babal petel ni ɗon bo bana goɗɗo ɗon fufa hunde bo dake o fofata milliti bo balɗe tati jotta o ɗo ɗotta be jamma wakkati fere mi ɗo lara ɓe ɗo nasta sosai. Ɗo sosai bana sauto naftiri sembe mako seto o naftira sembe mako o hokkata mi lari bo o wala nyama banani to o nyamai fu sauto nyamai fu sau to o nangi pofɗe mako seto nangi fofɗe mako irin banni mai ɗon hokka tame oɗo kasa nyamugo boɗɗum balɗe tati. Mi arti mi yari mo kemis petel ha fattude amin be hokki mo lekki dojugo gam o dodda sedda sedda amma dojugo mai hallai amma pat lekkiji o yari wala ko nafi mofugo mako bannin kuma har jotta o wawata nyamugo boddum irin damuwa damata bingel am be fofugo mako do bana hendu do sala babal pitu ni o. To handini hotina heɓa famta ko damata mo be kwali ɓerde mako ɗo faɗa jippa ɗum irin nyaundi mi hokkata ɓingel ɗo ha sare hoinina mo heɓa o fofa boɗɗum ɗon irin lekkiji fere sibiti na ko hundeji tan fere mataki je hosata hado ɓingel ɗo.,"Jam bandu likita, useni mi waddi bingel am sibiti gam mi laari no o foofata, don woni bana sawtu hendu do saala babal petel ni, donbo bana goddo don fuufa hunde, be daker o foofata. Mi hirliti bo balde tati jotta odo dojja be jamma. Wakati fere mido lara berde mako do nasta sosai lugga, do fa’a do sosai bana saito naftiri sembe mako o foofata. Milaribo owala yaama banaane.
To o yammai fu saito onangi fofde mako. Irin bani mai don hokkatamo bone odo kasa yamugo boddum balle tati jotta. Mi arti mi yari mo chemist petel ha fattude amin, be hokkimo lekki dojjugo gam odo dojja sedda sedda, amma dojjugo mai hallai .
Amma pat lekkiji o yari wala ko nafimo.
Foofugo mako bannin ni, kuma harjotta o wawata yamugo boddum. Useni irin damuwa toidamata mingel am be foofugo mako do bana hendu do saala babel piitum?
Useni o haadini hooto na? Heba famta ko daamata mo be kwadi berde mako do fada jippa do?
Irin yaudigi toi mihokkata mingel do ha sare, hoininamo heba o foofa boddum?
Don irin lekkiji fere sibiti na ko hundeji tan fere mataaki je hosata hado bingel do?",http://speech-app.s3.amazonaws.com/static/audio/uploads/7fa02a5e-7fbf-4035-ac4a-a0a5ce774686/b7945435a27748ee067b05b2e7f2c418_yl5nntAN.wav,"The symptoms of noisy breathing, chest indrawing, fever, and poor feeding indicate severe respiratory distress, most likely severe pneumonia, which is a life-threatening medical emergency. You must take the child to a hospital immediately for oxygen therapy and injectable antibiotics, as over-the-counter cough syrups are ineffective and contraindicated for such severe lower respiratory infections. According to WHO guidelines, chest indrawing and the inability to feed are critical danger signs in children that mandate urgent inpatient management rather than home treatment. Do not delay or attempt further home medications, as prompt hospital intervention is absolutely essential to save the child's life.",Qwen-3.7-Plus (audio),qwen3.7-plus
53a63cb8-b4bf-437e-81f1-de8e5d5fd0a2,fulfulde,fulfulde,Goɗɗo ɓe nodeta suberu duɓi mako sappan ɗe joyi nyande mum fere o fuddi nyouru arande bo yori ɗum nyadai amma de ɗum fabi asawai je sedda tan yarugo lebbi be hakkilo ɗum yahi ɗum hallobi sedda sai ɗum salda rimopde ɗum gonga on o habdi bauɗe ko o wawata inde ko nyauru ɗon satai amma. Pat manju ɗum wadai da ha nu o nyaɗita yonru de o hilliti dow o yaha o soda lekki dikka o yaha nyaudo o yawto o yokki nyaurde o hecci ɓe ɗo jalibi tati ko sali o lori fahin o hecci ɓe o hafti ko o wawata waɗugo bana ko himɓe shawari mo ko larani jumri ndiyam fowuɗam goro jum. Ɗo heɓe lekki ɗuɗi ka ko o suɗi da ha nuno o nyaɗita sei nyouru wari tullitti ɗum yottike wakkati fere fu mahe salda roɗi sei o nyami nyautawo on ko waɗi nyoru ɗum neɓuri bana ni salo yamɗetugo o yidi o anda ko waɗi dabare be leɗɗe ɗe o fuɗi fu nafi. oyam ɗume o wannata yoru ɗon yamɗita ɗo fu maru gam o heɓa o fufa no hani olollita jamu bandu makko.,"Goɗɗo ɓeno data Suberu, duɓi mako sappaɗe joyi, ƴande fere ofuuɗi ƴowru. Arande bo ,ƴowru ɗun ƴaaɗai amma  de ɗun faɓɓi asaweje seeɗa tan yarigo lebbi, be hakkiilo ni ɗun yehi ɗun Halloi. De neɓi seeɗa , se saldorimo bobɗe . Ɗun goĝa on o habdi bauɗe ko o wawata hinddeeko nyouru dun satayi amma ɗun pat manju ɗun waɗai. Da hanuno o ƴamɗita ,ƴowru tulliti. De O hilliti ,dou o yaha o soda lekki dikka o yaha  Nyaurdorde o yi'a Nyautowo. Nde o yokki  Nyaurdorde ,o yecci ɓe ,o ɗou ɗojja lebi tati ko saali.  O lori  fa hin ,o hecci ɓe o habdi ko wawata waɗuko bana ko hiɓɓe shawarimo ko larini jumri, diyan fowuɗan ,goroju-kaɗɗu,e ɓe lekki ɗuɗuki ko o soodi . Da hanuno ,O nyamɗinta se ŋyowru wari tulliti. Ɗun yottaki wakkati feere, fofugo ma e saldoramo ngam ŋyouru ɗum ƴaɗi . Se O ƴami Nyautowo on ,ko waɗi ƴowru ndum neɓir bana ni,sali yamɗutuko. O yinno o anda ko waɗi dabareji be leɗɗe ɗe o foodi fu ko nafayi .
Ragare mai ,on nƴami ɗume o wannata ƴowru dum ɗu nyamɗita dufuumaru ,ngam o heɓa o foofa no hani  o lorinita jamo bandu mako.",http://speech-app.s3.amazonaws.com/static/audio/uploads/6ff10d73-cf82-4a14-ad40-eeb16b48ee3c/1f9370eebab4290d473cde2592cac530_xvkrMpsV.wav,"Based on the classic presentation of chronic cough, hemoptysis, chest pain, and significant weight loss, this 15-year-old boy is highly likely suffering from pulmonary tuberculosis. The over-the-counter drugs, herbal remedies, and steam inhalations failed because they cannot eradicate the specific bacteria responsible for this infection. He must immediately visit a local community health center for a sputum test, such as GeneXpert or AFB smear microscopy, to definitively confirm the diagnosis. Following confirmation, he should be enrolled in the national tuberculosis control program to receive the standard, free six-month anti-tuberculosis medication regimen. Strict adherence to these specific antibiotics, combined with adequate nutritional support, will effectively cure the infection and restore his overall health.",Qwen-3.7-Plus (audio),qwen3.7-plus
d7e753fc-1afe-4a4f-9aa5-38ed678f3bdb,fulfulde,fulfulde,Dada debbo je danyi neɓai wari sibiti o vi tun ɓingal mako dayi odo ta rufa iyam sosai kanjum wadi o wala sembe ha bandu mako denbo mo danyi mai dubi mako nogas e nai o vi bo rufugo iyam mai dudi masin danta bo wata mo o wala sembe dada mai kasi nyamugo be kuma kasi wadugo kodum. Yonde amjum ɗum waddata debbo ninga rufugo iyam ɗo ɓawo dayi balɗe seɗɗa sali ɗum nyaundiku toi ɓe hokkata dada mai je rufugo iyam mai darata denbo o lorna sembe mako shawara hokkata dada mai be ɓingel mako. ,"Dada debbo je dayi nebai wari sibiti . Ovi tun bingel mako dayi odota rufa eyam sosai.
Kanjum wadi owala sembe ha bandu mako.
Debbo mo dayi mai dubi mako nogas e ni. Ovi bo rufugo eyam mai duudi masin denta bo watamo owala sembe.
Daada mai kasi yamugo be kuma kasi wadugo kodume.
Demde am kanjum dumedon waddata debbo ninga rufugo eyam do bawo o dayi balde sedda sali do? 
Yaudiku toi be hokkata daada mai je rufugo eyam mai darata denbo olorna sembe mako? Shawara toi hokkata daada mai be bingel mako?",http://speech-app.s3.amazonaws.com/static/audio/uploads/798b5106-bad5-4d3a-85ea-4fd316e84906/abb29e2a2870abd763272e9bb1013f56_ff77scjd.wav,"This severe, continuous bleeding eight days postpartum is a life-threatening medical emergency called secondary postpartum hemorrhage, typically caused by retained placental fragments or a uterine infection. It is indeed a serious medical condition requiring immediate hospital admission, a pelvic ultrasound, and likely surgical evacuation of the uterus to definitively stop the bleeding. To restore her strength and treat the underlying cause, she urgently needs intravenous fluids, blood transfusions for severe anemia, uterotonics to contract the uterus, and broad-spectrum antibiotics. In our local community practice, rapid hemodynamic stabilization and prompt referral to a well-equipped facility for surgical management are critical to prevent maternal mortality and ensure she can safely care for her newborn.",Qwen-3.7-Plus (audio),qwen3.7-plus
0c71b5cb-dae8-44ae-b736-bb2c582a4e97,fulfulde,fulfulde,Dottijo gorko warini amin sibiti goɗɗo vi o ɗo nana hore mako ɗo nawa daande mako ɗo tiɗi be kuma fofe peppetel vurtini mo ha ɓandu o wari ammugo ɗume on waddata irin ɗo be kuma irin dawatoi hokkata mo min emi goɗɗo mai ko nawugo hore mai jotta warini mo na ko sedda sedda warin. Dottijo mai vi warini mo jamma den bo halli jotta min emi mo bo o do lara hite na o vi a gam hite o tull mo nawol hore min nemi mo fu hala fufe ha bandu mako ko do nawa sosai ko sedda sedda dottijo mai vi fu finimo patdu be kuma o wawata viwugo da pellel. vilel gotel amma ɗo nyamo ɓawo kanjum min emi mo ko o fotti be nyaudo o vi wala ha o yahi banda sorugo hunde ha yeso sare maɓɓe damde amin ha likita kanju don ko waddata nawol hore be dande tiddata dum haru o wala wailita dande be fufe ko hatoi ha bandu mako dume waddata dum nyau je rabata on. hundeji fere am je didabo irin goji toi goddo do wadata en anda ta lalle ko hebi mo heba anda dawa be lekki toi o naftirta bako jaborugo vurtan.,"Dottijo gorko warini Amin sibiti, goddo vii, odo nana hore mako donaawa. Daade mako do tiidii, be kuma foofe per peton vurtino ha bandu . Owari emugo dume don waddata irin do be kuma irin dawa toi hokkatamo. Min emmi goddo mai ko nawugo hore mai jotta warinimo na ko sedda sedda warinimo. Dottijo mai vi warinimo jamma denbo halli jotta. Min emmi mo bo odo laara hiite na? Ovi aa gam hiite o tullinamo naawol hore. Min emmi mo fu hala foofe ha bandu mako ko do naawa sosai ko sedda sedda. Dottijo mai vi foofinimo pat bandu bo kuma o wawata viyuwa da pelel gotel amma do nyanya mo.
Bawo kanjum min emmi mo ko o fotti be nyado . Ovi wala ha oyahi, banda sorrugo hunde ha yeso sare mabbe.
Dembe amin ha likita kanjum don kowaddata nyawol hore be daade tiidata do har o wala waylita daade, be foofe ko hatoi ha bandu mako? Dumewaddatadum? Ye’u je raabata donnaa or hundeji fere? Dembe am je didabo irin goji toi goddo do wadata en andata lallai kohebimo, heba anda dawa be lekki toi o naftirita bako jabargo vurta?",http://speech-app.s3.amazonaws.com/static/audio/uploads/ceaf10d8-fa7a-4df9-80bf-e0743041838f/85348220c411afa6b31e56a1ee5100a1_U8wIyu76.wav,"The patient's presentation of severe headache, high fever with rigors, vomiting, and neck stiffness strongly indicates meningitis, though cerebral malaria must also be considered in our endemic region. This life-threatening condition is typically caused by bacterial pathogens like Neisseria meningitidis, which is highly prevalent in the African meningitis belt, or by severe Plasmodium falciparum malaria. You must immediately administer empirical intravenous antibiotics such as ceftriaxone alongside intravenous artesunate to cover both bacterial meningitis and severe malaria while awaiting cerebrospinal fluid and blood smear results. Prompt initiation of these therapies, combined with aggressive intravenous fluid resuscitation and fever management, is the standard of care in our community hospitals to prevent severe neurological complications or death.",Qwen-3.7-Plus (audio),qwen3.7-plus
1cac3a3f-9a74-4667-8cde-20d64f95ca37,fulfulde,fulfulde,Debbo lari gorko mako debbo lari gorko mako doja be sembe to ummi be fajira be yeso maini dojugo nonni fuɗɗata o neɓani bako dara balɗeji o waɗani o lari gorko mako o yara bane fofugo to o yaɓi seddani ko o fa’al o do dara lorna fofɗe mako denbo o ɗo yawa sam be lau. Ɗon yende gorko mako neɓi o ɗo dodda be o do habda lorna fofɗe dami debbo mai o fuddi numugo ko don yahugo je waddata damuwaji dogo mai sai o volwwini gorko mako do yaha asibiti be lara likita heba be hefta ko damata mo jamde mai dume on waddata dudugo kalnudi bannin be yawugo somungo be fofugo dater do damuwa do wawan ko shafi. ko yahugo chafi berde hundeji toi ɗon waɗata goɗɗo maya ko yarna goɗɗo vonugo har je goɗɗo mai handi ni dasa hakkilo alamaji je damuwaji fofugo je darde handi lara hakkilina je dottugo be fofugo dateɗum.,"Debbo lari gorko mako do dojja be sembe to ummi be fajira bedo do leso maini. Dojjugo nonon ni fuddata, oneba ni bako dara. Baldeji owada ni o lari gorko mako o yarabone foofugo . To o yapi sedda ni ko ofa’e eskal , odo dara lorna fofde mako , denbo odo yawa sommugo be lau. Don yende gorko mako neebi odo dojja be odo habda lorna fofde , daami debbo mai. Ofuddi numugo ko don ye’u je wattada damuwajido . Jango mai sai o volwini gorko mako beyaha sibiti be laara likita, heba be hefta ko daamata mo. Demde mai, dumedon waddata dojjugo kalnudum banni be yawugo somugo, be foofugo daker do? Damuwa do wawan ko shafi balle na ko ye’u ko shafi berde?. Hundeji toi don watata goddo maya ko yarna goddo bone foofugo, harje goddo mai hadine dasa hikkilo yaudibe?
Alaamaji kalnudum je damuwaji foofugo je dardiraabe haadi laara, hakilina je dojjugo be foofugo daker do?",http://speech-app.s3.amazonaws.com/static/audio/uploads/14e256b0-1035-474e-8535-57803cab4e54/612b88c302002700ef6c824d0bee5487_JVafDqdg.wav,"The sudden onset of severe agitation, running away, and self-harm behavior in this woman strongly suggests an acute psychiatric episode, such as acute psychosis, a manic episode, or postpartum psychosis if she recently delivered. However, because you mentioned she is experiencing pain or fever, we must first rule out organic medical causes like cerebral malaria or severe systemic infections that can cause delirium and secondary psychosis. In our community practice, while spiritual causes are often suspected by families, it is critical to conduct a thorough physical examination and basic laboratory tests to identify any underlying physical illness before treating it as a purely mental disorder. She needs immediate admission to the hospital for close monitoring, treatment of any underlying infection, and appropriate antipsychotic medications to calm her mind and prevent self-harm. With proper medical treatment, a supportive environment, and family counseling, her condition can be effectively managed so she can safely regain her mental stability.",Qwen-3.7-Plus (audio),qwen3.7-plus
eead0ddd-1dfe-4ab0-991d-095ac322bccf,fulfulde,fulfulde,Jam bandu mi wari gammini ko amin giteji be balli mako do wadi yalo ni kuma banni mai ni har kusan balɗe tati ɓandu maɓɓe bo do wuri o dolla be zazzabi bo kuma ɓe wawata nyamugo ɓe wawata jogugo ko ha redu bo ɓe ɗo diuna ɓe ɗo somi wala. ngam hore maɓɓe do rekka do nawa be bandu maɓɓe do buli min wodi nafturgo hundeji min mari hasare amma wala ko chanji sam be damata be giteji mabbe be balli maɓɓe je chanji kolo jalodum ha jotta dillai do bedda ɓeddugo tan kullum be wala darta. Ɓe ɗo yara bone kanjum waɗi Allah haɗɗo ɓe ɗo nana bone sosai kanjum waɗi min wari sibiti heɓa min anda ko mintaakata heɓa ɓandu min gite je waɗata jalo ɗo ha chan be hoinai.,"Jam bandu, miwari gam miniko am , mi laari ni giteji be balli mako do wadi jallo jallo ni. Kuma bani mai ni har kusan balle tati. Bandu mabbe bo do vuli odolla be zaszabi. Bo kuma be wawata yamugo, be wawata jogugo kodume fu haa redu. Bo be do duwna be do sommi wala sembe. Gam hore mabbe do regga, do naawa, be bandu mabbe do wuli. Min godi nafturugo hundeji min mari ha saare, amma wala ko changi sam be damata be. Giteji mabbe be balli mambe je changi colo jallo do har jotta dillai, do bedda beddugo tan kullum, be wala der jam, be yamdai. Bedo yara bone. Kanjum wadi Allah haddu , bedo nana bone sosai.
Kanjum wadi mi wari sibiti heba min handa komin taakata, heba bandu miniko am, balli be giteji je wadata jallo do hachai be haunai.",http://speech-app.s3.amazonaws.com/static/audio/uploads/e56ed16c-b8f2-4bf6-a64a-31c145f3fe5d/632fed9fd6caafa6b04acc21b3281845_swgorVyY.wav,"The clinical presentation of high fever, persistent vomiting, diarrhea, and inability to eat in these children and family members strongly suggests a severe acute infection such as malaria, typhoid fever, or severe gastroenteritis complicated by significant dehydration. Immediate medical evaluation is critical to perform rapid diagnostic tests for malaria and enteric fevers, alongside a thorough clinical assessment of their hydration and electrolyte status. In our community hospital setting, our primary intervention is to aggressively correct fluid deficits using oral rehydration solutions or intravenous fluids to prevent hypovolemic shock. Following laboratory confirmation, we will promptly initiate targeted therapies, such as artemisinin-based combination therapies for malaria or specific antibiotics for bacterial enteric infections. Please bring the patients to the emergency ward immediately so our team can stabilize their vital signs and begin life-saving supportive care.",Qwen-3.7-Plus (audio),qwen3.7-plus
24394b13-2ade-4730-89fc-1aa86c1b2d7d,fulfulde,fulfulde,Ɓingel waɗi redu mako woɗa soina kanko mai wodi redu ko feiti hande bo jima misi oɗo wodi naudum o arti o mofti kare mako o wari wuro an ɗum ɓe yiɗi inde mi lari nako darayi mofti kare mako arinde kam o yiɗa mi yarama nyamdurde mi yarima nyauɗo ɓe lari mo ɓe wi’i rimirde mako fuɗɗi no maɓɓi to den wakkati o dan maɓɓi. Dan wakkati odyota badi ha jotta koni mako ha wakkati konju kala on wurtoi to ingaya kam on no nana naudum naudum dobe jodata jodi naudum mako wurtai ridi mako arande on hakila am ummi be ta Miɗi mi yida binge on mi yiɗa mi soya binge ame warta dou sa'i ni foɗata nau ɗum on danyoda arande wa’ina noɗata ɓe wi'a binge ko tay vurta hite alura ko ɗon saika mo.,"Bingel am  wadi reedu;  duɓi makọ woɗa lasọ  ẹ nayi. Kankơ nọn mọ wodi redu. Kọ fayti hanɗẹ bọ.
Jemma, mi hissi ọɗọ wondi nauɗu. Ọ arti  ọ mofti  karẹ makọ ,ọ wari wurọ am. Nauɗu mei  ɓeidi ,ndẹ mi lari nawɗum makọ darai, mi mofti karẹ makọ, arandẹ  kam  o ƴiɗa mi yaramo Nyaudọrdẹ .  Mi yari mọ Nyaudọrdẹ  ɓẹ larimọ. Ɓẹ wi'i rimirdẹ makọ fuɗi nọ maɓitọ, den wakkati o danygol ɓadi.
Ha jotta kam ,danygol makọ nọ maɓinti fa wakkati kọ cukaley ọn wurtoitọ. Iga Ƙenƴa  kam ,cukaley ọn nọ nana nawɗum ,den nauɗum  nọ ɓẹddo tam ha min yọtti.
O wondi  nawɗum, cukaley makọ wurtay,  reedu makọ arandẹ ọn. Hakkilo am ummi , ɓẹrne am de itaaki.
Mi ƴidi mi yida ɓingel am, mi ŷiɗa mi soya ɓingel am nge warata do.  
Useini,ɗumẹ fọɗata nawɗum on?  Non daynrgol arandẹ wa' i na?
Ɗun watọn na ɓẹ wi'a ɓingel fotay wurta heedi alaura ? Ko ɓọ dun sẹkan mo?

",http://speech-app.s3.amazonaws.com/static/audio/uploads/54d97066-aaf6-453b-93b7-5874f6b2bdb1/74d2c2539d22f06d6b6e1e053f9721aa_p44tmTP2.wav,"The child's presentation of bloody diarrhea, vomiting, and ear pain indicates bacterial dysentery with probable dehydration and concurrent acute otitis media. Following Integrated Management of Childhood Illness (IMCI) guidelines, immediately assess the child's hydration status and manage with Oral Rehydration Solution (ORS) and Zinc supplementation. Treat the dysentery with an appropriate antibiotic like ciprofloxacin or ceftriaxone based on local resistance patterns, and prescribe oral amoxicillin for the ear infection. Additionally, the mother requires urgent evaluation for her postpartum abdominal pain to rule out endometritis or retained products of conception, while you counsel her on continued feeding and danger signs for the child.",Qwen-3.7-Plus (audio),qwen3.7-plus
c7ae9c4c-9650-4dcc-9c1f-dd2ce1320982,fulfulde,fulfulde,Debbo fere mo duuɓi cappan e ɗiɗi e ɗiɗi mo danyi ha asibiti bal e tati ko sali waddi ɓingel mako hande waɗugo riga ɓikkoi keccon nde o wari sai o yecci amin ɓingel ɗo sali musongo ha yotti ɓingel man wala sembe ko sedda bo o nan o vi ɓingel man. dembo ko ndei jungo mako kosde be bandu mako pat do fewi delem har do holla mo to o memi bingel man be jungo mako har dikka o hosa mo ha der sabbo hakkilini bingel man sali en di bandu mako do fewi to be memi dembo bandu man do bedda watugo har o wala. jungo mako forta kosɗe bo wala dimba sam oɗo wali babal gotel tan to alari ɓingel manni oɗo yonti bo nyaungel ɗume dasi bannin man ɗum a numata dasata ɓandu ɓikkoi keccon fewa delem to goɗɗo memi ko gam o sali musungo on tan ko game on. Re min wawata waɗugo hala salare kosam en ɗi man nden bo hala riga handi min jaɓa man ɗume on shawara ma ha dou man.,"Debbo fere moh dubi chappan eh Didi eh Didi moh danyi ha asibiti balde Tati ko sali waddi bingel mako hande wadugo riga kafi bikkoi kecchon. Deh o wari sei o yechchi Amin bingel doh sali musungo, ha yotti bingel man wala sembe koh sedda boh o danan tan. Ovi bingel man wala joga endi, denbo kodei jungo mako, kosde beh bandu mako pat doh fewi delem har doh hulna moh to’omemi bingel man beh jungo mako, har dikka o hosa moh hader sabbodeh. O hakkilini bingel man sali endi, bandu mako doh fewi to beh memi denbo bandu man do bedda watugo har o wala Wawa bamta jungo mako, forta kosde boh o wala dimbah sam, odo wali babal gotel tan. Toh a lari bingel manni odo yonti boh nyaugel. Dimeh Dasi bannin man? Dimeh on a numata dasata bandu bikkoi kecchon fewa delem toh goddo memi? Koh ngam o sali musungo on tan koh ngam dimeh on? Dimeh min wawata wadugo hala salareh kosam endi man? Denbo hala Riga kafi hadi min jabah man dimeh on shawara mah ha Dow man? ",http://speech-app.s3.amazonaws.com/static/audio/uploads/c667015d-cb35-4cae-a580-4a5001443e0d/7e11306fe2f55f3ac9477ddb4d830de2_VnFrNlTX.wav,"The mother's unilateral numbness and weakness strongly suggest a postpartum stroke, likely secondary to eclampsia or cerebral venous thrombosis, while the baby's lethargy indicates neonatal encephalopathy, sepsis, or hypoglycemia. For the mother, urgently assess her neurological status, control her blood pressure, and arrange neuroimaging to confirm the stroke etiology. For the neonate, immediately check blood glucose, ensure thermal care, and initiate empirical antibiotics and supportive care for possible birth asphyxia or sepsis. Because the mother's right-sided hemiparesis prevents her from safely holding or breastfeeding, a healthcare worker or family member must assist with positioning, or she should express milk for cup or nasogastric feeding until her motor function recovers. If your community hospital lacks neuroimaging and neonatal intensive care capabilities, urgently refer both patients to a higher-level tertiary facility.",Qwen-3.7-Plus (audio),qwen3.7-plus
b56b8cde-923d-43a6-a213-9825f54e05d9,fulfulde,fulfulde,Debbo danyi ɓingel ɓingel lewru mai lewru jui waɗi bayani hala ɓingel mai o viya damuwa dow ɓingel mai wakkati o dal mai ɗo musina sosai bana no handi. Bannii tan o laari ɓinngel may ɗo woka nawɗum haa juuɗe be kosɗeeji maako yotti haa ɓinngel may woka ɓe ɓamtan o laada koo o dimba heba o yotta dada maɓɓe puseni ɗume on dada ɗo wannata ɓinngel ɗo hoyna mo nauɗum haa juuɗe bee kosɗeji ɓinngel ɗo bee dada mo ɓinngel Kanjum dada yiɗi wara sibiti be ɓingel mai ɓe lara likita heɓa ɓe hefta ko ɓe wannata ɓe vallita ɓandu ɓingel ɗo o wona o jamu.," Debbo dayi bingel. Bingel mai leuru jew ko saali. Owadi bayani hala bingel mai, ovi wala damuwa do bingel mai wakati odayi mo, bingel mai do musina sosai bana no haadi,  bani tan o laari bingel mai do wooka naudum ha juude be kostejimako.
Yotti har mingel mai wooka be bamtamo o ladda, ko o dimba, heba oyotta daada mambe.
Useni dume don dada do wannata bingel do, hoinina naudum ha jude be kosteji bingel do, be da darna mounugo bingel mai? Kanjum daada idi wara sibiti, be bingel mai be laara likita heba be hefta ko be wannata be vallita bandu mingel do, o wonna o jamo.",http://speech-app.s3.amazonaws.com/static/audio/uploads/d6814191-320f-476e-b754-1e5f00ce3b43/a7bfb580c59dbfc06b698a2a2c7cc8bd_dC1HSTpx.wav,"The infant's frequent vomiting followed by convulsions and limb stiffening strongly indicates severe hypoglycemia, electrolyte derangement, or a central nervous system infection such as meningitis. In our community setting, immediate management prioritizes checking capillary blood glucose and administering intravenous dextrose to reverse hypoglycemic seizures while securing the airway. Given the high local prevalence of infant sepsis, we must promptly obtain blood and cerebrospinal fluid cultures before initiating empirical intravenous antibiotics and correcting dehydration with fluid resuscitation.",Qwen-3.7-Plus (audio),qwen3.7-plus
2f3e44a3-7f20-485e-ba8b-2776f62a7e10,fulfulde,fulfulde,Debbo lari gorko mako ɗo mari nawol hore nawol hore mai voɗai sam sam nawol hore ɗo ɗo nawini harnde mako o tidini wawata waitugo nano be nyau ni bana no handi sai o lari kula pamari je wala no ɓandu gorko mai amma fuɗɗi vurti non. Debbo mai ɗo irin kuje je feɗi dow ɓandu gorko mako ɗume on lati hunde mai vurti kuma ɗume on waɗata ko mi gorko mako meɗi marugo zazzabi nauɗum na kuma lekki toi ɓe naftiri o vi’a ko gorko mai leso o ɗaana ɗo. pilo nda wayi ba o dande mako ba o fide mako ba non nawol hore mai wari sai wardi be tildi kuma kugal perpetel vurtini mo ha bandu mako ko irin kuje banni. ɗon irin debbo ɗo waɗata vallititta gorko mako be lornamo ɓandu bana no vonna.,"Debbo laari gorko mako do mari naawol hore, nawol hore mai voodai sam sam. Nawol hore do , do nawii ni har saida daade mako o tiidii ni, wawata wellutugo nano, nyamo ni bana no haadi. Sai o laari puulel pamari je walano bandu gorko mai amma fudi vurti nonon. Dum hulni debbo mai do irin kuje je fedi do bandu gorko mako, dume don laati hunde mai vurti, kuma dume don owadata? Komiemi debbo mai ba gorko mako medi marugo zaszabi naudum na be kuma lekki toi be naftiri?
Ovi aa.  Ko gorko mai, leso o naanata, do pilo dawai ba o naani do daade mako ba? Ovi aa. Dawai ba o naani do daade mako ba nonnon naawol hore mai wari, sai wardi be tiidol daade. Kuma pullel per pertel vurtinimo ha bandu mako.
Ko irin kuje bani fe’di, dume don irin Debo do wadata vallititta gorko mako be lorninamo bandu bana no wonnon?",http://speech-app.s3.amazonaws.com/static/audio/uploads/2f4abe8b-e67f-4ef8-ad92-a4a83f3f42ba/b3f8e1c492a2e170e1020e915f9e5feb_9wk2n8d4.wav,"The husband is experiencing a severe adverse drug reaction, such as a hypersensitivity rash, and a persistent headache secondary to severe malaria or the antimalarial medications used to treat it, rather than a sexually transmitted infection. In our local context, it is a common misconception for spouses to mistake drug-induced skin rashes for signs of infidelity, leading to unwarranted abandonment and a refusal to provide care. Medically, these dermatological reactions are non-contagious pharmacological side effects, not indicators of extramarital sexual activity. To resolve this crisis, the couple requires urgent clinical counseling to educate the wife on the true, non-infectious medical etiology of the rash. Once she is medically reassured that the condition is merely a medication side effect, she will overcome her fears and safely resume providing the necessary physical care and intimacy for her husband's recovery.",Qwen-3.7-Plus (audio),qwen3.7-plus
2cc76397-ed2f-47fc-bfe4-fc04693d603d,fulfulde,fulfulde,Dada peju ɗo mari ɓikkon tati peɗu on petel mai pedu ɗo mari duubi gotel ɗada peju mai hirliti bawo balɗe sedda de o danyi peju do mari nyau koma ton wakkati mai odo ta occa wala darugo sam o virliti fofugo fu do hokka mo vi ɗojugo ɗo yawanci ɗo warinamo be keke wakkati komoi fu nasti ɗo ɗaana o vi fota boɗɗum ɗo wala acca mo o fofa o vurtina boɗɗum o vi o yahi ha nyaundigo gargajiya kuma hokki mo. Lekki gargajiya amma o hirliti wala ko huwini mo sei o vi o dilli tan o yahi a sibiti heɓa ɓe hefta ko fe’ata be petul damuwa ɗo wawan hoina ɓingal ɗo damuwa ɓerde na ko asma ɗon fe’ata be ɓingel ɗo kujeji toi ɗon handi ɓingel ɗo handi acca heɓa ko. damata mo wadinta mo o dodda ho’ina mo usta sosai.,"Daada  peju, do mari bikkon tati, peju don petel mai . Peju domari dubu gotel. Daada peju mai hirliti bawo palde sedda dai odayi . Peju do mari ye’u dojjugo, kuma tun wakati mai odo ta dojja wala darugo sam . Ovi kuma o hirliti foofugo fu do hokkamo bone.ovi dojjugo do yawanchi do warinamo be kikkide  wakati komai fu nasti do naana. Ovi foofugo mako do sadina mo ofoofa boddum. Kam dojjugo do wala acchamo o foofa o vurtina boddum . Ovi oyahi ha yaudiko gargajiya kuma hokkimo lekki gargajiya amma o hirliti wala ko huwunimo. So ovi odilli tan oyahi sibiti heba be o hefta ko fedata be peju. Damuwa do waawan hoyina bingel do na? Damuwa berde na ko asma don feddata be bingel do? Kujeji toi don haadi bingel do haadi accha, heba ko damaatamo wadintamo o dojja hoyinnamo, usta sosai?",http://speech-app.s3.amazonaws.com/static/audio/uploads/6e909e46-aea0-4c4f-bb81-41b4c41de685/f1bc7d90ca18dcde7c7c9283d525d056_aJYaONaC.wav,"You must immediately stop administering all traditional oral and rectal remedies, as they are causing harmful vomiting, dehydration, and potential toxicity while delaying effective medical care. Strictly adhere to the hospital's prescribed medical treatments, such as bronchodilators or antibiotics, which are evidence-based interventions for pediatric respiratory distress and pneumonia commonly seen in our region. To support his recovery and counteract fluid loss, provide frequent, small feeds of breastmilk or oral rehydration solutions to ensure adequate hydration and nutrition. Finally, closely monitor the child for danger signs like severe lower chest wall indrawing, lethargy, or inability to drink, and return to the hospital immediately if these occur to prevent fatal complications.",Qwen-3.7-Plus (audio),qwen3.7-plus
54bbaad4-dfe1-40e7-91f1-83faadadab2c,fulfulde,fulfulde,"Mini amodai we'e anɓɓa he jo jonamo o warti wuro o wulla, kominma ko fetiyam bosaru ha kosɗe mako me kala bo saru on toi ɗum ɗuroi koɗum bosaru kindiraɓe on wakkati nden meban ha balbe bo salun nga timmo ngam ɗum warake bo saru. mi yarama asibiti danyu dare kindira bate den tan mi yaha mi soda ha kemis mi sodi bata on ɗum tufuma ɗum kenya illa wakkati den mi yarima wuro amma lake man umti nokkure nanwoji jotta kam hakkila ammi hemi tammi bo sare ɗon hokki ɓingel nyamdu bo sare. mido nyama wodi lekki combiti larugo ko mo.","Mi lili bingei am sodan  bafe ewedu ƙeƴa kikiɗe. Hanọ mintaci sappọ e joyi, kosam owarti wuro e owulla.Ko mi ƴami ko fayti, ɓẹ wolwaniya ɓọsaru ngati  kosɗe mako. Mi ƴami mon dume kala bọosaru on, toi  dun ƴuroi ko ɗu boosaru keddiraɓẹ non. Wakkati nden, mi wujani mo ŋebban ha babal boosaru ngati mo, ngam dum wara tọke ɓosaru ɗum.
Sai ɓẹ hokki am shaawori mi yaramo asibiti dayngol dere keddiraɓẹ . Ɓe widdaniyam baatẹ tetanus mi yaha mi sooda ha kemist. Mi soodi baatẹ ọn,dun tufi mo ɗun ƙeƴa. Illa wakkati den, mi yarimọ wurọ amma illa ƙeƴa , futtẹrẹ man ɓuuti , nọgurẹ nọ wooji. Jotta kam ,hakkilo am  ummi  ẹ mi tammi boosaru dun hokki ɓingel am nƴau boosaru.  Mi ɗọ ƴama wodi  lekki kọ mi sodinta na mọ ko bọ mi yara mọ sibbiti ɓẹ  ɓedda larugọ mọ.",http://speech-app.s3.amazonaws.com/static/audio/uploads/2cfca6d5-0a0f-4852-ae31-483a1a78d358/d7f56e3c49af2c1ef1fe26497dd03885_Ojde3urT.wav,"The neck swelling that enlarges when the baby cries is likely a structural condition such as internal jugular vein phlebectasia or a laryngocele, which bulge due to increased pressure during crying. Because this is an anatomical issue rather than an infection, there is no medical drug or traditional herbal remedy that can cure it. I strongly advise against using any local herbal concoctions, as they are ineffective for structural masses and can cause dangerous toxic side effects in infants. You must take the child to a well-equipped hospital for a neck ultrasound to confirm the exact diagnosis. Based on the imaging results, a pediatric specialist will advise whether the condition only requires safe observation or a minor surgical procedure to resolve it.",Qwen-3.7-Plus (audio),qwen3.7-plus
f25002c8-9b3c-4634-b743-63e14592b434,fulfulde,fulfulde,Gorko ambi mako cabble nai bo milliti sati ko sali ɗum o ɗo fita yara ndiyam sosai sosai no yarata ndiyam mai nonnon o silata to o yari ɗuɗɗum ma non kuma nonnon ma be jemma o finai wadai de sappo o ummi o yaha o silla o ɗo woka fu o nana. Bo o ɗo ɓeddi ɓandu seɗɗa wakkati fere o ɗo fiya o ɗo lara daure o wala lara boɗɗum to o ummi o ɗo wanca mirliti o ɗo silla akai be ɗuɗɗum bo ɗume on watata sendugo. Ɗo be ɗonka ɗo kwaɗi o yarata ndiyam ɗuɗɗum denbo o ɗo silla ɗuɗɗum ko alamaji ɗo wawan je yahu shuga ko hundeji fere ɗon aunugo be ko ji waɗata heɓa hefta irin nyautoy ɗon ɗo ko waɗi o ɗo somi kullum ɗo ɗume on waddata silugo akay ɗo. Ɗo sembe iyam mako ɓamti ɗon waɗata nyauɗo ko ndiyam ɓandu mako timmina ko kuje fere ɗon tan irin nyiri be kujeji yarugo toi o accata kuma ɗume on handi o dinga nyamugo mataki toi hosata vallititta alamaji ɗo de handi noi be hollugo je shuga handi waɗa kullum ko. Yonde go nyau toi ɗon waɗata alamaji ɗo je feɗata ha ɓandu mako.,"Gorko am dubi mako cappende ni. Denbo mi hirliti saati tati ko saali do odo fi ta yara diyam sosai sosai. No o yarata deyam mai nonon o sillata. Toh oyari dumdum ma nonnon. Kuma nonnon ma be jamma o finai wadai de sappo, o ummi o yaha o silla. Odo wooka fu, odo nana chomri kullum. Bo odon beddi bandu sedda. Wakati fere odo fi’a o do lara dowre, owala laara boddum to o ummi odo wancha. Mi hirliti odo silla akai akai bo dundum bo. Dumedon watata sillugo mere mere do be donka do? Kwadi oyarata diyam dumdum denbo odo silla duddum? Ko alaamaji do waawan je ye’u shuga, ko hundeji fere don? Haunigo toi be goji toi waddata heba hefta irin ye’u toi don do? Kowadi odo somi kullum do? Dumedon waddata silligo akai akai do? Do sembe eyam mako bamti don waddata ye’u do, ko diyam bandu mako timmi na, ko kujjeji fere don tan? Irin yiiri be kujeji yarugo toi o acchata, kuma dume don haadi odinga yaamugo? 
Mataaki toi ohosata, vallititta alaamaji do? De haadi noi goji be haunugo je Ye’u shuga haadi wada, kullum na ko yandego yandego? Ye’u toi don waddata alaamaji do je fe’data ha bandu mako?",http://speech-app.s3.amazonaws.com/static/audio/uploads/8a97b8c6-8fe2-4d56-8192-7dfa47a06db8/729fddc470af85a17ac60bfb78dd0ee8_4uOweQfF.wav,"The patient's classic presentation of excessive thirst, frequent urination, weight loss, blurry vision, and severe fatigue strongly indicates uncontrolled Diabetes Mellitus. Pathophysiologically, chronic hyperglycemia exceeds the renal threshold for glucose reabsorption, leading to osmotic diuresis, profound dehydration, and the resulting polydipsia. He requires immediate evaluation at the community clinic using a fasting blood glucose or HbA1c test to confirm the diagnosis and quantify his glycemic status. Treatment should promptly initiate oral hypoglycemics such as Metformin, combined with dietary counseling utilizing locally available, low-glycemic, high-fiber foods. Furthermore, regular community-based follow-up and patient education on foot care and hypoglycemia recognition are essential to prevent severe diabetic complications.",Qwen-3.7-Plus (audio),qwen3.7-plus
c6d6cd08-5891-40ef-a139-f669e738afb7,fulfulde,fulfulde,Reɗujo wari sibiti kikkide gorko mako do hollina mo akai akai o vi do wati mo o dinga hurturgo yalade duddum to o nani gorko mako do warta sare ko to o nangan lawol sare sai odo wurtira gam o do dami. Ta o tappam ko o huɗam o heliti fu ɓernde mako dogga ɗo fiya o dilli ha sembe iyam mako sai o tawi ɗo va’i sai o vi o tori vallide ha sare mako yecci ɓe wanni mo bayani mo bayani ko. Kanjum ɗon sare mako hokki mo lekki gargajiya amma wala ko acci sam bawo o naftiri o yiɗi o anda ɗume on o waɗata heɓa ta o ringa vurturgo sosai ɗo tori ko to on ni gorko mako ɗo warta ɗum on waɗata o lornina hakkilo mako ɓernde mako wala jam e hakkilo.,"Reedujo wari sibiti kikide do, sai ovi gorko mako do hoolinaamo akai akai be do doofa mo kullum. Ovi do watimo odinga hurtuluggo. Yalaade dumdum to onani gorko mako do warta saare ko to onangan lawol sare, se odo hurtila gam odo daami ta o tappamo ko o huda mo.
O hirliti fuu berde mako do dogga, do fi’ya. O dilli haunugo sembe eyam mako, se tawi do fa’i.
 Sai ovi o tori vallinde ha saaro mako be oyechhi be wanni be bayani ko feddata.  Kanjum don saare mako hokkimo lekki gargajiya amma wala ko acchi sam bawo o naftiri.
Oyidi o anda, dume don o wadata heba ta oringa hurlituko sosai do, to odo hota sare ko to o nani gorko mako do warta? 
Dume don owadata o lornina  hakkilo mako, berde mako waala , jam e hakkilo?",http://speech-app.s3.amazonaws.com/static/audio/uploads/2e433a65-2b62-4d14-bb27-dd938229234c/c306bef2a869a29a5f5379e5e636567c_FwtnIFMv.wav,"Your symptoms of a racing heart, profound weakness, and mental distress are direct physical manifestations of severe emotional trauma, anxiety, and depression caused by the domestic abuse and marital infidelity you are enduring. The traditional herbal medicine failed to help because your condition is primarily psychological and socially driven, rather than a simple physical illness. In our community clinic, we manage such stress-induced somatic symptoms by providing psychological counseling, social support, and safety planning for victims of domestic violence. We will also conduct a basic medical evaluation to rule out underlying physical conditions like anemia or thyroid issues that could be worsening your palpitations. Furthermore, we can prescribe safe, modern medications to help calm your nervous system and restore your mental peace while you navigate this difficult situation.",Qwen-3.7-Plus (audio),qwen3.7-plus
01c01c8d-5192-45d6-b2a6-aa58636139b3,fulfulde,fulfulde,Debbo banga on duɓi amin e tati e joi usbi joi on lari amoti kugal ko yali amɗe tati sali ɗo mi hefti o ɗo fi kata ɗoja sosai ko ɗume je darnata. Ɗojugo mai amma mi lari accdai joɗugo ha sare to mi dilli be fajira se a warta jego dada am on joɗata be ɓingel am kala deɓi wakkati yonugo min ɗo yona min nana ko ɗo yecca am woɓɓe. Ɓingel ambi joi on kosam ɓe fuɗɗi yahugo kugal mi dayi miɗo kosam mi yarni mo kosam je lebbi tati mi fuɗɗi hokkugo mo nyamduji fere miɗo hokka mo. Nyamduuji kala kala bana gaari be nyamdu ɓingel je mi andi ko yardi amma fofugo mako dana o fofi ba dan o vowi fofugo ba o wala fufa boɗɗum kuma mako sukki pat. vidum be hande wakkati o do yiwa mo be fajira sanga o naftiri ndiyam jumjum ha kine mako be haberde mako gam ndamba mai sati fofugo mai fuddi o acci fofugo boɗɗum kuma fofugo mai acca kuseni. on min naftirta hamaku je acca tabba mai kuma hala fufugo mai je lebbi die waɗata mum kuma min wadata hala fufugo boɗɗum. haɗata mo fufugo.,"Mi dabbo panginga, duubi ma cappande tati e joyi. Useni ,mido  bingel am laibi joyi on laraina am mo. 
Mi hoti kugal. Ko kaydini ma , yalde tati sali do , mi havti o do if kata doja sosai. Min godi kodume je darnata dojugo mai, amma mi lari acei. Mi  Duda I jodugo ha Sara. To mi dile be fajita, Sai asiri mi wartata jago . Dada am on Jodata be bingel am . Kala dami habi wakati onugo, mido onuna minana ko odo doja, kuma beddo yeca am odo doja. Bingel mai lebi joyi on . O ace yarugo kosam tan  gam mi fudi yahugo kugal. Mi rai nimo kosam je labi tati, mi fudi hokugomo yamduji fera.  Mi do hoka mo yamduji Kala Kala , bana gari be yamdu bingel  je mi andi.
Ko kaydini am tun keyan Jamba, fofugo maako da bana o vowi ba. O wala fofa boddum, kuma kine maako suki pat .
Dada ma vidum ma hande wakati odo yiwamo be fajira, san da o naf tartiri diya jumjum ha kine mako be ha berda mako gam danma  mai sati.
Fofugo mai  fudi. O achiti fofugo bodum, kuma fofugo mai ache mo.
Useki, am dema: dima on mi naf tirta a maako je a cha ta  danba mai? Kuma hala fofugo  mai je labii, dime mi wadaata, dime mi naf tarta mo, kuma dime me wata hala fofugo bodum bo hadata mo fofugo.",http://speech-app.s3.amazonaws.com/static/audio/uploads/e969e5a4-b9c1-4135-91f5-06d3466c1f7b/0c71653210fc3b05c4f3723db180c30f_Ky7SgT4A.wav,"The patient is experiencing severe pruritus secondary to xerosis (extremely dry skin), evidenced by the lack of primary skin lesions like red spots and the explicit presence of dry, flaky skin. Bathing with hot water and harsh soaps strips the skin of its natural protective lipid barrier, exacerbating the dryness and triggering a severe itch-scratch cycle. She must immediately stop using hot water and harsh local soaps, switching instead to lukewarm water and mild, non-detergent cleansers. Within three minutes of bathing, she should apply a thick, locally available emollient such as pure shea butter, coconut oil, or petroleum jelly to lock in moisture and repair the epidermal barrier. If the severe itching persists despite these conservative barrier-repair measures, she requires a clinical evaluation to rule out underlying systemic causes of pruritus, such as hepatic or renal dysfunction.",Qwen-3.7-Plus (audio),qwen3.7-plus
15b2f125-fca9-4ad1-8ffa-9a5db02234e0,fulfulde,fulfulde,Dada je wondi ha daadiraɓe je waddata ɓikkoi maɓɓe tufugo batal o famtini o yiwi keccal mako ɗo mari damuwa ha hunduko mako ɓingel mai ɗo waɗi bulu hande sai o yisina ɓingal mai o ɗo turra. Heɓata hendu boɗɗum be kuma ɗo hokka mo banugo boɗɗum o vi kanjum ɗon sakli musam gam wanda ko ko fe’ata be keccel mako ɗume on watata ɗebal mai waɗa bulu bannin do mai on kuma waddata ɓingel turra bo heba damuwa fofugo. Lekki ɗon ɓe hokkata na ɓe lara ɓingel mai na,"Daada je wondi ha daadirabe je waddata bikkoi mappe tufugo baatal ofamtini  o ye’u kecchel mako do mari damuwa ha hundeko mako, bo lebol mingel mai o wadi buluu .
Hande sai o yi’i to odo musina bingel mai, odo torra , hebata hendu boddum , be kuma do hokkamo bone foofugo boddum. Ovi kanjum don saklimo sam gam ohanda ko feddata be kecchel mako.
Dumedon watata lebol mingel wada buluu banni? Dume don kuma waddata mingel torra bo heba damuwa foofugo to’ do musina? Lekki don be hokkatanaaa, ko be larai mingel mai na?",http://speech-app.s3.amazonaws.com/static/audio/uploads/aa9f1487-f1a3-4d70-aef8-286694f399cd/e96515e360a92f867f6105de073e3c23_e14dyyfM.wav,"The child's symptoms of fever, a swollen neck, and red urine strongly indicate a streptococcal cervical infection complicated by acute post-streptococcal glomerulonephritis. In a community hospital setting in Nigeria, the primary treatment is a course of antibiotics like oral Amoxicillin or Penicillin to eradicate the underlying bacterial infection. We would concurrently administer Paracetamol to reduce the fever and restlessness, while carefully monitoring the child's blood pressure and fluid balance. Additionally, if a rapid diagnostic test confirms concurrent malaria, we would prescribe an Artemisinin-based Combination Therapy (ACT) following local treatment guidelines. This comprehensive approach ensures both the primary bacterial source and the secondary renal complication are effectively managed.",Qwen-3.7-Plus (audio),qwen3.7-plus
f01bdcfa-cea4-4a33-ade6-520e66be1a80,fulfulde,fulfulde,Dada joɗata ha fattude amin do mari redu je bingel mako didamo ha fuddarde redu mai komai oyaha dedai odo nana beldum mingal fere do wara amma lewru sadda ko sali do o fuddi nanugo lesdu mako do nawa yende naudum mai wadi mo sosai har dakai o darata boddum Nibai samɗi rufugo iyam sosai rufugo iyam mai ɗa no rufata ɗon ba rufi sosai kuma wati mo comri oɗo somi de o lari iyam mai sai o wurtiri tani ɗon ko fe’i be ɓingel mako gorko mako yawi vallni mo be yahi sibiti. kanjum dunigo les redu ha redu rufugo iyam sosai do alama hattara don na je dada ko bingel ha redu mai dume on alama goddo larata redu mai don damuwa don lekki je darnata naudum mai. ɓe darna iyam mai je naunata bingal mai je naunata bingal mai.,"Daada, joodata ha  fattude amin. Do mari redu je mingel mako didabu. A fuddurde reedu mai komai oyaha daidai, odo nana beldum bingel feere do wara . Amma lewru sedda ko saalido ofuddi nanugo les reedu mako do naawa. Yende naudum mai wadi mo sosai, har daker o darata boddum. Nebai sam, bawo toin ofuddi rufugo eyam sosai . Rufugo eyam mai da no rufata don ba, rufi sosai kuma waati mo chomri odo Sommi. Dai o laari eyam mai, sai o hurtili taani don ko fe’di be bingel mako. Gorko mako yawi vallimo be yahi sibiti. Demde am kanju, dume don watata nawugo les reedu ha reedujo? Rufugo eyam sosai do alaama hattara don na je daada ko bingel ha redu mai? Dumedon alaama goddo laarata redu mai don damuwa? Don lekki je darnata naudum mai na be darna eyam mai je nawnata bingel mai?",http://speech-app.s3.amazonaws.com/static/audio/uploads/a249550d-bcc7-48c3-a9e8-1bbd6f7ad486/8c2360e1822e81d4fada6be76e0f1dee_RZc9f1Qz.wav,"The two-year-old child is suffering from persistent diarrhea complicated by Severe Acute Malnutrition (SAM) and severe dehydration, evidenced by the month-long watery stools, profound weight loss, and extreme weakness. Prolonged gastrointestinal fluid and nutrient loss causes severe electrolyte imbalances and muscle wasting, leading to the swollen abdomen and inability to stand. Following WHO and local community-hospital protocols, treatment must avoid anti-motility drugs and instead prioritize cautious rehydration with oral rehydration solution (ORS), zinc supplementation, and appropriate antibiotics to clear underlying infections. Immediate inpatient nutritional rehabilitation using starter therapeutic milk (F-75) is critical to safely restore weight and correct life-threatening complications like hypoglycemia and hypothermia.",Qwen-3.7-Plus (audio),qwen3.7-plus
8d286282-88c2-4db6-9d83-b44e488d498b,fulfulde,fulfulde,Likita joɗata ha sare amin lari bingal mako wala mo sungo boddum je o yidi o musina mo sai bingal mai musina sedda sai yofta bana odo somi dada mai bo hirliti bingal mai wala sembe musungo den bo odo vita wulina sosai ha hore be yeso da kanjum tamba denbo fofugo bingal mai. O ɗo fofa bana yaha dow ɓe ɗo jippa les bana goɗɗo mo hokkata balleji ɗo dillani dada mai ɗo ɓedda damugo o ɗo tamma ko gam ɓingel mai wala musina ko heyata ko ɗon damuwa fere je ɗo hauti be fofugo be wolungo ɓingel mai tos. o vi ha o yaha asibiti o lara likita hoinan mo bingal mako demne ame on latata bingal heba damuwa mo sungo boddum no bingal mai fofata do alama nyau fere don namaji hattara be baba mingal mai hakkilinta dume on watata bingel petel go to ɗo musina.,"Likita, daada joodata ha sare amin, laari mingel mako wala musungo boddum. Dai o idi o musinamo sai mingel mai musina sedda sai yofta bana odo somi. Dada mai bo hirliti bingel mai wala sembe musungo denbo odo fi ta wulina sosai ha hore be yeso. Da kanjum tanba denbo foofugo bingel mai changi. Odo foofa bana yaha do do be do jippa les les , bana goddo mo hokkata bone foofugo. Balleji do dilla ni, daada mai obedda damugo. Odo tamma ko gam bingel mai wala musuna ko heyata ko don damuwa fere je do hauti be foofugo be vulungo bingel mai. Toh sai ovi ha oyaha sibiti olaara likita hauninamo bingel mako. 
 Demde am, dumedon lattata bingel heba damuwa musungo boddum? No bingel mai foofata do, alaama nyawu fere Donna?  Alaamaji hattara toi daada be baaba mingel mai hokkilinta? Dumedon waatata mingel petel vulungo todo musina?",http://speech-app.s3.amazonaws.com/static/audio/uploads/01f98330-4691-445e-b5cd-053c5ce906a0/4e7daa789a8dcfd3dc736d325b81b26a_UmtJityj.wav,"The child's fainting and extreme weakness immediately following circumcision is most likely a vasovagal syncope triggered by severe pain, fear, and procedural stress. However, the accompanying high fever and profound lethargy are alarming clinical signs that require immediate evaluation to rule out post-operative hemorrhage, early septic shock, or a febrile seizure. In our community hospital practice, we would urgently assess the child's hemodynamic status, check the surgical site for bleeding, and initiate intravenous fluid resuscitation alongside antipyretic therapy. The father must be reassured that while pain-induced fainting is a common reflex, the fever indicates a potential secondary complication that demands prompt medical management.",Qwen-3.7-Plus (audio),qwen3.7-plus
a3a8aecf-41e9-4c37-9e58-85cab2862faf,fulfulde,fulfulde,Duɓi a debbo inna mako adda anma amma dare bandi mi hisi mi lari cokali on no joɗo fere mako inla ko inna mako mayi oyida fijugo he komoi fu oyida faddugo ko moi fu o fuɗɗi salaki nyamdu nandi hanowo omilo sanci kunne on hulniyam sai mi wadi daware yarugo mo nyautugo asbiti ko yotti asibiti. Mi likita on na ɗum hala maide en nama korrata mo waɗata wuro ngam mi walamo ko hani ɓingel on heɓa wankta jo na ma ngam o heɓa o nyama ko o fija sakiraɓe mako ko hanni ɗum walliran ma shagoran nyaudugo.,"Duɓi Adeolu sapo(10), inna makọ adda an non. Amma,dere panɗeɗe, mi hissi mi lari ,cukaley on nọ joɗọ fere mako illa kọ inna makọ mayi; O yiɗa fijuki e ko moi fu,   oyiɗa badduko ko moi fuu. O fuɗi salaki ŋyamdu. E ɗun nandi hano o miilo sanne , be ɓerne mako e meti. Uune on hulnni am,sai mi waɗi dabare yarigomo  ƴaudiigu asibiti. Komi ƴotti asibiti,mi ƴamin Likita on ,""  na dun haala maide inna maka torratamo bo?  Koi mi waɗata wuro ga mi walla mo , ko haani bingei on heɓɓa wolwana likitajo nyaudigu ɓerne?, ko hanni mi wannamo ngam mi o heba o ŋaama ko o fijja e sakiraɓe mako  ko haani dun walliramo shaawori nyaundigu?",http://speech-app.s3.amazonaws.com/static/audio/uploads/6c355d41-5efc-4383-a6e1-647f7be7f245/d55dc637310d60277193dfe69c27bd5e_A65DSzAF.wav,"The child is likely experiencing severe depression and complicated grief, manifesting as psychogenic dysphagia and social withdrawal following the traumatic loss of his mother. After ruling out physical causes for his swallowing difficulty with a basic clinical examination, the primary treatment should involve grief counseling to help him process his emotional pain. In our community setting, engaging a trusted counselor alongside encouraging small, frequent, and easily swallowable meals will help restore his appetite. If his psychological symptoms persist, a psychiatric evaluation for possible antidepressant medication may be necessary to facilitate his full recovery and return to normal social activities.",Qwen-3.7-Plus (audio),qwen3.7-plus
780a88ff-c11d-41bb-9f23-6c37350359fb,fulfulde,fulfulde,Debbo mo duuɓi caɓɓande tati dayi minti sedda ko sali dango mai dedai ɗon amma daigel ɗo ɓingel ɗo mari damuwaji manga ɓingel ɗo wala woka boɗɗum denbo wala notitta bana keccel waɗata ɓawo dango ɓingel. Ɓingel mai wokai boɗɗum bo ɗo heɓa bone hafinugo ɓandu ɓingel mai ɗo bana ɗo tiddi ko kuma bana wala dimba no handi ɓingel mai wala nyama boɗɗum be torna mum sumungo dada mai ɗo sakri ngam ɓikkoi mako de sali ɗo. Ɗo woka atake to ɓe danyi ɗum waddata damuwa ɗo goji toi be waɗata ɗo keccel ɗo be kuma mataki gawal toi hosata ɗume on wannata ɓingel keccum ɗo.,"Debbo mo dubi cappande tati dayi minti sedda ko sali. Dayugo mai daidai don. Amma dai be dayi mingel do, mingel do do Mari damuwaaji manga. Mingel do Wala wooka boddum. Denbo wala nootititta bana kejjel wadata. Bawo dayugo bingel mai wookai  boddum bo do hebba bone ha finigo. Bandu bingel mai do bana do tiddi ko kuma bana walaa dimba no haadi. Bingel mai wala yaama boddum be torna mo musunungo. Daada mai do sakli gam bikkoiji mako de saali do bedo wooka, ataake to be dayibe . Dume don waddata damuwa do? Goji toi be wadata do kechel do, be kuma mataaki gwagaawal toi hosata? Dumedon wannata mingel kejjum do?",http://speech-app.s3.amazonaws.com/static/audio/uploads/265e7393-c766-4ed1-9dbe-108fe8ada491/37145d139abce18251d52258917f0874_T9jRqZeT.wav,"The patient is experiencing a retained placenta without active hemorrhage following the delivery of a macerated stillbirth complicated by fetal hydrops. Since there is no active bleeding, current community hospital protocols dictate observing the patient for up to 30 minutes while administering uterotonics like oxytocin to stimulate placental expulsion. If the placenta remains retained after this period, manual removal under anesthesia is medically necessary to prevent secondary postpartum hemorrhage and sepsis. Concurrently, the clinical team must provide immediate, compassionate grief counseling and psychological support to the parents for the loss of their child. Finally, postpartum placental histopathology should be offered to determine the underlying cause of the hydrops fetalis and guide future reproductive counseling.",Qwen-3.7-Plus (audio),qwen3.7-plus
99f911f5-20d3-4ac4-9574-b812408eeb47,fulfulde,fulfulde,Debbo ɗo dayi haa amin fajira ɗo veti ɗo o dayi nde o wari jamdi je tati be fajira mo wondi be mako ha sare yani amin vi debbo ɗo ɓandu mako ɗo dimna bo ɗo wuli sosai den bo o do mari damuwaji ko shafi bandu mako je damatamo sosai. Min yahi min laari debbo mai min suddi mo be kare min auni wolugo ɓandu mako min tawi tati min wanni mo godi je nyamo cufi ngam debbo ɗo velnai o nandi malaria min emi mo ko wondi ko o nyami o vi wala ko oya. Min yecci mo wondi be mako be hokka mo sha’i o yara min emi mo o musini handi na sai o vi de o wari mo sungo ɓingel mai sai o tawi keccel mai riwi se min vi debbo mai o umma o joɗa o ɓari ɓawo mako. Babal vallita ɓandu mako hoina seɗɗa ɗo pat nda pat ba amma vallitai bo gite mako laɓin sari mo to nyami ni sai o yara parasita mol to yari parasita mol mai timmi sei min lara dai on handi min hokka mo fahin o ɗo mari malaria ko ma min waɗi mogoji mai us min hokka mo o timmini nyamugo nden bo min sari mo o yara parasita mo tonda o satai to dillai min handi nyau min hokka mo min hokkata.,"Debbo do dayi ha amin fajira do. Veeti do o dayi. Dai owari jambi je tati be fajiri , mo wondi be mako ha sare yooni amin, vi debbo do bandu mako do duina bo do vuli sosai denbo odo mari damuwaaji ko shafi bandu mako je daamata sosai. Min yahi min laari debbo mai, min suddi mo be kare, mi hauni wulugo bandu mako, min tawi 38.2.
Min wanni mo goji be nawu chufi. Kam debbo do velnai, o nandi malariya . Min emmi mo ko woodi ko o yaami, ovi wala ko Oyami. Min yechi mo vondi be mako, be hokkamo shaa’i o yara. Min emmimo o musini hande na? Sai ovi dai owari musungo bingel mai, sai o tawi kecchel mai riiwi.
Sai minvi debbo mai o umma o hoods obaara bawo mako , heba vallita bandu mako hoina sedda da pat ba, amma vallitai bo gite mako Labai. Min sauri mo to yamini sai oyara paracetamol. To oyari paracetamol mai timmi , sai min lara dai don haadi minhokka mo fein. Odo mari malayria kuma min wani mo goji mai . Useni min waawanmihokka mo fein. To o timmini yamugo, denbo min sauri mo o yara paracetamol, tunda o saatai, to dillai ni minhandai yaudinde min hokkata.",http://speech-app.s3.amazonaws.com/static/audio/uploads/337467d4-18ba-42ad-b5a5-5c408cb82954/546cbd31aebd0c1c025d6d19de042c37_IXusi5MH.wav,"The patient is suffering from severe systemic sepsis and chorioamnionitis secondary to prolonged, obstructed labor and intrauterine fetal demise, as evidenced by her hard, hot abdomen, foul-smelling vaginal discharge, and high fever. Although she concurrently presents with malaria and an intestinal helminth infection, the immediate life-threatening emergency is the infected, retained dead fetus causing septic shock. Current clinical guidelines dictate that she requires immediate aggressive intravenous fluid resuscitation and broad-spectrum intravenous antibiotics to stabilize her hemodynamic status. Furthermore, urgent surgical intervention to evacuate the infected uterus is critical, requiring immediate referral to a comprehensive surgical center if this community hospital lacks operative capabilities. Antimalarial and anthelmintic therapies should be administered concurrently, but source control of the pelvic sepsis remains the absolute priority to save the mother's life.",Qwen-3.7-Plus (audio),qwen3.7-plus
71b27612-6180-4a02-8350-9b26bc81f697,fulfulde,fulfulde,Dana kesum ko danya e ha asibiti amen minti cappanɗe ɗiɗi ko waɗi ɓingel waɗi nuɗum danyi woya woya teli nude danya ngel wadai woyade boɗɗum min yiwi fu nanugo mako tidum no bingel delabi tan mi yiwi kadi tamreji mako tidum no alai nalle mako ko dume. Ɓingel kesum waɗi danyi ha ɗa'i waɗa de boɗɗum gele danya harnuje jamu wala doraja. Ɓingel foti heɓɗe e nati wuro ɓingel ko ɗume o wawi kokkude ɓingel ti ko ɗume o wawa hokkude ha irin nyau. ma nyamana enjamgel ma waɗi enjam.,"Binge danyel kesum ko danyaa e ha asbiti amen minti cappande didi ko wadii , Binge Ngel ena wadi no dum  daanii  woori. Tawi gila node daya, Ngel wadaayi woyaade boddum . Min yeewii  numfuaango maako, 
tee dum no waddu . Kono bingel ngel ena nyibi tan . Min yeewii kadi tembereeji maako, tee dum no alaa cedeele. Naamnal am ko :ko dume waawi waddi bingel  kesum wadi no dum daanii haa  woori e wadaayi wodaade boddum gile nde danyaa?
Hol nooje njamu walla jokkondiral ngel bingel nge foti hebde?
inna o arti  wuro e bingel ngel, kodume o waawii hokkude bingel ngel, tee kodume o waawaa hokkude?
Hol irin nyamuduuji inna maa nyaamde ngam o Wonaa e jam, tee bingel ngel maa wadi e jam? ",http://speech-app.s3.amazonaws.com/static/audio/uploads/9d8cfc96-651b-4c4e-b6b7-6301f11d620d/1521c0075746dc48a95911ec85c837b5_PKMlxJy8.wav,"The baby's fast breathing and chest indrawing with clear lungs and normal heart sounds shortly after an uncomplicated delivery strongly suggest Transient Tachypnea of the Newborn (TTN) as the lungs clear residual amniotic fluid. You should immediately initiate exclusive breastfeeding, which is the standard of care to provide essential nutrition, prevent hypoglycemia, and soothe the infant. No specific medications are needed right now; instead, provide supportive care by keeping the baby warm, ensuring a clear airway, and closely monitoring the breathing. However, if the respiratory distress worsens or if signs of infection appear, you must promptly evaluate for early-onset neonatal sepsis and start empirical antibiotics.",Qwen-3.7-Plus (audio),qwen3.7-plus
e8915206-af8a-409f-a309-ae147e55f287,fulfulde,fulfulde,Dada danyi keccel sati ko sali ɗo o fuddi larugo iyam sedda sedda ha ɓandu mako amma balɗe o dillai o lari hundeji ko nandi redu be iyam ɗo vurta wakkati fere nda ɓingel mai ɗo chanji den bo dande mako ko o mari vodai. Nden bo o handi dada minto sedda sedda ha les jaburu mako bo kullum to o lari alamaji do darnde mako do saka odo tampi ko irin damuwaji do don fedata bawo dango ko damuwa fere don yende je oi. Asibiti be o ɗo valla be daadiraɓe feere sai o nani ta ɓe hoosa mere kala hundeji ɓe laari fu feata ha ɓandu maɓɓe kanjum waɗi mo o yiɗi o laara likita o volde dem ndiyam duniya on waddata irin hundeji ɗo ɓawo danyugo wawan nawugo lesre to alama yahugo namaji toi. kesum handi wata hakkilo ɓawo dayugo mataki toi ɗada ɗo handi tokka heɓa nyauɗo heɓa mo ta nyauɗo heɓa mo.,"Daada dayi chekkel saati didi ko saali do. Ofuddi larugo eyam sedda sedda ha bandumako . Amma baldeji odilla ni, olari hundeji ko nandi reedu be eyam do vurta. Wakati feere daada bingel mai do changi. Debbo daade mako ko omari vodai. Denbo o handi daada bingel do odo mara nawugo redu sedda sedda ha les jaaburu mako. Bo kullum to olaari alaamaji do berde mako do sakla. Odo tampi ko irin damuwaaji do nonnon fedata bawo dayugo ko damuwa fere don. Don yedde je o yahi sibiti, be odo volla be daadiraabe fere, sai o Nani ta be hosa mere kala hundeji be lari fu fedata ha bandu mappe. Kanjum waddi mo odi olaara likita ovolwina be.
Demde am dume donwaddata irin hundeji do bawo dayugo? Waawan nawugo les reedu alaama ye’u don na?
Alaamaji toi daada kesum haadi wata hakkilo bawo dayugo? Mataaki toi daada do haadi tokka heba ta ye’u do heba mun?",http://speech-app.s3.amazonaws.com/static/audio/uploads/73bc774a-868f-4bf5-8325-519385d1ece0/5b3c90fb472e1135f877781013b09339_vKdBGbmx.wav,"The mother is experiencing secondary postpartum hemorrhage and a severe uterine infection caused by retained placental tissue, which explains the bleeding, passage of blood clots and tissue, fever, and extreme fatigue. This is a recognized medical complication of childbirth, not a spiritual curse, and it is absolutely not contagious to others. Her inability to produce breast milk is a secondary effect of her severe physical stress, systemic infection, and resulting anemia. She requires immediate hospital evaluation for intravenous antibiotics and a minor surgical procedure to clear the retained tissue from her womb to prevent life-threatening sepsis.",Qwen-3.7-Plus (audio),qwen3.7-plus
b90caa08-e1f9-4e0e-890d-5e95aa066144,fulfulde,fulfulde,Debbo fere kam waddi bingel mako mo dimbi tati asibiti be laramo hande subaka ko be halibo eketo yimɓe olo wani binge on tatata kosam o larata goddo fere mo wolwal tamo heddi inde mako o sota mo damai ha noi masan hingare jungo nyami debbo on cokali on medi hiɓugo badde na mako. O meda himɓe baɗɗe minbedi men cokali heɓi jaɓugo kala batel mum ha tummude ko o fotti noɓugo bana no inna mako waddi redi nyaudugo ɗum min kotoltol laɓii mingew on jarbi bate mako pat feiti. Innde cukali on ingol wala paɗɗe o jaɓi bate pesode mako pat ko dami cu.,"Deɓbo fere kam wandi ɓingei mako mo duuɓi tati asbiti ɓelaramo ande subaka.
Ko ɓe halibo, ike tọ ƴiɓẹ wolwani ɓingei on,o tonta takọ sam, ọlarata gọdọ fẹrẹ mo wọlwatamọ,e ta nọdi indẹ makọ ,ọsọŋata,mọ damai   hanọ ọnai naima sam.
E ndẹr ƴamai  ŋgal, ƴammi  debbo on ,  ""cukalei on mẹɗi hebki paɗɗe na?""  Inna makọ wi'i ,ọ meɗa hebki paɗɗẹ. Meen ɓedi men ƴamimo "" cukalei ngei heɓɓi  jaɓɓukọ kala baatẹ  pesoode mun  a timmuɗẹ , ko o fotnoo hebki bana nọ inna maakọ waddi?' Ereeji ŋaudugol  din min kuutọrto laaɓini,ɓingei on jaɓi baatẹ mako pat .
Mi ɓedi mi ƴami: "" kọ fayti  huunɗẹ cukalei on ,ngel wala paaɗɗẹ e ọjaɓi baatẹpesoode makọ pat,kọ daami cukaley ọn?",http://speech-app.s3.amazonaws.com/static/audio/uploads/4a044283-803f-4c41-be8f-d5745fa9224a/d5fdeff9cd0db445b689eb66990458be_QSvlABCT.wav,"The infant's presentation of fever, vomiting, diarrhea, and a sunken fontanelle indicates severe dehydration, likely secondary to acute gastroenteritis or sepsis, which was dangerously exacerbated by the administration of unregulated traditional herbal medicines. The immediate administration of intravenous fluids was the correct, life-saving clinical intervention to rapidly restore intravascular volume and correct the severe fluid and electrolyte deficits. Moving forward, management must include continued oral rehydration therapy, close clinical monitoring, and empiric antibiotics if a bacterial or malarial etiology is suspected. Finally, it is essential to counsel the mother on the severe risks of giving unmeasured traditional herbs to infants and educate her on early danger signs to ensure prompt facility-based care in the future.",Qwen-3.7-Plus (audio),qwen3.7-plus
1a002373-faf1-4e16-826e-6df369cca5ef,fulfulde,fulfulde,Ɓe waddi debbo fere sibiti hande fajira ɗo iyam ɗo rufa ha maako sosai pat kuma ɗo sakli ta seɗɗa ɓe emi mo ko irin ɗo meɗi feɗugo be mako o vi meɗi feɗugo de ɗiɗi ko sali de fe’ata o ɗo nana. Na'um dembo iyam mai rufata a rufata ko redu on rufata o vi o anda ko o don mari redu ko odo vidu be em de o lari al ada mako o vi nebai ko o lari. Ovi o lari bana lewru gotel be reta bako rufugo iyam ɗo hande fatira puseni ɗum watata debbo rufugo iyam sosai ɗo banni mataki dagge hosata yaundi hokkata debbo ɗo. Hisnu yonki mako be darnata iyam mai lekkiji toy be bateji be hokkata mo je darnata iyam mai.,"Be waddi debbi fere sibiti hande fajira do, eyam do rufa ha mako sosai fah, kuma do sakli mo daa sedda. Be demi mo, ko irin do meddi fudugo be mako, ovi medi fudugo de didi ko saali. De fedata odo nana naudum, denbo eyam mai rufa ta’a rufa ta’a. Be ummi ko reedu don rufata. Ovi o anda ko odon no mari redu ko odo bee redu . Be emmi dai olaari al haada mako , ovi nebbai ko o laari .ovi o lari bana lewru gotel be reeta boko rufugo eyam do fuddi fein hande fajira. Useni dime don watata debbo rufugo eyam sosai do banni? Mataki gwagaawal toi hosata? Yaudigi toi hokkata debbo do hisnu yonkimaako be darnata eyam mai?
Lekkiji toi be baatedi toi be hokkatamo je darnata eyam mai?
Kuma hownugo toi be waawata be wadda, be hefta dume waddi rufugo eyam kulnidum do?",http://speech-app.s3.amazonaws.com/static/audio/uploads/e706871e-2885-4c80-ad52-4873b8fa79fa/8ec82bf62749bcaac51913a6970dc7a2_EbCdRQ1X.wav,"The patient is likely experiencing obstructed labor or cephalopelvic disproportion, indicated by her urge to push without progress despite ruptured membranes and a low fetal head. An immediate vaginal examination is required to assess cervical dilation and pelvic adequacy to determine if an assisted vaginal delivery is feasible; otherwise, an emergency Cesarean section must be performed to prevent maternal and fetal mortality. Concurrently, initiate intravenous fluids and administer broad-spectrum antibiotics to prevent chorioamnionitis secondary to the ruptured membranes. Uterotonics like oxytocin must be strictly avoided until mechanical obstruction is definitively ruled out to prevent uterine rupture.",Qwen-3.7-Plus (audio),qwen3.7-plus
4423cbe0-a4db-4778-948d-3a5fa0e78a09,fulfulde,fulfulde,Ala bukum vi ɗo yi'a daure kanjum be comre bo hore nawata mum ɗo haɗi mo juɗe ɓeldi sati ɗiɗi ko sali o wala ɗana jamma boɗɗum sam kosɗe mako ɗiɗi be juɗe mako be yeso fu pat ni ɗo futi. O ɗo tani habda be mai ɓe sarimo o yara hundeji fere ni amma dai fu pat wala ko hoini sam amma ni ɓe vi mo o tammi waɗugo dama ɓe lari mo nda ɓe vida ko shafi nda ko shafi fofugo ɗon ba. Ko handi ni vita ko ɗume manga ɗon bana o ɗo faɗa skul wala bone sembe iyam ma ko fu be auni ɓe tawi onret gam mai. Be vi o siwta be wadi sembe iyam mako fahin be tawi on fifti ovati be lari bo odo be redu to sai be hokki mo lekki je sembe iyam mako do va’i je marɓe redu gam lekki mai wala damuwa ha jaumu redo be yecci mo Kala hundeji fu je o watta bandu mako hundeji tornata mo sosai watata sembe iyam mako bedda amba ɓawo hundeji ɓe wanni irin jamu redu ɗo je ɗo mari namugo hore kullum be uppugo yeso mataki toi hosata ha dou redu. Tatta har debbo ɗo jima.,"Alabukun vii,  odo ye’a dowre , kanjum be chomri, bo hore naawata mo do hadi mo jode belde. Saati didi ko salli, o wala naaana jamma boddum sam. Koste mako didi be juude mako be yeso fu pat ni do puuti puuti. Odo tani habda be mai. Be saurimo o yara hundeji fere nii, amma dai fu pat walaa ko hoini sam. Amma nii be viimo o tammi waddugo daama.
Be laari mo bevi daa ko shafii foofugo don ba. Ko haadini beda be wadi, be vii da kodume manga don bah. Odo fada eskal wala bone. Sembe eyam mako fu be hauni be tawi 168/100.  Gammai bevi o suita , be godi sembe eyam mako fain be tawi 150/90.
Belaari bo odo bee reedu. Toh sai be hokki mo lekki je sembe eyam mako do fadi, je marbe reedu, gam lekki mai wala damuwa ha jaumo reedujo. Be yechi mo kala hundeji fu je owatta, bandamo hundeji tornato mo soosai  watata sembe eyam mako bedda. Demde am ba, bawo hundeji be wanni irin jaumu reedu do, jedo mari nawwugo hoore kullum be uppugo yeeso mataaki toi hosata hado reedujo do, ta  ye’u yotta har debbi mo do jima?
Be kuma dume don jaumu redu wadata da yotta irinbanni bako owonna banni?",http://speech-app.s3.amazonaws.com/static/audio/uploads/e6fc6d6a-6f3e-4be2-b78d-2e1d770c801e/d57b9cb9d5cea86ec4327ac7d10e0e10_Jfw0zUq5.wav,"The two-year-old boy's generalized edema, oliguria, and severe hypertension strongly indicate acute glomerulonephritis or nephrotic syndrome, requiring urgent fluid restriction, antihypertensives, and targeted therapy like corticosteroids or antibiotics in our community setting. We must promptly manage his severe blood pressure to prevent hypertensive encephalopathy while closely monitoring his renal function with our locally available diagnostic tools. Regarding the pregnant woman, new-onset hypertension and edema signify preeclampsia, which requires immediate administration of magnesium sulfate for seizure prophylaxis, blood pressure control with labetalol, and timely delivery. Both conditions highlight the critical need for vigilant monitoring of fluid balance and blood pressure to prevent fatal complications in our resource-constrained African healthcare environment.",Qwen-3.7-Plus (audio),qwen3.7-plus
070402f8-05b1-468e-bb31-930b2f90e3c6,fulfulde,fulfulde,Ɓawo mi dayi bandu am fuɗɗi hoinugo kirinni min dadai en wala ndiyam laɓɗam ha fattude en yiɗi mi yiwa kullum kullum ndiyam be dotti min naftirta min ma fa. Hakina hore amin ɗo yiwa boɗɗum to kigi fere bo wari min nana belɗum ɓandu amin fuɗɗi nanugo jagol be bandu am fuɗɗi dimugo kulum nda min ɗo nana jangol bo hauti be bandu amlai fahin semiti iyam je vurtata bawo dayugo. haccenga min nanata daga totton bo valai bo haccega mai dudi bo medai fedugo be am mi kasitugo giteam daga totton de mi ummi sei don mi yahi sibiti mi’ama ko diyam laɓɗam je min naftirta mi yiwa be mai kanjum. waddata kala wodago.,"Bawo mi dayi , bandu am fuddi hoinugo , kikide fere ni minumi, tunde dai en wala diam labdam ha fattude amin, to idi mi yiiwa kullum kullum diam be dotti , minaftirita , mi numii amma fah haadi ni mido hakkilona hore am mido yiiwa boddum. Toh kikide fere bo wari , mi nanei beldum bandu am. Mi fuddi nanugo jaagol , be bandu am fuddi dewnugo kullum kullum . Da mido naana jaagol, bo hauti be bandu am vellai fein. Se mi hirliti eyam je vurtata bawo dayugo don hacchega mi nannata daga ton bo vellai bo. Hacchega mai duudi bo meddai fudugo be am  bo. Mi kaasi ittugo gite am daga totton. Dai mi ummi, sai don miyahi sibiti mi emma ko diyam labdam je mi naftiri ta mi yiwa be mai kanjum don waddata kala yeu bawo dayugo.",http://speech-app.s3.amazonaws.com/static/audio/uploads/a89fb6be-d253-468e-a30f-fbbc5ffd979d/1c55787ba76b985398d0ced24232e4bc_6kSfBV8k.wav,"Your symptoms of severe itching, body swelling, and red, watering eyes are classic signs of allergic dermatitis or cercarial dermatitis caused by bathing in contaminated water harboring parasites, bacteria, and chemical irritants. In our local community settings, using unprotected, stagnant surface water for daily hygiene is a primary risk factor for these severe water-contact skin and eye infections. You must stop using this dirty water immediately and instead boil your bathing water to kill pathogens, or treat it with chlorine if boiling is not feasible. Please follow up at the hospital to receive prescribed oral antihistamines for the allergic swelling and topical treatments to safely soothe your skin rashes and eye irritation.",Qwen-3.7-Plus (audio),qwen3.7-plus
4af82849-4342-407a-a297-a30633dd2ca0,fulfulde,fulfulde,Addirawo on danyi ɓingel debbo balɗe sali sei o lari ba kala wakkati o musinta mo o wala fofa boɗɗum wakkati fere ɓingel man yofta kosam bano fude mako ta’i de wore dada ɓingel timmini mu be jemma sei o lari leɓi ɓingel ba wailiti sedda sedda sai o tamppi ko o waɗata sai o waɗi ɓamtugo ɓingel man ngam o heɓa o fofa boɗɗum amma bo ɓingel gagiri fofugo boɗɗum. lebbi bingel man sei o yawi o hosi bingel o yari asibiti gam be lari na bingel mai dume on chanjini bingel man leppol nden bo wala ibe no bingel fofata na ko bo nyau ɓerde walla nyau hanta dasinta bingel man fofugo be bone dume on alamaji kalludum je saroji watinta hakkilo dume on agaje be wawata hokkugo bingel mo fofata be bone.,"Addirawo am dayi bingel debbo balde sali ,sai o lari ba kala wakkati o misinta mo o wala fofa boddum,wakkati fere bingel man yofta ta kossam bamo pofde mako ta ee,yenda wore,dada bingel timmini musungo mo be jemma,sai o lari lebbi bingel ba wailiti sedda sedda,sai o tampi ko o wadata,sai o godi bamtugo bingel mai gam o heba o fofa boddum,amma bo bingel gagiri fofugo boddum,be bo chanjugo lebbi bingel man,sai o yawi o hosi bingel o yari asibiti gam be larinamo bingel mai,
Dume on chanjini bingel man lebbal?
Denbo wala aibe no bingel fofata nah?
Ko bo yauw berde walla yauw hanta dasinta bingel man fofata be bone?
Dume on alamaji kalludum je saaroji watinta hakkilo 
Dume on aagaji be wawata hokkugo bingel mo fofata be bone",http://speech-app.s3.amazonaws.com/static/audio/uploads/d41322bf-a0c6-4499-acc3-c40f67587815/f85138fdf93e7d827340b342c9888acd_iNKJQ5F2.wav,"This 6-day-old neonate likely suffers from neonatal sepsis or neonatal tetanus secondary to unhygienic umbilical cord care during a home delivery and subsequent unsterile herbal bathing. The specific clinical signs of neonatal sepsis and meningitis that cause poor feeding and respiratory distress include temperature instability, lethargy, bulging anterior fontanelle, apnea, and grunting. Furthermore, if neonatal tetanus is developing, hallmark signs such as trismus (lockjaw), risus sardonicus, and stimulus-induced muscle spasms will mechanically prevent the infant from suckling and breathing effectively. In our community hospital setting, we manage this by immediately initiating empirical intravenous antibiotics, providing respiratory support, and administering tetanus antitoxin if indicated, alongside educating traditional birth attendants on hygienic cord care.",Qwen-3.7-Plus (audio),qwen3.7-plus
9635323b-799b-4cd6-8021-a6ffbaa45c7a,fulfulde,fulfulde,Debbo jomo redu redu man lebbi jego min ɗo windi sare gotel fuɗɗigo dow ɓernde mako do fiya be lau a vi mo timmini do go jotta wakkati fere bo o ɗo soma ko o huwai ko ɗume denbo jungo mako do hautidira sedda satiji sali sedda o lari dande mako do uppa hedi yeso sai o hutiri o do numa do kam do nder nyau damata jou redu na ko bo dum nyau fere on sai o taski yahugo lara likita gam o anda dum nyaudo. Emol hado ɗume on waddini debbo redul jodo fiyel berde be lau lau do a viya mo timmini dogugo dembo dume on sanadu uppugo dande do irin nyau do kam wawan mema maunugo bingel redu mako do na dume on alamaji kalludum je be watinta gite hasare ba irin nyamduji ko kuje yare yareji on handi o dayinta ko bo wodi je ko beddata nyamugo ha irin wakkati do.,"Debbo Jomu redu reduman lebbi jego,mindo wondi sare gotel,fuddi hirrugo do berde mako do fiya be lau lau,aviya mo timmini dongugo jotta,wakkati fere bo o do soma ko o huwai ko dume,denbo jungo mako do hautidira sedda,satiji sali sedda o lari dade mako do uppa heddi yeso,sai o hultiri,o do nummado kam do der yauwu damata jomu redu nah ko bo dum yauwu fere on,sai o taski yehugo lara likita gam andugo dume sanadu yauw do.
Yammol ha do ,dume on waddini debbo redujo do fiyal berde be lau lau do aviya bo timmini doggugo?
Denbo dumme sanadu uppugo dade do?
Denbo irin yauw do kam wawan meme maunugo bingel redu mako do nah?
Dume on alamaji kalludum je be watinta gite ha sare?
Baa Irin yamduji ko kuje yare yare ji on hadi o dayinta ko bo wodi je ko o bedda ta yammugo ha irin wakkati do?",http://speech-app.s3.amazonaws.com/static/audio/uploads/257a211a-4acf-4d33-8bb7-91688f6a9a9b/1ea100091a79bf0b747085b28fca44eb_bEahFB2U.wav,"The patient's symptoms of chest pain, facial and hand numbness, dizziness, and upper abdominal pain at seven months of pregnancy strongly indicate severe preeclampsia, a life-threatening hypertensive disorder. This condition can severely compromise the baby's health by causing placental insufficiency, leading to fetal growth restriction, oxygen deprivation, or the need for emergency preterm delivery. Unlike normal pregnancy discomforts or food cravings, severe epigastric pain, neurological deficits like facial numbness, and dizziness are definitive danger signs of end-organ damage that require urgent clinical evaluation. In our community hospital, we immediately assess her blood pressure and urine protein, and if severe preeclampsia is confirmed, we initiate magnesium sulfate to prevent eclamptic seizures and prepare for a safe delivery.",Qwen-3.7-Plus (audio),qwen3.7-plus
439a3510-6994-4c54-a354-9f8e39e17b9d,fulfulde,fulfulde,Mi hakkili ko am pertiido mo vowi fijigo be sobirabe mako sanji wakkati gotel jotta hanko tan jodata ha sudu mako kullum o acci yewtogo bo o wala fala ko vowi yidugo mi hakkili bo ko min je woni sare o yida nyamugo be amin odo nandi mo woni der bella ko chamri kala wakkati fu kadi dume on wawata latata sabulu dasugo bandu mako be sobirabe mako wawan lata metol berde on. kotorugo hakkilo on damata mo hertoi min wawata valliugo mo gam siyo mako warta be alamaji toi handi en hakkila handi o lara hokko o shawarana ko likita mo andi nyawuji berde.,"Mi hakkili miko am pertido mo vowi fijugo beh sobirabe mako canji wakkati gotel. Jotta hanko tan jodata ha sudu mako kullum. O acci yewtugo, bo owala fala ko o vowi yidugo. Mi hakkili boh ko minin jeh woni sare, oyida yamugo beh amin . Odo nandi mo woni der billa koh chomri kala wakkati fu. Kadi, dume on wawata lata sababu dasugo bandu mako beh sobirabe mako? Wawan lata mettol berde on na koh torrugo hakkilo on damata mo? Her toi min wawata vallugo mo gam seyo mako warta? Beh alamaji toi handi en hakkila? Handi o lara hokko shawara na koh likita mo andi nyawuji berde?",http://speech-app.s3.amazonaws.com/static/audio/uploads/543e4e17-d941-44de-9941-31053b439bff/5772c7694127b69c21dfd7539161b906_4ZadKFma.wav,"The presence of blood in the semen (hematospermia) combined with severe behavioral changes strongly suggests a sexually transmitted infection (STI) such as gonorrhea, chlamydia, or HIV, rather than a primary heart disease. High-risk sexual practices significantly increase the transmission of pathogens that cause genitourinary inflammation and systemic symptoms like depression and loss of appetite. In our community practice, we manage such cases with a non-judgmental approach, immediately referring the patient for comprehensive STI and HIV screening alongside a urological examination to rule out prostate or seminal vesicle infections. Please advise him to visit the hospital's general outpatient clinic for confidential testing and treatment, reassuring him that early medical intervention can resolve both his physical and psychological symptoms.",Qwen-3.7-Plus (audio),qwen3.7-plus
98e022a6-3280-419c-b6d4-0f2396fedf7b,fulfulde,fulfulde,Dada ɓingel fere ɗo dami hala keccel mako mo mari laru je tati bei nange ɓingel mai pijal boɗɗum amma to jemma waɗi sai o fuɗɗa tari tari mai ɗo ummina keccel man daga ɗo yiɗi mako bo keccel mai wokan diga ɓawo ha iri kala jamma ɗo dada mai lari ɓingel man ɗo fufa be lau bo ɗo habda fofa mai ma dada mai kasi danugo ngam o hutiri defadira waɗi dada mai hakkilri ɓingel mai sali musun. fijugo no o vowi sai o yari keccel mai ha likita ngam o yiɗi o anda ɗume on haddi sitta tari man bo ko waɗi o ɗo fofa be bone bo o anda iri kala lekki toi e wannata bingel man lamɗol am ko watata ɓingel petel tari sosai be jemma bo hada bingel man fufugo boɗɗum wawan wada tari be bonede fofugo man alamutu ɗume bei ɗume wawata wadugo ha sare heɓa keccal man ɗaana boɗɗum jemma.,"Daada ɓingel fere ɗo daami hala kechel mako mo mari lewru jetati. Be naange, ɓingel mai fijan boɗɗum, amma to jemma waɗi se o fuɗɗa tari. Tari mai ɗo ommina kechel man diga ɗoiɗi mako, bo kechel mai wokan diga ɓawo. Ha iri kala jemma doh, dada mai laari ɓingel man ɗo fofa be law bo oɗo habda fofa mai ma. Dada mai kaasi ɗaanugo gam o hulturi. De fajira waɗi, dada mai hakkili lari ɓingel mai sali musunugo bo o sali fijugo no ovowi, se oyaari kechel ha likita gam oyiɗi o anda ɗume on haddisitta tari man bo ko waɗi oɗo fofa be bone bo o'anda iri kala lekki toi ewannata ɓingel man. Lamnɗol am: ko watata ɓingel peetel taari sosay be jemma bo haɗa ɓingel man fofugo boɗɗum? Waawan waɗa taari be boneeɗe foofugo man alamu huttu? Ɗume be ɗume ewaawata waɗugo ha saare heɓa kechel man ɗaana boɗɗum jemma?",http://speech-app.s3.amazonaws.com/static/audio/uploads/613d2683-85de-4c67-9096-827184b2ebdd/5ae6765e8eade4159e4f5137883c57e1_NHp9iyFv.wav,"The child's bloody stool is highly indicative of bacillary dysentery, likely caused by Shigella, while the severe nocturnal cough with phlegm and vomiting suggests a concurrent lower respiratory tract infection such as pneumonia or pertussis. At the clinic, we will perform a stool microscopy to confirm the enteric pathogen and assess the child's respiratory rate and oxygen saturation to determine the severity of the lung infection. We will immediately treat the dysentery with Oral Rehydration Solution (ORS), Zinc supplementation, and a locally appropriate antibiotic such as ciprofloxacin or ceftriaxone according to regional guidelines. For the respiratory symptoms, we will prescribe oral amoxicillin for suspected pneumonia and advise the mother to elevate the child's head during sleep to minimize coughing fits and post-tussive vomiting. Additionally, we will counsel the mother to stop using unverified traditional remedies, ensure the child continues to eat, and emphasize strict handwashing to prevent further fecal-oral transmissions.",Qwen-3.7-Plus (audio),qwen3.7-plus
662d0f80-5975-44c8-b91f-e79e040b4d70,fulfulde,fulfulde,Rawandu ngati bingel bandan dubi mako je didi rawandu mai gati mo be yahi ha gargajiya goddo gargajiya ta’i babal mai sai wati lekki fere inde majum abboro amma jonta babal rawandu mai gati fuddi vurtungo dammutore bo ɗuti en yacci ɓe yara mo asibiti pusani iri kala ri ɓe wannata bingel ɗo o wawan heɓugo ngam rawandu mai ko da rawandu mai ɗo dama bo iri safande toi hani a wanna bingel petel ɗo mawandu mai wannai mo il fere ha bandu mako.,"Rawaandu ngati ɓingel ɓanɗam. Duɓi mako je ɗiɗi. De rawaandu mai gati mo, eyehi ha gargajiya, goɗɗo gargajiya ta'i babal mai se wati lekki fere inde majum 'aporo'. Amma jonta, babal rawandu mai gati fuddi vurtungo namputere bo ɓuti. En yechi ɓe eyara mo asibiti. Useni, iri kala lirore toi ewannata ɓingel ɗoh? Owawan heɓugo wuttaandu gam rawaandu mai, ko da rawaandu mai ɗo daama? Bo iri safande toi haani ewanna ɓingel peetel ɗo? Maandu rawaandu mai wannai mo illa fere ha ɓandu mako.",http://speech-app.s3.amazonaws.com/static/audio/uploads/d32f5e72-b75a-438a-aaa1-0f3e49e2ad25/d1317d919f7ad32aa7e02bea784f5e2e_254txzZC.wav,"The child is suffering from a secondary bacterial infection and likely a foreign-body reaction or chronic granulomatous inflammation, such as tuberculosis, due to the unsterile traditional incision and herbal application. Immediate management requires thorough surgical debridement and curettage of the wound to remove all necrotic tissue, herbal residues, and trapped pus. You must send a pus swab for bacterial culture and sensitivity, and simultaneously test for tuberculosis since chronic, non-healing abscesses are highly prevalent in our region. Finally, initiate targeted systemic antibiotics based on the culture results, ensure proper daily wound dressing with sterile normal saline, and update the child's tetanus prophylaxis to resolve the treatment failure.",Qwen-3.7-Plus (audio),qwen3.7-plus
7af2af64-2808-4bf4-a259-49c62c4a9b64,fulfulde,fulfulde,Debbo darnajo ɗo jogi ɓingel mako de o lari zazzabi nangi gal mai non non tan fuɗɗi dimbugo bingal mai do wada jinl wala der hakkilo irin nyautoi hebi bingel dadalgu sumdo be irin hakkulungo hakkilinta bingal do.,"Debbo jarmaajo do jogi bingel mako , de olaari zaszabi nangi gel , bingel mai nonnon tan fuddi dibbugo .Bingel mai do wada jindol owal der hakkilo . Irin yeu toi hebbi bingel daada  musunoddo do? Be irin hakkulingo toi hakkilinta bingel do?",http://speech-app.s3.amazonaws.com/static/audio/uploads/4e944aa2-b594-4fe7-bac1-5709e3f206d4/445167f8000db8be0f36ff93faaad782_UdH9lVGh.wav,"The increased fetal restlessness is a clinical sign of fetal distress secondary to maternal malaria-induced fever and potential hypoxia. Maternal fever and malaria-associated anemia reduce oxygen delivery to the fetus, initially causing hyperactive fetal movements as a physiological stress response. In our community practice, immediate confirmation via rapid diagnostic test and prompt treatment with pregnancy-safe artemisinin-based combination therapies alongside paracetamol for fever control is critical. Close monitoring of fetal well-being and maternal hemoglobin levels is essential to prevent adverse outcomes such as low birth weight or fetal demise.",Qwen-3.7-Plus (audio),qwen3.7-plus
05d40662-2ac2-4b71-88a4-87bf41b6ca15,fulfulde,fulfulde,Dada mu suno bingel mako kuma o do larani bandu bingel do wula wakkati bo da lori vi o yidda saali o yi bandu bingal mai gabaki daya tid sai o faddi bo o anda ko daya bol mako do mabbi. Gam kujeji ɗiyam ɗo vurtina mo ha hunduko kuma ɓingal mai wawata maɗa kala nyiri fu jotta oɗo ema elkita ko irin ɗo o maran nyauɗo maran dama kuma be irin nyau ganɗi ko o wawan o heɓa batal. Koje gargajiya be sabulu gargajiya ɗon ɓe naftirinta ɓingel be iri nyauɗo ha vurti.,"Daada musunoodo, hirliti bingel mako kuma odo laara ni bandu bingeldo, dowula wakatigo . Daada lori vi oyi bawoo awaa sedda saali oyi bandu bingel mai gabaakidaya tiidii se o faddi. Bo o anda ko leebol mako do mappi, gam kujeeji diam do vurtinamo ha hunduko. Kuma hingel mai wawata moda kala yiiri fu.
Jotta odo ema likita ko irin yeu do maran daama, kuma be irin yeu toi ga nandi, ko owaawan oheba  baatal koje gargajiya be sabulu gargajiya don be nefartirinta bingel be irin yewu do, ha lenyol o furti.",http://speech-app.s3.amazonaws.com/static/audio/uploads/505092e3-9608-4beb-98d8-d8aeb0a16945/88f1715c0c0a0e58e1d81a3b7eabeb44_DKJjG7gE.wav,"The child's sudden generalized body stiffness and locked arm after being bathed with unsterile traditional soap strongly suggest a diagnosis of tetanus or a severe musculoskeletal injury from rough handling. In our community setting, the use of traditional herbal soaps is a well-documented risk factor for introducing *Clostridium tetani* spores through the skin or umbilical stump, leading to severe muscle rigidity. Although the aspiration of water could have triggered a hypoxic event, the focal locked limb requires immediate differentiation between a localized tetanic spasm and an orthopedic fracture. We must immediately discontinue the use of all traditional bathing substances, protect the child's airway, and urgently refer the child to a hospital. Definitive management requires prompt administration of tetanus antitoxin, intravenous antibiotics, spasmolytics, and orthopedic evaluation to address this life-threatening emergency.",Qwen-3.7-Plus (audio),qwen3.7-plus
b5f5fab7-0d62-4ff9-a947-631641f53f7c,fulfulde,fulfulde,Likita mi waddi ɓingel dubi jui be lebbi ɗiɗi kuma oɗo lebbi ɗiɗi ko sali oɗo be damuwa be fofugo saɗini mo jamma kuma o ɗo uja. ɗo ni sali dillugo mi sodini mo lekki ojjugo tibi inde magal tutolin chuld o yardi gora gotel amma ɗojugo mai dillai kuma har jotta ɗo be jemma ɗo saɗini mo mi wanni mo je tibi. Amma be vi wawan o wala nyau tibi ɗum likita ɗume on waddata ɓingel duɓi jui heɓa ittugo wala acca ɗum be kuma ɗume on waddata ɓingel dubi jui heba damuwa fofugo daker ɗo be tamma.,"Likita miwaddi by bingel dubu jew be lebbi didi , kuma odo be banin ko lebbi didi ko saali , odo be damuwa be foofugo do sadinimo jamma, kuma odo ojja kullum kullum. Hojjugo dooni salli dillugo. Mi soodi nimo lekki dojjugo TB, inde maagal Tutolin Children . O yardi goora gootel amma dojjugo mai dillai.kuma har jotta do dojjugo be jamma do sadinimo.
Mi wanni mo goji je TB, amma bevi wawan owala yeewu TB do.
Likita, dume don waddata bingel dubi jew heba hojjugo wala accha do, be kuma dume on waddata bingel dubi jew heba damuwa foofugo daker do be jamma?",http://speech-app.s3.amazonaws.com/static/audio/uploads/1c2be1aa-bad0-4e1e-8c37-84158acde31c/b0096cbd1874092b64c5f55c71ef46fc_PfUWaCPY.wav,"In a two-year-old child with a two-month history of nocturnal cough and breathing difficulty where pneumonia has been ruled out, the most likely diagnosis is childhood asthma, though tuberculosis must also be excluded given its endemicity in our region. Asthma causes chronic airway inflammation and bronchospasm that typically worsens at night due to natural circadian changes and prolonged exposure to indoor allergens like dust. To differentiate these conditions, the child requires a thorough respiratory examination for wheezing, a chest X-ray, and appropriate tuberculosis testing. Management for asthma involves inhaled bronchodilators for immediate relief and inhaled corticosteroids for maintenance, alongside eliminating environmental triggers like indoor cooking smoke, and I advise returning to the clinic to ensure proper inhaler technique.",Qwen-3.7-Plus (audio),qwen3.7-plus
92caf330-cd8d-4af6-a332-4392a0684822,fulfulde,fulfulde,Inde ame ɓawo lebbi ɗiɗi ko saali ɗo militina gorko amofugo mako da dedai ba sam be odo ista akai akai banda ma odo babellaji ko habe saunde odo isla akai akai ni bofugo daidai o hokka. Ɗo waɗa ta’a be oɗo isla to oɗo solaji wodi ko je min waɗata heɓa hefta ko waɗata ɗotugo ɗo be isugo ko julde ha pellel mari solaji ko ɓandu mako ɗon. Chanta waɗata ɗum fe’a irin lekki toi ɗon o naftirta hofugo mako hota dedai be kuma o wawan o joɗa belɗum ko ha o woni fu.,"Inde am Mrs Akinleye, bawo lebbi didi ko saali do, mi hirliti nii gorko am, foofugo mako da daidai ba sam sam. Be odo isla akai akai , bandam odo babel sollaji ko ha be saa ta hunde. Odo isla akai akai ni bo foofugo dai dai do hokka mo bone. Foofugo mako do wada ta’a be odo isla to odoo pellel churde ko sollaaji. Wodi goji min wadata heba hefta ko waddata hojjugo do be islugo? Ko joode ha pelel mari sollaaji do waddata dum, ko bandu mako don chanjata wadata dum fe’a?
Irin lekki toi don o naftirita, foofugo mako hoota daidai be kuma owaawan ojooda peldum ko ha o woni fuu?",http://speech-app.s3.amazonaws.com/static/audio/uploads/958360c8-f3ce-4ba2-b455-3643aae6e790/49f615cddaa3661c794eed71f7b98358_ZwOT7vF9.wav,"Your wife is experiencing dyspareunia (painful intercourse), likely caused by vaginal infections, inadequate lubrication, or severe tissue irritation from the herbal concoctions. You must stop applying these traditional herbal mixtures to her genital area immediately, as they frequently cause chemical burns and secondary infections that worsen the pain. She requires a prompt clinical examination at a local health facility to diagnose and treat any underlying conditions with evidence-based prescription medications. In the meantime, use safe, water-based lubricants and avoid further penetration until she is medically evaluated and her tissues have fully healed.",Qwen-3.7-Plus (audio),qwen3.7-plus
1a300999-4afc-406c-b8f9-db90c98bf7f7,fulfulde,fulfulde,Mayi ɓingel mako mo ɗo wondi be mako tun o dayi ɓingel hakkunde ɓawo tati ɗum waɗi rufata ɓawo dayugo bo rufa be robe sembe nda dedai ma o yiini fu ɓingel mako ɗo laɓi juɗe koste yeso. Tou ɗo tauna ɓandu ɗo wuli amma ha dar ɓalle tati ɗo ko sari ɗo kosɗe mako be juɗe mai fu ɗo fewi bo o ɗo somi somini sosai bo wala ko o wawata waɗugo kanjum waɗi o waddi mo sibiti heɓa. Likita lara ɓandu mako o yami ko wawan likita mai lotai babel mingel mai joɗata boɗɗum ko kanjum waddata rufugo iyam sembe mai bo otori likita mai vindina mo batal ko lekki je darnata iyam mai heɓa dada mai lornita sembe mako wawa hakkina ɓingel. ,"Maama yi’i bingel mako,mo odo wondi be mako tun o dayi bingel, hakkunde bawo tati dum wadi, eyam rufata bawo dayugo, o rufa belau be sembe da daidai ba. Oyi’i ni fuu bingel mako do laapi , judde, koste, yeeso, nofuru fuu do laapi. Odo ta dewna bandu bo owuli. Amma ha der balle tati ko saali do koste mako be juude mai fu doo feewi. Bo odo sommi sommi ni sosai bo wala ko o waawata wadugo. Kanjum wadi o waddimo sibiti heba likita laara bandu mako. Oemmi ko wawan likita mai lootai babel mingel mai joodata boddum, ko kanjum waddata rufugo eyam sembe mai.
Bo otori likita mai vindimo baatal ko lekki je darnata eyam mai, eba daada mai lornita sembe mako waawa hakkilina bingel mako.",http://speech-app.s3.amazonaws.com/static/audio/uploads/9d732eb6-fb7a-42c0-8736-8c3dbb646e26/baa51d6b97df04c44e663e70c4dc6d29_3Ul3VDrg.wav,"The infant's presentation of fever, severe pallor, tachypnea, and peripheral edema in an African community setting strongly indicates severe malaria or sepsis complicated by severe anemia and congestive heart failure. The physician's decision to initiate a blood transfusion is clinically correct and strictly follows World Health Organization guidelines for managing severe pediatric anemia with signs of cardiac decompensation. Rapid restoration of the red blood cell mass and oxygen-carrying capacity is critical to reverse the heart failure and resolve the peripheral swelling. Concurrent administration of locally appropriate antimalarials, broad-spectrum antibiotics, and diuretics addresses the underlying infectious etiology while safely managing fluid overload. This evidence-based, comprehensive management strategy is essential for stabilizing the infant's hemodynamics and ensuring survival in a resource-limited hospital environment.",Qwen-3.7-Plus (audio),qwen3.7-plus
1169dfcc-d852-4ad0-98bc-fcc9c05621ab,fulfulde,fulfulde,Myari sobajo amre dubi mako sappo e je tati gam o nasti dango bo wakkati wadi den yotti sibiti mai be hosi mo be godi mo ko handi fu be tawi sembe iyam mako va’i ko handi ni fu be wadan o do danyugo. Oɗon ni har ɓawo aawa sappo e ɗiɗi gorko mako dayai likita en sauri debbo mai o jaɓa ɓe wanna mo sis gam o ɗo der danugo ɗo ni sobajo am saali sam o fiwai o yidi dango baroɓe ibrani enta daga ɓawo o danyi bingal ɓawo aawa sappoi. O ɗo dergo o danyi ɓingel debbo e jamu ko ma min yettore Allah amma ko hirni amni amin ɓingel ɗo wala fofa boɗɗum be dimbi akai akai mari wuji bandu bingel ɗo o kini amma fofugo wartai dede har dotta be yawi be hokki mo. Oksid likita usini bingel do hisanna be to o hisi o wartan bingal ma wori na fore na,"Mi yari sobaajo am reduujo , mo duubi mako sappo e je tati, gam o nasti dayugo bo wakati wadi . Dai min yotti sibiti mai, be hosimo bo begodimo ko haadi fu, be tawi sembe eyam mako va’e. De bawadi ko haadini fu be wada . Odo der dayugo. Odon nii har bawo awa sappo e didi. Gorko mako dayai, likita en sauri debbo mai ojaba be wanna mo CS, gam odo der dayugo do neebi .
Sobajo am salli sam , ovi wai oyidi dayugo ba roobe ibrani’en dayata .
Dagabawo o dayi bingel, bawo awaa sappo e didi o do der dayugo. Odayi bingel debbo e jamun, kuma minyettore Allah. Amma ko hilni amin bingel do wala foofa boddum. Be dimbi akai akai, marri , wugi bandu bingel do. Owooki ni amma foofugo warta deedai har jotta.
Be yawi be hokkimo oksijin.
Likita, Useni, bingel do hisan na? Be to o hisi, o wartan bingel mo woodi naafoore na?",http://speech-app.s3.amazonaws.com/static/audio/uploads/3d266846-2143-40e8-9ce7-edd23e4b7d32/d4b1cfe7adcbf7518f4312ae01331c3a_PDX1kSVB.wav,"The child is suffering from severe acute malnutrition (kwashiorkor), indicated by her swollen belly, alongside severe anemia, requiring immediate hospitalization for therapeutic feeding, possible blood transfusions, and infection management. In our community-based practice, these life-threatening conditions are effectively managed using Ready-to-Use Therapeutic Food, micronutrient supplementation, and standardized pediatric malnutrition protocols. If she survives and receives comprehensive nutritional rehabilitation, her physical growth and reproductive system can fully recover, enabling her to have normal fertility in the future. However, because prolonged severe malnutrition can cause permanent stunting and delayed puberty, early and aggressive medical intervention is absolutely critical to safeguard her future reproductive health. Regarding the mother's infertility, it is likely due to pelvic infections or uterine damage from her childbirth at age 13, and she should also undergo a gynecological evaluation.",Qwen-3.7-Plus (audio),qwen3.7-plus
4d31877b-469d-4301-9932-75fd852d6b19,fulfulde,fulfulde,Rewo ɓingel mo hakkilinta ɓingel petel herti ɓingel o hakkilinta mai dakka fofata den bo fofugo bingal mai da dedai ba bingal do da keel don ba je be sakkini al ha dango kuma na bingal be yiwata be diyam pewdum. Ɗum waddata ɓingel petel fofata da kerɗo be ɗofugo mai hoi nai mo bana nane ɗume min waɗata do hala ɗo.,"Reenodo bingel mo hakkilinta bingel petel, hirliti bingel o hakkilinta mai daker foofata, denbo foofugo bingel mai da dedai ba.
Bingel do da chekkel don ba je be sakkiniel ha danugo, kuma naa bingel beyiiwata be diyam paudum.
Dume don waddata bingel petal foofata daker do be dojjata akai akai, bo kwadi foofugo mai hoyinai mo bana naane? Dume minwadata do halaa do?",http://speech-app.s3.amazonaws.com/static/audio/uploads/1c6a2b57-3053-4415-9727-917ed9722ce8/7c72ff04903a2a067085df6696d31fe2_ploEzH89.wav,"The child is suffering from severe acute gastroenteritis, most commonly caused by viral infections like Rotavirus or bacterial pathogens transmitted through contaminated water and poor hygiene. Since the child is severely dehydrated, lethargic, and unable to keep fluids down due to continuous vomiting, oral rehydration therapy will be ineffective. You must urgently transport the child to the nearest healthcare facility for immediate intravenous fluid resuscitation to correct the life-threatening dehydration and electrolyte imbalances. After medical stabilization, the child should be given zinc supplements and gradually resume breastfeeding to promote intestinal healing and prevent malnutrition.",Qwen-3.7-Plus (audio),qwen3.7-plus
7be603c9-1850-4693-b2d6-1b7b07387ab2,fulfulde,fulfulde,Debbo fere danyi keccal ha asibiti amin fajiri ɗo dango mai hokkai mo sam o danyi wala damuwa nebai sam ɓawo o dayi min lati leppol min wanni mo ɓuli sofni be iyam ɓawo minti seɗɗa debbo ɗo o naftiri be leppol fere kanjum mai fu hebbini be iyam. Nyidai sam debbo fuddi nanugo wala sembe bo iyam mai do rufa sosai sali darugo dane on waddata rufugo iyam ɓawo danugo dume watta darna iyam mai ko wawan lata bingel fere don hader redu debbo ɗo ɗume on waddi rufugo iyam sembe daratado ba je debbo do. Duem wawata min wanna debbo ɗo iyam mai dara irin batal ko lekki toi nafu ɗo be min tura debbo ɗo asibiti manga na ɗon ko min wawata min wanna debbo ɗo je darnata iyam mai.,"Debbo fere dayi chekkel ha sibiti amin fajiri do. Dayugo mai hokkai mo bone sam, odayi wala damuwa. Nebai sam bawo o dayi min laari leppol min wanni mo buli, sofni be eyam.  Bawo minti sedda debbo do naftiri be leppol fere, kanjum mai fu hebbini be eyam. Nebai sam debbo fuddi nanugo owala sembe bo eyam mai do rufa sosai sali darugo. Dume don waddata rufugo eyam bawo dayugo ? Dime watta darna eyam mai? Ko wawan laata bingel fere don ha der reedu debbo do? Dume don waddi rufugo eyam sembe darata do ba je debbo do? Dume min wawata min wanna debbo do, eyam mai dara? Irin baatal ko lekki toi naftirint debbo do , be min tura debbo do sibiti manga na , ko don ko min wawata min wanna debbo do je darnata eyam mai?",http://speech-app.s3.amazonaws.com/static/audio/uploads/5dac9a38-8c55-48c0-a42e-db2f494830ab/586a9bb6daab0fb5d9630e9ae6621d65_2VpNAeQX.wav,"The severe bleeding is most likely caused by uterine atony, requiring immediate firm bimanual uterine massage and the administration of a uterotonic drug like intramuscular oxytocin or sublingual misoprostol to stimulate contractions. Simultaneously, manage her hypovolemic shock by establishing large-bore intravenous access and rapidly infusing warm crystalloid fluids to restore her circulating blood volume. If the hemorrhage does not rapidly cease with these initial community-level interventions, you must immediately arrange an emergency referral to the general hospital for advanced obstetric care, such as intrauterine balloon tamponade or surgical management. During transit, continue intravenous fluid resuscitation, keep the patient warm, and monitor her vital signs closely to prevent further clinical deterioration.",Qwen-3.7-Plus (audio),qwen3.7-plus
d37bde49-8a16-485c-90d5-613f7fad7712,fulfulde,fulfulde,Duɓi am sappan e tati e ɗiɗi nyiɓai mi dayi je ɗiɗi ko sali ɗo on midayi mi heriti dou to miɗo musina keccal am ɗo yarnama bani musungo to o musini seddani sei o itta hunduko mako to mi habdi musungo mo fahin sei o musina seɗɗa o itta hunduko sei ko haɗi mo musungo boɗɗum sei mirriti o ɗo mari damba wala fufa boɗɗum bana ɓingel. banninta pofɗe mako mi yecci dada gorko am o vima den ɗo daya ndiyam nati hore keccel man on ko kuje fere amma bo minti hore mako kam likita en handi ɓe anda min ko ɓuri pusungu amɓerde maanjum on o wala hara boɗɗum ɗo dama ambo hakkilo am wala wala musina be boɗɗum sam sai to mi waɗi sembe to miɗi o musina. Sai to mi vindini mo o musina seɗɗa to fottini mo miɗi mi’ama dow sabo pewol man je o wala fofa be boɗɗum ɗo bofi fu ɗo nanda bana kine mako ɗo sukki bo hanjum on waɗi wala musina boɗɗum.,"Dubi am sappan e tati e didi. Nebai mi danyi, Balde je didi ko sali mi danyi. Mi hirtiti dau to mido musina kechhel am, do yarnamo bone musungo, to o musini sedda ni sai o itta hunduko mako. Toh mi hapdi musungo mo fahin sai o musina sedda o itta hunduko. Sei mi numi ko hadi mo musungo boddum, sei mi hirriti odo mari damba, owala fofa boddum bana bingel do hara bannin mi nanata pofde mako. Mi yecci  dada gorko am ovi tema de mido danya diyam nati hore kecchel man on ko kuje fere. Amma bo mi numi to diyam nasti hore mako kam, likita en handi beh anda. Min ko buri pusun go am berde ma hanjum on no owala hara boddum. Do dama am boh hakkilo am walai. Owala musina beh boddum sam. Sai toh miwadi beh sembe to miyidi o musina. Sai toh mi findini mo o musina sedda to fottini mo. Miyidi mi ema dau sababu pewol man jeh owala fofa beh boddum boh de o fofi fuu do nanda bana kine mako do sukki boh hanjum on wadi owala musina boddum. ",http://speech-app.s3.amazonaws.com/static/audio/uploads/840dabfc-6d8b-4a62-8077-5fe36c517b4a/4a8cbcc916138f5a8a753eb6c39bd2f3_f8CvbIoJ.wav,"Based on your description of recurrent neonatal respiratory distress, a visible physical swelling, and the failure to cry or establish normal pink coloration at birth, your babies are likely suffering from a congenital airway obstruction, such as a neck mass or a severe congenital heart defect. These structural anomalies physically block the newborn's airway or impair oxygen circulation, which explains the mouth-breathing, lack of crying, and pale or bluish appearance you observed. In our community hospital setting, managing this requires immediate skilled neonatal resuscitation and urgent referral to a tertiary center to secure the airway through specialized interventions like intubation or a tracheostomy. For any future pregnancies, it is absolutely essential to undergo detailed antenatal ultrasound scans to detect these fetal anomalies early. Prenatal identification allows our medical team to plan a controlled delivery at a specialized facility equipped to perform life-saving airway management the exact moment the baby is born.",Qwen-3.7-Plus (audio),qwen3.7-plus
c60e851f-8a94-4b7e-aeeb-d8836133b45b,fulfulde,fulfulde,Debbo ɗo danyi ha sibiti meɗen lebbi jego ko sali o wari sibiti man be gorgo mako ha o danyi ɓingel marɗo lebbi jego mai wardi be mako jonta dada ma waɗi bayani do o hefti ɓingel man ɗo ɗojja balɗe sappo e tati yahugo sappo e nai ko sali o vi bo o ɗon no hokka mo lekki damba hiddeko ɗojugo man fuɗɗa o vi ɗo jere man halli on daga kiya. taci ko fuddi amma harturti o vide o musini mo fu odo hokka mo lekki ndiyam je dargo je be sorata je dojugo do je o dinki hokkugo bingel man do yara vi daga keya dojugo man turti je har yotti bingel man wala wawa fofa be boddum sosai bana pofde man do ta’a on do yaha dow je palas kala wakkati. Ɓe hultiri hanjum madi ɓe waddi mo sibiti meɗen jotta e mol am ha ɗo hanjum on min wawan min hokka debbo ɗo ko vallata mo be ɓingel ɗo ha sare na larugo no pofɗe mako ta’ata be ɗojere ɗo min vindina be lekki dojugo na ko en wadda go jego je dow ɓingel man hiddeko min hokka mo lekki ko batir.,"Debbo do danyi ha sibiti meden lebbi jego ko saali. Owari sibiti man beh gorko mako haa o danyi bingel mardo lebbi jego mo be wardi beh mako jonta .
Dada man wadi bayani dau o hirriti bingel man do dojja balde sappo-e-tati yehugo sappo-e-nai ko saali.
Ovi bo o donno hokka mo lekki damba hiddeko dojjugo man fudda. 
Ovi dojjere man halli on daga keya. Balde tati ko fuddi amma har turti.
Ovi de o musini mo fu, odo hokka mo lekki diyam jeh der gora- jeh be sorrata jeh dojjugo do- jeh o dingi hokkugo bingel man do yara.
Ovi daga keya dojjugo man turti jeh har yotti bingel man wala wawa fofa beh boddum, bo daami am sosai.
Bana pofde man to ta’a on do yaha dau jippa les kala wakkati fu. 
Beh hultiri hanjum wadi beh waddi mo sibiti meden. 
Jotta emol am hado hanjum on; min wawan min hokka debbo do ko vallata mo beh bingel do ha saare na? Larugo no pofde mako ta’ata beh dojjere do?
Min vindina be lekki dojjugo na? Ko en wada gwaje-gwaje dau bingel man hiddeko min hokka mo lekki ko bate?",http://speech-app.s3.amazonaws.com/static/audio/uploads/8bf9f4d8-ae8e-4625-9c88-f23cc5d70fe7/970b50df7a2e36e0d728c0229754f252_tsVjfEld.wav,"The infant is experiencing acute medication toxicity and severe dehydration from the inappropriate crushed pills, necessitating immediate airway support and oxygen therapy for the respiratory distress. Urgently establish intravenous access to administer isotonic fluids like Normal Saline or Ringer's Lactate to correct the profound dehydration caused by the severe vomiting and diarrhea. Strictly avoid prescribing any anti-crying, anti-diarrheal, or sedative drugs, as the crying is a symptom of systemic distress that will resolve once the underlying toxicity and dehydration are properly treated. Administer empirical intravenous antibiotics, such as ampicillin and gentamicin, to cover for potential sepsis given the prolonged 14-day history of inconsolable crying and the child's critical state. Finally, counsel the mother on the severe dangers of unprescribed over-the-counter or traditional medications and ensure continuous monitoring of the infant's vital signs and fluid balance in the pediatric ward.",Qwen-3.7-Plus (audio),qwen3.7-plus
ca38ef49-d081-48fe-90af-041267c847c9,fulfulde,fulfulde,Min nyii goto nder rewɓe amin marɓe redu be gorko mako fajil ɗo vis jabur mako be ɓawo mako ɗo nawa be wakkatil mako waɗai fu min emi mo redu mako lebbi noi on o vi lebbi jego be balɗe sedda on min to ɗo nawa mo jotta na ko ɗo wara dilla on sai o vi ɗon jotta sei min emi mo to o larini. Ndiyam ko iyam na ɗo vi o lare ndiyam be iyam min emi mo ko bingel man je lamba noi on bo redu man je noi on vi amin on je arande emol min mari likita man hanjum on do alama debbo yotti on na o fukkiri on na ko hunde fere on min wawan min yarta debbo man dilla ɓe wanna mo koji nder redu wato sk. ngam min anda ko fe’ata na.,"Min yi goto der rewbe Amin marbe redu beh gorko mako fijjiri doh, ovi les jaburu mako beh bawo mako do nawa, beh wakkati daigol mako yottai fuu. Min emimo redu mako lebbi noi on? Ovi lebbi jego beh balde sedda on. Min emimo toh do nawa mo jotta ko do wara dilla on, sei ovi do nawa mo jotta. Sei min emimo toh olari diyam ko iyam, ovi olari diyam beh iyam. Min emimo bo bingel man jeh lamba noi on, bo redu man jeh noi on? Sei ovi hanjum on je arande. Emol min marni likita men hanjum on ; do alama daigol yotti onna, o fukkiri na, ko hunde fere on?
Min wawan min yerba debbo man dilla beh wanna mo gwaji der redu Wato scanning gam min anda ko fe’ata na?",http://speech-app.s3.amazonaws.com/static/audio/uploads/35e5444a-92ee-48b3-94f4-bbcce744cccc/50eb25d9c93460bd13d7650d59a556b4_QfKim7Pf.wav,"The patient is experiencing rupture of membranes at term without spontaneous labor, requiring immediate evaluation to prevent life-threatening maternal and fetal infections. True labor is clinically confirmed by regular, painful uterine contractions that cause progressive cervical dilation, rather than just abdominal pain or fluid leakage alone. Proceeding with the requested ultrasound scan is highly appropriate to assess fetal well-being, presentation, and amniotic fluid volume while strictly monitoring for signs of chorioamnionitis. In our community setting, if spontaneous contractions do not begin within a few hours of membrane rupture, we must induce labor with oxytocin to ensure a safe delivery and minimize the risk of sepsis.",Qwen-3.7-Plus (audio),qwen3.7-plus
097c330b-fb29-4392-acc8-015bd99ac09c,fulfulde,fulfulde,Inde amtilola daga keya bandu bingel am do wuli odo fita diuna bingel man wala wawa wailita dande mako sam don nanda ma bana dande bingel man wetata waituggo yite wore bingel man wawata mabbutuggo dumejum on wawata wuda zazzabi do be ko bo hadata dande mako waituggo gol handi mi wanna mo heba mi anda sabo zazzabi man be ko hadata dande mako waituggo jawabu toy bo be yecchata men je ko woni dar bandu bingel man je waddata zazzabi be ko wadata dande mako wodi go,"Inde am Titilola. Daga keya, bandu bingel am do wuli, odo fiita diwna.
Bingel man wala wawa wailita dande mako sam. Do nanda ma bana dande bingel metata wailutuggo. Gite wore bingel man wawata mabbutuggo. Dumejum on wawata wadda zazzabi doh beh bo ko hadata dande mako wailutuggo? Gwal toi handi mi wanna mo heba mi anda sababu zazzabi man beh ko hadata dande mako wailutuggo? Jawabu toi beh yeccata men jeh ko woni der bandu bingel man jeh waddata zazzabi beh ko hadata dade mako wailutuggo?",http://speech-app.s3.amazonaws.com/static/audio/uploads/3e582d3f-71b9-4d36-b70c-095cd79016cc/482f4a329e361907ead08f7240692149_qokCpWJA.wav,"The child is exhibiting classic signs of severe cerebral malaria complicated by seizures, coma, and respiratory distress, which is a life-threatening medical emergency requiring immediate hospitalization. The high fever and unconsciousness occur because malaria parasites block blood vessels in the brain, causing cerebral swelling and seizures, while the breathing difficulty is often due to severe metabolic acidosis or profound anemia. In our clinical practice, the immediate priority is securing the airway, administering intravenous artesunate to clear the parasites, and giving intravenous diazepam to halt the convulsions. We must also provide supportive care like oxygen therapy and blood transfusions if needed, as oral medications are completely ineffective and dangerous for an unconscious child. Please rush the child to the nearest hospital emergency unit immediately, because delaying intravenous treatment can quickly lead to permanent brain damage or death.",Qwen-3.7-Plus (audio),qwen3.7-plus
1922f14d-d08e-4f00-b45c-2c3c6f46b8e5,fulfulde,fulfulde,Dada fere hakkili lari ɓingel man ɗo ɗoja je balɗi arindiri kamma pewol on ɓillata ɓerde ɓingel man den bo accan mo amma bo ɗo juko man usta ɓingel man ɗo umma kala jamma fu ngam ɗojara man wakkati go kamma ɓingel man ɗo habda bano o wala wawa fufa be boɗɗum dada man to ummini bingal man darni oɗo wawan nano ɓerde mako fiyata wakkati fufata ngam bannin ango. Ɓingel man nda ɓingel man ɗoji sosai ha gagiri mo fufugo be boɗɗum nder jamma jango man dada man tas yahugo asibiti o yiɗi o nana ko waɗi ɗojugo man fuɗɗi ko waɗi tawugo pofɗe man nden nde bo o anda hedi o wawata valliugo emwal amma ha ɗo kanjum on ɗume on wawata wadda ɗojere be tawol pofɗe ɗo banda ma be jamma. Alluhai handi ɓe hakkila be man to ɓingel man ɗo ɗoja kujeji toi handi ɓe hakkila be man ngam usta ko haɗa ɗojugo man.,"Dada fere hakkili lari bingel mum do dojja jeh balde.
Arindere kam, o tamma pewol on billata berde bingel man, den bo accan mo.
Amma bo, dojjugo man ustai. Bingel man do umma kala jamma fu gam dojjere man. Wakkati go kam ma bingel man do hapda bana o wala wawa fofa beh boddum. Dada man toh ummini bingel man darni, odo wawa nana no berde mako fiyata wakkati o fofata. Gam bannin, danugo beh jamma do yarna bingel man bone. De bingel man dojji Sosai ha gagiri mo fofugo beh boddum der jamma, jango man dada man taski yahugo asibiti. Oyidi o anda ko wadi dojjugo man fuddi, ko waddi ta’ol pofde man, dende bo o anda hedi o wawata vallugo. Emol am hoda hanjum on: dume on wawata wadda dojjere beh ta’ol pofde do, banda ma beh jamma? Kuje kalludum toi handi beh hakkila beh man toh bingel man do dojja? Kujeji toi handi beh hakkila beh man gam usta ko hada dojjugo man?
",http://speech-app.s3.amazonaws.com/static/audio/uploads/2a7e9671-a183-4eeb-8e39-ab9c3c41583d/0f404b61a6cd74e458bf719ec8dcbeb3_AZyiHPA6.wav,"The child's symptoms of prolonged diarrhea, vomiting, extreme weakness, and poor suck strongly indicate a severe acute gastrointestinal infection complicated by severe dehydration. While initial home management involves administering Oral Rehydration Solution (ORS) and continuing frequent breastfeeding, the child's lethargy and inability to feed properly are critical danger signs requiring urgent clinical care. You must take the child to the hospital immediately for intravenous fluid resuscitation, possible antibiotic therapy, and a thorough medical evaluation. Prompt emergency intervention is essential to correct the fluid imbalance, treat the underlying infection, and prevent fatal complications.",Qwen-3.7-Plus (audio),qwen3.7-plus
2eafca32-8cb0-4b65-afd7-f00db2a06c8a,fulfulde,fulfulde,Roowo ɓingel lari ɓingel mai ɗo ɗodda sosai naudum har karshe doddugo bingel none don wadata dotugo ha bingel bannin tan har karshe doddugo mai wala fufa boddum da kerdake fofata goji dume be dume be wawata be wanna bingal to borade toi min hokkata mo be kuma chawara tokkata reo bingal mai.,"Renoodo bingel lari bingel mai do dojja sosai naudum, har karshe dojjugo mingel nonnon tan foofugo daker.
Toh dume don waddata dojjugo ha bingel banni tan, har karshe dojjugo mai wala foofa boddum daker daker foofata? Goji dime be dime bewawata bewanna bingel mai? Choboraade toi min hokkata mo? Be
Kuma shawara toi hokkata renoodo bingel mai?",http://speech-app.s3.amazonaws.com/static/audio/uploads/384e1111-4dbf-4bbf-84f0-ed4ff7510e0f/d12396cc9b636a29e3344b6b9418a17e_r275y4Of.wav,"The child's symptoms describe complicated Severe Acute Malnutrition (Kwashiorkor), where the hard, swollen belly and absence of stool are likely caused by severe hypokalemia leading to paralytic ileus. Immediately administer 10% dextrose to correct life-threatening hypoglycemia and give broad-spectrum antibiotics like ampicillin and gentamicin, since infections are often occult and fatal in malnourished children. Manage fluids cautiously using Rehydration Solution for Malnutrition (ReSoMal) to safely correct potassium deficits without causing heart failure from sodium overload. Begin nutritional rehabilitation with small, frequent feeds of F-75 therapeutic milk to gently restart the child's compromised metabolism. Once the child is clinically stabilized and the edema resolves, transition to F-100 therapeutic milk and introduce iron supplementation to ensure complete recovery.",Qwen-3.7-Plus (audio),qwen3.7-plus
af16b3f3-84a4-4de3-a2ea-7bc14114dc24,fulfulde,fulfulde,nonon tan min lari debbo rediyo je sibiti amin wari fajjiri do o wari be naudum sosai o do woka be sembe odo jogi bawo mako be redu mako gam nodum o nanata bawo minti jetati yahugo sappo ha dar sudu danyugo min waddi mo min lari mo min tawi bingel do jippa. Pellel sam o yiɗi ɓinngel debbo to min waddini min waɗini ko haandi fuu en waɗata ɓaawo redu jobay ni min hoosi daada bee ɓinngel maako min yari bee hasudu ɓe siwta ndee seɗɗa sey dada man nyoniya o yecci amin o ɗo nana o walaa. O nana osomi gite mako o yi'ata laɓɗo o vi' amin ogodi nyamugo ɓawo o danyi amma da kek o heɓi o nyami be nyiri mai wala jippa boɗɗum har jotta oɗo ɗaana o wala sembe be o fuddi nanugo gelo on feɗi bannin ko iyam vurti ha mako sosai o wala iyam o handini ko o handi ni. Kilungo iyam ko ɗume wa nanta mo min hokka mo iyam na ko min hokka mo nyiri.,"Nonnon tan min lari debbo redujo je sibiti amin wari fajiri do. Owari be naudum sosai, odo wooka be sembe, odo jogi baawo mako be reedu mako gam noudum onanata. Bawo minti je tati yahugo sappo hader sudu 
dayugo min waddimo. Min larimo mintawi , mingel do jippa pellel danugo Dee. Nebai sam o dayi mingel debbo.
Toh min wadi ni kohaadi fu enwadata bawo redugo dayi .
Napai ni min hosi daada be bingel mako, min yari be haa sudu be suitata.
De nebi sedda, sai daada mai yooni amin , o yechi amin odonana o wala sembe, osomi , gite mako oyiyata labdum.
Ovi amin fu ogodi yamugo bawo o Dayi, amma dakar o hebi o yammi, Be yiiri mai wala jibba boddum.
Har jotta odonana o walaa sembe be ofuddi nanugo giilol . 
Dime on fedi bannin? Ko eyam vurti ha maako sosai, owala eyam. Ohadinika pillunko eyam. Ko dime bewadantamo? 
Min hokkamo eyam na?
Ko min hokkamo yirri?
",http://speech-app.s3.amazonaws.com/static/audio/uploads/4af59541-4b5a-442d-8676-4e2d66831773/c12052a2e9a926a6ce3a09d372ea0123_dow87MSR.wav,"The patient is experiencing severe postpartum hemorrhage complicated by hypovolemic shock, likely due to uterine atony following her precipitous delivery. Immediately initiate intravenous fluid resuscitation, administer uterotonics such as oxytocin or misoprostol, and perform continuous bimanual uterine massage to halt the bleeding. Do not give her food, as oral intake is contraindicated in hypovolemic shock due to aspiration risk and the inability to rapidly restore blood volume; she urgently requires a blood transfusion. In a resource-limited community setting, stabilize her with IV fluids and uterotonics while rapidly arranging emergency transport to a higher-level facility for blood transfusion and surgical management if needed.",Qwen-3.7-Plus (audio),qwen3.7-plus
