audio_id,language,subset,question,reference,url,model_answer,requested_model,model_id
68c4bac8-23c3-4d06-8538-7d507e0dde5c,hausa,hausa,A matsayinta na mace mai juriya rike da danta ganin cewa ɗan yana da zazzabi sai yaron ya fara karkarwa lokaci daya yaron yana shidewa kuma baya cikin hayyacinsa wane irin rashin lafiya ne ke damun ɗan wannan uwa mai shayarwa kuma wane irin kulawa za a iya ba wa wannan yaron?,"A matsayinta na mace mai juriya riƙe da ɗanta, ganin cewa ɗan yana da zazzabi, sai yaron ya fara karkarwa lokaci ɗaya. Yaron yana shidewa kuma ba ya cikin hayyacinsa. Wane irin rashin lafiya ne ke damun ɗan wannan uwa mai shayarwa? Kuma wane irin kulawa za a iya ba wa wannan yaron?",http://speech-app.s3.amazonaws.com/static/audio/uploads/7fc14a06-6d93-47c3-9e1e-ef9452172b41/7eec717f21a1c86f91871ad1224155d1_sQjbT7Mo.wav,"The child is likely suffering from a severe central nervous system emergency such as cerebral malaria or bacterial meningitis, which are leading endemic causes of fever, seizures, vomiting, and unconsciousness in Nigerian infants. Immediate first aid requires placing the child in the recovery position to protect the airway from vomit aspiration and rapidly checking blood glucose to rule out fatal hypoglycemia. Based on Nigerian clinical guidelines, the child needs urgent administration of parenteral artesunate and ceftriaxone to target severe malaria and bacterial meningitis. In a community hospital setting, if intravenous access is delayed or transfer is required, administering a rectal artesunate suppository is a crucial, evidence-based pre-referral intervention to reduce mortality before transferring the child to a tertiary facility for a lumbar puncture and advanced supportive care.",Qwen-3.7-Max,qwen3.7-max
14228d42-72f5-4910-a395-6bc879d0dfdf,hausa,hausa,Likita na kawo yarona mai shekaru 5 da watanni biyu wanda yake fama da wannan rashin lafiyar kimanin watanni biyu yanzu wanda yake samun wahalar numfashi da daddare kuma yana tari a kowane lokaci wannan tarin ya zama mai dorewa na saya masa wani. Maganin tarin TB da ake kira totolin shra ya shanye kwalba daya amma tarin bai gushe ba kuma har yanzu yana samun wahalar numfashi da dare na yi masa gwajin TB amma suka fada mini cewa ba ya da cutar TB likita me zai sa yaro me? Shekaru 5 ya kasance yana da tari mai dorewa kuma me zai sa yaro mai shekaru 5 ya kasance yana da wahalar numfashi da dare.,"Likita, na kawo yarona mai shekaru biyar da watanni biyu, wanda yake fama da wannan rashin lafiyar kimanin watanni biyu yanzu, wanda yake samun wahalar numfashi da daddare kuma yana tari a kowane lokaci. Wannan tarin ya zama mai dorewa. Na saya masa wani maganin tarin TB da ake kira Tutolin Children; ya shanye kwalba daya, amma tarin bai gushe ba, kuma har yanzu yana samun wahalar numfashi da daddare. Na yi masa gwajin TB, amma suka fada mini cewa ba ya da cutar tb). To likita, me zai sa yaro mai shekaru biyar ya kasance yana da tari mai dorewa, kuma me zai sa yaro mai shekaru 5 ya kasance yana da wahalar numfashi da daddare?",http://speech-app.s3.amazonaws.com/static/audio/uploads/a63919fd-9ef5-4aed-a4e1-cd7d8d969072/257d2afc812978432b1a95175d684c0e_ZE1OTSbz.wav,"Based on the persistent cough, nocturnal breathing difficulty, and negative TB test, the most likely diagnosis is bronchial asthma, a common condition where airway inflammation causes night-time bronchospasms. In a five-year-old, nocturnal dyspnea and chronic cough occur because natural circadian drops in anti-inflammatory hormones like cortisol lead to increased airway hyperreactivity while sleeping. In our community setting, we must also evaluate for adenoid hypertrophy or allergic rhinitis, which can cause post-nasal drip and mimic these exact night-time respiratory symptoms. Please stop the unprescribed syrup and bring the child to the clinic for a physical examination and a therapeutic trial of inhaled salbutamol and corticosteroids. These evidence-based inhalers are locally available, highly effective for pediatric asthma, and will directly relieve the underlying airway constriction causing his night-time distress.",Qwen-3.7-Max,qwen3.7-max
7e2cbea6-ca14-475e-8449-e25cdd46b6e4,hausa,hausa,Na lura cewa kanwata wadda take yawan dariya da farin ciki kuma tana wasa da ƙawayenta ta canza kwatsam. Yanzu kullum tana zama ita kaɗai a dakinta. Ta daina shiga hira da mutane kuma ba ta ƙara sha'awar abubuwan da take jin daɗin su a da ba. Na kuma lura cewa ko a gida ba ta son cin abinci tare da mu. Tana kama da mutum mai baƙin ciki ko kuma mai gajiya a kowane lokaci. Me zai iya sa ta fara guje wa ƙawayenta kwatsam? Shin hakan na iya zama alamar baƙin ciki damuwar rai ko kuma fargaba? Ta yaya za mu iya taimaka mata domin ta sake samun farin ciki? Wadanne alamomin haɗari ya kamata mu kula da su? Shin ya dace ta ga mai ba da shawara ko ƙwararren masani kan lafiyar kwakwalwa da tunani?,"Na lura cewa ƙanwata, wadda a da take yawan dariya da farin ciki kuma tana wasa da ƙawayenta, ta canza kwatsam. Yanzu kullum tana zama ita kaɗai a ɗakinta. Ta daina shiga hira da mutane, kuma ba ta ƙara sha'awar abubuwan da take jin daɗinsu a da ba. Na kuma lura cewa ko a gida ba ta son cin abinci tare da mu. Tana kama da mutum mai baƙin ciki ko kuma mai gajiya a kowane lokaci. Me zai iya sa ta fara guje wa ƙawayenta kwatsam? Shin hakan na iya zama alamar baƙin ciki, damuwar rai, ko kuma fargaba? Ta yaya za mu iya taimaka mata domin ta sake samun farin ciki? Waɗanne alamomin haɗari ya kamata mu kula da su? Shin ya dace ta ga mai ba da shawara ko ƙwararren masani kan lafiyar ƙwaƙwalwa da tunani?",http://speech-app.s3.amazonaws.com/static/audio/uploads/d182777f-49f4-4994-bc78-e29c438aa434/d558448a96a41a3dd0c66bbce3ea1a72_sgi4ladJ.wav,"Your sister's sudden social withdrawal, anhedonia (loss of interest), and persistent fatigue are classic clinical signs of depression, which may be triggered by psychosocial stressors, trauma, or underlying physiological issues. To support her, foster a compassionate, non-judgmental home environment and encourage gentle family inclusion, reflecting the strong communal support systems we leverage in Nigerian community health practices. You must vigilantly monitor for red-flag danger signs such as suicidal ideation, self-harm, or severe refusal to eat and drink, which require immediate emergency psychiatric intervention. Yes, it is highly appropriate to refer her to a mental health specialist or a primary care clinician trained in the WHO mhGAP framework, which is widely utilized across Nigeria to effectively evaluate and manage mental health conditions at the community level.",Qwen-3.7-Max,qwen3.7-max
370a8223-6a12-446c-98d5-c501e45e9a13,hausa,hausa,Barka da yamma na zo ne saboda ƙannena na lura cewa idanunsu da fatarsa suna da wani canjin launi farf ko kala gy kuma wannan abin yana faruwa kusan kwanaki 3 yanzu jikinsu kuma yana da zafi sosai yana ƙonewa. ma da zazzabi kuma ba zai iya cin abinci ba sa iya tsayar da komai a ciki ba sa iya tsayar da komai a ciki a gaskiya suna rawa ko sun yi laka sosai domin kansa yana tsarawa kansa yana ciwo kuma jikinsa yana ƙonewa da zafi Mun yi ƙoƙarin amfani da wasu abubuwa a gida mun ba su amma duk da haka babu wani canji ko kadan a yanayinsu idanunsa da fatarsa da ke da wancan launin farfari ko kalan kwai bai tsaya ba wancan launi na kalan kwai sai daɗa ƙaruwa yake. rana bayan rana kuma ba su da kwanciyar hankali ba su da natsuwa suna cikin wahala Allah ya kiyaye suna cikin wahala sosai da gaske shi ya sa na zo asibiti domin mu san abin da za mu yi matakan da muke buƙatar ɗauka yadda jikin ƙanne na fatarsu. Da idanunsu da ke juyawa zuwa kalan kwai zai tsaya kuma za su sami sauƙi,"Barka da yamma na zo ne saboda ƙannena. Na lura cewa idanunsa da fatarsa suna da wani... canjin launi fari-fari/kalan kwai Kuma wannan abun yana faruwa kusan kwanaki uku yanzu. Jikinsa kuma yana da zafi sosai, yana ƙonewa da zazzabi, kuma ba zai iya cin abinci ba. Ba sa iya tsayar da komai a ciki, ba sa iya tsayar da komai a ciki. A gaskiya, suna rawa/sun yi laƙas sosai. Domin kansa yana sarawa, kansa yana ciwo, kuma jikinsa yana ƙonewa da zafi. Mun yi ƙoƙarin amfani da wasu abubuwa a gida, mun ba su, amma duk da haka, babu wani canji ko kaɗan a yanayinsa. Idanunsa da fatarsa da ke da wancan launi fari-fari/rawaya, bai tsaya ba, wancan launi na kalan kwai sai daɗa ƙaruwa yake yi rana bayan rana, kuma ba su da kwanciyar hankali, ba su da natsuwa, suna cikin wahala, Allah ya kiyaye, suna cikin wahala sosai da gaske. Shi ya sa na zo asibiti domin mu san abin da za mu yi, matakan da muke buƙatar ɗauka, yadda jikin ƙanena, fatarsa da idanunsa da ke juyawa zuwa kalan kwai, zai tsaya, kuma za su sami sauƙi.
",http://speech-app.s3.amazonaws.com/static/audio/uploads/b6e70ad8-cfd6-474a-a8ec-ded36b40d12f/8d634ce8fa41801b00291bde9befd6bd_gZzjM177.wav,"Your child is presenting with a medical emergency highly suspicious for severe malaria with hemolysis or acute hepatic injury, requiring immediate hospital admission. We must urgently perform a malaria rapid test, complete blood count, and liver function tests while initiating intravenous fluids to correct dehydration from intractable vomiting. Intravenous artesunate will be administered immediately as per Nigerian national treatment guidelines for severe malaria until laboratory results confirm the exact etiology of the jaundice and fever. This clinical picture of progressive jaundice, high fever with rigors, and inability to tolerate oral intake indicates a severe systemic infection with red blood cell breakdown that requires prompt parenteral therapy to halt the yellowing and stabilize your child.",Qwen-3.7-Max,qwen3.7-max
97eb7c4b-0db7-4dbd-bc74-6d6ab645dbd2,hausa,hausa,Wani ɗan'uwana ya kawo yaronsa mai shekara bakwai bayan kare ya cije shi da kare ya cije shi sai suka kai shi wurin mai maganin gargajiya a can aka yi masa yanka a wajen cizon sannan aka shafa masa a porogajiya amma yanzu wajen da kare ya cije shi ya fara fitar da majina kuma ya kumbura mun ba su shawarar su kai yaron asibiti. Don Allah? Wane irin gwaje-gwaje ne za a iya yi wannan yaro? Shin zai iya kamuwa da cutar hauka ta kare saboda cizon ko da yake kare da ya cije shi yana kamu da lafiyarsa ba ta da matsala kuma wane irin magani ne wannan ƙaramin yaro yake buƙata. A yi la'akari da cewa cizon karen bai haifar masa da wata ƙarin mummunar rauni a jikinsa ba.,"Wani ɗan uwa na ya kawo yaronsa mai shekara bakwai bayan kare ya cije shi. Da kare ya cije shi, sai suka kai shi wurin mai maganin gargajiya. A can aka yi masa yanka a wajen cizon, sannan aka shafa masa apọrọ (wani maganin gargajiya). Amma yanzu wajen da kare ya cije shi ya fara fitar da majina  kuma ya kumbura. Mun ba su shawarar su kai yaron asibiti. Don Allah, wane irin gwaje-gwaje ne za a iya yi wa wannan yaro? Shin zai iya kamuwa da cutar hauka ta kare saboda cizon, ko da yake kare da ya cije shi yana kama da lafiyarsa ba ta da matsala? Kuma wane irin magani ne wannan ƙaramin yaro yake buƙata? A yi la'akari da cewa cizon karen bai haifar masa da wata ƙarin mummunar rauni a jikinsa ba.",http://speech-app.s3.amazonaws.com/static/audio/uploads/e812f6be-c9cf-4748-9b11-b6895ccea4b8/60ce1dbc0820944843e30004be1c0e9c_80YtVHFN.wav,"The child requires a wound swab for culture and sensitivity to guide antibiotic therapy for the secondary bacterial infection caused by the unhygienic traditional incisions, alongside a complete blood count to assess for systemic involvement. He remains at high risk for rabies despite the dog appearing healthy, as dogs in endemic regions like Nigeria can shed the virus before showing clinical symptoms, making immediate post-exposure prophylaxis mandatory. His treatment must include thorough wound debridement, empirical antibiotics like amoxicillin-clavulanate, and a tetanus toxoid booster to address the purulent infection and prevent tetanus from the contaminated traditional poultice. Furthermore, he must immediately receive the rabies vaccine and rabies immunoglobulin without delaying for the recommended ten-day observation of the dog, because rabies is universally fatal once symptoms appear and traditional remedies offer no protection.",Qwen-3.7-Max,qwen3.7-max
c5c004c5-33c3-4e35-8dff-b3fd2f735601,hausa,hausa,Wata mata ta lura cewa mijinta yana yin tari mai tsanani sosai da safe idan sun farka tun suna kwance a kan gado. Tarin yana farawa ba zato ba tsammani kuma yana ɗaukar lokaci mai tsawo kafin ya tsaya. Bayan wani lokaci ta kuma lura cewa mijinta yana fama da wahalar numfashi. Idan ya yi ɗan tafiya kadan ko ya hau matakala sai ya tsaya domin ya daidaita numfashinsa kuma yana gajiya cikin sauri. Wata rana bayan mijinta ya yi dogon tari yana ta ƙoƙarin samun numfashinsa daidai matar ta fara damuwa. Ta fara tunanin ko wata cuta ce ke haddasa duk waɗannan matsaloli. Washegari ta yi magana da mijinta suka yanke shawarar zuwa asibiti domin likita ya duba shi kuma a gano ainihin abin da ke damunsa. Tambayar ita ce menene zai iya sa tari ya kasance mai tsanani haka? Tare da yawan gajiya da wahalar numfashi a duk lokacin da tarin ya taso. Shin wannan matsala tana da alaƙa ne kawai da cututtukan huhu ko cututtukan zuciya Watuttuka ko matsaloli ne za su iya jawo mutuwa ko kuma su sa mutum ya shiga matsananciyar wahalar numfashi har ya buƙaci kulawar gaggawa? Kuma waɗanne alamomin haɗari ne game da tari da wahalan n! fashi da ya kamata iyali su lura da su domin a garzaya da mara lafiyan zuwa asibiti.,"Wata mata ta lura cewa mijinta yana yin tari mai tsanani sosai da safe idan sun farka tun suna kwance a kan gado. Tarin yana farawa ba zato ba tsammani, kuma yana ɗaukar lokaci mai tsawo kafin ya tsaya. Bayan wani lokaci, ta kuma lura cewa mijinta yana fama da wahalar numfashi. Idan ya yi ɗan tafiya kaɗan ko ya hau matakala, sai ya tsaya domin ya daidaita numfashinsa, kuma yana gajiya cikin sauri.
Wata rana, bayan mijinta ya yi dogon tari yana ta ƙoƙarin samun numfashinsa daidai, matar ta fara damuwa. Ta fara tunanin ko wata cuta ce ke haddasa duk waɗannan matsaloli. Washegari, ta yi magana da mijinta suka yanke shawarar zuwa asibiti domin likita ya duba shi kuma a gano ainihin abin da ke damunsa.
Tambayar ita ce: Mene ne zai iya sa tari ya kasance mai tsanani haka, tare da yawan gajiya da wahalar numfashi a duk lokacin da tarin ya taso? Shin wannan matsala tana da alaƙa ne kawai da cututtukan huhu ko cututtukan zuciya? Waɗanne cututtuka ko matsaloli ne za su iya jawo mutuwa ko kuma su sa mutum ya shiga matsananciyar wahalar numfashi har ya buƙaci kulawar gaggawa? Kuma waɗanne alamomin haɗari ne game da tari da wahalar numfashi da ya kamata iyali su lura da su domin a garzaya da mara lafiyan zuwa asibiti?",http://speech-app.s3.amazonaws.com/static/audio/uploads/bc309a6a-4722-43eb-b56f-6b2c3f7bedbb/41015be307ca19df0bd1fe64fb8b6c2d_YryzAHsg.wav,"This presentation of severe morning coughing and exertional dyspnea strongly suggests chronic cardiopulmonary conditions prevalent in our setting, such as Pulmonary Tuberculosis, COPD, or congestive heart failure, though systemic issues like severe anemia or renal disease can also contribute. These conditions are potentially life-threatening and can rapidly progress to acute respiratory failure or fatal hemoptysis, necessitating immediate emergency intervention. In our community hospitals, chronic morning coughs combined with exertional fatigue frequently indicate advanced TB or undiagnosed hypertensive heart disease causing pulmonary edema, which explains the severe breathlessness. Families must urgently rush the patient to the hospital if they observe danger signs such as coughing up blood, cyanosis (bluish lips), altered mental status, severe chest pain, or an inability to speak in full sentences. Prompt clinical evaluation using chest X-rays, sputum AFB testing, and ECG is critical to differentiate these etiologies and initiate life-saving treatment.",Qwen-3.7-Max,qwen3.7-max
574a1004-583d-4958-8b26-c146fbcf3619,hausa,hausa,Ni matar aure mai shekaru 35 don Allah na kawo jaririna mai watanni 5 domin a bincika shi kuma a ba ni shawara na koma bakin aiki amma abin mamaki kusan kwanaki 3 da suka wuce na lura. cewa jaririna yana yin tari akai-akai mun gwada duk abin da za mu iya tunani a kai don tsaida tarin amma ina iya ganin cewa tarin bai ɓace ba yawanci ba na zama a gida lokacin da na fita da safe ba na dawowa sai wajen ƙarfe shi. na yamma mahaifiyata tana zama a gida tare da jaririn duk lokacin da na sami damar yin kira ina yi kuma ina tambaya game da tari sai su ci gaba da gaya mani cewa jaririn yana nan yana tari jaririn yana da watanni 5 ba. Ba ya sake shan nono kaɗai domin na koma bakin aiki na ba shi nono na tsawon watanni 3 kuma bayan haka na fara ba shi wasu abinci da nono da sauran sauran abincin jarirai da na sani abin da ya fi ba da mamaki shine tun dare numfashinsa bai kasance daidai ba ya numfashi da kyau kuma hancinsa ya toshe gaba ɗaya Mahaifiyata ma ta ce lokacin da take yi masa wanka da safen nan sai da ta yi amfani da ɗan ruwan zafi a kewayon hancinsa da kirjinsa saboda tarin ya yi tsanani matsalar numfashin ma ta fara ba ya sake yin numfashi yadda ya kamata kuma numfashinsa ba shi da tsari. da walwala kuma yanzu don Allah tambayata ita ce menene zan iya amfani da shi don shi domin tsaida tarin kuma game da numfashin da ba shi da tsarki kuma me zan iya yi menene zan iya amfani da shi don shi? Kuma waɗanne matakai zan iya ɗauka yadda zai rika yin numfashi yadda ya kamata kuma babu abin da zai toshe numfashinsa?,"Ni matar aure ce, mai shekaru talatin da biyar. Don Allah, na kawo jaririna mai watanni biyar domin a bincika shi kuma a ba ni shawara.
Na koma bakin aiki. Amma abin mamaki, kusan kwanaki uku da suka wuce, na lura cewa jaririna yana yin tari akai-akai. Mun gwada duk abin da za mu iya tunani akai don tsaida tarin, amma ina iya ganin cewa tarin bai bace ba.
Yawanci ba na zama a gida. Lokacin da na fita da safe, ba na dawowa sai wajen karfe 6 na yamma. Mahaifiyata tana zama a gida tare da jaririn.
Duk lokacin da na sami damar yin kira, ina yi kuma ina tambaya game da tarin, sai su ci gaba da gaya mini cewa jaririn yana nan yana tari.
Jaririn yana da watanni biyar. Ba ya sake shan nono kadai domin na koma bakin aiki. Na ba shi nono zalla na tsawon watanni uku, kuma bayan haka na fara ba shi wasu abinci daban.
Ina ba shi abinci daban-daban, wadanda suka hada da kunu  da sauran abincin jarirai da na sani.
Abin da ya fi ba da mamaki shi ne tun daddare, numfashinsa bai kasance daidai ba. Ba ya numfashi da kyau, kuma hancinsa ya toshe gaba daya.
Mahaifiyata ma ta ce lokacin da take yi masa wanka da safe nan, sai da ta yi amfani da dan ruwan zafi a kewayen hancinsa da kirjinsa saboda tarin ya yi tsanani.
Matsalar numfashin ma ta fara. Ba ya sake yin numfashi yadda ya kamata, kuma numfashinsa ba shi da tsarki da walwala kuma yanzu.
Don Allah, tambayata ita ce: mene ne zan iya amfani da shi don shi domin tsaida tarin? Kuma game da numfashin da ba shi da tsarki kuma, me zan iya yi, mene ne zan iya amfani da shi don shi, kuma wadanne matakai zan iya dauka yadda zai rika yin numfashi yadda ya kamata kuma babu abin da zai toshe numfashinsa
",http://speech-app.s3.amazonaws.com/static/audio/uploads/85ce95fb-d8df-41dd-9306-4a8e9c31d95e/b083beb2a28e1ae0334f0a3869026658_1icvtqNz.wav,"Your baby's irregular breathing and persistent cough are critical danger signs of severe respiratory distress, requiring you to bring him to the nearest hospital immediately before his condition deteriorates into life-threatening respiratory failure. Under the WHO's Integrated Management of Childhood Illness (IMCI) guidelines standard in Nigeria, cough suppressants are strictly contraindicated for infants, making urgent clinical assessment essential for potential oxygen therapy or targeted treatments. To safely clear his blocked nose en route to the clinic, apply normal saline nasal drops and use a gentle bulb syringe for suctioning, strictly avoiding any unprescribed traditional or over-the-counter medications. Continue providing his usual milk feeds on demand to maintain his hydration while you urgently seek this emergency medical care.",Qwen-3.7-Max,qwen3.7-max
df8ddda4-16fc-4657-a221-d5ff74566b9d,hausa,hausa,Wata uwa mai shayarwa ta lura cewa ɗanta yana tare sannan ta yi zargin cewa jikin yaron yana yin zafi a wasu lokuta. Ta ci gaba da cewa sa'o'i kaɗan da suka gabata ta gaba ɗaya jikin yaron ya yi ƙarfi ya yi kame sannan ta suma. Ta kuma lura cewa kumfa ko ruwa yana fita daga bakinsa kuma yaron ya daina iya haɗiye abinci ko abin. Shin Sha yanzu tana tambayar likita ko irin wannan ciwo yana da magani wace irin cuta ce yake kamu da ita sannan tana tambaya ko za a iya ba yaron allura ko kuma a yi amfani da magungunan gargajiya wajen magance wannan ciwo ta kara da cewa a unguwan da ta fito idan irin wannan ciwo ya kama yaro abin da suka fi amfani da shi shine maganin gargajiya abbo da kuma sabulun? Garga jiya.,"Wata uwa mai shayarwa ta lura cewa ɗanta yana tari, sannan ta yi zargin cewa jikin yaron yana yin zafi a wasu lokuta. Ta ci gaba da cewa, sa'o'i kaɗan da suka gabata, ta ga gaba ɗaya jikin yaron ya yi ƙarfi (ya yi ƙame), sannan ta suma. Ta kuma lura cewa kumfa ko ruwa yana fita daga bakinsa, kuma yaron ya daina iya haɗiye abinci ko abin sha.
Yanzu tana tambayar likita ko irin wannan ciwo yana da magani, wace irin cuta ce yake kama da ita, sannan tana tambaya ko za a iya ba yaron allura ko kuma a yi amfani da magungunan gargajiya wajen magance wannan ciwo. Ta ƙara da cewa a unguwar da ta fito, idan irin wannan ciwo ya kama yaro, abin da suka fi amfani da shi shi ne maganin gargajiya (agbo) da kuma sabulun gargajiya.",http://speech-app.s3.amazonaws.com/static/audio/uploads/3738bfc6-eb00-4708-b581-d46b8ca42ed9/63c081bf312214f88760b9b70610419f_EKzAbbUj.wav,"Your child is experiencing a life-threatening medical emergency, likely a complex febrile seizure or a severe infection like meningitis or cerebral malaria, triggered by fever and dehydration from diarrhea. This condition is treatable with immediate hospital intervention, including intravenous anticonvulsants to stop the seizures, fluid resuscitation, and targeted antibiotics or antimalarials. You must strictly avoid traditional herbal concoctions or soap, as forcing these into an unconscious child who cannot swallow will cause fatal aspiration pneumonia, severe chemical toxicity, and deadly delays in care. Please bypass these harmful community practices and rush your child to the nearest hospital emergency department right now, as prompt, evidence-based medical treatment will effectively manage the seizures and underlying infection to save your child's life.",Qwen-3.7-Max,qwen3.7-max
e85e604e-b057-40c8-8802-d67191da554e,hausa,hausa,"Wata mata mai juna biyu ta zo asibiti da yammacin yau. Ta bayyana cewa mijinta yana yawan yi mata ihu kuma sau da yawa yana dukanta. Tace hakan ya sa ta shiga cikin tsananin tsoro sau da yawa idan ta ji cewa mijinta yana dawowa gida ko kuma lokacin da ita zata koma gida ya yi sai tsoro ya kama saboda tana jin zai iya dukanta ko ya zage ta. Ta kuma lura cewa zuciyarta tana bugawa. ba da sauri sosai ta je aka duba mata hawan jini aka gaya mata cewa hawan jininta ya yi sama. Ta ce ta nemi taimako daga iyayenta ta kuma bayyana musu halin da take ciki. Saboda haka iyayenta suka ba ta maganin gargajiya a gbo amma bayan ta yi amfani da shi ba ta ga wani sauƙi ba. Yanzu tana son ta san me zata iya yi domin kada tsoro ya ringa mamaye ta duk lokacin da za ta koma gida. kuma idan ta ji cewa mijinta yana dawowa wane irin taimako ko abin da za ta iya yi ne zai taimaka mata ta dawo da kwanciyar hankali, natsuwa da lafiyar zuciyarta da tunaninta?","Wata mata mai juna biyu ta zo asibiti da yammacin yau, ta bayyana cewa mijinta yana yawan yi mata ihu kuma sau da yawa yana dukanta. Ta ce hakan ya sa ta shiga cikin tsananin tsoro. Sau da yawa, idan ta ji cewa mijinta yana dawowa gida ko kuma lokacin da ita za ta koma gida ya yi, sai tsoro ya kama ta saboda tana jin zai iya dukanta ko ya zage ta.
Ta kuma lura cewa zuciyarta tana bugawa da sauri sosai. Ta je aka duba mata hawan jini, aka gaya mata cewa hawan jininta ya yi sama. Ta ce ta nemi taimako daga iyayenta ta kuma bayyana musu halin da take ciki. Saboda haka, iyayenta suka ba ta maganin gargajiya agbo, amma bayan ta yi amfani da shi ba ta ga wani sauƙi ba. Yanzu tana son ta san:
Me za ta iya yi domin kada tsoro ya rinƙa mamaye ta duk lokacin da za ta koma gida ko kuma idan ta ji cewa mijinta yana dawowa?
Wane irin taimako ko abin da za ta iya yi ne zai taimaka mata ta dawo da kwanciyar hankali, natsuwa, da lafiyar zuciyarta da tunaninta?",http://speech-app.s3.amazonaws.com/static/audio/uploads/351739c4-2edf-4b46-ba83-e74965a37084/2694f806ddf8a1a3d9522529c69f32f6_vvQfPKle.wav,"You must immediately stop taking traditional herbal concoctions to prevent maternal-fetal toxicity and seek urgent antenatal care to manage your stress-induced high blood pressure. Because your palpitations and hypertension are direct physiological responses to intimate partner violence, the most critical intervention is ensuring your physical safety by working with our hospital social workers and local Nigerian NGOs to relocate you to a secure shelter. While deep breathing exercises can temporarily lower your heart rate during panic episodes, true cardiovascular and mental healing is impossible while you remain in an abusive environment. Medical evidence confirms that chronic domestic abuse during pregnancy significantly increases the risks of preeclampsia, preterm birth, and maternal mortality, making safety planning a mandatory clinical priority. Please return to the clinic as soon as possible so we can connect you with our community protection services and provide safe, evidence-based medical and psychological care.",Qwen-3.7-Max,qwen3.7-max
ab0fb3f9-f816-43c3-87ab-0f8030f693cb,hausa,hausa,Barka da yamma likita don Allah na kawo jaririna asibiti ne saboda na lura cewa yadda yake numfashi yana yin wani sauti kamar iska ce take ratsawa ta wani karamin rami yana sauti kamar hucin fuka haka kuma yana sauti kamar mutum. Mutumin da yake hura busa kuma yana ƙoƙarin yin numfashi yadda ya kamata na kuma lura cewa kusan kwanaki 3 yanzu yawanci yana yin tari da dare wani lokacin ina lura kirjinsa yana shiga da fita sosai kamar yana yin wani ƙarin na. aiki ne kawai don ya yi numfashi na kuma lura cewa baya iya sake cin abinci da kyau kamar dama duk lokacin da yake son cin abinci sai ya dakatar ya ja numfashi yanayi bai ba shi damar cin abinci yadda ya kamata ba Kusan kwanaki 3 yanzu na riga na kai shi wurin masu sayar da magunguna shagon magani na patent a unguwar mu kuma sun ba ni wasu magungunan tari don shi saboda yana yin tari kadan ko da yake tarin bai tsananta ba amma duk da duk magungunan da ya sha na lura. bai yi aiki ba numfashinsa ya kasance hakan kuma har yanzu ba zai iya cin abinci da kyau ba don Allah wane irin yanayi ne yake damun jaririna da wannan numfashi mai kama da busa haka kuma shin yana buƙatar hoton kirji don gano abin ne? da yake damunsa da kuma dalilin da ya sa kirjinsa yake yin sama da ƙasa wane irin maganin zan iya ba wa wannan yaro a gida don taimakawa wajen sauƙaƙa numfashinsa yadda zai yi numfashi da kyau shin akwai wasu magunguna ko? wasu matakai daban da zan iya ɗauka don wannan yaro?,"Barka da yamma likita. Don Allah, na kawo jaririna asibiti ne saboda na lura cewa yadda yake numfashi, yana yin wani sauti kamar iska ce take ratsawa ta wani ƙaramin rami. Yana sauti kamar hucin fuka. Haka kuma yana sauti kamar mutumin da yake hura busa, kuma yana qoqarin  yin numfashi yadda ya kamata.
Na kuma lura cewa kusan kwanaki uku yanzu, yawanci yana yin tari da daddare. Wani lokacin, ina lura kirjinsa yana shiga da fita sosai, kamar yana yin wani ƙarin aiki ne kawai don ya yi numfashi. Na kuma lura cewa baya  iya sake cin abinci da kyau kamar da ba. Duk lokacin da yake son cin abinci, sai ya dakata don ya ja numfashi. Wannan yanayi bai ba shi damar cin abinci yadda ya kamata ba kusan kwanaki uku yanzu.
Na riga na kai shi wurin masu sayar da magunguna (shagon magani na patent) a unguwarmu, kuma sun ba ni wasu magungunan tari don shi saboda yana yin tari kaɗan, ko da yake tarin bai tsananta ba. Amma duk da duk magungunan da ya sha, na lura bai yi aiki ba. Numfashinsa ya kasance haka nan, kuma har yanzu ba zai iya cin abinci da kyau ba. Don Allah, wane irin yanayi ne yake damun jaririna da wannan numfashi mai kama da busa? Haka kuma, shin yana buƙatar hoton kirji  don gano abin da yake damunsa da kuma dalilin da ya sa ƙirjinsa yake yin sama da ƙasa? Wane irin magani zan iya ba wa wannan yaro a gida don taimakawa wajen sauƙaƙa numfashinsa yadda zai yi numfashi da kyau? Shin akwai wasu magunguna ko wasu matakai daban da zan iya ɗauka don wannan yaro?
",http://speech-app.s3.amazonaws.com/static/audio/uploads/78a4b4c4-f322-4866-848a-cd532d79e49a/8c3e01f974c2681755f5dfcfd89aa6a1_UhEqBmov.wav,"Your infant is exhibiting signs of severe respiratory distress, likely severe pneumonia or bronchiolitis, evidenced by the wheezing, severe lower chest wall indrawing, and inability to feed due to breathlessness. According to WHO Integrated Management of Childhood Illness guidelines standard in Nigerian primary care, these danger signs mandate immediate hospital admission for oxygen therapy and parenteral medications, making a chest X-ray secondary to immediate life-saving clinical intervention. The exaggerated chest movement is a compensatory mechanism called retractions, occurring because the child is working excessively hard to overcome narrowed or inflamed airways. Do not administer any home remedies or over-the-counter cough syrups, as they are contraindicated and will not resolve the underlying lower respiratory tract infection or airway obstruction. Please bypass the local medicine vendor and bring your baby to the hospital emergency unit immediately for urgent stabilization and comprehensive care.",Qwen-3.7-Max,qwen3.7-max
45e433e5-ddf6-4b64-9462-1e2e7d3e4647,hausa,hausa,Mun ga wata mata mai juna biyu da sassafe yau tare da mijinta tace tana fama da matsanancin ciwo a cikinta sannan bayanta ma yana mata ciwo duk da cewa lokacin haihuwarta bai yi ba tukuna. Mun tambaye ta wata nawa take da ciki sai ta ce tana da ciki na wata 6 da wasu kwanaki sai muka sake tambayarta ko ciwon yana nan a lokacin ko kuma yana zuwa yana tafiya sai ta ce ciwon yana nan akai-akai. Daga nan muka tambaye ta ko ta ga ru. Ruwa ko jini yana fitowa daga gabanta sai ta ce eh ta ga ruwa da kuma jini. Mun kuma tambaye ta wannan ciki na nawa ne gare ta sai ta ce wannan ne cikinta na farko? Tambayar mu ga likita ita ce. Shin waɗannan alamomin na iya nuna cewa naƙuda ta fara ne kafin lokaci haihuwa da wuri ko kuma suna iya nuna cewa cikin ya lalace zubar da ciki ko kuwa wata matsala ce daban? Shin za mu iya ba wannan matan shawarar ta je ayi mata hoton ciki domin a gano abin da ke faruwa?,"Mun ga wata mata mai juna biyu da sassafe yau tare da mijinta. Ta ce tana fama da matsanancin ciwo a cikinta, sannan bayanta ma yana mata ciwo, duk da cewa lokacin haihuwarta bai yi ba tukuna.
Mun tambaye ta wata nawa take da ciki, sai ta ce tana da ciki na wata shida da wasu kwanaki.
Sai muka sake tambayarta ko ciwon yana nan a lokacin ko kuma yana zuwa yana tafiya, sai ta ce ciwon yana nan a kai a kai.
Daga nan muka tambaye ta ko ta ga ruwa ko jini yana fitowa daga gabanta, sai ta ce eh, ta ga ruwa da kuma jini. Mun kuma tambaye ta wannan ciki na nawa ne gare ta, sai ta ce wannan ne cikinta na farko.
Tambayarmu ga likita ita ce: Shin waɗannan alamomin na iya nuna cewa nakuda ta fara ne kafin lokaci (haihuwa da wuri), ko kuma suna iya nuna cewa cikin ya lalace (zubar da ciki), ko kuwa wata matsala ce daban? Shin za mu iya ba wannan matan shawarar ta je a yi mata hoton ciki domin a gano abin da ke faruwa?",http://speech-app.s3.amazonaws.com/static/audio/uploads/7d4330c0-1aaa-4b8f-a0f7-117dab970461/88d6631821d3bf7f31e475bef8705dec_IqgzdBXO.wav,"These symptoms—specifically the constant severe abdominal and back pain combined with vaginal bleeding and fluid leakage at six months—strongly indicate a life-threatening obstetric emergency like placental abruption or preterm premature rupture of membranes (PPROM), rather than uncomplicated preterm labor or a simple miscarriage. Unlike typical preterm labor which features intermittent cramping, constant severe pain with bleeding is a hallmark clinical sign of placental abruption, risking severe maternal hemorrhage and fetal compromise. You must advise immediate emergency referral to a comprehensive obstetric facility for maternal stabilization, intravenous fluid resuscitation, and blood cross-matching, which are critical first steps in our resource-limited community settings. While an urgent ultrasound is useful to assess fetal viability and rule out placenta previa, it should never delay emergency clinical intervention because ultrasound has notoriously low sensitivity for detecting placental abruption. Therefore, treat this as an acute emergency where rapid clinical diagnosis and maternal resuscitation take precedence over imaging to prevent maternal and perinatal mortality.",Qwen-3.7-Max,qwen3.7-max
b20f51ff-f59b-4a3a-8d65-402cbba95bfd,hausa,hausa,Wata mata ta haihu a asibitin kimanin watanni 6 da suka gabata yanzu ta dawo asibitin tare da mijinta da jaririyarsu mai watanni 6. Mahaifiyar ta bayyana cewa kimanin kwanaki 13 zuwa 14 da suka gabata ne ta fara lura cewa jaririyar ta fara tari. Ta kuma ce tun kafin tari ya fara tana yi wa jaririyar maganin mura. Tace tun jiya tari ya kara tsananta. sosai duk da cewa tari ya fara karuwa tun kusan kwanaki 3 da suka gabata amma tun jiya ya zama mai tsanani kwarai ta ce duk lokacin da take shayar da jaririyar nono tana kuma ba ta wani maganin tari na ruwa da ake sayarwa a cikin kwalba wanda take ci gaba da ba ta sai ta kara da cewa tun da gajiya tari ya yi tsanani matuka har ya sa jaririyar tana fama sosai wajen numfashi.um. fashinta yana kamar yana hauhawa da saukowa cikin'yan daƙiku kadan kadan abin da ya tayar tayar musu da hankali kwarai saboda tsananin fargaba ne suka kawo jaririyar asibiti. Tambayata ita ce. Shin za mu iya ba wannan uwa wani magani da zata ba jaririyar a gida? Alhali tana fama da wahalar numfashi tare da wannan tari? Shin ya dace mu rubuta mata maganin tari kawai? Ko kuwa ya kamata a fara cikakken duba jaririyar kafin a rubuta kowane irin magani ko a yi mata allura?,"Wata mata ta haihu a asibitinmu kimanin watanni shida da suka gabata. Yanzu ta dawo asibitin tare da mijinta da jaririyarsu mai watanni shida.
Mahaifiyar ta bayyana cewa kimanin kwanaki goma sha uku zuwa goma sha huɗu da suka gabata ne ta fara lura cewa jaririyar ta fara tari. Ta kuma ce tun kafin tari ya fara, tana yi wa jaririyar maganin mura.
Ta ce tun jiya tari ya ƙara tsananta sosai. Duk da cewa tari ya fara ƙaruwa tun kusan kwanaki uku da suka gabata, amma tun jiya ya zama mai tsanani ƙwarai.
Ta ce duk lokacin da take shayar da jaririyar nono, tana kuma ba ta wani maganin tari na ruwa da ake sayarwa a cikin kwalba, wanda take ci gaba da ba ta.
Sai ta ƙara da cewa tun daga jiya, tari ya yi tsanani matuƙa har ya sa jaririyar tana fama sosai wajen numfashi. Numfashinta yana kamar yana hauhawa da saukowa cikin ƴan daƙiƙu kaɗan-kaɗan, abin da ya tayar musu da hankali ƙwarai.
Saboda tsananin fargaba ne suka kawo jaririyar asibiti.
Tambaya ita ce: Shin za mu iya ba wannan uwa wani magani da za ta ba jaririyar a gida, alhali tana fama da wahalar numfashi tare da wannan tari? Shin ya dace mu rubuta mata maganin tari kawai, ko kuwa ya kamata a fara cikakken duba jaririyar kafin a rubuta kowane irin magani ko a yi mata allura?",http://speech-app.s3.amazonaws.com/static/audio/uploads/2f393f94-7dff-4157-94e0-dab3cf72fe0d/7dabe21bd09af90a8b4bcafa39a1ec86_ydKYwm5k.wav,"You must perform a comprehensive clinical examination immediately, as the infant's lower chest wall indrawing indicates pneumonia requiring urgent hospital admission rather than home management. Over-the-counter cough syrups are strictly contraindicated in infants due to the risk of fatal respiratory depression, so you must instruct the mother to stop them immediately and never prescribe them. Following WHO Integrated Management of Childhood Illness (IMCI) guidelines standard in our community hospitals, this child requires urgent respiratory support and parenteral antibiotics like ampicillin and gentamicin for severe pneumonia. Therefore, stabilize the infant's breathing first, conduct a full systemic evaluation to rule out other complications, and admit the baby for close monitoring and intravenous treatments instead of sending her home.",Qwen-3.7-Max,qwen3.7-max
34a33e3b-6f87-4c36-9ba9-d1ffa4178a1e,hausa,hausa,Wani mai kula da yaro ya lura cewa yaron yana tari mai tsanani har tari yana katse masa numfashi kuma yana fama da wahalar numfashi. Me zai iya sa yaro ya yi irin wannan tari mai tsanani har ya kasa yin numfashi yadda ya kamata? Wadanne gwaje-gwaje ne za a iya yi wa wannan yaro domin gano matsalar? Wane irin magani ne za a ba shi kuma wace shawara ce ya kamata a ba mai kula da wannan yaro?,"Wani mai kula da yaro ya lura cewa yaron yana tari mai tsanani, har tari yana katse masa numfashi kuma yana fama da wahalar numfashi. Me zai iya sa yaro ya yi irin wannan tari mai tsanani har ya kasa yin numfashi yadda ya kamata? Wadanne gwaje-gwaje ne za a iya yi wa wannan yaro domin gano matsalar? Wane irin magani ne za a ba shi? Kuma wace shawara ce ya kamata a ba mai kula da wannan yaro?",http://speech-app.s3.amazonaws.com/static/audio/uploads/58341749-6b84-4d7e-8ccf-d62c4d31b68a/c84491109a94a389d443d2fee0fa1f4f_bnVHIIXY.wav,"This presentation of severe paroxysmal coughing with apnea and respiratory distress is highly suggestive of pertussis (whooping cough), though severe pneumonia or foreign body aspiration remain critical differentials in our community setting. Diagnostic investigations should include a nasopharyngeal swab for PCR or culture, a complete blood count to check for characteristic lymphocytosis, and a chest X-ray to rule out pulmonary complications. Management requires a macrolide antibiotic such as oral azithromycin to eradicate the Bordetella pertussis infection, combined with essential supportive care like supplemental oxygen and airway suctioning. I would counsel the caregiver on strict respiratory isolation, the urgent need to update the child's routine pentavalent immunizations, and the necessity of providing prophylactic antibiotics to all close household contacts.",Qwen-3.7-Max,qwen3.7-max
9a57207a-3444-4d2f-878e-55328f52cbb2,hausa,hausa,Wata mata ta lura cewa mijinta yana da ciwon kai kuma ciwon kai yana da matukar muni da ban tsoro da gaske ya kai matakin da mutumin yake da taurin wuya wanda ba zai iya juyar da shi hagu ko dama ba kamar yadda ya kamata yanzu ta lura da wasu. Ƙananan kuraje waɗanda da babu su a jikin mutumin amma suka bayyana ba zato ba tsammani wannan ya tsoratar da matar cewa irin wannan abu da ya faru da mijinta menene zai iya haddasa shi kuma me za ta iya yi tambayar da na yi wa matar ita ce ku. Ko mijinta ya taɓa yin zazzabi mai zafi kuma aka yi amfani da wane irin magani ta ce a'a ko kuma mutumin gadon da yake kwanciya aka abin da yake amfani da shi a matsayin matashi kai begen mu kada ya kasance ya kwanta ba daidai ba ne. Ya murguda wuyansa matar ta ce a'a ba wai kwata ba daidai ba ne ya murguɗa wuyansa ba amma ciwon kan ya fara ne ba zato ba tsammani kuma yana tafiya tare da taurin wuya da ƙananan kuraje a jiki idan wani abu mai kama da wannan ya faru Me irin wannan mata za ta iya yi don taimakawa wajen kula da mijinta kuma ya dawo cikin koshin lafiyarsa na da?,"Wata mata ta lura cewa mijinta yana da ciwon kai, kuma ciwon kan yana da matukar muni da ban tsoro da gaske. Ya kai matakin da mutumin yake da taurin wuya wanda ba zai iya juyar da shi hagu ko dama ba kamar yadda ya kamata. Yanzu ta lura da wasu kananan kuraje wadanda da babu su a jikin mutumin amma suka bayyana ba zato ba tsammani. Wannan ya tsoratar da matar cewa irin wannan abu da ya faru da mijinta mene ne zai iya haddasa shi kuma me za ta iya yi? Tambayar da na yi wa matar ita ce, ko mijinta ya taba yin zazzabi mai zafi kuma aka yi amfani da wani irin magani? Ta ce a'a. Ko kuma mutumin, gadon da yake kwanciya a kai abin da yake amfani da shi a matsayin matashin kai begen muna kada ya kasance ya kwanta ba daidai ba ne ya murgude wuyansa, matar ta ce a'a ba wai ya kwanta ba daidai ba ne ya murgude wuyansa ba, amma ciwon kan ya fara ne ba zato ba tsammani kuma yana tafiya tare da taurin wuya da kananan kuraje a jiki. Idan wani abu mai kama da wannan ya faru, me irin wannan mata za ta iya yi don taimakawa wajen kula da mijinta kuma ya dawo cikin koshin lafiyarsa na da?",http://speech-app.s3.amazonaws.com/static/audio/uploads/8938b0a9-42ec-4f44-b4db-53c3ee25a70f/df03a8ce4737a1cf4e0f0d704d64446e_RkgwfSN4.wav,"The sudden onset of a severe headache, neck stiffness, and a new petechial rash are classic red-flag signs of acute bacterial meningitis, likely meningococcal, which is a life-threatening emergency highly prevalent in Nigeria's meningitis belt. The woman must immediately rush her husband to the nearest hospital emergency department rather than attempting any home care, as delays drastically increase the risk of death or severe neurological damage. Upon arrival, clinical guidelines dictate the urgent administration of intravenous antibiotics like ceftriaxone and a lumbar puncture to confirm the pathogen. Furthermore, the medical team will notify local public health authorities to provide prophylactic antibiotics to close contacts, including the wife, to prevent secondary community outbreaks. Immediate hospitalization and aggressive intravenous antimicrobial therapy are the absolute only ways to effectively treat this condition and restore his health.",Qwen-3.7-Max,qwen3.7-max
64ccc704-de7b-4eb4-8fd7-b89632a6640a,hausa,hausa,Mijina yana da shekara 40 kuma kwatsam na lura cewa kusan tsawon makonni 3 da suka wuce yana shan ruwa fiye da ƙima yayin da yake ƙara shan ruwa ha kuma yake yawan yin fitsari. A gaskiya ma da dare yana iya tashi har sau 10 kafin gari ya waye domin yin fitsari. Ya kuma dinga korafin cewa kullum yana jin gajiya haka kuma ya dan kara nauyi wani lokaci idanunsa sukan yi masa. Duhu kuma yana cewa ba ya gani sosai idan ya tashi ya fara tafiya. Na lura cewa yana yin fitsari da yawa sosai kuma akai-akai. Me zai iya haifar da wannan yawan yin fitsari da kuma ƙishirwa mai tsanani me yasa yake sha ruwa da yawa amma kuma yana yawan yin fitsari haka? Shin waɗannan alamomin na iya nuna cewa yana da ciwon sukari ko kuwa suna iya nuna wata cuta? daban wadanne irin gwaje-gwajen likita ya kamata a yi masa domin a gano ainihin abin da ke faruwa? Me yasa yake jin gajiya kullum? Me ke jawo yawan yin fitsarin? Shin hawan jini na iya haifar da irin waɗannan alamomin ko kuwa rashin ruwa a jiki ne ko wata cuta daban? Wadanne irin abinci da abubuwan sha ya kamata ya guje musu kuma waɗanne ya kamata a ƙarfafa masa ya ci ko ya sha waɗannan? Wane matakai ya kamata ya ɗauka domin waɗannan alamomin su ragu ko su daina? Shin yana buƙatar zuwa asibiti domin a yi masa gwaje-gwaje ko kuwa ba lallai ba ne? Sau nawa ya kamata a rika yin gwajin ciwon sukari ko gwajin sarin jini akai-akai ne ko kuma lokaci-lokaci kawai? Wadanne cututtuka ne zasu iya zama sanadin duk waɗannan alamomin da suke bayyana a jikinsa?,"Mijina yana da shekara arba'in, kuma kwatsam na lura cewa kusan tsawon makonni uku da suka wuce yana shan ruwa fiye da kima. Yayin da yake ƙara shan ruwa, haka kuma yake yawan yin fitsari. A gaskiya ma, da daddare yana iya tashi har sau goma kafin gari ya waye domin yin fitsari. Ya kuma dinga korafin cewa kullum yana jin gajiya. Haka kuma ya ɗan ƙara nauyi. Wani lokaci idanunsa sukan yi masa duhu, kuma yana cewa ba ya gani sosai idan ya tashi ya fara tafiya. Na lura cewa yana yin fitsari da yawa sosai kuma akai-akai.
Me zai iya haifar da wannan yawan yin fitsari da kuma ƙishirwa mai tsanani? Me ya sa yake shan ruwa da yawa amma kuma yana yawan yin fitsari haka? Shin waɗannan alamomin na iya nuna cewa yana da ciwon sukari , ko kuwa suna iya nuna wata cuta dabam?
Wadanne irin gwaje-gwajen likita ya kamata a yi masa domin a gano ainihin abin da ke faruwa? Me ya sa yake jin gajiya kullum? Me ke jawo yawan yin fitsarin? Shin hawan jini na iya haifar da irin waɗannan alamomin, ko kuwa rashin ruwa a jiki ne, ko wata cuta dabam?
Wadanne irin abinci da abubuwan sha ya kamata ya guje musu, kuma wadanne ya kamata a ƙarfafa masa ya ci ko ya sha? Wadanne matakai ya kamata ya ɗauka domin waɗannan alamomin su ragu ko su daina? Shin yana buƙatar zuwa asibiti domin a yi masa gwaje-gwaje, ko kuwa ba lallai ba ne?
Sau nawa ya kamata a rika yin gwajin ciwon sukari ko gwajin sikarin jini—akai-akai ne ko kuma lokaci-lokaci kawai? Wadanne cututtuka ne za su iya zama sanadin duk waɗannan alamomin da suke bayyana a jikinsa?",http://speech-app.s3.amazonaws.com/static/audio/uploads/73d69691-923d-4893-8a5d-954194980638/f7cb47bafdcaa714e5abac70acb51fb6_pMPxsVXy.wav,"Your husband's classic symptoms of excessive thirst, frequent urination, fatigue, and blurred vision strongly indicate new-onset Diabetes Mellitus, a condition where high blood glucose exceeds the renal threshold, causing osmotic diuresis and subsequent dehydration. He must visit the hospital immediately for a Fasting Blood Sugar test, HbA1c, urinalysis, and blood pressure check to confirm diabetes and rule out other polyuria causes like hypertension or diabetes insipidus. To manage this, he should strictly avoid sugary drinks and refined carbohydrates, instead consuming plenty of water and high-fiber, locally accessible foods like leafy vegetables, beans, and whole grains. His persistent fatigue is caused by cellular glucose starvation due to insulin resistance, necessitating prompt clinical evaluation for lifestyle counseling and potential initiation of first-line medications like Metformin. Following diagnosis, he should monitor his blood glucose regularly until stabilized, then undergo routine HbA1c and fasting glucose testing every three to six months at the community clinic to prevent long-term complications.",Qwen-3.7-Max,qwen3.7-max
e174300e-3404-4a74-bbd8-edb6c2bd29bf,hausa,hausa,Na kai wata ƙawata mai juna biyu mai shekara 18 zuwa asibiti domin naƙudarta ta kama kuma lokacin haihuwarta ya yi da muka isa asibitin bayan likitoci sun gudanar da dukan gwaje-gwajen da suka dace sai aka gano cewa hawan jininta ya yi yawa. Bayan an kammala duk abin da ya kamata a yi naƙudarta ta ci gaba ta shafe kusan awa 12 tana naƙuda. Mijinta yana kusa sai likitoci. Ana ba da shawarar cewa ta amince a yi mata tiyatar haihuwa saboda ta dade sosai tana naƙuda amma ƙawata ta ƙi tace a'a ko kadan. Ina so in haihu ta hanyar farji kamar matan Ibraniyawa daga ƙarshe ta haihu bayan awa 12 tana naƙuda ta haifi jaririya mace mai kama da lafiya kuma muka gode wa Allah amma abin da ya ba mu. mamaki shine jaririyar ba ta numfashi yadda ya kamata. Ma'aikatan lafiya suka ci gaba da motsa ta hanyar shafawa da dukan bayanta a hankali. Ta yi kuka amma har yanzu numfashinta bai daidaita ba nan da nan suka ba ta iskar oxygen. Likita don Allah wannan jaririya za ta rayu kuwa kuma idan ta rayu shin ba za ta iya samun nakasa ba?,"Na kai wata kawata mai juna biyu mai shekara goma sha takwas zuwa asibiti domin naƙudarta ta kama, kuma lokacin haihuwarta ya yi. Da muka isa asibitin, bayan likitoci sun gudanar da dukkan gwaje-gwajen da suka dace, sai aka gano cewa hawan jininta ya yi yawa. Bayan an kammala duk abin da ya kamata a yi, naƙudarta ta ci gaba. Ta shafe kusan awa goma sha biyu tana naƙuda. Mijinta yana kusa, sai likitoci suka ba da shawarar cewa ta amince a yi mata tiyatar haihuwa saboda ta daɗe sosai tana naƙuda. Amma kawata ta ƙi. Ta ce, ""A'a, ko kaɗan. Ina so in haihu ta hanyar farji kamar matan Ibraniyawa."" Daga ƙarshe ta haihu. Bayan awa goma sha biyu tana naƙuda, ta haifi jaririya mace mai kama da lafiyayyiya, kuma muka gode wa Allah. Amma abin da ya ba mu mamaki shi ne, jaririyar ba ta numfashi yadda ya kamata. Ma'aikatan lafiya suka ci gaba da motsa ta ta hanyar shafawa da dukan bayanta a hankali. Ta yi kuka, amma har yanzu numfashinta bai daidaita ba. Nan da nan suka ba ta iskar oxygen. Likita, don Allah, wannan jaririya za ta rayu kuwa? Kuma idan ta rayu, shin ba za ta iya samun nakasa ba?",http://speech-app.s3.amazonaws.com/static/audio/uploads/0f830e6c-7525-44a5-916e-46ff8c5fa21c/edb4c76bb4fdbdb9b8d1b32192df636b_OErW9bop.wav,"The baby's survival and risk of neurological disabilities, such as cerebral palsy, depend heavily on the severity of birth asphyxia caused by the prolonged labor and maternal hypertension. Maternal high blood pressure and extended labor significantly increase the risk of placental insufficiency and fetal hypoxia, which can lead to Hypoxic-Ischemic Encephalopathy (HIE). While providing oxygen and tactile stimulation aligns with our standard local ""Helping Babies Breathe"" protocols, she requires urgent continuous monitoring for seizures and possible transfer to a specialized neonatal intensive care unit. If her breathing quickly stabilizes and she exhibits normal neurological reflexes without signs of moderate-to-severe HIE, her chances of surviving without severe impairment are favorable. However, she must have strict developmental follow-up with a pediatrician to promptly detect and manage any potential long-term neurodevelopmental delays.",Qwen-3.7-Max,qwen3.7-max
9c89432e-913c-4d39-8e45-3f4124a8b24b,hausa,hausa,Wata mai kula da ƙaramin yaro ta lura cewa yaron da take kulawa yana fama da wahalar numfashi kuma numfashinsa ba ya tafiya yadda ya kamata. Ta kuma lura cewa yaron yana ta yin tari akai-akai kuma tari ne mai tsanani. Yaron ba jariri bane da aka watsar tun yana haihuwa kuma ba yaro ba ne da ake yi wa wanka da ruwan sanyi to. Menene zai iya jawo wa ƙaramin yaro wahalar numfashi da tari mai tsanani kuma me ya sa numfashin yaron ba zai kasance cikin sauƙi kamar yadda ya kamata ba. Menene ya kamata a yi domin taimakawa yaron a wannan yanayi?,"Wata mai kula da ƙaramin yaro ta lura cewa yaron da take kulawa yana fama da wahalar numfashi, kuma numfashinsa ba ya tafiya yadda ya kamata. Ta kuma lura cewa yaron yana ta yin tari akai-akai, kuma tari ne mai tsanani.
Yaron ba jariri ba ne da aka watsar tun yana haihuwa, kuma ba yaro ba ne da ake yi wa wanka da ruwan sanyi. To, me ne zai iya jawo wa ƙaramin yaro wahalar numfashi da tari mai tsanani, kuma me ya sa numfashin yaron ba zai kasance cikin sauƙi kamar yadda ya kamata ba? Mene ne ya kamata a yi domin taimaka wa yaron a wannan yanayin?",http://speech-app.s3.amazonaws.com/static/audio/uploads/c5fc4642-e33b-4e4e-b7c8-2a92f1896b08/870c57409d546eee8cff882e8e0baf05_HXZVHbzE.wav,"Based on WHO Integrated Management of Childhood Illness guidelines standard in Nigeria, a severe cough with respiratory distress in a young child strongly indicates severe pneumonia caused by bacterial or viral pathogens. Breathing becomes labored because the lung alveoli fill with inflammatory fluid, impairing gas exchange and forcing the child to use accessory respiratory muscles. The caregiver must immediately take the child to a healthcare facility for urgent clinical assessment and oxygen saturation monitoring. Standard local treatment requires prompt administration of injectable antibiotics like ceftriaxone and supplemental oxygen therapy to correct hypoxemia. Preventing future episodes relies on ensuring the child receives routine immunizations, including the pneumococcal conjugate vaccine, and maintaining adequate nutrition.",Qwen-3.7-Max,qwen3.7-max
d1d0b82b-60cb-41dc-a682-dc0091e0bc3b,hausa,hausa,"Wata uwa ta lura cewa tun kwanakin da suka gabata danta ya fara yin tari ba tare da tsayawa ba. Da farko ta yi tunanin mura ce ta kama masa kirji kuma za ta warke da kanta amma tari bai ragu ba. Kowace dare yaron yana farkawa ba zato saboda tsananin tari wasu lokutan kuma yana wahalar numfashi kamar yana fama da rashin samun iska yadda ya kamata. Uwar kan ɗauke shi ta zaunar da. shi a tsaye sannan tana jin kirjinsa na yin kara yayin da yake numfashi. Wannan yana hana yaron yin barci cikin kwanciyar hankali da dare. Wata rana bayan dare da yaron ya yi tari mai tsanani kuma ya yi fama da wahalar numfashi. Uwar ta yanke shawarar kai shi asibiti ta so ta san abin da ke haddasa tari, abin da ke jawo wahalar numfashi da kuma yadda zata taimakawa yaron. Tambayata ita ce me. Menene zai iya sa yaro ya yi tari mai tsanani tare da wahalar numfashi musamman da dare? Wadanne alamomin haɗari ya kamata a lura da su idan yaro yana tari kuma wadanne abubuwa ya kamata a guje musu domin hana ko rage wannan tari?","Wata uwa ta lura cewa tun kwanaki da suka gabata, ɗanta ya fara yin tari ba tare da tsayawa ba. Da farko, ta yi tunanin mura ce ta kama masa ƙirji kuma za ta warke da kanta. Amma tari bai ragu ba. Kowace dare, yaron yana farkawa ba zato saboda tsananin tari. Wasu lokutan kuma yana wahalar numfashi, kamar yana fama da rashin samun iska yadda ya kamata. Uwar kan ɗauke shi ta zaunar da shi a tsaye, sannan tana jin ƙirjinsa na yin ƙara yayin da yake numfashi. Wannan yana hana yaron yin barci cikin kwanciyar hankali da dare. Wata rana, bayan dare da yaron ya yi tari mai tsanani kuma ya yi fama da wahalar numfashi, uwar ta yanke shawarar kai shi asibiti. Ta so ta san abin da ke haddasa tari, abin da ke jawo wahalar numfashi, da kuma yadda za ta taimaka wa yaron. Tambayata ita ce: Mene ne zai iya sa yaro ya yi tari mai tsanani tare da wahalar numfashi, musamman da dare? Waɗanne alamomin haɗari ya kamata a lura da su idan yaro yana tari? Kuma waɗanne abubuwa ya kamata a guje musu domin hana ko rage wannan tari?",http://speech-app.s3.amazonaws.com/static/audio/uploads/b1ed389a-ddbd-4573-9765-b4ee2fdf89f7/63b31acf5d9da5587a7539778fd469a4_Aq7CU5Ez.wav,"The child's nocturnal cough, noisy breathing, and relief upon sitting upright strongly suggest asthma or a viral respiratory infection like croup, which are frequently triggered by environmental allergens or viral pathogens in our community. Critical danger signs requiring immediate emergency intervention include severe lower chest wall indrawing, stridor at rest, cyanosis, extreme lethargy, or an inability to drink, consistent with standard Integrated Management of Childhood Illness (IMCI) guidelines. To prevent and mitigate these episodes, caregivers must strictly avoid exposing the child to indoor air pollution from firewood smoke, secondhand tobacco smoke, and dusty environments. Furthermore, ensuring the child's routine immunizations are up-to-date protects against severe infectious causes like pertussis, while acute clinical management will rely on targeted therapies such as inhaled bronchodilators or corticosteroids.",Qwen-3.7-Max,qwen3.7-max
e00c107f-029a-4b5d-907e-9d2f9bec6e79,hausa,hausa,Wata mata mai juna biyu mai ciki wata shida da ke zaune a gidanmu ta fara lura cewa zuciyarta tana bugawa da sauri sosai kamand mutum da ya gama gudu wani lokaci kuma tana jin gajiya sosai ba tare da ta yi wani aiki ba sannan hannayenta suna ɗan rawa kadan bayan wasu makonni ta kuma lura cewa wuyanta ya fara kumbura a gaba da mutane suka fara gaya mata cewa wuyan. ta ya canza kuma ya kumbura fiye da da sai ta tsorata ƙwarai. Ta fara tunanin ko wannan wata cuta ce da ke shafar mata masu juna biyu ko kuwa wata matsala ce daban. Yanzu ta yanke shawarar zuwa ganin likita domin a gano abin da ke jawo wannan matsala. Tambayata ita ce me zai iya sa zuciyar mace mai juna biyu ta rika bugawa da sauri kamar wadda ta gama gudu? Tare da kumburin wuya wannan matsalar na iya shafar girma da ci gaban jaririn da ke cikin cikinta waɗanne alamomin haɗari ya kamata su rika sa ido a kansu a gida? Shin akwai wasu abinci ko abubuwan sha da ya kamata ta guje musu ko kuma waɗanda ya kamata ta fi ci da sha a wannan lokaci?,"Wata mata mai juna biyu mai ciki wata shida da ke zaune a gidanmu ta fara lura cewa zuciyarta tana bugawa da sauri sosai, kamar mutum da ya gama gudu. Wani lokaci kuma tana jin gajiya sosai ba tare da ta yi wani aiki ba, sannan hannayenta suna ɗan rawa kaɗan.
Bayan wasu makonni, ta kuma lura cewa wuyanta ya fara kumbura a gaba. Da mutane suka fara gaya mata cewa wuyanta ya canza kuma ya kumbura fiye da da, sai ta tsorata ƙwarai. Ta fara tunanin ko wannan wata cuta ce da ke shafar mata masu juna biyu ko kuwa wata matsala ce dabam. Yanzu ta yanke shawarar zuwa ganin likita domin a gano abin da ke jawo wannan matsala.
Tambayata ita ce: Me zai iya sa zuciyar mace mai juna biyu ta rika bugawa da sauri kamar wadda ta gama gudu, tare da kumburin wuya? Wannan matsalar na iya shafar girma da ci gaban jaririn da ke cikin cikinta? Waɗanne alamomin haɗari ya kamata su rika sa ido a kansu a gida? Shin akwai wasu abinci ko abubuwan sha da ya kamata ta guje musu, ko kuma waɗanda ya kamata ta fi ci da sha a wannan lokaci?",http://speech-app.s3.amazonaws.com/static/audio/uploads/2a4da636-9925-4d10-ad0e-6457227ccc2d/c0cfdfc2cef4131fb84a167973ac44f0_FNPYBehy.wav,"The rapid heartbeat, fatigue, hand tremors, and anterior neck swelling strongly indicate pregnancy-exacerbated hyperthyroidism, likely Graves' disease, caused by an overactive thyroid gland producing excess hormones. Uncontrolled hyperthyroidism can adversely affect fetal growth, increasing the risks of intrauterine growth restriction, preterm labor, and fetal thyroid dysfunction. Caregivers should monitor her for danger signs like severe shortness of breath, fainting, high fever, or altered mental status, which may signal a life-threatening thyroid storm requiring emergency care. She should avoid caffeine, stimulants, and excessive iodine-rich foods or supplements, while increasing her intake of protein, calcium, and calorie-dense foods to counteract her hypermetabolic state and support fetal development. Immediate medical evaluation is essential to confirm the diagnosis via thyroid function tests and initiate pregnancy-safe antithyroid medications, ensuring optimal maternal and fetal outcomes in our community setting.",Qwen-3.7-Max,qwen3.7-max
5477b83b-a369-4ba1-a7e6-564d52dda9f5,hausa,hausa,An kawo wata mata asibiti da safiyar yau saboda tana zubar da jini mai yawa kuma hakan ya jawo mata matsananciyar damuwa. An tambaye ta ko wannan ya taɓa faruwa da ita a baya sai ta ce eh ya taɓa faruwa kusan sau biyu inda take jin ciwo sannan zubar jinin yana zuwa lokaci-lokaci. Daga nan aka tambaye ta ko tana yin barin ciki amma ta ce ba ta san ko tana da ciki ko kuwa. Ta taɓa samun ciki ba. An kuma tambaye ta yaushe ne ta yi al'ada ta ƙarshe sai ta ce ba da daɗewa ba ne domin ta yi al'ada kusan wata daya da rabi da ya wuce kafin wannan zubar jinin ya sake farawa da safiyar yau. Don Allah menene zai iya sa mace ta yi irin wannan zubar jini mai yawa wadanne matakan gaggawa za a iya ɗauka waɗanne magunguna ko hanyoyi? ya za a iya ba ta domin ceton rayuwarta da dakatar da zubar jinin. Wadanne magunguna ko allurai masu taimakawa wajen rage ko dakatar da zubar jini za a iya fara ba ta kuma waɗanne gwaje-gwaje za a iya yi domin gano ainihin abin da ke haifar da irin wannan tsananin zubar jinin?,"An kawo wata mata asibiti da safiyar yau saboda tana zubar da jini mai yawa, kuma hakan ya jawo mata matsananciyar damuwa. An tambaye ta ko wannan ya taɓa faruwa da ita a baya, sai ta ce eh, ya taɓa faruwa kusan sau biyu, inda take jin ciwo sannan zubar jinin yana zuwa lokaci-lokaci.
Daga nan aka tambaye ta ko tana iya yin ɓarin ciki, amma ta ce ba ta san ko tana da ciki ko kuwa ta taɓa samun ciki ba. An kuma tambaye ta yaushe ne ta yi al'ada ta ƙarshe, sai ta ce ba da daɗewa ba ne, domin ta yi al'ada kusan wata ɗaya da rabi da ya wuce kafin wannan zubar jinin ya sake farawa da safiyar yau.
Don Allah, me ne zai iya sa mace ta yi irin wannan zubar jini mai yawa? Waɗanne matakan gaggawa za a iya ɗauka? Waɗanne magunguna ko hanyoyin jinya za a iya ba ta domin ceton rayuwarta da dakatar da zubar jinin? Waɗanne magunguna ko allurai masu taimakawa wajen rage ko dakatar da zubar jini za a iya fara ba ta? Kuma waɗanne gwaje-gwaje za a iya yi domin gano ainihin abin da ke haifar da irin wannan tsananin zubar jini?",http://speech-app.s3.amazonaws.com/static/audio/uploads/3e9a8b92-f7ce-4cb3-a30c-548fc416ca6f/51d0d8f35106c95d7f1e1eb7f026e828_DxPlTW5Z.wav,"Given her six-week amenorrhea, pain, and heavy vaginal bleeding, the most likely cause in our setting is an incomplete abortion, though a ruptured ectopic pregnancy or gestational trophoblastic disease must also be considered. Immediate life-saving measures require securing two large-bore IV lines for rapid crystalloid fluid resuscitation and cross-matching blood for urgent transfusion to manage hemorrhagic shock. To control the bleeding, administer uterotonics like intravenous oxytocin or misoprostol alongside IV tranexamic acid, and prepare for an urgent Manual Vacuum Aspiration (MVA) if an incomplete abortion is confirmed. Crucial initial investigations to identify the root cause include a rapid urine pregnancy test, bedside pelvic ultrasound, full blood count, and blood grouping to guide definitive surgical or medical management.",Qwen-3.7-Max,qwen3.7-max
61eae2f0-37fa-498b-b81e-2b1c67c6172f,hausa,hausa,Wata uwa daga cikin iyayen dalibi suke kawo jariransu don yin allurar rigakafi ta bayyana cewa ta lura jaririnta sabon haihuwa yana da matsala a kewayen baki kuma leben jaririn suna bayyana da ɗan kore kore yau kuma ta lura cewa. Lokacin da take ba jaririn nono jaririn yana fafutuka yana hucin neman iska kuma yana samun wahalar yin numfashi yadda ya kamata ta ce wannan ne abin da ya sa ta damu domin ba ta san abin da ke faruwa da jaririn ba menene zai iya sa leben sa? Sabon jariri bayyana da ɗan kore kore menene kuma zai iya sa jariri fafutuka da samun wahalar yin numfashi lokacin da yake shan nono shin za a iya bayar da magani ko kuwa ya kamata a binciki jaririn ye?,"Wata uwa daga cikin iyayen da galibi suke kawo jariransu don yin alluran rigakafi ta bayyana cewa ta lura jaririnta sabon haihuwa yana da matsala a kewayen baki, kuma leɓun jaririn suna bayyana da ɗan kore-kore 
Yau kuma, ta lura cewa lokacin da take ba jaririn nono, jaririn yana fafutuka, yana hucin neman iska, kuma yana samun wahalar yin numfashi yadda ya kamata. Ta ce wannan ne abun da ya sa ta damu domin ba ta san abin da ke faruwa da jaririn ba.
Mene ne zai iya sa leɓun sabon jariri bayyana da ɗan kore-kore  Mene ne kuma zai iya sa jariri fafutuka da samun wahalar yin numfashi lokacin da yake shan nono? Shin za a iya bayar da magani, ko kuwa ya kamata a binciki jaririn ne
",http://speech-app.s3.amazonaws.com/static/audio/uploads/b088fa01-3d9f-4420-90df-994556640c49/9a319580d5dee2f35ddda168527a4c7d_VHQ8jn6g.wav,"The bluish discoloration of the lips (central cyanosis) and respiratory distress during feeding strongly indicate inadequate blood oxygenation, most commonly caused by a cyanotic congenital heart defect or a severe respiratory illness like pneumonia. Breastfeeding demands significant metabolic effort; when an infant's cardiopulmonary system is compromised, this exertion rapidly depletes oxygen levels, causing the baby to gasp and become cyanotic. This is a medical emergency requiring immediate investigation, including pulse oximetry, a chest X-ray, and an urgent echocardiogram to identify the specific cardiac or pulmonary anomaly. While many of these conditions are treatable with targeted medications or surgery, the infant requires immediate oxygen stabilization and urgent referral from our community hospital to a specialized pediatric tertiary center for definitive care.",Qwen-3.7-Max,qwen3.7-max
e7b04c2d-dde7-44fa-9117-27eba0ff62d2,hausa,hausa,"Wata kaka ta lura cewa'yarta wadda ta haihu kwana uku da suka wuce tana fama da zubar jini bayan haihuwa fiye da yadda ake tsammani. Ta kuma lura cewa jikinta ya fara yin fari sosai, hannayenta, ƙafafunta fuskarta da kunnuwanta duk sun yi fari. Tana rawar sanyi kuma jikinta yana da zafi sai dai a cikin kwanaki ukun nan ta lura cewa hannaye da ƙafafunta sun yi sanyi kwarai kuma. Ta gaji matukar har ba ta iya yin komai. Wannan ne ya sa ta kawo ta asibiti domin likita ya duba ta tambayi likita kai tsaye ko akwai yiwuwar mahaifar ba a tsaftace ta yadda ya kamata ba bayan haihuwa wanda hakan ne yakan haddasa wannan zubar jini mai yawa. Ta kuma roƙi likita da ya rubuta mata allura ko magungunan da za su taimaka wajen dakatar da zubar jinin domin ta damu. Saboda ƙarfinta ma ta sami damar kula da jaririnta.","Wata kaka ta lura cewa 'yarta, wadda ta haihu kwana uku da suka wuce, tana fama da zubar jini bayan haihuwa fiye da yadda ake tsammani. Ta kuma lura cewa jikinta ya fara yin fari sosai; hannayenta, ƙafafunta, fuskarta da kunnuwanta duk sun yi fari. Tana rawar sanyi kuma jikinta yana da zafi. Sai dai a cikin kwanaki ukun nan, ta lura cewa hannaye da ƙafafunta sun yi sanyi ƙwarai, kuma ta gaji matuƙa har ba ta iya yin komai. Wannan ne ya sa ta kawo ta asibiti domin likita ya duba ta.
Ta tambayi likita kai tsaye ko akwai yiwuwar mahaifar ba a tsabtace ta yadda ya kamata ba bayan haihuwa, wanda hakan ne yake haddasa wannan zubar jini mai yawa. Ta kuma roƙi likita da ya rubuta mata allura ko magungunan da za su taimaka wajen dakatar da zubar jinin, domin ta dawo da ƙarfinta kuma ta sami damar kula da jaririnta.",http://speech-app.s3.amazonaws.com/static/audio/uploads/14023f73-6c81-4d59-ba9f-72ef4cbd3405/8c4cd99daa4ebc6e9415cf637678cd21_CGG55dnb.wav,"The grandmother is correct that retained products of conception, likely complicated by puerperal sepsis given the fever and rigors, are primary causes of this secondary postpartum hemorrhage and resulting hypovolemic shock. Immediate management requires aggressive intravenous fluid resuscitation, blood transfusion, and broad-spectrum antibiotics to stabilize her severe shock and treat the underlying pelvic infection. To directly stop the bleeding, we will administer injectable uterotonics like oxytocin or misoprostol, and perform a careful uterine evacuation if retained tissue is clinically confirmed. This comprehensive, protocol-driven approach will rapidly control the hemorrhage, resolve the infection, and restore the mother's strength to safely care for her newborn.",Qwen-3.7-Max,qwen3.7-max
7438966b-f391-4220-a235-b85e1b21df50,hausa,hausa,Daya daga cikin manyan yayina ta haihu mace'yan kwanaki da suka wuce ta lura cewa duk lokacin da take ba ta nono tana samun wahalar yin numfashi wani lokacin jaririyar tana daina shan nonon ba zato ba tsammani kamar gawa wata rana mahaifiya. ta ta ga cewa lokacin da take ba jaririyar nono da tsakar dare ta lura leben jaririyar sun riga sun fara canza launi kadan kadan ta damu sosai kuma ta rude. Ta yi ƙoƙarin ɗaukar jaririyar sama domin jaririyar ta yi numfashi da kyau amma jaririyar tana samun wahalar yin nuna. numfashi mijinta ma ya ji tsoro lokacin da ya ga jaririyar tana samun wahalar numfashi kuma leben suna canzawa sun harzanta kai jaririyar asibiti domin samun kulawar likita me yasa leben sabon jariri za su iya canza launi kuma shin wahalar? Mahalar numfashi lokacin da yaro yake shan nono alama ce ta haɗari kuma shin cutar zuciya ko cutar hanta ce ke sa yaro samun wahalar yin numfashi wadanne sauran alamomin haɗari da matsalolin da ya kamata iyaye su yi hattara? da su kuma wadanne ne magungunan gaggawa da za a iya ba wa yaron da yake samun wahalar yin numfashi?,"Ɗaya daga cikin manyan yayye na ta haihu mace ‘yan kwanaki da suka wuce, ta lura cewa duk lokacin da take ba ta nono tana samun wahalar yin numfashi, wani lokacin jaririyar tana daina shan nonon ba zato ba tsammani kamar gawa  Wata rana mahaifiyar ta ga cewa lokacin da take ba jaririyar nono da tsakar dare ta lura leɓun jaririyar sun riga sun fara canza launi kaɗan-kaɗan, ta damu sosai kuma ta rude. Ta yi ƙoƙarin ɗaukar jaririyar sama domin jaririyar ta yi numfashi da kyau amma jaririyar tana samun wahalar yin numfashi. Mijinta ma ya ji tsoro lokacin da ya ga jaririyar tana samun wahalar numfashi kuma leɓun suna canzawa. Sun hanzarta kai jaririyar asibiti domin samun kulawar likita. Me yasa leɓun sabon jariri za su iya canza launi kuma shin wahalar numfashi lokacin da yaro yake shan nono alama ce ta haɗari, kuma shin cutar zuciya ko cutar hanta ce ke sa yaro samun wahalar yin numfashi? Waɗanne ne sauran alamomin haɗari da matsaloli da ya kamata iyaye su yi hattara da su? Kuma wadanne ne magungunan gaggawa da za a iya ba wa yaron da yake samun wahalar yin numfashi?",http://speech-app.s3.amazonaws.com/static/audio/uploads/81aca933-cb0a-479d-be6e-e4fb52601cd7/8a6c905654e8ca95243ad4b4f50d8fae_H9RJW7Nn.wav,"A newborn's lips turning blue (cyanosis) and experiencing breathing difficulty during breastfeeding are critical danger signs highly suggestive of congenital heart disease or severe respiratory illness, rather than liver disease, because feeding increases metabolic oxygen demand that a compromised cardiopulmonary system cannot meet. Parents must urgently seek care if they notice other WHO-recognized neonatal danger signs such as fast breathing, severe lower chest wall indrawing, grunting, lethargy, poor feeding, or convulsions. Immediate emergency management in our community hospital includes clearing the airway, administering supplemental oxygen to correct hypoxia, maintaining thermoregulation, and establishing intravenous access for fluids or empiric antibiotics if sepsis is suspected. Because rural facilities often lack pediatric echocardiography, the stabilized infant requires urgent referral to a tertiary center for definitive cardiac or respiratory evaluation and specialized intervention. Prompt recognition and stabilization of these distress signs are vital to prevent irreversible hypoxic brain injury or mortality in resource-limited settings.",Qwen-3.7-Max,qwen3.7-max
2a2d7aca-cf91-42ab-a405-4347e6c940b5,hausa,hausa,Ba zato ba tsammani daya daga cikin mata masu juna biyu da suka zo asibitin mu da safe ta iso tana cikin matsanancin ciwon naƙuda. Tana kuka da ƙarfi yayin da take riƙe da bayanta da cikinta saboda tsananin zafin bayan kusan mintuna 8- da shigar da ita dakin haihuwa mun duba ta sai muka gano cewa jaririn ya riga ya fara fitowa kuma bakin mahaifarta ya buɗe gaba ɗaya. Ba da daɗewa ba ta haifi jaririya mace bayan haka muka gudanar da dukan kulawar da ta dace bayan haihuwa daga baya kadan muka mayar da uwa da jaririyar zuwa ɗaki domin su huta. Bayan wani ɗan lokaci uwar ta kira mu ta ce tana jin rauni sosai da gajiya kuma ganinta ya fara dusashewa ko ya zama ba a fili ta kuma. Na yi ƙoƙarin cin abinci bayan haihuwa amma ta kasa cin shi yadda ya kamata saboda abincin ba ya sauka da kyau. Har yanzu tana jin rauni sosai kuma tana jin jiri. Mai zai iya faruwa da ita? Shin yana yiwuwa ta yi asarar jini mai yawa har tana bukatar a kara mata jini ko kuwa me ya kamata a yi mata? Shin ya dace a ba ta jini ko kuma a bata abinci?,"Ba zato ba tsammani, ɗaya daga cikin mata masu juna biyu da suka zo asibitinmu da safe ta iso tana cikin matsanancin ciwon naƙuda. Tana kuka da ƙarfi yayin da take riƙe da bayanta da cikinta saboda tsananin zafin. Bayan kusan mintuna takwas zuwa goma da shigar da ita ɗakin haihuwa, mun duba ta, sai muka gano cewa jaririn ya riga ya fara fitowa kuma bakin mahaifarta ya buɗe gaba ɗaya. 
Ba da daɗewa ba, ta haifi jaririya mace. Bayan haka, muka gudanar da dukkan kulawar da ta dace bayan haihuwa. Daga baya kaɗan, muka mayar da uwa da jaririyar zuwa ɗaki domin su huta. Bayan wani ɗan lokaci, uwar ta kira mu ta ce tana jin rauni sosai da gajiya, kuma ganinta ya fara dusashewa ko ya zama ba a fili. Ta kuma yi ƙoƙarin cin abinci bayan haihuwa, amma ta kasa cin shi yadda ya kamata, saboda abincin ba ya sauka da kyau. Har yanzu tana jin rauni sosai, kuma tana jin jiri. Me zai iya faruwa da ita? Shin yana yiwuwa ta yi asarar jini mai yawa har tana buƙatar a ƙara mata jini, ko kuwa me ya kamata a yi mata? Shin ya dace a ba ta jini, ko kuma a ba ta abinci?",http://speech-app.s3.amazonaws.com/static/audio/uploads/82a5a715-114e-46fd-b375-a654f93bda41/5565b9241613fe940ff2c6e0d7524758_nNGjXKF6.wav,"The patient's severe weakness, dimmed vision, and feeling cold strongly indicate hypovolemic shock secondary to postpartum hemorrhage (PPH), likely from uterine atony or birth canal lacerations following her precipitate labor. You must immediately assess her vital signs, quantify her blood loss, and physically examine her uterus and genital tract to control the bleeding source. Initiate rapid intravenous fluid resuscitation and urgently crossmatch for a blood transfusion, as her symptoms of poor perfusion confirm significant blood loss requiring packed red blood cells. Strictly withhold oral food to prevent aspiration in her hemodynamically unstable state, prioritizing intravenous access and medical stabilization over feeding. In our community hospital setting, promptly administering uterotonics like misoprostol or oxytocin alongside activating the local blood bank protocol are critical, evidence-based steps to prevent maternal mortality.",Qwen-3.7-Max,qwen3.7-max
adf7fabe-84c1-48dc-a443-9faa93f44f3c,hausa,hausa,Adiolu yaro ne mai shekara 10 mahaifiyarsa ita ce ƙanwata amma tun bayan rasuwar mahaifiyarsa na lura cewa yaron yana zaune shi kaɗai ba ya son yin wasa da kowa kuma baya son yin magana da kowa. Haka kuma ya fara ƙin cin abinci kuma yana kama da mai yawan tunani da baƙin ciki sosai. Wannan ya ba ni tsoro sai na yanke shawarar kai shi asibiti domin a duba shi. Da na isa asibitin sai na tambayi likita cewa shin wannan halin da yaron yake ciki na iya kasancewa sakamakon baƙin cikin rasu mahaifiyarsa na kuma tambaya. Me zan iya yi a gida domin taimaka masa. Shin yana buƙatar ya yi magana da kwararren masani kan lafiyar kwakwalwa ko kuma me zan yi domin ya fara cin abinci da yin wasa da takwarorinsa kuma shin yana buƙatar wani magani?,"Adeolu yaro ne mai shekara goma. Mahaifiyarsa ita ce ƙanwata. Amma tun bayan rasuwar mahaifiyarsa, na lura cewa yaron yana zaune shi kaɗai. Ba ya son yin wasa da kowa, kuma ba ya son yin magana da kowa. Haka kuma ya fara ƙin cin abinci, kuma yana kama da mai yawan tunani da baƙin ciki sosai.
Wannan ya ba ni tsoro, sai na yanke shawarar kai shi asibiti domin a duba shi. Da na isa asibitin, sai na tambayi likita cewa, ""Shin wannan halin da yaron yake ciki na iya kasancewa sakamakon baƙin cikin rasuwar mahaifiyarsa?"" Na kuma tambaya, ""Me zan iya yi a gida domin taimaka masa? Shin yana bukatar ya yi magana da ƙwararren masani kan lafiyar kwakwalwa? Ko kuma me zan yi domin ya fara cin abinci da yin wasa da takwarorinsa? Kuma shin yana bukatar wani magani?",http://speech-app.s3.amazonaws.com/static/audio/uploads/2a3e0287-1033-4781-a58a-d6c93fc66bb9/df527e0c2d37955967a5111035a25942_Mxs9snPr.wav,"Adiolu is likely experiencing childhood complicated grief or depression secondary to his mother's death, which clinically manifests as social withdrawal, food refusal, and persistent low mood. At home, foster a supportive environment by involving him in gentle family routines and offering small, frequent portions of his favorite nutritious local meals to gradually restore his appetite. He absolutely requires an evaluation by a child psychologist or a trained psychiatric nurse for grief-focused cognitive behavioral therapy, which is the evidence-based, first-line intervention for pediatric bereavement in our community setting. Psychotropic medications are not recommended as an initial treatment for prepubescent children unless his symptoms become severely debilitating or unresponsive to prolonged psychotherapy. Concurrently, ensure regular follow-ups at your community clinic to monitor his weight and hydration, preventing acute malnutrition while the psychological interventions take effect.",Qwen-3.7-Max,qwen3.7-max
93c7d030-0d4a-4f05-adf3-9999cb9a415d,hausa,hausa,'Yata tana da ciki tana da kimanin shekara 24 ita ce mai juna biyu. Wannan abin ya faru ne a yau da dare na lura cewa ta fara jin naƙuda tun ta tattara kayanta ta zo gidana yayin da naƙudar ke ci gaba sai na ga tana kara tsananta na tattara duk kayanta amma da farko ba ta yarda mu kai ta asibiti ba. Daga baya muka kai ta. A asibiti inda aka duba ta likitoci suka ce bakin mahaifarta ya fara buɗewa kadan kuma lokacin haihuwa ya kusa. Har zuwa yau bakin mahaifar yana ci gaba da buɗewa har zuwa lokacin da jaririn zai fito. Tun jiya naƙudar tana ci gaba da ƙaruwa tun daga lokacin da muka isa asibitin tana cikin matsananciyar naƙuda kuma jaririn yana gab da fitowa. Wannan shine cikinta na farko. Ina cikin damuwa sosai zuciyata ta ci gaba da fargaba. Ina so a cece'yata kuma ba na son rasa jaririn da take dauke da shi. Don Allah meke jawo wannan ciwon. Shin haka naƙudar haihuwa take ga mace mai haihuwa karo na farko? Shin zai yiwu jaririn ya yi girma sosai har ba zai iya wucewa ta hanyar haihuwa ba ko kuwa zai yiwu a yi mata tiyatar haihuwa?,"'Yata tana da ciki, tana da kimanin shekara ashirin da huɗu. Ita ce mai juna biyu. Wannan abin ya faru ne a yau. Da dare na lura cewa ta fara jin naƙuda. Tuni ta tattara kayanta ta zo gidana. Yayin da naƙudar ke ci gaba, sai na ga tana ƙara tsananta. Na tattara duk kayanta, amma da farko ba ta yarda mu kai ta asibiti ba. Daga baya muka kai ta asibiti, inda aka duba ta. Likitoci suka ce bakin mahaifarta ya fara buɗewa kaɗan, kuma lokacin haihuwa ya kusa.
Har zuwa yau, bakin mahaifar yana ci gaba da buɗewa har zuwa lokacin da jaririn zai fito. Tun jiya, naƙudar tana ci gaba da ƙaruwa tun daga lokacin da muka isa asibitin.
Tana cikin matsananciyar naƙuda, kuma jaririn yana gab da fitowa. Wannan shi ne cikinta na farko. Ina cikin damuwa sosai, zuciyata ta cika da fargaba. Ina so a ceci 'yata, kuma ba na son rasa jaririn da take ɗauke da shi. Don Allah, me ke jawo wannan ciwon? Shin haka naƙudar haihuwa take ga mace mai haihuwa karo na farko? Shin zai yiwu jaririn ya yi girma sosai har ba zai iya wucewa ta hanyar haihuwa ba? Ko kuwa zai yiwu a yi mata tiyatar haihuwa?",http://speech-app.s3.amazonaws.com/static/audio/uploads/46b93e3b-93a5-4f00-9c4d-bd164da061c4/ff15d7d24125e1e4c484ae7f4080581f_Vyti27re.wav,"The severe pain your wife is experiencing is caused by strong uterine contractions and cervical dilation, which are necessary to push the baby out. It is medically normal for a first-time mother to endure prolonged labor lasting up to 18 to 24 hours as her birth canal stretches for the first time. Although a large baby or a narrow pelvis can cause obstructed labor requiring a Cesarean section, the medical team is continuously tracking her cervical dilation and the fetal heart rate using a partograph. In our community hospitals, this standard monitoring ensures that if vaginal delivery becomes unsafe or the baby shows distress, a timely surgical intervention will be performed to protect both lives. Please stay calm and support her, as the doctors will make the safest delivery decision based on this continuous clinical evidence.",Qwen-3.7-Max,qwen3.7-max
a64107c7-1ec7-4ead-878d-f92ca3f11548,hausa,hausa,Wata mata ta haifi jariri kimanin watanni 5 da suka wuce ta bayyana cewa lokacin da ta haihu babu wata matsala da jaririn domin yana shan nono sosai kamar yadda ake tsammani sai dai daga baya ta lura cewa jaririn yana yawan yin kuka saboda ciwo a hannaye da ƙafafunsa har ma abin ya kai ga cewa idan yana son ya tashi ya fara rarrafe ko ya motsa domin ya isa wurin mahaifiyarsa. yana nuna alamun cewa yana jin zafi. Don Allah me wannan uwa za ta iya yi domin rage wa jaririn ciwon hannaye da ƙafafu tare da tabbatar da cewa ba zai sami jinkiri wajen cimma matakan ci gabansa ba saboda haka uwar tana son ta zo da jaririn asibiti domin likita ya duba shi ya gano abin da ke haifar da wannan matsala sannan a ba shi mag. Maganin da ya dace domin jikinsa ya murmure kuma ya koma cikin koshin lafiya.,"Wata mata ta haifi jariri kimanin watanni biyar da suka wuce. Ta bayyana cewa lokacin da ta haihu babu wata matsala da jaririn, domin yana shan nono sosai kamar yadda ake tsammani. Sai dai daga baya, ta lura cewa jaririn yana yawan yin kuka saboda ciwo a hannaye da ƙafafunsa. Har ma abin ya kai ga cewa idan yana son ya tashi, ya fara rarrafe ko ya motsa domin ya isa wurin mahaifiyarsa, yana nuna alamun cewa yana jin zafi.
Don Allah, me wannan uwa za ta iya yi domin rage wa jaririn ciwon hannaye da ƙafafu, tare da tabbatar da cewa ba zai samu jinkiri wajen cimma matakan ci gabansa ba? Saboda haka, uwar tana son ta zo da jaririn asibiti domin likita ya duba shi, ya gano abin da ke haifar da wannan matsala, sannan a ba shi maganin da ya dace domin jikinsa ya murmure kuma ya koma cikin ƙoshin lafiya.",http://speech-app.s3.amazonaws.com/static/audio/uploads/7ab5ee47-1f2a-4071-b40c-7b24d1b09e32/02f87feccc764202ec329d9c0842264f_UP57lc63.wav,"The mother's decision to bring the infant to the hospital is the most appropriate action, as bilateral limb pain in a 5-month-old requires clinical evaluation and investigations like X-rays or hemoglobin electrophoresis to establish a precise diagnosis. In our community setting, common causes for this presentation include sickle cell dactylitis (hand-foot syndrome), nutritional rickets, or bone infections, which cause severe movement-induced pain and can delay motor milestones if improperly managed. While awaiting medical care, she should continue breastfeeding and strictly avoid giving unprescribed traditional herbal concoctions or over-the-counter painkillers that could cause organ toxicity or mask critical symptoms. Once the exact cause is identified, the doctor will prescribe targeted therapies—such as hydration and safe analgesics for sickle cell crises, or Vitamin D and calcium supplementation for rickets—which will effectively resolve the pain and ensure normal developmental progression.",Qwen-3.7-Max,qwen3.7-max
9623d464-bf2a-43f4-b388-e4592dce096b,hausa,hausa,Na kawo yarona mai shekaru 9 a asibiti yau da rana na aiki yaron ya sayi wani abu a gari amma kare ya ciji yaron lokacin da suka dawo da yaron gida kuma suka bayyana abin da ya faru na bincika wurin da karen ya ciji yaron sai na lura cewa wurin. yayi ja kuma ya riga ya kumbura mun yi bincike a unguwa don jin labarin karen da ya ciji yaron sai mai karen yace basu taba bawa karen ko wani irin alluran rigakafi ba suka ce kawai yana fita ne yayi wasa ya dawo gida suka ce basu taba bawa karen kowace irin jiyya Ta likitanci ba kwata kwata wannan ya sa na shiga tsoro na rogo da yaron asibiti domin kada ya kasance karen da ya ciji yaron mahaukacin kare ne menene zai iya faruwa ga yaron da kare ya cije shi menene zai iya faruwa ga ciwon da yake da ja da kumburi? Shin zai iya yiwuwa cuta mai yaduwa kamar hauka ta shiga cikin wannan ciwon zai iya yiwuwa wani abu mai ban tsoro ya faru ga yaron sakamakon wannan cizon karen Allah menene zan iya yi don hana cuta shiga cikin wannan ciwon wadanne allurar rigakafi? da waɗanne magunguna ne za a iya amfani da su wajen yi wa wannan yaro jiyya don tabbatar da sun samu kulawa ta gari. Menene daban za mu iya yi ko waɗanne gwaje-gwajen likitanci za mu iya gudanarwa don kula da ciwon da karen ya ciji wannan yaro,"Na kawo yarona mai shekaru tara ashibiti yau da rana. Na aiki yaron ya sayi wani abu a gari, amma kare ya ciji yaron. Lokacin da suka dawo da yaron gida kuma suka bayyana abin da ya faru, na bincika wurin da karen ya ciji yaron, sai na lura cewa wurin yayi ja kuma ya riga ya kumbura. Mun yi bincike a unguwa don jin labarin karen da ya ciji yaron sai mai karen ya ce ba su taba ba wa karen kowane irin alluran rigakafi ba. Suka ce kawai yana fita ne, ya yi wasa, ya dawo gida. Suka ce ba su taba ba wa karen kowace irin jiyya ta likitanci ba kwata-kwata. Wannan ya sa na shiga tsoro na rugo da yaron asibiti, domin kada ya kasance karen da ya ciji yaron mahaukacin kare ne. Mene ne zai iya faruwa ga yaron da kare ya ciji shi? Mene ne zai iya faruwa ga ciwon da yake da ja da kumburi? Shin zai iya yiwuwa cuta mai yaduwa kamar hauka ta shiga cikin wannan ciwon? Shin zai iya yiwuwa wani abu mai ban tsoro ya faru ga yaron sakamakon wannan cizon kare? Don Allah..Mene ne zan iya yi don hana cuta shiga cikin wannan ciwon? Wadanne alluran rigakafi da wadanne magunguna ne za a iya amfani da su wajen yi wa wannan yaro jiyya don tabbatar da sun sami kulawa ta gari? Mene ne daban za mu iya yi, ko wadanne gwaje-gwajen likitanci za mu iya gudanarwa don kula da ciwon da karen ya ciji wannan yaro",http://speech-app.s3.amazonaws.com/static/audio/uploads/57fe8ff5-a1cf-4e73-a492-245043db44e2/49c004a702ba8f5df52a8dc4087fa47b_Bn3jvCT6.wav,"The child faces a severe risk of fatal rabies from the unvaccinated dog, while the current redness and swelling indicate an acute localized bacterial infection known as cellulitis. To prevent viral and bacterial proliferation, immediately irrigate the wound thoroughly with soap and water for 15 minutes and apply povidone-iodine. Promptly administer a full course of post-exposure rabies vaccines, Rabies Immunoglobulin for deep or bleeding bites (WHO Category III), and a tetanus toxoid booster. Prescribe oral amoxicillin-clavulanate to treat the existing bacterial cellulitis and cover common canine oral pathogens like Pasteurella. Since early human rabies blood tests are unavailable, manage the wound clinically, perform a bacterial swab culture only if purulent discharge develops, and notify local authorities to quarantine the dog.",Qwen-3.7-Max,qwen3.7-max
2d431455-bc05-446d-8441-b8b43e9f0da9,hausa,hausa,Wata mata da ke zaune a unguwarmu tana da ciki na ɗanta na biyu. A farkon cikin komai yana tafiya lafiya kuma tana farin ciki cewa za ta sake haihuwar sabon jariri sai dai watanni kadan da suka wuce ta fara jin matsanancin ciwo a ƙasan cikinta. Wata rana ciwon ya yi tsanani sosai har ta kasa tsayawa da kyau. Jim kadan bayan haka sai kuma ta fara zubar da jini ta gabanta. Jinin ya yi yawa fiye da yadda aka saba har ya sa cikinta ya yi rauni sosai da ta ga jinin yana zuba sai ta tsorata cewa watakila jaririn da ke cikinta yana cikin haɗari. Nan da nan mijinta ya taimaka mata suka tafi asibiti. Tambayata ita ce menene zai iya haddasa matsanancin ciwo a ƙasan ciki yayin daukar ciki? Shin zubar? da jini mai yawa yayin ɗaukar ciki alama ce ta haɗari ga uwa ko ga jaririn da ke cikinta waɗanne alamu ne ke nuna cewa cikin yana cikin matsala? Shin akwai wani magani da zai iya dakatar da ciwon da zubar da jinin ba tare da cutar da jaririn da ke cikin uwa ba?,"Wata mata da ke zaune a unguwarmu tana da ciki na ɗanta na biyu. A farkon cikin, komai yana tafiya lafiya, kuma tana farin ciki cewa za ta sake haihuwar sabon jariri. Sai dai, watanni kaɗan da suka wuce, ta fara jin matsanancin ciwo a ƙasan cikinta. Wata rana, ciwon ya yi tsanani sosai har ta kasa tsayawa da kyau. Jim kaɗan bayan haka, sai kuma ta fara zubar da jini ta gabanta. Jinin ya yi yawa fiye da yadda aka saba, har ya sa jikinta ya yi rauni sosai. Da ta ga jinin yana zuba, sai ta tsorata cewa watakila jaririn da ke cikinta yana cikin haɗari. Nan da nan mijinta ya taimaka mata suka tafi asibiti.
Tambayata ita ce: Mene ne zai iya haddasa matsanancin ciwo a ƙasan ciki yayin daukar ciki? Shin zubar da jini mai yawa yayin daukar ciki alama ce ta haɗari ga uwa ko ga jaririn da ke cikinta? Waɗanne alamu ne ke nuna cewa cikin yana cikin matsala? Shin akwai wani magani da zai iya dakatar da ciwon da zubar da jinin ba tare da cutar da jaririn da ke cikin uwa ba?",http://speech-app.s3.amazonaws.com/static/audio/uploads/8e241cbe-480c-4e3f-bc15-5d62f5393d56/3a575ae0167b19f563c24b4a4a9a3930_EOSBT2CR.wav,"Severe lower abdominal pain with heavy vaginal bleeding during the second or third trimester is a life-threatening emergency typically caused by placental abruption, placenta previa, or uterine rupture. These symptoms are critical danger signs indicating impending maternal hemorrhagic shock and severe fetal distress, requiring immediate intravenous fluid resuscitation and blood transfusion. In our community hospitals, there is no safe medication to simply suppress this severe bleeding and pain; instead, the definitive treatment to protect both mother and baby is often an emergency cesarean delivery. Attempting to medically halt the bleeding without addressing the underlying placental or uterine catastrophe would fatally delay necessary surgical intervention. Therefore, rapid maternal hemodynamic stabilization and expedited delivery remain the standard, evidence-based practice to minimize maternal and perinatal mortality in such scenarios.",Qwen-3.7-Max,qwen3.7-max
9bd57a12-dc9d-46f2-90da-4ea1286a9de9,hausa,hausa,Sunana Titilola tun jiya jiki na dana yana zafi sosai kuma yana karkarwa sosai. Yaron baya iya wuyansa kwata kwata kamar wuyansa yayi tauri baya iya juyawa. Haka kuma ido daya ne kawai yake iya buɗewa. Menene zai iya ja wannan zazzabi da kuma rashin iya juya wuya? Wane irin gwaji za a iya yi domin a gano abun da ke haifar da zazzabin da kuma rashin iya juya wuyan yaron? Wane irin sakamako ne gwajin zai iya nunawa a cikin jikin yaron wanda zai iya zama sanadin wannan zazzabi da rashin iya juya wuya?,"Sunana Titilola. Tun jiya, jiki na ɗana yana zafi sosai, kuma yana karkarwa sosai. Yaron ba ya iya juya wuyansa kwata-kwata. Kamar wuyansa ya yi tauri, ba ya iya juyawa. Haka kuma, ido ɗaya ne kawai yake iya buɗewa. Mene ne zai iya jawo wannan zazzabi da kuma rashin iya juya wuya? Wane irin gwaji za a iya yi domin a gano abin da ke haifar da zazzabin da kuma rashin iya juya wuyan yaron? Wane irin sakamako ne gwajin zai iya nunawa a cikin jikin yaron wanda zai iya zama sanadin wannan zazzabi da rashin iya juya wuya?",http://speech-app.s3.amazonaws.com/static/audio/uploads/94cb333d-508c-4a8b-a1f0-b6340a6de350/5cd400704a659f25d223cc15b9b6f723_QYUUML1O.wav,"The child's high fever, rigors, severe neck stiffness, and cranial nerve palsy (inability to open one eye) strongly indicate a life-threatening central nervous system infection such as bacterial meningitis or cerebral malaria. To identify the exact cause, we must urgently perform a Lumbar Puncture for cerebrospinal fluid (CSF) analysis, alongside a Malaria Rapid Diagnostic Test (RDT) and microscopic blood film. If bacterial meningitis is responsible, the CSF results will typically show elevated white blood cells, high protein, low glucose, and potentially visible bacteria on a Gram stain. Alternatively, if cerebral malaria is the cause, the blood tests will reveal Plasmodium falciparum parasites while the CSF profile remains largely unremarkable. Given the high mortality risk in our community hospitals, empiric intravenous antibiotics (like ceftriaxone) and antimalarials (like artesunate) must be initiated immediately after collecting these diagnostic samples.",Qwen-3.7-Max,qwen3.7-max
de8995b5-ac80-4436-be30-397c43cfb0dd,hausa,hausa,Alabun ta ce tana ganin dishidishi tare da rashin ƙarfin jiki kuma ciwon kai bai bar ta ta samu natsuwa ba kusan makonni biyu yanzu ba ta iya yin barci mai kyau da daddare ƙafafunta biyu hannayenta da fuskarta duka sun kumbura tana ta yin iyakar ƙoƙarinta. An ba ta shawarar ta ɗauki wasu abubuwa amma ba ta lura da wani canji ba an kwantar mata da hankali cewa za ta samu sauƙi an bincika ta kuma babu wata alamar wahalar numfashi a sarari. An duba duk mahimman abubuwan da ke buƙatar aunawa kuma babu. wani abu dabam mai mahimmanci ta sami damar hawa matakaloli ba tare da wahala ba an duba hawan jininta kuma an gano yana kan 16 ga 100 an umarce ta da ta huta kuma bayan ɗan lokaci tare da mu an sake ta. duba hawan jininta sai ya dawo 15 ga kula da cewa tana da juna biyu saboda haka aka fara ba ta maganin hawan jini wanda ya jace da mata masu juna biyu tunda ana ɗaukar su mai lafiya a lokacin juna biyu an kuma wayar mata da kai. game da duk abubuwan da ya kamata ta guje musamman guje wa yawan fargaba ko gajiya da zai iya sa hawan jininta ya sake tashi sosai. Tambayata ita ce bayan duk abubuwan da aka yi wa irin wannan mace mai juna biyu ga mata masu juna biyu waɗanda ke da ciwon kai. Mai dorewa da kumburin fuska waɗanne matakai daban za a iya amfani da su don kula da irin wannan mace mai juna biyu ba tare da barin yanayinta ya yi gaba zuwa farfadiya ba idan aka yi la'akari da cewa tana da juna biyu haka kuma waɗannan. Abubuwa ne mace mai juna biyu za ta iya yi don hana kaiwa ga wannan mataki kafin ta zo da irin wannan yanayi.,"Alabukun ta ce tana ganin dishi-dishi, tare da rashin ƙarfin jiki, kuma ciwon kai bai barta ta sami natsuwa ba. Kusan makonni biyu yanzu, ba ta iya yin barci mai kyau da daddare. Kafafunta biyu, hannayenta, da fuskarta duka sun kumbura. Tana ta yin iyakar ƙoƙarinta. An ba ta shawarar ta ɗauki wasu abubuwa, amma ba ta lura da wani canji ba. An kwantar mata da hankali cewa za ta sami sauƙi. An bincika ta, kuma babu wata alamar wahalar numfashi a sarari. An duba duk mahimman abubuwan da ke buƙatar aunawa, kuma babu wani abu daban mai mahimmanci. Ta sami damar hawa matakaloli ba tare da wahala ba. An duba hawan jininta, kuma an gano yana kan 168/100. An umarce ta da ta huta, kuma bayan ɗan lokaci tare da mu, an sake duba hawan jininta, sai ya dawo 150/90. An kula da cewa tana da juna biyu. Saboda haka, aka fara ba ta maganin hawan jini wanda ya dace da mata masu juna biyu, tunda ana ɗaukarsa mai lafiya a lokacin juna biyu. An kuma wayar mata da kai game da duk abubuwan da ya kamata ta guji yi, musamman guje wa yawan fargaba ko gajiya da zai iya sa hawan jininta ya sake tashi sosai.
Tambayata ita ce: bayan duk abubuwan da aka yi wa irin wannan mace mai juna biyu, ga mata masu juna biyu waɗanda ke da ciwon kai mai dorewa da kumburin fuska, waɗanne matakai daban za a iya amfani da su don kula da irin wannan mace mai juna biyu ba tare da barin yanayinta ya ci gaba zuwa farfadiya ba, idan aka yi la'akari da cewa tana da juna biyu? Haka kuma, waɗanne abubuwa ne mace mai juna biyu za ta iya yi don hana kaiwa ga wannan mataki kafin ta zo da irin wannan yanayi?
",http://speech-app.s3.amazonaws.com/static/audio/uploads/3523dd8f-fe22-4ccd-bf43-931eddbcd80c/37ff1f0fe4b3e159d73f1d03e23c79e8_xZm2u1lt.wav,"To prevent progression to eclampsia, this patient must be immediately admitted for close maternal-fetal monitoring and administered Magnesium Sulfate, the gold-standard prophylactic anticonvulsant in our resource-limited settings. While pregnancy-safe antihypertensives like methyldopa or nifedipine control her blood pressure, the definitive treatment for preeclampsia with severe features is the timely delivery of the fetus and placenta once she is hemodynamically stabilized. To prevent reaching this critical stage, women must attend early and regular Antenatal Care (ANC) for routine blood pressure and urine protein screening to detect asymptomatic hypertension. Furthermore, evidence-based preventive strategies in our communities include prescribing low-dose aspirin for high-risk women and providing calcium supplementation where dietary intake is poor. Finally, empowering women through health education to recognize early danger signs like persistent headaches and sudden facial swelling ensures prompt medical intervention before severe complications develop.",Qwen-3.7-Max,qwen3.7-max
6addf406-8a99-464b-9d53-32cff7d6993b,hausa,hausa,Na aika dana yaje ya saya mini ewedu a unguwa jiya da yamma bayan kamar mintuna 15 sai ya dawo gida yana kuka da na tambaye shi abun da ya faru sai aka gaya mini cewa wani kare ne ya cije shi a ƙafarsa. Na tambayi irin kare da kuma inda ya fito amma suka ce ba su san daga inna karen ya fito ba ko kuma ko na unguwar ne a lokacin sai na shafa mai a wajen da karen ya cije. shi domin in kawar da gubar karen daga baya aka ba ni shawarar in kai shi wani asibitin haihuwa da ke unguwa na kai shi can sai suka rubuta mini allurar rigakafin tetanus in saya a wani kanti magunguna na saya aka yi masa allurar jiya tun daga lokacin na dawo da shi gida amma tun jiya wajen cizon ya kumbura kuma fatar da ke kewaye da wajen ta yi ja. Yanzu ina jin. damuwa cewa watakila karen ya harbawa ɗana cutar hauka ta kare. Ina so in tambaya ko akwai wani magani da zan iya saya masa ko kuwa ya kamata in kai shi asibiti domin a ci gaba da duba shi da kuma yi masa magani.,"Na aika ɗana ya je ya saya mini ewedu a unguwa jiya da yamma. Bayan kamar mintuna goma sha biyar, sai ya dawo gida yana kuka. Da na tambaye shi abin da ya faru, sai aka gaya mini cewa wani kare ne ya cije shi a ƙafarsa. Na tambayi irin kare da kuma inda ya fito, amma suka ce ba su san daga ina karen ya fito ba, ko kuma ko na unguwar ne. A lokacin, sai na shafa mai a wajen da karen ya cije shi domin in kawar da gubar karen. Daga baya, aka ba ni shawarar in kai shi wani asibitin haihuwa da ke unguwa. Na kai shi can, sai suka rubuta mini allurar rigakafin tetanus in saya a wani kantin magunguna. Na saya, aka yi masa allurar jiya. Tun daga lokacin na dawo da shi gida, amma tun jiya wajen cizon ya kumbura, kuma fatar da ke kewaye da wajen ta yi ja. Yanzu ina cikin damuwa cewa watakila karen ya harba wa ɗana cutar hauka ta kare.
Ina so in tambaya ko akwai wani magani da zan iya saya masa, ko kuwa ya kamata in kai shi asibiti domin a ci gaba da duba shi da kuma yi masa magani.",http://speech-app.s3.amazonaws.com/static/audio/uploads/efce22c5-4a3b-4e15-973d-c87a3befd403/6e91c41cb96ac1682ad52ff83dbb45ad_swxxNQ4k.wav,"You must take your son to a hospital immediately because the localized swelling and redness indicate an acute secondary bacterial cellulitis requiring proper wound irrigation and antibiotics like amoxicillin-clavulanate, rather than rabies, which has a much longer incubation period. Applying oil is a harmful traditional practice that traps bacteria, and because the dog is unknown in a rabies-endemic region like Nigeria, he urgently needs a full course of Rabies Post-Exposure Prophylaxis (PEP) vaccines. Do not attempt to buy medications over the counter; a clinician must properly wash the wound with soap and water, assess the need for rabies immunoglobulin, and prescribe the correct antibiotics to prevent severe systemic complications.",Qwen-3.7-Max,qwen3.7-max
e8fbc285-5cff-4ee9-b82e-4c26cfe0c571,hausa,hausa,Wata mata mai shekara 22 da ta haihu a asibitinmu kwanaki uku da suka wuce ta kawo jaririnta yau domin a yi masa rigakafin da aka tsara da isowarta ta sanar da mu cewa wannan jariri gabaɗaya ya ƙi shan nono har ya kai ga cewa ya yi laushi sosai a jiki kuma kullum yana barci. Ta ce jaririn baya kama nono ko kaɗan kuma a ko da yaushe hannayensa ƙafa. Kafafunsa da dukkan jikinsa suna yin tsananin sanyi har tana jin tsoron ta taɓa shi da hannunta kai tsaye sai dai ta dauke shi ta hanyar lulluɓe shi da tufafi. Ta ƙara da cewa jaririn ya ƙi shan nono dukan jikinsa yana da sanyi idan an taɓa shi kuma yana kara yin kasala sosai. Ba ya iya motsa hannayensa ba ya iya miƙe ƙafafunsa kuma gabaɗaya baya da wani motsi ko martanin reflex. Kawai yana kwance babu ƙarfi ba tare da motsi ba. Ta ce a fili ana iya ganin cewa jaririn ya gaji ƙwarai kuma yana cikin matsananciyar rashin lafiya. Tambayoyi menene zai iya jawo irin wannan yanayin? Me kuke ganin zai iya sa jikin wannan jariri ya yi tsananin sanyi idan an taɓa shi? Shin kono kaɗai ne yake haddasa wannan matsalan ko akwai wasu dalilai? me za a iya yi game? Ba da wannan ƙin shan nono dangane da rigakafin da ya kamata a yi wa jaririn a yau. Menene shawarar ku ta ƙwararru? Ya dace a ci gaba da yi masa rigakafin ne ko kuma a dakatar da shi har sai an fara kula da wannan matsalar?,"Wata mata mai shekara 22 da ta haihu a asibitinmu kwanaki uku da suka wuce ta kawo jaririnta yau domin a yi masa rigakafin da aka tsara. Da isowarta, ta sanar da mu cewa wannan jariri gaba ɗaya ya ƙi shan nono, har ya kai ga cewa ya yi laushi sosai a jiki kuma kullum yana barci. Ta ce jaririn ba ya kama nono ko kaɗan, kuma a ko da yaushe hannayensa, ƙafafunsa da dukkan jikinsa suna yin tsananin sanyi, har tana jin tsoron ta taɓa shi da hannunta kai tsaye, sai dai ta ɗauke shi ta hanyar lullube shi da tufafi.
Ta ƙara da cewa jaririn ya ƙi shan nono, dukkan jikinsa yana da sanyi idan an taɓa shi, kuma yana ƙara yin kasala sosai. Ba ya iya motsa hannayensa, ba ya iya miƙe ƙafafunsa, kuma gaba ɗaya ba ya da wani motsi ko martanin reflex; kawai yana kwance babu ƙarfi, ba tare da motsi ba. Ta ce a fili ana iya ganin cewa jaririn ya gaji ƙwarai kuma yana cikin matsananciyar rashin lafiya.
Tambayoyi: Mene ne zai iya jawo irin wannan yanayin? Me kuke ganin zai iya sa jikin wannan jariri ya yi tsananin sanyi idan an taɓa shi? Shin ƙin shan nono kaɗai ne yake haddasa wannan matsalar, ko akwai wasu dalilai? Me za a iya yi game da wannan ƙin shan nono? Dangane da rigakafin da ya kamata a yi wa jaririn a yau, mene ne shawararku ta ƙwararru? Ya dace a ci gaba da yi masa rigakafin ne ko kuma a dakatar da shi har sai an fara kula da wannan matsalar?",http://speech-app.s3.amazonaws.com/static/audio/uploads/0ae00a20-abd2-4649-a37f-2d4cc4a3ab02/d373e82fcdd9233edd6070728b65c42f_tg1GGxkb.wav,"This neonate's severe hypothermia, hypotonia, and lethargy are not caused by mere hunger, but strongly indicate life-threatening conditions like neonatal sepsis, severe hypoglycemia, or hypoxic-ischemic encephalopathy. Immediate emergency intervention requires gradual rewarming, urgent blood glucose testing with IV dextrose administration, and starting broad-spectrum intravenous antibiotics for presumed sepsis. You must absolutely defer today's scheduled immunizations, as administering vaccines to a critically ill, metabolically unstable neonate is strictly contraindicated by WHO guidelines. Vaccinating this infant now could exacerbate severe physiological stress and fail to elicit an adequate immune response due to their compromised state. Admit the baby to the Special Care Baby Unit for intensive resuscitation and supportive care, rescheduling the vaccines only after the child has fully recovered.",Qwen-3.7-Max,qwen3.7-max
15ed9656-e3fd-4699-8e0d-c94dcf6a58cf,hausa,hausa,Wata mata ta kawo ɗanta mai shekaru 3 asibiti domin a duba lafiyarsa da safe yau. Ta bayyana cewa idan mutane suna magana da yaron ba ya nuna wata alamar amsawa. Ba ya ba da amsa ba ya kallon wanda yake magana da shi kuma idan an kira sunansa ba ya nuna kamar yaji ana kiransa. Mun tambayi mahaifiyar yaron cewa shin yaron ya taɓa yin farfadiya? ci a'a bai taɓa yin farfadiya ba. Mun kuma tambaye ta shin yaron ya karɓi dukan allurar rigakafin da ya kamata ya karɓa bayan mun duba katin rigakafinsa mun tabbatar cewa ya karɓi dukan allurar rigakafin da aka tsara masa. Tambayata ta gaba ita ce a irin wannan yanayi idan yaro bai taɓa yin farfadiya ba kuma ya karɓi dukan allurar rigakafinsa yadda ya kamata waɗanne abubuwa ne zasu iya ha? far da wannan matsalar wato yaron baya amsa idan ana magana da shi ko kuma idan an kira sunansa.,"Wata mata ta kawo ɗanta mai shekara uku asibiti domin a duba lafiyarsa da safe yau. Ta bayyana cewa idan mutane suna magana da yaron, ba ya nuna wata alamar amsawa—ba ya ba da amsa, ba ya kallon wanda yake magana da shi, kuma idan an kira sunansa, ba ya nuna kamar ya ji ana kiransa.
Mun tambayi mahaifiyar yaron cewa, ""Shin yaron ya taɓa yin farfaɗiya?"" Ta ce a'a, bai taɓa yin farfaɗiya ba. Mun kuma tambaye ta, ""Shin yaron ya karɓi dukkan alluran rigakafin da ya kamata ya karɓa?"" Bayan mun duba katin rigakafinsa, mun tabbatar cewa ya karɓi dukkan alluran rigakafin da aka tsara masa.
Tambayata ta gaba ita ce: A irin wannan yanayi, inda yaro bai taɓa yin farfaɗiya ba kuma ya karɓi dukkan alluran rigakafinsa yadda ya kamata, waɗanne abubuwa ne za su iya haifar da wannan matsalar, wato yaron ba ya amsa idan ana magana da shi ko kuma idan an kira sunansa?",http://speech-app.s3.amazonaws.com/static/audio/uploads/84a3bd85-6d07-406d-86d3-e242bd7b4171/8a2484ccd4f4b2361c09b9bd87d71854_PHRmdZZW.wav,"In a fully immunized 3-year-old with no seizure history, the primary differential diagnoses for failing to respond to verbal cues or his name are severe hearing impairment and Autism Spectrum Disorder (ASD). In our Nigerian context, sensorineural hearing loss is often secondary to severe neonatal jaundice or congenital infections, while conductive loss frequently stems from chronic otitis media. Conversely, ASD classically presents with impaired social reciprocity, poor eye contact, and unresponsiveness to name-calling despite intact auditory pathways. The critical next step in our clinic is to conduct a thorough otoscopic examination and arrange for objective audiological testing, such as Otoacoustic Emissions (OAE) or Brainstem Evoked Response Audiometry (BERA). If the audiological evaluation confirms normal hearing, a formal neurodevelopmental assessment is mandatory to diagnose ASD and facilitate early behavioral therapy.",Qwen-3.7-Max,qwen3.7-max
507e8f6c-66cc-4dc1-95b5-899c45853db7,hausa,hausa,"Sunana Miss a kille kimanin wata biyu kenan da na fara lura cewa numfashin mijina baya tafiya yadda ya kamata. Haka kuma yana yawan atishawa musamman idan yana wurin da ake da ƙura ko kuma inda ake soya wani abu yakan yi ta atishawa sau da yawa wannan kuma yana samun wahalar numfashi. Numfashinsa yakan yi nauyi kuma duk lokacin da yake wurin da ke da. Yaƙi ko ƙura sai ya fara atishawa sosai kuma ya kasa yin numfashi yadda ya kamata. Shin akwai wani gwaji da za a iya yi domin a gano ainihin abin da ke haifar masa da waɗannan alamomin? Shin zama a wuraren da ke da ƙura ne ke haddasa hakan ko kuwa jikinsa ne yake canzawa har ya fara nuna irin waɗannan matsalolin. Wane irin magani zai iya amfani da shi domin numfashinsa ya koma daidai? Ya kuma rika yin numfashi cikin sauƙi a kowane lokaci, ko da yana duk inda yake.","Sunana Misis Akinleye. Kimanin wata biyu kenan da na fara lura cewa numfashin mijina ba ya tafiya yadda ya kamata. Haka kuma yana yawan atishawa, musamman idan yana wurin da ake da ƙura ko kuma inda ake soya wani abu. Yakan yi ta atishawa sau da yawa, sannan kuma yana samun wahalar numfashi.
Numfashinsa yakan yi nauyi, kuma duk lokacin da yake wurin da ke da hayaƙi ko ƙura, sai ya fara atishawa sosai kuma ya kasa yin numfashi yadda ya kamata.
Shin akwai wani gwaji da za a iya yi domin a gano ainihin abin da ke haifar masa da waɗannan alamomin? Shin zama a wuraren da ke da ƙura ne ke haddasa hakan, ko kuwa jikinsa ne yake canzawa har ya fara nuna irin waɗannan matsalolin?
Wane irin magani zai iya amfani da shi domin numfashinsa ya koma daidai, ya kuma riƙa yin numfashi cikin sauƙi a kowane lokaci, ko da yana duk inda yake?",http://speech-app.s3.amazonaws.com/static/audio/uploads/082699b6-53ed-4db2-bab3-37d03f35131d/e44b9e4b1c8fb26b68e4982446b75a10_hcHvRVro.wav,"Your husband's symptoms strongly suggest allergic asthma and rhinitis, which occur because his immune system hyper-reacts to environmental triggers like dust and cooking smoke rather than just the dust itself. To confirm this, we can perform a Peak Expiratory Flow Rate (PEFR) test or spirometry to assess his lung function and airway reversibility, which are standard, accessible diagnostic tools in our community hospitals. For effective management, he requires a salbutamol reliever inhaler for acute breathlessness, a daily inhaled corticosteroid to reduce underlying airway inflammation, and oral antihistamines to control the sneezing. Consistent use of these medications alongside practical trigger avoidance, such as wearing a face mask in dusty areas and improving kitchen ventilation, will stabilize his hyper-reactive airways and allow him to breathe comfortably anywhere.",Qwen-3.7-Max,qwen3.7-max
1bc56dd2-6089-41c2-80af-39179ccf0c9d,hausa,hausa,Wata mata ta haihu da jariri a asibitinmu da safiyar yau. Haihuwar ta kasance cikin sauƙi sosai kuma ta haifi jaririn lafiya ba tare da wata matsala ba. Jim kadan bayan ta haihu mun lura cewa alkbar fad da aka shimfiɗa a ƙarƙashinta ta jike da jini cikin sauri kuma jinin ya yi yawa ƙwarai bayan wasu mintuna kadan aka sanya mata wata sabuwar alkibba amma ita. Amma cikin ɗan lokaci ta cika da jini. Ba da daɗewa ba matar ta fara jin rauni sosai kuma zubar jinin ya kara tsananta har ya ƙi tsayawa. Menene zai iya haifar da zubar jini mai yawa bayan haihuwa? Me zai iya sa jinin ya ƙi tsayawa? Shin zai yiwu akwai wani jariri na biyu da ya rage a cikin mahaifar matar shin zai yiwu bakin mahaifa ko hanyar haihuwa ta tsage? Shin? Zai yiwu mahaifar ta kasa matsewa yadda ya kamata domin ta dakatar da zubar jinin. Wadanne abubuwa ne zasu iya haifar da wannan zubar jini mai tsanani da baya tsayawa? Wadanne matakai ya kamata mu ɗauka domin dakatar da zubar jinin wannan mata wane irin allura ko magani za a iya ba ta ya kamata mu tura ta zuwa babban asibiti ne ko kuwa akwai wata hanya ko wata hanya ta jinya da za mu iya yi? a nan domin a dakatar da zubar jinin.,"Wata mata ta haihu da jariri a asibitinmu da safiyar yau. Haihuwar ta kasance cikin sauƙi sosai, kuma ta haifi jaririn lafiya ba tare da wata matsala ba. Jim kaɗan bayan ta haihu, mun lura cewa alƙyabbar (pad) da aka shimfiɗa a ƙarƙashinta ta jike da jini cikin sauri, kuma jinin ya yi yawa ƙwarai. Bayan wasu mintuna kaɗan, aka sanya mata wata sabuwar alƙyabba, amma ita ma cikin ɗan lokaci ta cika da jini.
Ba da daɗewa ba, matar ta fara jin rauni sosai, kuma zubar jinin ya ƙara tsananta har ya ƙi tsayawa.
Mene ne zai iya haifar da zubar jini mai yawa bayan haihuwa? Me zai iya sa jinin ya ƙi tsayawa? Shin zai yiwu akwai wani jariri na biyu da ya rage a cikin mahaifar matar? Shin zai yiwu bakin mahaifa ko hanyar haihuwa ta tsage? Shin zai yiwu mahaifar ta kasa matsewa yadda ya kamata domin ta dakatar da zubar jinin? Waɗanne abubuwa ne za su iya haifar da wannan zubar jini mai tsanani da ba ya tsayawa?
Waɗanne matakai ya kamata mu ɗauka domin dakatar da zubar jinin wannan mata? Wane irin allura ko magani za a iya ba ta? Ya kamata mu tura ta zuwa babban asibiti ne, ko kuwa akwai wata hanya ko wata hanya ta jinya da za mu iya yi a nan domin a dakatar da zubar jinin?",http://speech-app.s3.amazonaws.com/static/audio/uploads/2dfd6f14-3d3d-49bf-b655-1523642a1c3b/dac0621bbe41a2739fe1473fd47e1902_HngUCjDR.wav,"This severe postpartum hemorrhage (PPH) is most likely caused by uterine atony, though retained products of conception, birth canal lacerations, or coagulopathy must also be evaluated. Immediate steps include calling for help, performing vigorous bimanual uterine massage, emptying the bladder, and establishing two large-bore IV lines for rapid fluid resuscitation. Administer first-line uterotonics such as IV Oxytocin or sublingual Misoprostol alongside 1g IV Tranexamic Acid to promote hemostasis, which are standard, accessible treatments in community hospitals. If pharmacological measures fail, deploy a locally assembled condom uterine balloon tamponade to mechanically compress the bleeding vessels while preparing for transfer. Urgent referral to a tertiary hospital is mandatory if bleeding persists, as she will require blood transfusions and advanced surgical interventions like compression sutures or hysterectomy.",Qwen-3.7-Max,qwen3.7-max
c1036b65-010b-41e5-8a82-9773a71c7ea6,hausa,hausa,Wata mata ta haihu makonni biyu da suka wuce bayan haihuwar ta fara ganin dan jini kadan kadan yana fitowa daga gabanta amma yayin da kwanaki suka wuce sai ta lura cewa wani abu mai kama da nama ko wani ɓangare daga cikin mahaifa yana fitowa tare da jinin a wasu lokuta kuma tana jin kamar wani abu yana fitowa daga gabanta haka kuma tana fama da ciwon wuya da rashin jin daɗi ta. Na san cewa bayan haihuwa uwa kan iya jin ɗan ciwo a ƙasan ciki amma duk lokacin da ta ga waɗannan alamomi sai hankalinta ya tashi. Ta fara tunanin ko wannan na daga cikin matsalolin da aka saba samu bayan haihuwa ne ko kuma wata cuta ce wata rana da ta je asibiti tana hira da wasu iyaye mata sai ta ji ana cewa bai kamata mace ta yi watsi da duk wani sabon canji da ta lura da shi a jikinta bayan haihuwa ba. Wannan ya sa ta yanke shawarar neman likita domin ya ba ta cikakken bayani. Tambayata ita ce mai zai iya haifar da irin wannan matsala bayan haihuwa? Shin ciwon kasan ciki na iya zama alamar wata cuta? Wadanne alamomi ne sabuwar uwa ya kamata ta kula da su bayan haihuwa kuma waɗanne matakai ya kamata ta dauka domin kare kanta daga irin wannan matsala ko cuta?,"Wata mata ta haihu makonni biyu da suka wuce. Bayan haihuwar ta fara ganin ɗan jini kaɗan-kaɗan yana fitowa daga gabanta. Amma yayin da kwanaki suka wuce, sai ta lura cewa wani abu mai kama da nama ko wani ɓangare daga cikin mahaifa yana fitowa tare da jinin. A wasu lokuta kuma tana jin kamar wani abu yana fito wa daga gabanta. Haka kuma tana fama da ciwon wuya da rashin jin daɗi. Ta san cewa bayan haihuwa uwa kan iya jin ɗan ciwo a ƙasan ciki, amma duk lokacin da ta ga waɗannan alamomi, sai hankalinta ya tashi. Ta fara tunanin ko wannan na daga cikin matsalolin da aka saba samu bayan haihuwa ne ko kuwa wata cuta ce. Wata rana da ta je asibiti, tana hira da wasu iyaye mata, sai ta ji ana cewa bai kamata mace ta yi watsi da duk wani sabon canji da ta lura da shi a jikinta bayan haihuwa ba. Wannan ya sa ta yanke shawarar neman likita domin ya ba ta cikakken bayani. Tambayata ita ce: Me zai iya haifar da irin wannan matsala bayan haihuwa? Shin ciwon ƙasan ciki na iya zama alamar wata cuta? Waɗanne alamomi ne sabuwar uwa ya kamata ta kula da su bayan haihuwa? Kuma waɗanne matakai ya kamata ta ɗauka domin kare kanta daga irin wannan matsala ko cuta?",http://speech-app.s3.amazonaws.com/static/audio/uploads/49b7a312-59b8-49d8-8b62-9e56c966c746/3bfae7e240bcd9482f44948e932b5865_59oaiOF5.wav,"The passage of flesh-like tissue, abnormal bleeding, and lower abdominal pain two weeks postpartum strongly indicates Retained Products of Conception (RPOC) likely complicated by a pelvic infection like endometritis. While mild cramping is normal during uterine involution, worsening lower abdominal pain or systemic aches are critical warning signs of retained placental fragments or developing sepsis. New mothers must vigilantly monitor for red-flag symptoms such as fever, foul-smelling lochia, heavy bleeding, and severe pelvic pain. She requires immediate medical evaluation at a healthcare facility for a pelvic ultrasound and clinical examination to confirm the diagnosis. Standard management in our community hospitals involves prompt uterine evacuation, often using manual vacuum aspiration, alongside broad-spectrum antibiotics to prevent life-threatening secondary hemorrhage and sepsis.",Qwen-3.7-Max,qwen3.7-max
2bd69909-c174-4aa3-8096-f439320db382,hausa,hausa,Sabon jariri da aka haifa a asibitinmu kimanin mintuna ashirin da suka wuce an gano cewa yana yin alama kamar mai jin barci jaririn bai yi kuka da kyau ba tun lokacin da aka haife shi lokacin da muka duba numfashinsa yana da kyau amma jaririn yana barci. a ko da yaushe mun kuma duba yanayin zafinsa kuma yana da kyau ga tambayata menene zai iya sa sabon jariri ya bayyana kamar yana barci kuma bai yi kuka yadda ya kamata ba tun haihuwarsa haka kuma wane irin magani me zai yi aiki ga irin ku? Wannan jariri kuma lokacin da mahaifiyar ta koma gida menene za ta iya ba wa yaron kuma menene bai kamata ta bayar ba kuma wane irin abinci shine ya kamata mahaifiyarta ci don tabbatar da cewa mahaifiyar da jaririn duka suna cikin koshin lafiya?,"Sabon jariri da aka haifa a asibitinmu kimanin mintuna ashirin da suka wuce, an gano cewa yana yin alama kamar mai jin barci. Jaririn bai yi kuka da kyau ba tun lokacin da aka haife shi. Lokacin da muka duba numfashinsa, yana da kyau amma jaririn yana barci a koda yaushe, mun kuma duba yanayin zafinsa, kuma yana da kyau. Ga tambayata, mene ne zai iya sa sabon jariri ya bayyana kamar yana barci? Kuma bai yi kuka yadda ya kamata ba tun haihuwarsa? Haka kuma, wane irin magani ne zai yi aiki ga irin wannan jariri? Kuma, lokacin da mahaifiyar ta koma gida, mene ne za ta iya ba wa yaron kuma mene ne bai kamata ta bayar ba, kuma wane irin abinci ne ya kamata mahaifiyar ta ci don tabbatar da cewa mahaifiyar da jaririn duka suna cikin koshin lafiya?
",http://speech-app.s3.amazonaws.com/static/audio/uploads/533ef376-b750-4094-be15-e3305b211541/2e0cfc0360d940c5949fccdd60e58078_e8VxuFRT.wav,"Neonatal lethargy and a weak cry immediately postpartum, despite normal vital signs, are typically caused by mild perinatal hypoxia, neonatal hypoglycemia, or the residual effects of maternal intrapartum analgesics like pethidine. Immediate management involves vigorous tactile stimulation via thorough drying and back rubbing, airway clearance, and point-of-care blood glucose testing to promptly treat hypoglycemia with early colostrum or dextrose. At home, the mother must provide exclusive breastfeeding on demand and strictly avoid giving the infant water, traditional herbal concoctions, or honey, which are locally prevalent but carry high risks of neonatal sepsis and gastrointestinal distress. To support postpartum recovery and robust milk production, the mother should consume a nutrient-dense local diet abundant in complex carbohydrates, proteins such as beans and fish, dark leafy vegetables, and plenty of clean water or nutritious broths. This integrated approach ensures the newborn receives essential antibodies from colostrum while the mother sustains the caloric and hydration reserves required for optimal mutual health.",Qwen-3.7-Max,qwen3.7-max
5dc64d27-bf64-4978-acc0-1413f44b89e8,hausa,hausa,Likita wata uwa da ke zaune a gidanmu ta fara lura cewa jaririnta baya shan nono da kyau duk lokacin da ta yi ƙoƙarin ba jaririn nono jaririn zai sha kadan sannan ya daina kamar wanda ya gaji da gajiyawa mahaifiyar kuma ta lura cewa jaririn baya. da isasshen ƙarfi da zai sha nono kuma yana gumi sosai a kansa da fuskarsa. Ba wannan kaɗai ba numfashin jaririn ya canza ya zama kamar jaririn yana numfashi sama da ƙasa kamar mutumin da yake fafumfashi yayin da kwanaki ke tafiya Mahaifiyar ta ci gaba da damuwa sosai ta yi tunanin ko hakan yana faruwa ne saboda jaririn baya samun isasshen abinci ko kuma akwai matsala mai alaƙa da numfashin jaririn da kuma gumi saboda haka ta yanke shawarar zuwa asibiti don ganin likita domin a bincike. Jaririn tambayata ita ce menene zai iya sa jariri ya sami matsalar shan nono yadda ya kamata? Shin yadda jaririn ke numfashi alama ce ta wata matsalar lafiya waɗanne alamomin haɗari ne ya kamata iyayen jaririn su sa ido a kansu Menene zai iya sa ƙaramin yaro yin gumi lokacin da yake shan nono?,"Likita, wata uwa da ke zaune a gidanmu ta fara lura cewa jaririnta ba ya shan nono da kyau. Duk lokacin da ta yi ƙoƙarin ba jaririn nono, jaririn zai sha kaɗan sannan ya daina kamar wanda ya gaji da gajiyawa.
Mahaifiyar kuma ta lura cewa jaririn ba ya da isasshen ƙarfin da zai sha nono kuma yana gumi sosai a kansa da fuskarsa. Ba wannan kaɗai ba, numfashin jaririn ya canza; ya zama kamar jaririn yana numfashi sama da ƙasa, kamar mutumin da yake fafutukar yin numfashi.
Yayin da kwanaki ke tafiya, mahaifiyar ta ci gaba da damuwa sosai. Tayi tunanin ko hakan yana faruwa ne saboda jaririn ba ya samun isasshen abinci, ko kuma akwai matsala mai alaƙa da numfashin jaririn da kuma gumi. Saboda haka, ta yanke shawarar zuwa asibiti don ganin likita domin a binciki jaririn.
Tambayata ita ce: mène ne zai iya sa jariri ya sami matsalar shan nono yadda ya kamata? Shin yadda jaririn ke numfashi alama ce ta wata matsalar lafiya? Waɗanne alamomin haɗari ne ya kamata iyayen jaririn su sa ido a kansu? Mène ne zai iya sa ƙaramin yaro yin gumi lokacin da yake shan nono?
",http://speech-app.s3.amazonaws.com/static/audio/uploads/06c0c15f-7870-4b6a-b409-748a8ce4cb2e/fc9a3d60ae6cbd169bbffce1250ff61f_BIMfVdQF.wav,"The infant's profuse sweating, exhaustion during feeding, and labored breathing are classic clinical signs of congestive heart failure, most likely secondary to an undiagnosed congenital heart defect. Sweating occurs due to sympathetic nervous system overactivity triggered by the high metabolic demand of sucking, while rapid breathing results from pulmonary congestion and poor cardiac output. Parents must urgently monitor for danger signs like lower chest wall indrawing, grunting, nasal flaring, cyanosis, and extreme lethargy, which indicate impending respiratory or cardiovascular collapse. In our community setting, we must also rule out severe pediatric anemia, pneumonia, or sepsis, which are highly prevalent locally and can similarly cause tachypnea and poor feeding. Immediate clinical evaluation including a cardiovascular exam, pulse oximetry, and echocardiography is essential to confirm the cardiac anomaly and initiate appropriate medical or surgical management.",Qwen-3.7-Max,qwen3.7-max
e351025e-08b3-43b6-90a6-d835c72d45aa,hausa,hausa,Wata mace mai juna biyu'yar shekara 33 wadda ke da juna biyu na watanni 7 makwabtanta ne suka kawo ta asibitinmu suka bayyana cewa ba zato ba tsammani ta fara jin ciwon ciki mai tsanani kuma jini mai yawa ya fara fitowa ta gabanta jikinta yana rawa kuma tana. Ina kuka saboda zafin ciwon ya yi tsanani iyalinta sun ce suna tsoron kada wani abu mai tsanani ya faru da mahaifiyar da kuma jaririn Tambayarsu ta farko ga likita ita ce menene zai iya haddasa wannan ciwon ciki mai tsanani da kuma zubar jini mai yawa tambayarsu ta biyu. Ita ce ya kamata a yi wa wannan mace mai juna biyu nan take tambayarsu ta uku ita ce waɗan na bincike ko gwaje-gwaje za a iya gudanarwa ita ce wane magani ne ya dace da yanayinta Tambayarsu ta 5 ita ce waɗan. Waɗanne abinci ne ya kamata wannan mace mai juna biyu ta guje wa kuma waɗanne matakan tsafta ya kamata ta kiyaye?,"Wata mace mai juna biyu ‘yar shekara talatin da uku wadda ke da juna biyu na watanni bakwai, makwabtanta ne suka kawo ta asibitinmu. Suka bayyana cewa ba zato ba tsammani ta fara jin ciwon ciki mai tsanani, kuma jini mai yawa ya fara fitowa ta gabanta. Jikinta yana rawa, kuma tana kuka saboda zafin ciwon yayi tsanani. Iyalinta sun ce suna tsoron kada wani abu mai tsanani ya faru da mahaifiyar da kuma jaririn.
Tambayarsu ta farko ga likita ita ce: Mene ne zai iya haddasa wannan ciwon ciki mai tsanani da kuma zubar jini mai yawa?
Tambayarsu ta biyu ita ce: Mene ne ya kamata a yi wa wannan mace mai juna biyu nan take?
Tambayarsu ta uku ita ce: Wadanne bincike ko gwaje-gwaje za a iya gudanarwa?
Tambayarsu ta hudu ita ce: Wane magani ne ya dace da yanayinta?
Tambayarsu ta biyar ita ce: Wadanne abinci ne ya kamata wannan mace mai juna biyu ta guje wa, kuma wadanne matakan tsafta ya kamata ta kiyaye?
",http://speech-app.s3.amazonaws.com/static/audio/uploads/2b6281e7-f44a-4daf-a085-d827a7ccf982/5666be7ab5560c23bd482ef854641115_kWhmrYOp.wav,"The sudden severe abdominal pain and heavy vaginal bleeding at seven months gestation strongly suggest placental abruption, though placenta previa or uterine rupture must also be considered. Immediate life-saving actions include securing two large-bore intravenous lines for fluid resuscitation, cross-matching blood for urgent transfusion, and continuous maternal and fetal monitoring. Crucial investigations include a bedside obstetric ultrasound, full blood count, and a coagulation profile to rule out disseminated intravascular coagulation. Definitive management typically requires an emergency cesarean section if there is fetal distress or severe maternal hemorrhage, alongside aggressive blood product replacement. During recovery, she should avoid raw or unpasteurized foods to prevent infections, while maintaining strict perineal hygiene using clean, safe water to avert puerperal sepsis.",Qwen-3.7-Max,qwen3.7-max
f07e3524-4470-44b5-93d1-453a2411d948,hausa,hausa,Wani tsoho ya zo asibitinmu na yankinmu wannan mutum ya ce yana da ciwon kai mai tsanani wuyansa ya yi tauri kuma kuraje sun bayyana ba zato ba tsammani a jikinsa ya zo ne domin ya tambaye abin da zai iya haddasa hakan da kuma irin maganin da za a iya ba shi mutan. Na tambayi mutumin ko ciwon kan ya fara ne ba zato ba tsammani ko kuma a hankali ya zo mutumin ya ce ya fara ne ba zato ba tsammani da daddare kuma ya yi tsanani sosai yanzu Mun kuma tambaye shi ko zai iya kallon haske yadda ya kamata ya ce a'a domin haske yana taɓa kansa kuma. yana sa ciwon kai ya dada tsananta mun kuma tambaye shi game da kurajen da ke jikinsa ko suna da zafi da yawa ko kuma kadan ne mutumin yace suna ko'ina a jikinsa kuma ba zai iya nuna wuri guda ɗaya tak ba amma suna masa ƙaiƙayi bayan haka mun tambaye shi Ko ya yi mu'amala da wani mara lafiya kwanan nan sai mutumin ya ce ba su je ko'ina ba sai dai sayar da kaya a gaban gidansu ba su yi mu'amala da wani mara lafiya bayar mu ga likita ita ce menene zai iya haddasa irin wannan ciwon kai da taurin wuya da har wannan mutum bazai? Ba zai iya juyar da wuyarsa ba tare da kuraje a kowane sashi na jikinsa menene zai iya haddasa shita ce mai yaduwa ko wani abu daban Tambayarmu ta biyu ita ce wadanne irin gwaje-gwaje ne wannan mutum zai iya yi domin ya san ainihin abin da ke damunsa don samun magani ne? ya kamata kuma wane magani zai iya amfani da shi kafin sakamakon gwaje-gwajensa ya fito?,"Wani tsoho ya zo asibitinmu na yankinmu. Wannan mutum yace yana da ciwon kai mai tsanani, wuyansa yayi tauri, kuma kuraje sun bayyana ba zato ba tsammani a jikinsa. Yazo ne domin ya tambayi abin da zai iya haddasa hakan da kuma irin maganin da za a iya ba shi. Mun tambayi mutumin ko ciwon kan ya fara ne ba zato ba tsammani ko kuma a hankali ya zo. Mutumin ya ce ya fara ne ba zato ba tsammani da daddare kuma ya yi tsanani sosai yanzu. Mun kuma tambaye shi ko zai iya kallon haske yadda ya kamata, sai ya ce a'a, domin haske yana taba kansa kuma yana sa ciwon kan ya daɗa tsananta.
Mun kuma tambaye shi game da kurajen da ke jikinsa, ko suna da zafi, da yawa, ko kuma kadan ne. Mutumin ya ce suna ko'ina a jikinsa, kuma ba zai iya nuna wuri guda daya tak ba, amma suna masa kaikayi.
Bayan haka, mun tambaye shi ko ya yi mu'amala da wani mara lafiya kwanan nan, sai mutumin ya ce ba su je ko'ina ba sai dai sayar da kaya a gaban gidansu. Basu yi mu'amala da wani mara lafiya ba.
Tambayarmu ga likita ita ce, mene ne zai iya haddasa irin wannan ciwon kai da taurin wuya da har wannan mutum ba zai iya juyar da wuyansa ba, tare da kuraje a kowane sashe na jikinsa? Mene ne zai iya haddasa shi? Shin cuta ce mai yaduwa ko wani abu daban?
Tambayarmu ta biyu ita ce, wadanne irin gwaje-gwaje ne wannan mutum zai iya yi domin ya san ainihin abin da ke damunsa don samun magani da ya kamata, kuma wanne magani zai iya amfani da shi kafin sakamakon gwaje-gwajensa ya fito?
",http://speech-app.s3.amazonaws.com/static/audio/uploads/7429547b-c133-42bf-9b32-75c9a587bba3/a3c5d09c52c956029e812bf3cf738122_sH3uIRlO.wav,"The sudden severe headache, neck stiffness, and photophobia strongly suggest acute meningitis, a life-threatening condition endemic to Nigeria's meningitis belt, though the widespread itchy rash may point to a concurrent viral illness or an atypical petechial presentation. To identify the exact pathogen, he urgently needs a lumbar puncture for cerebrospinal fluid analysis, alongside blood cultures and a malaria test to rule out endemic co-infections. Before investigation results return, empirical treatment must be started immediately with intravenous Ceftriaxone, the standard regional therapy for suspected bacterial meningitis that effectively covers local pathogens. Supportive care with intravenous fluids and analgesics should also be provided while closely monitoring his neurological status and the evolution of his rash.",Qwen-3.7-Max,qwen3.7-max
c9aabbf5-f68e-4e01-8eec-7242b7921793,hausa,hausa,Wata mace mai shekaru 30 ta haihu'yan mintoci kamar da suka wuce an ce haihuwar ta zo da sauƙi sai dai kuma tun lokacin da aka haifi jaririn jaririn yana cikin babban kuncin rayuwa jaririn ba ya kuka da kyau kuma baya motsi kamar yadda sabon jariri ya kamata ya yi. Bayan haihuwar jaririn bai yi kuka yadda ya kamata ba kuma yana da wuyar farfadowa jikin yanayin ƙarfi yana yin ƙarfi ko kuma baya motsi yadda aka saba gani jaririn kuma baya iya shan nono da kyau kuma yana fuskantar wahala wajen shan nonon mahaifiyarta na. Ina cikin damuwa domin sauran yaranta na baya suna yin kuka nan take bayan an haife su menene zai iya haddasa wannan matsala wadanne gwaje-gwaje ne za a iya yi wa jaririn kuma waɗanne matakan gaggawa ya kamata a ɗauka menene za a iya yi wa wannan sabon jariri? .,"Wata mace mai shekaru 30 ta haihu 'yan mintoci kalilan da suka wuce. An ce haihuwar ta zo da sauki. Sai dai kuma, tun lokacin da aka haifi jaririn, jaririn yana cikin babban kuncin rayuwa. Jaririn ba ya kuka da kyau kuma ba ya motsi kamar yadda sabon jariri ya kamata ya yi.Bayan haihuwa, jaririn bai yi kuka yadda ya kamata ba, kuma yana da wuyar farfadowa. Jikin yanayin qarfi ko kuma ba ya motsi yadda aka saba gani. Jaririn kuma baya  iya shan nono da kyau,  kuma yana fuskantar wahala wajen shan nonon.Mahaifiyar tana cikin damuwa domin sauran yaranta na baya suna yin kuka nan take bayan an haife su. Mene ne zai iya haddasa wannan matsala? Wadanne gwaje-gwaje ne za a iya yi wa jaririn, kuma wadanne matakan gaggawa ya kamata a dauka? Mene ne za a iya yi wa wannan sabon jariri?",http://speech-app.s3.amazonaws.com/static/audio/uploads/68020e94-eaec-429a-96db-7917ce4822b3/e476870d6facbf898f7ced430559f936_2lUn4b9Q.wav,"The newborn is likely suffering from birth asphyxia leading to hypoxic-ischemic encephalopathy, which explains the poor cry, abnormal muscle stiffness, and inability to breastfeed. Immediate emergency steps must follow the WHO neonatal resuscitation protocol to secure the airway, provide bag-mask ventilation if needed, and ensure strict thermoregulation. Essential investigations include checking capillary blood glucose to rule out hypoglycemia, alongside a complete blood count, blood gas analysis, and a sepsis screen to exclude underlying infections. Management in our community hospital focuses on supportive care, including intravenous fluids, oxygen therapy, and administering phenobarbital if seizures occur, as advanced therapies like therapeutic hypothermia are typically unavailable. The baby requires urgent admission to the special care baby unit for close neurological observation and specialized feeding support via a nasogastric tube until the suckling reflex recovers.",Qwen-3.7-Max,qwen3.7-max
b74abd94-bd1c-4109-b300-51556a677511,hausa,hausa,Wata mata da ta haihu a wajenmu da safiyar yau ta haihu da asubahin fari da misalin karfe 8 na safe. Mutumin da yake tare da ita a gida ya kira mu ya sanar da mu cewa matar tana rawar sanyi jikinta yana da zafi sosai kuma tana jin ciwo a sassan daban-daban na jikinta. Lamarin da ya dame mu sosai. Mun je muka duba ta muka rufe ta da bargo sannan muka auna zafin jikinta saf. jikinta ya kai 38.2 Mun yi mata gwajin maleriya na gaggawa malaria rapid diagnostic test kuma sakamakon ya nuna tana da alamar maleriya. Mun tambaye ta ko ta ci abinci sai ta ce ba ta ci komai ba don haka muka umarci waɗanda suke tare da ita su ba ta shayi ta sha. Mun kuma tambaye ta ko ta shayar da jaririn nono? Ta ce lokacin da ta yi ƙoƙarin shayar da jaririn sai ta lura jaririn ya yi bayan gida. Bayan haka muka taimaka mata ta zauna sannan ta jingina da gadon da take kai domin jikinta ya samu sauƙi. Mun duba idanunta kuma ba su yi fari ba. Mun ba ta shawara cewa da zarar ta ci abinci ta sha paracetamol. Bayan ta sha paracetamol za a ci gaba da lura da yanayinta tare da ƙayyade lokacin da za a sake. Ba ta wani kashi idan ya zama dole. Tunda tana jin rauni kuma gwajin ya nuna tana da maleriya idan ba ta samu sauƙi bayan wannan za mu ci gaba da tantance ta domin ba ta maganin da ya dace.,"Wata mata ta haihu a wajenmu da safiyar yau, ta haihu da asubahin fari. Da misalin ƙarfe 8:00 na safe, mutumin da yake tare da ita a gida ya kira mu ya sanar da mu cewa matar tana rawar sanyi, jikinta yana da zafi sosai, kuma tana jin ciwo a sassa daban-daban na jikinta, lamarin da ya damu sosai. Mun je muka duba ta, muka rufe ta da bargo, sannan muka auna zafin jikinta. Zafin jikinta ya kai 38.2°C. Mun yi mata gwajin malaria na gaggawa (Malaria Rapid Diagnostic Test), kuma sakamakon ya nuna tana da alamar malaria. Mun tambaye ta ko ta ci abinci, sai ta ce ba ta ci komai ba. Don haka muka umarci waɗanda suke tare da ita su ba ta shayi ta sha. Mun kuma tambaye ta ko ta shayar da jaririn nono. Ta ce lokacin da ta yi ƙoƙarin shayar da jaririn, sai ta lura jaririn ya yi bayan gida. Bayan haka muka taimaka mata ta zauna sannan ta jingina da gadon da take kai domin jikinta ya samu sauƙi. Mun duba idanunta kuma ba su yi fari ba. Mun ba ta shawara cewa da zarar ta ci abinci, ta sha Paracetamol. Bayan ta sha Paracetamol, za a ci gaba da lura da yanayinta tare da ƙayyade lokacin da za a sake ba ta wani kashi idan ya zama dole. Tun da tana jin rauni kuma gwajin ya nuna tana da malaria, idan ba ta samu sauƙi ba bayan wannan, za mu ci gaba da tantance ta domin ba ta maganin da ya dace.",http://speech-app.s3.amazonaws.com/static/audio/uploads/1b320d79-38ff-42ee-9f28-9e9a8dc1f1ba/ef26cfbc04acc67d668b31eecca02330_QIyfuT0g.wav,"While paracetamol and oral hydration are appropriate supportive measures, you must initiate an Artemisinin-based Combination Therapy (ACT) immediately rather than delaying it, as Nigerian guidelines mandate prompt treatment for confirmed malaria in postpartum women. Delaying antimalarials in a weak, symptomatic patient risks progression to severe malaria; therefore, start oral artemether-lumefantrine now since she can tolerate oral fluids. Continue encouraging exclusive breastfeeding, as the newborn's stooling is a normal physiological response, but closely monitor the mother for signs of puerperal sepsis like uterine tenderness or foul-smelling lochia that would require antibiotics. Reassess her clinical status within 24 hours to ensure symptomatic improvement and adherence to the full ACT course. Urgently refer her to a higher-level facility for intravenous artesunate if she develops danger signs such as persistent vomiting, inability to drink, or altered consciousness.",Qwen-3.7-Max,qwen3.7-max
eb172e3a-2aeb-46fa-8b28-b190969e8ff2,hausa,hausa,Bayan na haihu kuma ina ƙoƙarin samun sauki wata rana da yamma na yi tunanin cewa tunda babu ruwa mai kyau a gurinmu idan zan yi wanka koyaushe zan rika amfani da ruwan da ba shi da kyau na ci gaba da tunanin cewa ya kamata na kula da kaina na rinka wanka da kyau bayan haka Da yamma tayi jikina ya canza na fara jin sanyi kuma jikina yana rawa kowace rana ina jin sanyi kuma jikina bai sake yin dadi ba na lura cewa jinin da yake fitowa bayan haihuwa yana da wari yana da wani wari mara kyau da yake fitowa gaba daya warin yayi yawa kuma. Amma hakan bai taba faruwa ba da farko na kasa jurewa abun da na tashi yasa na zo asibiti domin na tambaya ko ruwan da ba shi da kyau da na yi wanka da shi zai iya kawo rashin lafiya bayan haihuwa,"Bayan na haihu kuma ina kokarin samun sauki, wata rana da yamma na yi tunanin cewa tun da babu ruwa mai kyau a gurinmu, idan zan yi wanka, koyaushe zan rika amfani da ruwan da ba shi da kyau, na cigaba da tunanin cewa ya kamata na kula da kaina na rinka wanka da kyau. Bayan haka, da yamma ta yi, jikina ya canza. Na fara jin sanyi, kuma jikina yana rawa kowacce rana. Ina jin sanyi, kuma jikina bai sake yin dadi ba. Na lura cewa jinin da yake fitowa bayan haihuwa yana da wani wari mara kyau da yake fitowa gaba daya. Warin ya yi yawa, kuma hakan bai taba faruwa ba da farko. Na kasa jurewa abun. Da na tashi, shi ya sa na zo asibiti domin na tambaya ko ruwan da ba shi da kyau da na yi wanka da shi zai iya kawo rashin lafiya bayan haihuwa.",http://speech-app.s3.amazonaws.com/static/audio/uploads/e70b9ade-f989-454b-8d31-21b4e0b724f0/f545e6c876b950cc0c87d619e85c68ae_QKOHT2Tr.wav,"Your symptoms of severe chills, shivering, and foul-smelling postpartum bleeding strongly indicate puerperal sepsis, a serious uterine infection, rather than a direct result of bathing your skin with unclean water. While general bathing with contaminated water does not cause this, using such water to wash your genital area can introduce bacteria into the birth canal and cause endometritis. In our community settings, these ascending infections are also frequently linked to unhygienic delivery practices or retained placental fragments. This is a medical emergency requiring immediate clinical evaluation, broad-spectrum antibiotics, and possibly an ultrasound to check for retained tissue. Please allow the healthcare team to treat you promptly to prevent life-threatening complications like systemic sepsis.",Qwen-3.7-Max,qwen3.7-max
2bd5f72d-f555-4526-9a95-74d294fd69d4,hausa,hausa,Ina da shekara 32 a duniya kuma na haihu kwana bakwai da suka wuce. Na lura cewa duk lokacin da nake shayar da jaririna nono yana wahalar tsutsa idan ya tsotsi kadan sai ya cire bakinsa daga nonon idan na sake ƙoƙarin saka masa nonon a baki domin ya ci gaba da tsotsa zai sake tsotsa kaɗan sannan ya sake cire bakinsa. Sai na fara tunanin me yasa jaririn baya shan nono yadda ya kamata daga baya. Na lura cewa yana da mura kuma ba ya numfashi da kyau. Yadda yake numfashi yana kama da mutum mai minshari ko kuma wanda hancinsa ya toshe. Na kira surukata na gaya mata abin da nake lura da shi sai ta ce watakila lokacin da nake haihuwa ruwa ya shiga kan jaririn ko kuma wani abu makamancin haka amma ni sai na yi tunani cewa idan da gaske ruwa ya shiga jikin ko kan jaririn yayin haihuwa. Ai da likitoci da ma'aikatan jinya sun gano hakan tun a asibiti. Abin da ya fi tayar min da hankali shine yadda jaririn ba ya shan nono sosai. Wannan ya matukar damuuna kuma ya hana zuciyata samun kwanciyar hankali ko kadan. Ba ya shan nono yadda ya kamata. Duk lokacin da zan shayar da shi sai na riga tashe shi daga bacci domin ya tsotse kadan kuma ma idan ya yarda. Tambayata ita ce. Menene zai iya haifar wa jaririn wannan mura da matsalar numfashi har numfashinsa yake kamar na wanda hancinsa ya toshe kuma menene zai iya zama dalilin da ya sa ba ya shan nono yadda ya kamata?,"Ina da shekara 32 a duniya, kuma na haihu kwana bakwai da suka wuce. Na lura cewa duk lokacin da nake shayar da jaririna nono, yana wahalar tsotsa. Idan ya tsotsi kaɗan, sai ya cire bakinsa daga nonon. Idan na sake ƙoƙarin saka masa nonon a baki domin ya ci gaba da tsotsa, zai sake tsotsa kaɗan sannan ya sake cire bakinsa.
Sai na fara tunanin me ya sa jaririn ba ya shan nono yadda ya kamata. Daga baya na lura cewa yana da mura, kuma ba ya numfashi da kyau. Yadda yake numfashi yana kama da mutum mai minshari ko kuma wanda hancinsa ya toshe.
Na kira surukata na gaya mata abin da nake lura da shi. Sai ta ce watakila lokacin da nake haihuwa ruwa ya shiga kan jaririn ko kuma wani abu makamancin haka. Amma ni sai na yi tunani cewa idan da gaske ruwa ya shiga jikin ko kan jaririn yayin haihuwa, ai da likitoci da ma'aikatan jinya sun gano hakan tun a asibiti. Abin da ya fi tayar mini da hankali shi ne yadda jaririn ba ya shan nono sosai. Wannan yana matuƙar damuna kuma ya hana zuciyata samun kwanciyar hankali. Ko kaɗan ba ya shan nono yadda ya kamata. Duk lokacin da zan shayar da shi, sai na rika tashe shi daga barci domin ya tsotsi kaɗan, kuma ma idan ya yarda. Tambayata ita ce: Mene ne zai iya haifar wa jariri wannan mura da matsalar numfashi, har numfashinsa yake kamar na wanda hancinsa ya toshe? Kuma mene ne zai iya zama dalilin da ya sa ba ya shan nono yadda ya kamata?",http://speech-app.s3.amazonaws.com/static/audio/uploads/ab4b7c73-2728-459c-a2bd-a7937c1791da/9b04afd96e697d6166f679b6b0ad5e32_dQiN4PSc.wav,"Neonates are obligate nasal breathers, meaning any nasal congestion from an infection or a congenital blockage like choanal atresia forces the baby to frequently detach from the breast to breathe through their mouth. Your doubt about amniotic fluid is medically sound, as aspiration causes immediate, severe respiratory distress at birth rather than delayed symptoms. However, poor feeding and lethargy in a seven-day-old are critical red flags for neonatal sepsis or pneumonia, which are highly prevalent and dangerous in our community settings. You must seek immediate medical evaluation at a local clinic to rule out life-threatening bacterial infections and properly assess the baby's airway. In the meantime, applying a few drops of clean saline or breastmilk into the nostrils and gently clearing the mucus can help relieve the blockage and improve suckling.",Qwen-3.7-Max,qwen3.7-max
fadcfcc9-ad80-4112-83ed-ee47ffb7b5c3,hausa,hausa,Wata mahaifiyar mace da ta haihu kwanan nan ta zo asibiti tace tun bayan da'yarta ta haihu tana fama da zubar jini mai yawa saboda haka jikinta ya yi rauni sosai har ba ta da ƙarfi. Matar da ta haihun tana da shekara 24. Ta kuma ce zubar jinin yana da yawa ƙwarai kuma yana sa ta ji kasala da rauni ba ta iya cin abinci yadda ya kamata kuma ba ta iya yin ayyukanta na yau da kullum. Tambayata ita ce. Menene zai iya sa mace ta ci gaba da zubar jini kwanaki bayan haihuwa? Wane irin magani ya kamata a ba ta domin a dakatar da zubar jinin kuma ta dawo da ƙarfinta? Wace irin shawara za a ba wannan uwa da kuma'yarta?,"Wata mahaifiyar mace da ta haihu kwanan nan ta zo asibiti. Ta ce tun bayan da 'yarta ta haihu, tana fama da zubar jini mai yawa. Saboda haka, jikinta ya yi rauni sosai, har ba ta da ƙarfi. Matar da ta haihun tana da shekara ashirin da huɗu (24). Ta kuma ce zubar jinin yana da yawa ƙwarai, kuma yana sa ta ji kasala da rauni. Ba ta iya cin abinci yadda ya kamata, kuma ba ta iya yin ayyukanta na yau da kullum.
Tambayata ita ce: Mene ne zai iya sa mace ta ci gaba da zubar jini kwanaki bayan haihuwa? Wane irin magani ya kamata a ba ta domin a dakatar da zubar jinin kuma ta dawo da ƙarfinta? Wace irin shawara za a ba wannan uwa da kuma 'yarta?",http://speech-app.s3.amazonaws.com/static/audio/uploads/b0bb889f-c8a5-44a6-a4c8-1991d5fab3f0/f02e2c5939d9bbb579d8df9820721810_7IpkaYY2.wav,"Persistent heavy bleeding days after childbirth, known as secondary postpartum hemorrhage, is typically caused by retained placental tissue, uterine infection, or poor uterine contraction. Immediate management involves stabilizing her with intravenous fluids, administering uterotonics like misoprostol, giving broad-spectrum antibiotics, and performing manual vacuum aspiration if retained tissue is present. To restore her strength and treat severe anemia, she may require a blood transfusion, followed by iron and folic acid supplements alongside locally available iron-rich foods like dark leafy greens. I advise the mother to keep her daughter admitted for close monitoring and to encourage exclusive breastfeeding, which naturally stimulates uterine contractions to reduce bleeding. Both must be counseled on postpartum danger signs and the critical need for family planning to allow her body adequate time to recover before another pregnancy.",Qwen-3.7-Max,qwen3.7-max
20dd6951-2b5a-4d8b-a419-029faa94e020,hausa,hausa,Wata mata take zaune a gidanmu tana da aikin yi tana yin aikinta cikin ƙwazo kuma ba ta da wata matsalar lafiya wata rana tana wanka ta taba nononta sai ta ji wani abu kamar kullutu karami kuma mai tauri a ciki da farko ta yi tsammanin abin ba mai tsanani ba ne amma. Ma ta sake taɓa shi a wata ranar kuma ta fuskanci cewa har yanzu yana nan yayin da lokaci ya ci gaba da tafiya sai ta shiga cikin fargaba sosai ta fara damuwa kan ko wannan matsalar tana girma ne a cikin nononta bai da zafi amma kasancewar kullutun yana da tauri kuma yaƙi. Tafiya ya sanya ta cikin baƙin ciki ta kuma fara tunawa da labarun da ta saba ji game da'yan mata waɗanda suka taɓa yin kullutu a nononsu bayan'yan makonni sai ta yanke shawarar zuwa ta ga likita ta so ta san abin da ya haddasa wannan kullutu da kuma abin da yake buƙatar ta yi domin karin. lafiyarta tambayoyina sune menene ke iya haddasa kullutu mai tauri a nonon mace shin kowane kullutun nono yana nufin wani abu ne da zai iya kaiwa ga ciwon daji wadanne alamomi ne daban ya kamata mata su mayar wa da hankali a kansu game da nononsu .,"Wata mata dake zaune a gidanmu, tana da aikin yi. Tana yin aikinta cikin kwazo kuma ba ta da wata matsalar lafiya.Wata rana, tana wanka, ta taba nononta sai ta ji wani abu kamar kullutu karami kuma mai tauri a ciki.Da farko, ta yi tsammanin abun ba mai tsanani ba ne, amma ta sake taba shi a wata ranar kuma ta fuskanci cewa har yanzu yana nan. Yayin da lokaci ya ci gaba da tafiya, sai ta shiga cikin fargaba sosai. Ta fara damuwa kan ko wannan matsalar tana girma ne a cikin nononta. Bai da zafi, amma kasancewar kullutun yana da tauri kuma ya ki tafiya ya sanya ta cikin bakin ciki. Ta kuma fara tunawa da labaran da ta saba ji game da 'yan mata wadanda suka taba yin kullutu a nononsu.Bayan 'yan makonni, sai ta yanke shawarar zuwa ta ga likita. Ta so ta san abin da ya haddasa wannan kullutu da kuma abin da yake bukatar ta yi domin kare lafiyarta.Tambayoyina su ne: Mene ne ke iya haddasa kullutu mai tauri a nonon mace?Shin kowane kullutun nono yana nufin wani abu ne da zai iya kaiwa ga ciwon daji ?Wadanne alamomi ne daban ya kamata mata su mayar wa da hankali akansu game da nononsu?",http://speech-app.s3.amazonaws.com/static/audio/uploads/d1764665-35ed-4e50-a9b9-99b24acc2b86/4df97c62f8c0d3a83ae17118c960efce_25Fia0A8.wav,"While a hard, painless breast lump can be caused by benign conditions like fibroadenomas or cysts, it can also indicate breast cancer, meaning not every lump is malignant but all require prompt evaluation. In our community hospitals, we utilize the standard triple assessment of clinical breast examination, targeted ultrasound, and tissue biopsy to accurately diagnose the mass. Women must also monitor for other critical warning signs such as nipple retraction, bloody discharge, skin dimpling resembling an orange peel, and swollen armpit lymph nodes. Promoting routine breast self-awareness and early clinical presentation is crucial in our region to ensure timely intervention and improve overall survival outcomes.",Qwen-3.7-Max,qwen3.7-max
6b770929-5e06-4056-9d77-bce99be9eed8,hausa,hausa,Wani mutum mai suna Suba mai shekaru hamsin ya kamu da tari wata rana da farko tarin da sauƙi yake amma yayin da makonni suka wuce suka koma watanni a hankali tarin ya tsananta bayan wani lokaci ya fara samun wahalar yin numfashi yadda ya kamata. Gaskiya ne ya gwada mako. Magunguna da dama lokacin da tarin yake da sauƙi amma babu wanda ya yi aiki maimakon ya gyaru sai tarin ya ci gaba da tsananta daga ƙarshe ya yanke shawarar cewa maimakon ya ci gaba da siyan ƙananan magunguna da kansa kamata ya yi ya je asibiti ya yi magana da likita lokacin da ya isa asibiti. ya bayyana cewa ya shafe kusan watanni 3 yana tari ya kuma bayyana cewa ya gwada magungunan gida da yawa bisa shawarar mutane waɗanda suka haɗa da zuma ruwan zafi namijin goro da magungunan tari da dama da ya siya maimakon samun sauki tarin ya ci gaba. da tsananta ya kai matakin da wani lokacin yake jin kamar ba zai iya yin numfashi yadda ya kamata ba saboda tarin daga nan sai ya tambayi likita ko menene zai iya sa shi yin irin wannan wannan tari mai dorewa har na tsawon lokaci haka ya kuma so ya san dalilin da yasa duk magunguna da jiyan da ya gwada. ba su yi aiki ba daga karshe ya tambayi abin da zai iya yi domin tarin ya ɓace gaba ɗaya yadda zai sake yin numfashi da kyau kuma ya dawo cikin koshin lafiya,"Wani mutum mai suna Suberu, mai shekaru hamsin, ya kamu da tari wata rana. Da farko, tarin da sauki yake, amma yayin da makonni suka wucce suka koma watanni, a hankali tarin ya tsananta. Bayan wani lokaci, ya fara samun wahalar yin numfashi yadda ya kamata. Gaskiya ne ya gwada magunguna da dama lokacin da tarin yake da sauki, amma babu wanda ya yi aiki. Maimakon ya gyaru, sai tarin ya ci gaba da tsananta. Daga karshe ya yanke shawarar cewa maimakon ya ci gaba da siyan kananan magunguna da kansa, kamata ya yi ya je asibiti ya yi magana da likita. Lokacin da ya isa asibiti, ya bayyana cewa ya shafe kusan watanni uku yana tari. Ya kuma bayyana cewa ya gwada magungunan gida da yawa bisa shawarar mutane, wadanda suka hada da zuma, ruwan zafi, namijin goro, da magungunan tari da dama da ya siya. Sai dai maimakon samun sauki, tarin ya ci gaba da tsananta. Ya kai matakin da wani lokacin yake jin kamar ba zai iya yin numfashi yadda ya kamata ba saboda tarin. Daga nan sai ya tambayi likita ko mene ne zai iya sa shi yin irin wannan tari mai dorewa har na tsawon lokaci haka. Ya kuma so ya san dalilin da ya sa duk magunguna da jiyyan da ya gwada ba su yi aiki ba. Daga karshe, ya tambayi abin da zai iya yi domin tarin ya bace gaba daya yadda zai sake yin numfashi da kyau kuma ya dawo cikin koshin lafiya.

",http://speech-app.s3.amazonaws.com/static/audio/uploads/d5223efa-85bb-4eea-8690-91177bfe19b5/12500b9ef92a9fee96c10a99b1bf8513_MSGPWwtu.wav,"A persistent cough lasting three months with progressive shortness of breath in a 50-year-old man strongly suggests chronic conditions like Pulmonary Tuberculosis (TB), Chronic Obstructive Pulmonary Disease (COPD), or lung malignancy, rather than a simple acute infection. Traditional remedies and over-the-counter syrups failed because they merely suppress symptoms temporarily without eradicating the underlying chronic bacterial infection or reversing structural airway pathology. To establish a definitive diagnosis, he urgently requires a chest X-ray and sputum analysis, particularly the GeneXpert MTB/RIF test, which is the current standard of care in Nigeria for rapidly identifying TB. His breathing will normalize and the cough will resolve only after initiating targeted, evidence-based treatments, such as a strictly supervised course of anti-tubercular therapy if TB is confirmed, or specific bronchodilators for COPD. He must abandon unverified self-medication and strictly adhere to the hospital's prescribed management plan to achieve complete recovery and prevent severe respiratory compromise.",Qwen-3.7-Max,qwen3.7-max
97bc1d5d-bf93-424c-ba0b-90afd3000f13,hausa,hausa,Mahaifiyar fe wadda take da yara 3 ita ce auta peju'yar shekara 1 ce mahaifiyar Pej ta lura cewa kwanaki kalilan bayan haihuwa peju ta kamu da rashin lafiyar tari kuma tana ta tari akai-akai ne tace ta kuma lura yana yi mata wahala ta yi numfashi da kyau ta ce. Na ce wannan tari mafi akasari yana tashi ne da yamma lokacin da kowa ya kwanta barci ta ce numfashinta ma yana da wahalar fita da kyau domin wannan tari ba ya barinta ta yi numfashi cike da waje yadda ya kamata. Ta ce ta je wurin masu maganin gargajiya kuma sun ba ta haɗin magungunan gargajiya amma. ma ta lura cewa babu ɗaya daga cikin magungunan gargajiyar da ta yi amfani da su da ya yi aiki ta ce daga nan sai ta yanke shawarar zuwa asibiti domin su gano abin da ya faru da tebe. Shin za a iya warkar da wannan matsala ga wannan yawo? Shin ciwon kirji ne ko asthma da zai iya kasancewa? wa ga yaron wadanne abubuwa ne ya kamata yaron ya kaucewa domin wannan matsala da ke damunta kuma ta kuma take sanya ta tari ta ragu sosai?,"Mahaifiyar Peju wadda take da yara uku, Peju ita ce auta. Peju yar shekara daya ce. Mahaifiyar Peju ta lura cewa, kwanaki kalilan bayan haihuwa, Peju ta kamu da rashin lafiyar tari kuma tana ta tari akai akai ne. Tace ta kuma lura yana yi mata wahala ta yi numfashi da kyau. Tace wannan tari mafi akasari yana tashi ne da yamma, lokacin da kowa ya kwanta barci. Tac3 numfashinta ma yana da wahalar fita da kyau, domin wannan tari ba ya barinta tayi numfashi ciki da waje yadda ya kamata. Tace ta je wurin masu maganin gargajiya kuma sun ba ta hadin magungunan gargajiya, amma ta lura cewa babu daya daga cikin magungunan gargajiyar da ta yi amfani da su da ya yi aiki. Tacr daga nan sai ta yanke shawarar zuwa asibiti domin su gano abin da ya faru da Peju. Shin za a iya warkar da wannan matsala ga wannan yaro? Shin ciwon qirji ne ko asma da zai iya kasancewa ga yaron? Wadanne abubuwa ne ya kamata yaron ya kauce wa domin wannan matsala da ke damunta kuma take sanya ta tari ta ragu sosai?",http://speech-app.s3.amazonaws.com/static/audio/uploads/6b4969ad-7c4a-45a0-b3ae-f36d36a23e00/82e99f6d48c851417d837370580d2334_icrKAivy.wav,"While true asthma is difficult to definitively diagnose in a one-year-old, her symptoms of nocturnal worsening and prolonged expiration strongly suggest reactive airway disease or a chronic respiratory infection, which are highly manageable with inhaled medications rather than definitively curable. This expiratory difficulty indicates lower airway obstruction, a hallmark of wheezing or bronchiolitis, requiring thorough clinical evaluation to rule out other local concerns like tuberculosis or congenital airway anomalies. To significantly reduce her symptoms, she must strictly avoid common environmental triggers prevalent in our communities, particularly indoor air pollution from firewood, kerosene stoves, and burning mosquito coils. Additionally, protecting her from passive cigarette smoke, dusty environments, and sudden cold temperature changes will prevent further bronchospasm and nocturnal airway irritation. I strongly advise discontinuing all unregulated traditional herbal mixtures due to the risk of systemic toxicity, relying instead on a pediatrician's prescription for safe, spacer-assisted inhaled bronchodilators.",Qwen-3.7-Max,qwen3.7-max
bf6ea6d4-6b1a-4dc2-8b50-18dfe02ac2c9,hausa,hausa,Mahaifiyar wani karamin yaro ta damu game da jaririnta mai wata 8 da rana jaririn yana wasa lafiya amma duk dare sai ya fara tari tarin yana tashi jaririn daga barci sannan jaririn ya fara kuka a wani daga cikin wadannan daren mahaifiyar ta lura cewa jaririn yana numfashi da. sauri sosai kuma yana fama da wahalar numfashi mahaifiyar bata iya yin barci saboda tsoro washegari da safe ta lura cewa jaririn baya son shan nono ko yin wasa kamar da sai ta yanke shawarar kai shi wurin likita domin tasan abin da ke haddasa tarin da wahalar numfashin da kuma irin magani ko jinyar. da za a iya yi wa jaririn Tambayata ita ce menene zai iya sa ƙaramin yaro ya yi tari mai tsanani da dare kuma ya sa ya yi wahalar numfashi yadda ya kamata. Shin tarin da wahalar numfashin na iya zama alamun wata cutar huhu wadanne abubuwa ne za a iya yi a gida domin taimaka wa jaririn? Ya ji daɗi kuma ya fi samun kyakkyawan barci da dare.,"Mahaifiyar wani ƙaramin yaro ta  damu game da jaririnta mai wata takwas. Da rana, jaririn yana wasa lafiya, amma duk dare sai ya fara tari. Tarin yana tashe jaririn daga barci, sannan jaririn ya fara kuka. A wani daga cikin waɗannan dararen, mahaifiyar ta lura cewa jaririn yana numfashi da sauri sosai kuma yana fama da wahalar numfashi. Mahaifiyar ba ta iya yin barci saboda tsoro. Washegari da safe, ta lura cewa jaririn ba ya son shan nono ko yin wasa kamar da, sai ta yanke shawarar kai shi wurin likita domin ta san abin da ke haddasa tarin da wahalar numfashin, da kuma irin magani ko jinyar da za a iya yi wa jaririn. Tambayata ita ce: mene ne zai iya sa ƙaramin yaro ya yi tari mai tsanani da dare kuma ya sa ya yi wahalar numfashi yadda ya kamata? Shin tarin da wahalar numfashin na iya zama alamun wata cutar huhu? Waɗanne abubuwa ne za a iya yi a gida domin taimaka wa jaririn ya ji daɗi kuma ya fi samun kyakkyawan barci da dare? ",http://speech-app.s3.amazonaws.com/static/audio/uploads/7097938b-b15f-4fdd-a4db-a798b0ea5a48/c013a07470a8adba941b1551a9530fdb_TKVEJVD6.wav,"The infant's severe nocturnal cough, fast breathing, respiratory distress, and poor feeding are classic WHO Integrated Management of Childhood Illness (IMCI) danger signs highly indicative of a lower respiratory tract infection such as pneumonia or viral bronchiolitis. While home care is supportive, these specific danger signs mandate immediate hospital treatment with oxygen and antibiotics like amoxicillin, as respiratory infections are a leading cause of infant mortality in our region. For supportive home care to improve comfort and sleep, the mother must continue frequent breastfeeding to ensure hydration and use saline nasal drops with a bulb syringe to clear obstructed nasal passages. Additionally, keeping the infant slightly elevated, ensuring adequate room ventilation, and strictly avoiding indoor air pollutants like firewood smoke will significantly reduce airway irritation and ease nighttime breathing.",Qwen-3.7-Max,qwen3.7-max
