Language,gemma4
afrikaans,0.27848101265822783
akan,0.865979381443299
amharic,0.7375
arabic,0.1388888888888889
english,0.4927536231884058
french,0.23157894736842105
hausa,0.5357142857142857
igbo,0.8939393939393939
kinyarwanda,0.6857142857142857
pedi,0.859375
sesotho,0.6153846153846154
shona,0.423728813559322
swahili,0.28169014084507044
tswana,0.6274509803921569
xhosa,0.6481481481481481
yoruba,0.6067415730337079
zulu,0.27450980392156865
