Language,gemma4
afrikaans,0.09685230024213075
akan,0.41252699784017277
amharic,0.35149863760217986
arabic,0.04785894206549118
english,0.3248587570621469
french,0.17647058823529413
hausa,0.241635687732342
igbo,0.2976588628762542
kinyarwanda,0.24364406779661016
pedi,0.40869565217391307
sesotho,0.18072289156626506
shona,0.09583333333333334
swahili,0.12864077669902912
tswana,0.21428571428571427
xhosa,0.226890756302521
yoruba,0.2591743119266055
zulu,0.10457516339869281
