audio_id,language,subset,question,reference,url,model_answer,requested_model,model_id
93c0a5f2-48a1-4ddc-bf90-28d9b97aea1b,english,good_english,a 22 year old lady who gave birth at our hospital three days ago brought a baby today for routine immunizations upon arrival she made it known to us that this newborn baby completely refuses to breathfeed at all to the extent that the baby is excessively floppy and sleepy she stated that the baby does not take the breast and that all the time the baby's hand feet and entire body feel freezing cold so much so that she is even terrified to touch the baby with bare hands and prefers to lift the baby only with layers of clothing she noted that the baby refuses the breast the entire body is called to the touch and the baby has become increasingly lethargic unable to move the hands unable to stretch the legs and completely lacking active movements and reflexes just lying completely still and weak she says it is obvious to the eyes that the baby is exhausted and very unwell what could cost this what do you think could cause this newborn baby's body to be freezing cold to the touch is it solely because of the refusal to breastfeed or what else what can we do about this refusal to breastfeed furthermore regarding the immunization vaccines they are supposed to give the administer what is your professional advice,"​A 22-year-old lady who gave birth at our hospital three days ago brought her baby today for routine immunizations. Upon arrival, she made it known to us that this newborn baby completely refuses to breastfeed at all, to the extent that the baby is excessively floppy and sleepy. She stated that the baby does not take the breast, and that all the time, the baby's hands, feet, and entire body feel freezing cold, so much so that she is even terrified to touch the baby with bare hands and prefers to lift the baby only with layers of clothing. She noted that the baby refuses the breast, the entire body is cold to the touch, and the baby has become increasingly lethargic,unable to move the hands, unable to stretch the legs, and completely lacking active movement or reflexes, just lying completely still and weak. She says it is obvious to the eye that the baby is exhausted and very unwell.
​What could cause this? What do you think could cause this newborn baby's body to be freezing cold to the touch? Is it solely because of the refusal to breastfeed, or what else? What can we do about this refusal to breastfeed? Furthermore, regarding the immunization vaccines they are supposed to administer, what is your professional advice?",http://speech-app.s3.amazonaws.com/static/audio/uploads/3f7dd9e2-3e76-4785-968c-d49821026640/58942583eba546711c59bd5c8be73c85_km1Dy0wh.wav,"This presentation—acute refusal to feed, excessive floppiness and sleepiness, dangerous whole-body coldness, and absent reflexes—is a classic picture of **neonatal sepsis** until proven otherwise. The hypothermia is not simply due to not breastfeeding; it is a sinister sign of systemic infection, often combined with hypoglycemia, that requires immediate medical intervention. **Do not give any immunizations today**; vaccines are only for stable, well newborns and could dangerously stress this critically ill baby. Urgently place the baby in skin-to-skin kangaroo mother care for rewarming, quickly check the blood glucose, and start intravenous antibiotics (such as ampicillin and gentamicin) after drawing blood cultures, following your facility’s neonatal sepsis protocol. This infant needs emergency paediatric care and admission to a neonatal unit immediately.",Deepseek-v4 pro,deepseek-v4-pro
f5841173-3fa3-4104-943b-1116a20e44f2,english,good_english,a mother who has three children peju is the junior child peju's a one-year-old child peju's mother noticed that just a few days after childbirth peju has had a cough illness and has been coughing continuously without stopping at all she said she also noticed that it is difficult for her to breathe well she said this cough appears mostly in the evening when everyone has gone to sleep she said her breath is also difficult to breathe well because this cough does not allow her to breathe in and out properly she said she has been to the harbour lists and has given her about mixtures but she noticed that none of the herbal mixtures she used worked she said she then decided to go to the hospital so they could find out what happened to kwiju can this problem be cured for this child is it a chest disease or asthma that it could be for the child what are the things that the child needs to avoid so that this problem affecting her and causing her to cough can be significantly reduced,"A mother peju who has three children, peju is the junior child. Peju is a one-year-old child. Peju's mother noticed that, just a few days after childbirth, Peju has had a cough illness and has been coughing continuously without stopping at all. She said she also noticed that it is difficult for her to breathe well. She said this cough appears mostly in the evening, when everyone has gone to sleep. She said her breath is also difficult to breathe well, because this cough does not allow her to breathe in and out properly. She said she has been to the herbalists and has given her herbal mixtures, but she noticed that none of the herbal mixtures she used worked. She said she then decided to go to the hospital so they could find out what happened to Peju. Can this problem be cured for this child? Is it a chest disease or asthma that it could be for the child? What are the things that the child needs to avoid so that this problem affecting her and causing her to cough can be significantly reduced?",http://speech-app.s3.amazonaws.com/static/audio/uploads/5ed8e0c7-30e1-442b-aaa0-81777152de9e/2a24b6a777be7016fe4491f1783f310a_bXIVt5TF.wav,"Yes, this condition can often be cured once the exact cause is found through proper hospital evaluation.  
Given the cough started days after birth and worsens at night, it is more suggestive of whooping cough (pertussis), severe gastroesophageal reflux, or a congenital airway issue like tracheomalacia, rather than classic asthma in a one-year-old.  
A chest X-ray, blood tests, and a paediatric review are necessary to pinpoint the specific chest illness and guide treatment.  
To significantly reduce the coughing, avoid exposing the child to smoke (from cooking or cigarettes), dust, strong perfumes, and cold air; also elevate the head of her bed slightly during sleep.  
With targeted therapy—such as antibiotics for pertussis, anti-reflux measures, or inhaled medications—her breathing difficulties can improve markedly.",Deepseek-v4 pro,deepseek-v4-pro
6eb74fc8-7cdc-4d4d-a06b-065c285b47a5,english,good_english,a woman just gave birth to a new-born baby at our hospital this morning her delivery was very easy and she gave birth to the baby smoothly and without complications shortly after the woman gave birth we observed that the pads placed under her quickly became soaked with blood and it was quite a lot a few minutes later the woman used another pad yet it was also filled with blood very quickly before long the woman started feeling weak and the bleeding became so heavy that it did not stop what could be the cause of postpartum hermograde what could cause the bleeding to not stop is it possible that a second baby remains inside this woman is it possible that the woman services a stone is it possible that a heterous is failing to contract to stop the bleeding what could cause the heavy continuous bleeding this woman is experiencing what steps can we take for this woman to stop bleeding what kind of injection or medication can be used for this woman and should we send this woman to a larger hospital or is there another procedure we can perform on this woman to make the bleeding stop,"A woman just gave birth to a newborn baby at our hospital this morning. Her delivery was very easy, and she gave birth to the baby smoothly and without complications.
Shortly after this woman gave birth, we observed that the pad placed under her quickly became soaked with blood, and it was quite a lot. A few minutes later, the woman used another pad, yet it was also filled with blood, very quickly. Before long, the woman started feeling weak, and the bleeding became so heavy that it did not stop.
What could be the cause of postpartum hemorrhage? What could cause the bleeding to not stop? Is it possible that a second baby remains inside this woman? Is it possible that the woman's cervix is torn? Is it possible that her uterus is failing to contract to stop the bleeding? What could cause the heavy, continuous bleeding this woman is experiencing? What steps can we take for this woman to stop the bleeding? What kind of injection or medication can be used for this woman, and should we send this woman to a larger hospital, or is there another procedure we can perform on this woman to make the bleeding stop?",http://speech-app.s3.amazonaws.com/static/audio/uploads/ec461994-3da0-48c5-b5f5-4f5b8a550636/ce2a3f107f1dee8ad57fb91174554434_QJwqdIdL.wav,"The most likely cause is **uterine atony**—the uterus fails to contract properly after delivery, so the open blood vessels at the placental site continue to bleed heavily. A second baby remains inside is far less likely after a smooth delivery, and a “cervical stone” is not a realistic cause; however, a retained piece of placenta can also prevent the uterus from contracting. Immediately, perform firm **uterine fundal massage** (rub the womb through the abdomen until it becomes hard) and give an **injection of oxytocin 10 IU intramuscularly** (or infuse 20 IU in normal saline if IV access is available) to stimulate contraction. If bleeding does not stop, use **bimanual compression** (one hand in the vagina pushing against the womb, the other on the abdomen) and give **misoprostol 800–1000 micrograms rectally** as a backup. Transfer the woman to a larger hospital if these measures fail or if you suspect retained placenta requiring manual removal, but start the uterine massage and oxytocin without delay—this can be lifesaving.",Deepseek-v4 pro,deepseek-v4-pro
5c0d4c54-a56b-4866-aaf3-9a209ad6e81e,english,good_english,doctor a mother living in our house began to notice that her baby was not breathfeeding well whenever she tried to breathfeed the baby the baby would suck for a little while and then stop as if exhausted the mother also noticed that the baby did not have enough strength to breathfeed and would sweat heavily on the head and face not only that the baby's breathing changed it seems as though the baby was breathing upward and downward like someone struggling to breathe as the days went by the mother became increasingly worried she wondered whether it was because the baby was not feeding enough or whether there was a problem related to the baby's breathing and sweating therefore she decided to go to the hospital to see a doctor for an examination of the baby my question is what could cause a baby to have difficulty breastfeeding properly is the way the baby is breathing a sign of any health problem what danger signs should the baby's parents watch out for what could cause a young child to sweat while breastfeeding,"Doctor, a mother living in our house began to notice that her baby was not breastfeeding well. Whenever she tried to breastfeed the baby, the baby would suck for a little while and then stop as if exhausted.
The mother also noticed that the baby did not have enough strength to breastfeed and would sweat heavily on the head and face. Not only that, the baby's breathing changed; it seemed as though the baby was breathing upward and downward, like someone struggling to breathe.
As the days went by, the mother became increasingly worried. She wondered whether it was because the baby was not feeding enough, or whether there was a problem related to the baby's breathing and sweating. Therefore, she decided to go to the hospital to see a doctor for an examination of the baby.
My question is: what could cause a baby to have difficulty breastfeeding properly? Is the way the baby is breathing a sign of any health problem? What danger signs should the baby's parents watch out for? What could cause a young child to sweat while breastfeeding?",http://speech-app.s3.amazonaws.com/static/audio/uploads/c130082b-c98c-4348-8ad5-65a748d7cfdb/1bd18e09502433a260e019b03c7a2a30_DaAjTsHW.wav,"A baby struggling to breastfeed, tiring quickly, and sweating profusely on the head and face is classic for congestive heart failure, often caused by an undiagnosed congenital heart defect such as a large ventricular septal defect. The “upward and downward” breathing you describe (seesaw or paradoxical respirations) signals significant respiratory distress and is a serious warning sign. Parents should urgently watch for danger signs like rapid, grunting breaths, nasal flaring, bluish discoloration of the lips/tongue, inability to feed, or excessive sleepiness. Sweating during feeding happens because nursing is the baby’s greatest exertion, and a failing heart cannot meet the oxygen demand, triggering a surge of stress hormones. Immediate hospital evaluation—including chest X-ray, pulse oximetry, and echocardiography if available—is critical to start diuretics and plan for possible surgical correction.",Deepseek-v4 pro,deepseek-v4-pro
306cb1f0-f47e-4044-9514-da6efdfd53bf,english,good_english,a mother noticed that for the past few days her child had started coughing continuously at first she thought it was a cold affecting the child's chest and that it would go away however the cough did not improve every night the child wakes up suddenly because of the cough sometimes the child struggles as if it is difficult to breathe properly the mother would carry the child upright and could hear the chest walking while the child was breathing this makes it difficult for the child to sleep well at night one day after a night during which the child coughed severely and struggled to breathe properly the mother decided to go to the hospital she wanted to know what was causing the cough what was causing the breathing difficulty and how she could help the child my question is what could cause a child to cough severely and have difficulty breathing especially at night what danger signs should they watch out for when the child is coughing and what things should be avoided in order to prevent or reduced this cough,"A mother noticed that for the past few days, her child had started coughing continuously. At first, she thought it was a cold affecting the child’s chest and that it would go away. However, the cough did not improve. Every night, the child wakes up suddenly because of the cough. Sometimes, the child struggles as if it is difficult to breathe properly. The mother would carry the child upright and could hear the chest working while the child was breathing. This makes it difficult for the child to sleep well at night.
One day, after a night during which the child coughed severely and struggled to breathe properly, the mother decided to go to the hospital. She wanted to know what was causing the cough, what was causing the breathing difficulty, and how she could help the child.
My question is: what could cause a child to cough severely and have difficulty breathing, especially at night? What danger signs should they watch out for when the child is coughing? What things should they avoid in order to prevent or reduce this cough?",http://speech-app.s3.amazonaws.com/static/audio/uploads/b1cdb61a-4286-4f92-a537-c16a5697cd0f/898ef53789bfab4a139623d7f4b3a544_zgq3Luqk.wav,"The child’s nighttime cough with breathing difficulty and an audible chest sound (likely wheezing) is most consistent with asthma or bronchiolitis, where small airways narrow due to inflammation and mucus. Danger signs that require urgent care include fast breathing, chest indrawing (sucking in below the ribs), nasal flaring, grunting, bluish lips or tongue, inability to drink or breastfeed, and abnormal drowsiness. To prevent or reduce episodes, strictly avoid exposing the child to tobacco smoke, indoor cooking smoke, dust, strong perfumes, and cold air. Do not give over‑the‑counter cough syrups or sedatives, as they can suppress breathing. Keep up routine immunizations, especially measles vaccine, and seek early medical review because a child with repeated nighttime symptoms may need an inhaler or further investigation.",Deepseek-v4 pro,deepseek-v4-pro
0429f217-2ba8-4fde-b80b-a3a545934026,english,good_english,i'm 32 years old i just gave birth i just gave birth seven days ago i notice that if i'm breastfeeding the child he struggles to suck the breast if the child sucks a little bit the child will remove his mouth if i try to put the breast in his mouth so he can suck he will suck again a little bit and remove his mouth i now thought that why doesn't the child suck breast well i now noticed that the child has cold he's not breathing out well like a child snoring that's how it sounds i called the attention of my mother-in-law she said maybe while we want to give birth to him maybe water entered his head or other things but i thought if water entered his head the nurses and doctors ought to know if water entered the child's head what now shattered my heart the most was the way he's not feeding well it's giving me concern and my mind is not at rest it does not suck well at all it's by force anytime i want to breastfeed the child i have to wake him to suck a little that's if he agrees to what i want to ask is that what's the cause of the cold that it doesn't breathe well and that anytime it breathes it will look like someone that the nose is blocked and that what is the cause that is not sucking breastwell,"I’m 32 years old , I just gave birth , I just gave birth 7days ago , I noticed that if I’m breast feeding the child , he struggles to suck the breast , if the child suck a little bit , the child will remove his mouth if I try to put the breast in his mouth so he can suck , he will suck again a little bit and remove his mouth , I now thought that why did the child doesn’t suck breast well , I now noticed that the child has cold , his not breathing out well like a child snoring that’s how he sounds, I call the attention of my mother in law , she say maybe while we want to give birth to the child maybe water enters his head or other things but I thought if water enters his head , the nurses and doctors ought to know if water enters the child’s head , what now shattered my heart the most was the way he’s not feeding well , it’s giving me concern and my mind is not at rest , he doesn’t suck well at all , it’s by force any time I want to breastfeed the child , I have to wake him to suck a little that’s if he agrees to , what I want to ask is that what’s the cause of the cold that he doesn’t breathe well and that anytime he breathe it’s would look like someone that the nose is blocked  and that what is the cause that he’s not sucking breast well .",http://speech-app.s3.amazonaws.com/static/audio/uploads/9cc562be-c195-4c12-8c16-130f86eb5fa9/0df772cf4bd08662a32ef9f68b31cd07_Cfyaxdur.wav,"The baby’s difficulty feeding and noisy breathing are almost certainly from nasal congestion—newborns breathe only through their nose, so a blocked nose forces them to keep letting go of the breast to gasp for air, which explains the shallow sucking and “snoring” sound. This congestion is often just normal mucus, dry air, or a mild cold, and is very unlikely to be “water in the head” (a condition doctors would have noticed at birth). Before each feed, put 1–2 drops of normal saline into each nostril and gently suction with a soft rubber bulb; keeping the baby slightly upright can also help. If you see fast breathing, chest pulling in, fever, or complete refusal to feed, take the child to a clinic right away.",Deepseek-v4 pro,deepseek-v4-pro
6c61e24c-8041-4734-b186-b6c30e72d219,english,good_english,this lady gave birth at our place this morning she delivered the baby at dawn when she arrived around 8am the person who was with her at home called us saying this lady was shivering her body was very hot and she had a lot of body tissues which really bothered her we went to see the lady covered her with a clothes and checked her temperature meaning how hot her body was and it was thirty eight point two we performed a malaria test for this lady that is a malaria rapid test diagnosis was done this lady is not well it looks like malaria we asked if she had eaten and she said she hadn't eaten anything we told those who were with her to give her tea to let the lady drink it as she breastfed the baby she said when she wanted to breastfeed the baby she noticed the baby pass to or had a bower movement we then asked the lady to sit up and lean back on the bed she was on to let our body recover better not completely but to help and our eyes were not white or pale so we advised that once she had eaten she should take paracetamol after she had finished taking the paracetamol we decided how many days it will be before we can give it to the lady again she has malaria and we performed a malaria test please we can give it to her again once she has finished eating and we have adviced to take parastal more since she's feeling weak if it doesn't go away we will know what kind of treatments to provide,"This lady gave birth at our place this morning; she delivered the baby at dawn. When she arrived around 8:00 AM, the person who was with her at home called us, saying this lady was shivering, her body was very hot, and she had a lot of body issues which really bothered her. We went to see the lady, covered her with a cloth, and checked her temperature—meaning how hot her body was—and it was 38.2. We performed a malaria test for this lady, that is, a malaria rapid test diagnosis was done. This lady is not well, it looks like malaria. We asked if she had eaten, and she said she hadn't eaten anything. We told those who were with her to give her tea, to let the lady drink it. Has she breastfed the baby? She said when she wanted to breastfeed the baby, she noticed the baby passed stool/had a bowel movement. We then asked the lady to sit up and lean back on the bed she was on, to let her body recover better—not completely, but to help—and her eyes were not white/pale. So, we advised that once she has eaten, she should take Paracetamol. After she has finished taking the Paracetamol, we decided how many days it will be before we can give it to the lady again. She has malaria, and we performed a malaria test. Please, we can give it to her again. Once she has finished eating, and we have advised her to take Paracetamol, since she is feeling weak, if it doesn't go away, we will know what kind of treatment to provide.",http://speech-app.s3.amazonaws.com/static/audio/uploads/8fa1af4f-6289-47e5-a2a1-61d2770e6544/4136145b69518b61de75dd85af63b366_x3QjVBt0.wav,"This new mother’s fever and shivering, together with passing “body tissues” (possibly retained placental fragments), are red flags for puerperal sepsis—a dangerous womb infection—which malaria alone does not explain. While you continue paracetamol 1 g every 6–8 hours (after food, no more than 4 g daily) for the fever, you must examine her uterus for tenderness and check for foul-smelling lochia. Because the malaria rapid test was positive, start an artemisinin-based combination therapy (ACT) according to your national guidelines, but also give broad-spectrum antibiotics (e.g., ampicillin, gentamicin, and metronidazole) immediately to cover sepsis. If she remains weak or passes more tissue, and especially if you cannot obtain intravenous antibiotics or manual removal of retained products, refer her urgently to a facility with surgical backup—every hour counts.",Deepseek-v4 pro,deepseek-v4-pro
e8fa0c97-2352-48e6-93e0-9edf8955cd55,english,good_english,doctor i bought my five years and two months old child who has had this condition for about two months who finds it difficult to breathe at night and also coughs all the time this cough has become persistent i bought a tb cough medicine called to tolling children for him he has finished one bottle but the cough has not gone and it is still difficult for him to breathe at night i did a tb test for him but they told me that he does not have tuberculosis so doctor what could if what could cause a five year old child to have a persistent cough and what could cause a five year old child to have difficulty breathing at night,"Doctor, I brought my 5 years and 2 months old child, who has had this condition for about two months, who finds it difficult to breathe at night and also coughs all the time.
This cough has become persistent.
I bought a TB cough medicine called Tutolin Children for him; he has finished one bottle, but the cough has not gone, and it is still difficult for him to breathe at night.
I did a TB test for him, but they told me that he does not have tuberculosis.
So doctor, what could cause a 5-year-old child to have a persistent cough, and what could cause a 5-year-old child to have difficulty breathing at night?",http://speech-app.s3.amazonaws.com/static/audio/uploads/c4031d06-1f5e-4531-a212-379cf06b9a9d/5d82cb5522c98aec9f901e050018e52d_OSnAt1Vu.wav,"Based on your description, your child's nighttime difficulty breathing and persistent cough for two months, with a negative TB test, strongly suggests **childhood asthma**. Asthma commonly causes a cough that gets worse at night and can make breathing feel tight, while ordinary cough syrups like the one you used will not relieve the airway swelling involved. Other possible causes include a sinus infection with post-nasal drip or acid reflux, but the night-time pattern makes asthma the most likely. Please bring the child to the hospital immediately for a proper lung examination; untreated asthma can become dangerous, and the correct treatment usually involves safe inhaled medications to open the airways.",Deepseek-v4 pro,deepseek-v4-pro
9df719ce-bc9f-44b6-bded-3077ed94da7e,english,good_english,good evening i came because of my younger sibling i noticed that their eyes and skin have a pale yellowish color and this has been going on for about three days now their body is also very hot burning with a fever and they cannot eat they cannot retain anything in fact they are shivering and weakened heavily because their head is throbbing their head is aching and their body is burning hot we have tried using some things at home we gave them but even so there is absolutely no difference in their condition their eyes and skin that have that pale yellowish color it hasn't stopped that yellow color is just increasing day by day and they are not at peace they are not comfortable they are suffering god forbid they are really suffering that is why i came to the hospital so we can know what to do the steps we need to take so that my younger sibling's body their skin and eyes that are turning yellow will stop and they will recover,"Good evening I came because of my younger sibling. I noticed that their eyes and skin have an airy... a pale/yellowish color. And this has been going on for about three days now. Their body is also very hot, burning with a fever, and they cannot eat. They cannot retain anything, they cannot retain anything. In fact, they are shivering/weakened heavily. Because their head is throbbing, their head is aching, and their body is burning hot. We have tried using some things at home, we gave them, but even so, there is absolutely no difference in their condition. Their eyes and skin that have that pale/yellowish color, it hasn't stopped, that yellow color is just increasing day by day, and they are not at peace, they are not comfortable, they are suffering, God forbid, they are really suffering. That is why I came to the hospital so we can know what to do, the steps we need to take, so that my younger sibling's body, their skin and eyes that are turning yellow, will stop, and they will recover.
",http://speech-app.s3.amazonaws.com/static/audio/uploads/a414aded-62b8-4fc4-929d-26b35caeb978/989e6eadd835e1b96f4e8861a07e4c4c_MrBEXoaG.wav,"This presentation of worsening yellow eyes and skin with high fever, severe headache, inability to eat, and extreme weakness is a medical emergency. It strongly suggests severe malaria with jaundice and possible anaemia, or acute haemolysis triggered by certain herbs or medicines, especially if you gave any local concoctions. The child needs immediate admission for urgent blood tests—malaria rapid test, full blood count, liver function, and G6PD screen—and close monitoring. With prompt intravenous fluids, appropriate antimalarials or treatment for the underlying cause, and supportive care, the condition can improve. Please bring the child straight to the emergency unit now.",Deepseek-v4 pro,deepseek-v4-pro
bab7d10c-f1cb-42d6-8ccb-2d86b31e91cb,english,good_english,i sent my son to buy a redo for me in the neighborhood yesterday after about fifteen minutes he suddenly came home crying when i asked what had happened he told me that a dog had beaten him on the leg i asked what kind of dog it was and where it came from but they said they did not know where the dog came from or whether it was a neighborhood dog at that point i applied oil to the place where the dog beat in to neutralize the poison of the dog afterwards i was advised to take him to a maternity clinic in the neighborhood i took him there and he prescribed a tetanous injection for me to buy from a chemist i bought the injection and it was administered to him yesterday i have since taken him home but since yesterday the wound has become swollen and the surrounding area is red i am now worried that the dog may have transmitted rabies to my child i would like to ask whether there is any medicine i can buy for him or whether i should take him to a hospital for further treatment,"I sent my son to buy ewedu for me in the neighborhood yesterday evening. After about fifteen minutes, he suddenly came home crying. When I asked what had happened, they told me that a dog had bitten him on the leg. I asked what kind of dog it was and where it came from, but they said they did not know where the dog came from or whether it was a neighborhood dog. At that point, I applied oil to the place where the dog bit him to neutralise the poison of the dog. Afterwards, I was advised to take him to a maternity clinic in the neighborhood. I took him there, and they prescribed a tetanus injection for me to buy from a chemist. I bought the injection, and it was administered to him yesterday. I have since taken him home, but since yesterday, the wound has become swollen and the surrounding area is red. I am now worried that the dog may have transmitted rabies to my child. I would like to ask whether there is any medicine I can buy for him or whether I should take him to a hospital for further treatment.",http://speech-app.s3.amazonaws.com/static/audio/uploads/0c668338-7a3f-4708-9e25-983322c59c7f/02054e13bbc52ecf3f2ee3a25fe6fa7f_RwuF8H6b.wav,"Applying oil does not neutralize rabies or treat infection. The swelling and redness signal a bacterial infection needing antibiotics, and the unknown dog puts your child at high risk for rabies, which is almost always fatal once symptoms appear. The tetanus injection was helpful but does not protect against rabies. You must take him immediately to a general hospital with a rabies vaccination service—ideally today—for proper wound cleaning, a full course of rabies vaccine, and possibly rabies immunoglobulin depending on the bite severity. Do not try to buy medicines from a chemist; this requires urgent, professional assessment and treatment.",Deepseek-v4 pro,deepseek-v4-pro
f0faac29-3025-4671-8a8d-adc9918b703d,english,good_english,a woman brought a three-year-old child who came to the hospital for a check-up this morning the explanation given was that when people talk to the child it doesn't react it doesn't respond it doesn't look at the person talking to him and when they call his name it doesn't even react as if he heard anything at all in the question we asked the woman has the child ever had any seizure his mother said he has never had any seizure at all we also asked as the child received all his immunization vaccines the ones he should have received according to what his mother brought the medical card we used for verification showed that it is true the child received immunization vaccines and in it we saw that the child has received all his immunization vaccines completely my next question is regarding this kind of situation with a child who has no seizure and who has received all the immunization vaccines completely what kind of thing could cause such situation in such a child,"A woman brought her three-year-old child who came to the hospital for a check-up this morning. The explanation given was that when people talk to the child, he doesn't react—he doesn't respond, he doesn't look at the person talking to him, and when they call his name, he doesn't even react as if he heard anything at all.
In the question we asked the woman, 'Has the child ever had any seizures?' His mother said he has never had any seizures at all. We also asked, 'Has the child received all his immunization vaccines, the ones he should have received according to what his mother brought?' The medical card we used for verification showed that it is true the child received immunization vaccines, and in it, we saw that the child had received all his immunization vaccines completely.
My next question is: 'Regarding this kind of situation with a child who has no seizures, and who has received all their immunization vaccines completely, what kind of thing could cause such a situation in such a child?",http://speech-app.s3.amazonaws.com/static/audio/uploads/5e370cc9-fefb-462b-8d77-fe746ab674b0/7bc67ffc7e85895eb1ea0bbe4e09a55c_1SCGFhJg.wav,"The child’s unresponsiveness to speech and name-calling at age three suggests either a significant hearing impairment or a neurodevelopmental disorder like autism spectrum disorder, both of which can occur without seizures and despite complete immunization. Congenital hearing loss, a common cause, may result from non-vaccine-preventable maternal infections (e.g., cytomegalovirus) during pregnancy or genetic factors, so a thorough ear exam and formal hearing test (otoacoustic emissions or brainstem auditory evoked response) are the critical first steps. If hearing is normal, the child should be screened for autism using a locally validated tool such as the M-CHAT-R, as early social communication deficits without intellectual disability are typical. In many African community hospitals, referral to a developmental clinic and a speech therapist can be initiated while ruling out chronic middle ear fluid with simple otoscopy. Early identification and intervention substantially improve outcomes for both deafness and autism.",Deepseek-v4 pro,deepseek-v4-pro
50c16e3d-71d8-414c-8d48-c9988857d975,english,good_english,my name is titi lola since yesterday my child's body has been burning shaving intensely the child cannot turn their neck at all it seems as if the child's neck can no longer be turned the child can only open one eye what could be causing the fever and the inability to turn my child's neck what kind of examination can i perform so that i can know what is causing the fever and the inability to turn the child's neck what kind of results could appear within the child's body that could cause the fever and the inability to turn the child's neck,"My name is Titilola. Since yesterday, my child's body has been burning, shivering intensely. The child cannot turn their neck at all. It seems as if the child's neck can no longer be turned. The child can only open one eye. What could be causing the fever and the inability to turn my child's neck? What kind of examination can I perform so that I can know what is causing the fever and the inability to turn the child's neck? What kind of result could appear? Within the child's body that could cause the fever and the inability to turn the child's neck.",http://speech-app.s3.amazonaws.com/static/audio/uploads/c3e9cfc0-8637-4954-b423-c0be9a71f715/4f0b4abb672b26ebb40fa965cf69dd5c_2TyJiCgO.wav,"The combination of high fever, intense shivering, a completely stiff neck, and an inability to open one eye suggests a serious infection like bacterial meningitis, possibly with a cranial nerve palsy causing ptosis (drooping eyelid). You must take the child to a hospital immediately, as this is an emergency. A doctor will examine for neck rigidity, Kernig’s and Brudzinski’s signs, and check the eye and nervous system. The key diagnostic test is a lumbar puncture to obtain cerebrospinal fluid; blood cultures and a complete blood count will also be done. Results pointing to meningitis would show cloudy fluid, high white blood cells, low glucose, and bacteria on gram stain or culture.",Deepseek-v4 pro,deepseek-v4-pro
8a461b5c-55b1-4551-a9b6-d919b99190a3,english,good_english,a woman notices that her husband coughs very strongly when they wake up in the morning wash still on the bed the cough starts suddenly and takes a long time before it stops as time goes on she also notices that her husband struggles to breathe properly when he walks a little distance or climbs stairs he stops to catch his breath and becomes tired very quickly one day after her husband spent a long time coughing and trying to regain his breath the wife became worried she started thinking that maybe there is a disease causing all these problems the next day she spoke with her husband to go to the hospital so that they can see a doctor and know exactly what is happening the question is what can cause a cough to be this severe with constant tiredness and difficulty breathing all the time when the cough occurs can this problem be related only to lung disease or heart disease what are the things that can cause death or make a person struggle to breathe severely to the point that the person needs urgent medical attention what are the danger signs of breathing problems that the family should watch out for regarding cough and difficulty breeding,"A woman noticed that her husband coughs very strongly when they wake up in the morning while still on the bed. The cough starts suddenly and takes a long time before it stops. As time goes on, she also notices that her husband struggles to breathe properly. When he walks a little distance or climbs stairs, he stops to catch his breath and becomes tired very quickly.
One day, after her husband spent a long time coughing and trying to regain his breath, the wife became worried. She started thinking that maybe there is a disease causing all these problems. The next day, she spoke with her husband to go to the hospital so that they can see a doctor and know exactly what is happening.
The question is what can cause a cough to be this severe, with constant tiredness and difficulty breathing all the time when the cough occurs? Can this problem be related only to lung disease or heart disease? What are the things that can cause death or make a person struggle to breathe severely, to the point that the person needs urgent medical attention?
What are the danger signs of breathing problems that the family should watch out for regarding cough and difficulty in breathing?",http://speech-app.s3.amazonaws.com/static/audio/uploads/115ce5dc-c95e-40c5-9a67-f2e55fcb5c91/498edb062e99b3a5e70e46971f7e146f_gEK5baX4.wav,"The severe morning cough with progressive breathlessness on mild exertion and fatigue suggests chronic lung disease (such as COPD from tobacco or biomass smoke) or heart failure, often overlapping. The problem can originate from lung disease, heart disease, or a combination of both, as heart failure causes pulmonary congestion that mimics lung pathology. Life-threatening causes of sudden severe breathing difficulty include acute heart failure, pneumonia, pneumothorax, pulmonary embolism, or a severe asthma/COPD attack, all of which demand urgent medical attention. Danger signs that require immediate hospital care include inability to speak in full sentences, gasping, bluish lips or fingernails (cyanosis), confusion or drowsiness, and visible use of neck and chest muscles to breathe. A sudden, sharp chest pain with breathlessness or coughing up blood also signals an emergency.",Deepseek-v4 pro,deepseek-v4-pro
b59970de-0e5f-4001-a5db-60b6c592f38f,english,good_english,after i gave birth and i was trying to recover one evening i thought that since we did not have a clean water in our area if i wanted to bath i would always use water that is not clean all the time i kept thinking that i should take care of myself and be within properly then when it became one evening my body was no longer well i started feeling cold and my body began to shiver every day i was feeling cold but my body was no well again i noticed that the blood that was coming out after childbirth had a smell coming from there that was no good at all the smell was much and this had not happened before i could not take my eyes away from it as i got up that was when i was coming to the hospital to ask whether the clean water that i used to be could cause any illness after that,"After I gave birth and I was trying to recover, one evening I thought that since we did not have clean water in our area, if I wanted to bathe, I would always use water that is not clean all the time, I kept thinking that I should take care of myself and be bathing properly.
Then, when it became one evening, my body was no longer well. I started feeling cold, and my body began to shiver every day. I was feeling cold, but my body was not well again. I noticed that the blood that was coming out after childbirth had a smell coming from there that was not good at all. The smell was much, and this had not happened before.
I could not take my eyes away from it. As I got up, that was when I was coming to the hospital to ask whether the clean water that I used to bathe could cause any illness after childbirth ",http://speech-app.s3.amazonaws.com/static/audio/uploads/0a245b8d-44fc-4b40-8f1c-d466598db6ba/f321e04e965b28fc20d0d6919adb9013_MGTAvaTQ.wav,"Using unclean water for bathing after childbirth very likely introduced harmful bacteria into your healing birth canal, causing a serious womb infection (puerperal sepsis or endometritis). The foul-smelling vaginal discharge, body chills, and shivering are classic signs of an infection that has likely spread, requiring urgent medical attention. This is a common yet dangerous complication in settings with limited clean water, as bacteria from unhygienic water can easily ascend during the postpartum period. You must be seen immediately at the hospital for intravenous antibiotics and proper wound care to prevent sepsis. Please do not delay.",Deepseek-v4 pro,deepseek-v4-pro
21679a41-d1e8-4f9c-975c-0c254def6509,english,good_english,a mother living in our neighborhood was pregnant with her second child at the beginning of the pregnancy everything was going normally and she was happy that a new baby was coming however a few months ago she began to experience severe lower abdominal pain one day the pain became so intense that she could hardly stand up properly shortly afterward she also started having heavy vaginal bleeding the bleeding was more than usual and it made her very weak when she saw the bleeding she became frightened that our unborn baby might be in danger her husband quickly assisted her to go to the hospital my question is what can cause severe lower abdominal pain during pregnancy is heavy bleeding during pregnancy a danger sign for the mother or the unborn baby what are the signs that indicate the pregnancy may be in trouble is there any medication that can stop the pain and bleeding without harming the unborn baby,"A mother living in our neighborhood was pregnant with her second child. At the beginning of the pregnancy, everything was going normally, and she was happy that a new baby was coming. However, a few months ago, she began to experience severe lower abdominal pain. One day, the pain became so intense that she could hardly stand up properly. Shortly afterward, she also started having heavy vaginal bleeding. The bleeding was more than usual, and it made her very weak. When she saw the bleeding, she became frightened that her unborn baby might be in danger. Her husband quickly assisted her to go to the hospital.
My question is: what can cause severe lower abdominal pain during pregnancy? Is heavy bleeding during pregnancy a danger sign for the mother or the unborn baby?
What are the signs that indicate the pregnancy may be in trouble? Is there any medication that can stop the pain and bleeding without harming the unborn baby?",http://speech-app.s3.amazonaws.com/static/audio/uploads/8ff85dc9-143a-4778-a2ca-3f17a8fbadb7/ff848d5eb12665a7f7c6dfaacd9d3513_1DtYP1Ih.wav,"Severe lower abdominal pain with heavy vaginal bleeding in pregnancy is a danger sign, most commonly caused by miscarriage, a ruptured ectopic pregnancy, or placental abruption (after 20 weeks). Heavy bleeding threatens both the mother (hemorrhagic shock, anemia) and the unborn baby (fetal distress or death from oxygen deprivation). Warning signs include severe persistent pain, soaking a pad in less than an hour, passage of clots or tissue, dizziness, fainting, or sudden decrease in fetal movements. No home medication can safely stop such bleeding or pain without risking harm to the baby or masking a life-threatening emergency. Immediate hospital transfer is critical so doctors can provide intravenous fluids, blood transfusion, and definitive treatment (e.g., surgical evacuation or emergency cesarean) based on the cause.",Deepseek-v4 pro,deepseek-v4-pro
48eb67dd-3ea9-4e95-9aeb-6f739d5c047b,english,good_english,my name is mrs akinlayer for about the past two months i have noticed that my husband's breeding has not been normal at all he also sneezes repeatedly especially whenever he is in a dusty environment or in a place where something is being fried it sneezes repeatedly and finds it difficult to breed properly its breeding becomes laboured and it tends to sneeze whenever it is in places with smoke or dust is there any taste that can be carried out to determine exactly what is causing these symptoms could stay in industry places be the cause or is his body system changing in a way that is making this happen what type of medication can he use so that his breeding will become normal and comfortable at all times wherever he may be,"My name is Mrs. Akinleye. For about the past two months, I have noticed that my husband's breathing has not been normal at all. He also sneezes repeatedly, especially whenever he is in a dusty environment or in a place where something is being fried. He sneezes repeatedly and finds it difficult to breathe properly.

His breathing becomes laboured, and he tends to sneeze whenever he is in places with smoke or dust.

Is there any test that can be carried out to determine exactly what is causing these symptoms? Could staying in dusty places be the cause, or is his body's system changing in a way that is making this happen? What type of medication can he use so that his breathing will become normal and comfortable at all times, wherever he may be?",http://speech-app.s3.amazonaws.com/static/audio/uploads/5c2b47ff-934e-40c4-b5b5-432f28b0e0d2/d4efc0e2708246ed472102cdf3811037_ASnp9s1f.wav,"Your husband’s symptoms—repeated sneezing, laboured breathing triggered by dust, smoke, and frying fumes—strongly suggest allergic rhinitis, possibly with underlying asthma. A “test” to identify the exact trigger can be done: skin prick testing or a blood test (specific IgE) for common allergens like dust mites, mould, or cockroach droppings; if breathing difficulty persists, spirometry (lung function test) should be performed. Industrial environments and places with strong fumes can either cause work-related asthma or worsen pre-existing allergies. His body isn’t “changing” in a harmful way, but adult-onset allergies are common and often unmasked by constant exposure to irritants. Treatment to make his breathing comfortable includes daily use of a steroid nasal spray (e.g., fluticasone) and a non-drowsy antihistamine (e.g., loratadine or cetirizine); if chest tightness or wheezing occurs, a salbutamol inhaler (as needed) should be added, along with wearing a well-fitted N95 mask to reduce trigger exposure.",Deepseek-v4 pro,deepseek-v4-pro
fec14073-dfa2-476e-809c-c07bd3e953eb,english,good_english,a 30-year-old woman gave death a few minutes ago the delivery was said to be normal however since the baby was born the baby has been having serious difficulty the baby is not crying well and is not responding as a newborn shield after birth the baby did not cry properly and seems to have difficulty waking up the body seems stiff or not moving properly as expected the baby also cannot feed well and is struggling to breastfeed the mother is worried because our previous children used to cry immediately after birth what can cause this problem what tests can be done on the baby and what emergency steps should be taken what can be done for this newborn baby,"A 30-year-old woman gave birth a few minutes ago. The delivery was said to be normal. However, since the baby was born, the baby has been having serious difficulty. The baby is not crying well and is not responding as a newborn should.
After birth, the baby did not cry properly, and seems to have difficulty waking up. The body seems stiff or not moving properly as expected. The baby also cannot feed well and is struggling to breastfeed.
The mother is worried because her previous children used to cry immediately after birth. What can cause this problem? What tests can be done on the baby, and what emergency steps should be taken? What can be done for this newborn baby?",http://speech-app.s3.amazonaws.com/static/audio/uploads/0b17fba7-ce86-4ca5-9f6d-40a14644ac29/10db19e060883487669c8310e238e9ea_I5fQFaCA.wav,"This presentation strongly suggests neonatal encephalopathy, most often from birth asphyxia, but also consider sepsis, hypoglycemia, or congenital anomalies.  
Immediate bedside checks must include blood glucose, temperature, and oxygen saturation; if available, send a blood gas, full blood count, CRP, blood culture, and request a cranial ultrasound.  
Emergency steps: dry, warm, and stimulate the baby, clear the airway, provide bag-mask ventilation for inadequate breathing, and if blood glucose is low (<2.6 mmol/L), give intravenous 10% dextrose.  
If the baby remains stiff, has abnormal movements, or is unresponsive, treat suspected seizures with phenobarbital (if accessible) and start empiric antibiotics (ampicillin plus gentamicin) for possible infection.  
Ongoing care requires a warm incubator or radiant warmer, nasogastric tube feeding with expressed breastmilk, continuous monitoring, and early referral to a neonatal intensive care unit if the condition does not rapidly improve.",Deepseek-v4 pro,deepseek-v4-pro
efd55ffe-21e5-4cfd-8737-d8de46f267c1,english,good_english,alavokun said she has been having blood vision together with weakness and that edic has not allowed her to be comfortable for about two weeks she has not been able to sleep well at night both her legs hands and face have been swollen she has been trying her best she was advised to take some things but she did not notice any improvement she was reassured that she would get better she was examined and there was no obvious respiratory distress all the important things that i needed to be accessed were checked and there was nothing else significant she was able to climb a staircase without difficulty our blood pressure was checked and it was found to be 16800 she was asked to rest and after some time with us our blood pressure was checked again and it was 1590 it was noted that she was pregnant therefore treatment for high blood pressure that is suitable for pregnant women was started since it is considered safe in pregnancy she was also educated on all the things she should avoid doing especially avoiding excessive stress that could cause our blood pressure to rise further my question is after all the things that have been done for this kind of pregnant women for pregnant women who have persistent edites and facial swelling what other measures can be used to manage such a pregnant woman without causing a condition to progress into convulsions considering that she is pregnant also what are the things a pregnant woman can do to prevent getting to this stage before she presents in such a condition,"Alabukun said that she has been having blurred vision, together with weakness, and that headache has not allowed her to be comfortable. For about two weeks, she has not been able to sleep well at night. Both her legs, hands, and face have been swollen. She has been trying her best. She was advised to take some things, but she did not notice any improvement. She was reassured that she would get better.
She was examined, and there was no obvious respiratory distress. All the important things that needed to be assessed were checked, and there was nothing else significant. She was able to climb a staircase without difficulty. Her blood pressure was checked, and it was found to be 168/100. She was asked to rest, and after some time with us, her blood pressure was checked again, and it was 150/90.
It was noted that she was pregnant. Therefore, treatment for high blood pressure that is suitable for pregnant women was started, since it is considered safe in pregnancy. She was also educated on all the things she should avoid doing, especially avoiding excessive stress that could cause her blood pressure to rise further.
My question is: after all the things that have been done for this kind of pregnant woman, for pregnant women who have persistent headaches and facial swelling, what other measures can be used to manage such a pregnant woman without causing her condition to progress to convulsions, considering that she is pregnant? Also, what are the things a pregnant woman can do to prevent getting to this stage before she presents in such a condition?",http://speech-app.s3.amazonaws.com/static/audio/uploads/59452b8e-516e-41a4-a28f-4b6cc37951d8/b3156f4a14e626a26753b83129142199_56uvoAs7.wav,"Administer magnesium sulfate as seizure prophylaxis urgently, as visual symptoms and severe hypertension indicate high risk for eclampsia; continue a pregnancy-safe antihypertensive (e.g., labetalol or methyldopa) to target BP <160/110 mmHg. Restrict intravenous fluids and avoid excessive oral salt/fluid to prevent worsening edema or pulmonary overload, encouraging a left lateral rest position. Plan timely delivery after stabilization, as delivery is the definitive cure, and refer to a higher facility if gestational age is preterm and neonatal care is needed. To prevent preeclampsia, women should attend early and regular antenatal care, take low-dose aspirin (75–150 mg daily) from 12 weeks if at high risk, and ensure adequate calcium intake (at least 1 g/day), which are evidence-based interventions suitable in our setting.",Deepseek-v4 pro,deepseek-v4-pro
b52c20f6-9612-47cf-af15-432a9f2fe181,english,good_english,one of my senior siblings just gave breath to a girl few days ago she noticed that anytime she breathfeed she have difficulty in breathing sometime the child stopped sucking suddenly like the child is lifeless one day the mother see that when she breathfeed the child at midnight she noticed that the child's lips is already changing little by little she was so disappointed and confused she tried carrying the child up so that the child to breathe well but the child have difficulty in breathing her was also afraid when he saw the child having difficulty breathing and the lips changing they quickly carried the child to the hospital for medical attention what can the lips of a newborn child change color and its difficulty breathing when a child is shocking a dangerous sign and its heart disease or liver disease cause a child difficulty in breathing what are other dangerous signs and symptoms that parents can be cautious of and what are the emergency treatment that can be given to a child that have difficulty in breathing,"One of my senior siblings just gave birth to a girl few days ago , she noticed that anytime she breast feed she have difficulty in breathing , sometime the child stops sucking suddenly like the child is lifeless , one day the mother see that when she breastfeed the child at midnight she noticed that the child lips is already changing little by little she was so disappointed and confused, she tried  carrying  the child up so that the child to breathe well but the child have difficulty in breathing , her was also afraid when he saw the child having difficulty breathing and the lips changing , they quickly carried the child to the hospital for medical attention , what can the lips of a newborn child change color and is difficulty breathing when a child is sucking a   dangerous sign and is heart disease or liver disease cause a child difficulty in breathing , what are other dangerous signs and symptoms that parent can be cautious of , and what are the emergency treatment that can be given to a child that have difficulty in breathing.",http://speech-app.s3.amazonaws.com/static/audio/uploads/5d00cd62-5c2a-47e0-ba42-88ff267e91de/8db13b3408269957a9a598446ea232bb_yDwQHmnr.wav,"The lips turning blue (cyanosis) during feeding, along with sudden lifeless spells, is a critical danger sign in a newborn, most commonly pointing to a serious underlying **congenital heart defect** (like Tetralogy of Fallot) that reduces oxygen in the blood, especially when the baby suckles and demands more oxygen. Liver disease rarely causes this directly, but severe heart disease is a common cause of such cyanotic feeding episodes. Other dangerous symptoms every parent must watch for include fast or difficult breathing with nasal flaring, chest in-drawing, grunting, excessive sleepiness, and poor suck. In an emergency before reaching the hospital, place the baby in a **knee-chest position** (as if squatting) to help improve circulation, keep the airway clear, and do not force-feed during an episode; then rush to a facility with newborn care immediately for oxygen and definitive management.",Deepseek-v4 pro,deepseek-v4-pro
27ce4e55-f624-41bb-b682-93b6327818fe,english,good_english,a pregnant woman came to the hospital this evening and explained that her husband often shouts at her and frequently beats her she said that this has caused her to become very fearful many times whenever she hears that her husband is coming home or when she is about to go home she becomes afraid because she worries that he may beat her or verbally abuse her she also noticed that her heart often raises or pounds she went to have her blood pressure checked and she was told that her blood pressure was elevated she said that she sought help from her parents and explained the situation to them as a result her parents gave her a traditional arbour remedy into brackets agbo but there was no improvement after she used it she wants to know what can she do so that she will no longer be overwhelmed by fear whenever she is going home or hears that her husband is coming what can she use or do to help restore a peace of mind calmness and emotional wellbeing,"A pregnant woman came to the hospital this evening and explained that her husband often shouts at her and frequently beats her. She said that this has caused her to become very fearful.
Many times, whenever she hears that her husband is coming home or when she is about to go home, she becomes afraid because she worries that he may beat her or verbally abuse her.
She also noticed that her heart often races or pounds. She went to have her blood pressure checked, and she was told that her blood pressure was elevated.
She said that she sought help from her parents and explained the situation to them. As a result, her parents gave her a traditional herbal remedy (""agbo""), but there was no improvement after she used it.
She wants to know:
What can she do so that she will no longer be overwhelmed by fear whenever she is going home or hears that her husband is coming?
What can she use or do to help restore her peace of mind, calmness, and emotional well-being?",http://speech-app.s3.amazonaws.com/static/audio/uploads/407249ff-42df-4b7b-bc18-59c6db93cdfc/22315e6de3ea823f350c794823894174_6hrBhbjm.wav,"Your feelings of fear are a normal response to the violence you are facing; no traditional remedy can heal this because the root problem is your husband’s abusive behaviour, not a disease inside you. The most urgent step to restore your peace of mind is to ensure your immediate safety—please consider staying with your parents or another trusted relative right now to remove yourself from danger. At the hospital, we need to regularly monitor your elevated blood pressure, as ongoing stress from abuse can worsen hypertension in pregnancy and put both you and your baby at risk. I recommend you speak with our hospital social worker or counsellor, who can confidentially connect you with shelters, support groups, and legal resources to help you plan a safer future. You do not have to endure this alone, and with proper support and a safe environment, your calmness and emotional wellbeing can return.",Deepseek-v4 pro,deepseek-v4-pro
f5ecca7b-748e-405e-af96-af65897c4b34,english,good_english,adeolu is a 10-year-old child whose mother was my sister however for a few days now i have noticed that this child sits alone ever since his mother died he does not want to play with anyone and he does not want to talk to anyone he has also started refusing to eat and it looks like he is thinking too much and his heart broken this frightened me and so i decided to take him to the hospital for help when i got to the hospital i asked the doctor could this child's condition be due to the grief of his mother's death and what can i do to help at home or does this child need to speak to a mental health professional or what can i do to make him eat or play with his peers and does he need any medication to help,"Adeolu is a ten-year-old child whose mother was my sister. However, for a few days now, I have noticed that this child sits alone ever since his mother died; he does not want to play with anyone, and he does not want to talk to anyone. He has also started refusing to eat, and it looks like he is thinking too much and is heartbroken. This frightened me, so I decided to take him to the hospital for help. When I got to the hospital, I asked the doctor, 'Could this child's condition be due to the grief of his mother's death?' And, 'What can I do to help at home, or does this child need to speak to a mental health professional, or what can I do to make him eat or play with his peers, and does he need any medication to help?",http://speech-app.s3.amazonaws.com/static/audio/uploads/ba655e5d-ada2-4098-8402-397c37ca029f/11b16a076b2a7efc5941a36f7d3993af_c1h2ndoX.wav,"Yes, his withdrawal, sadness and poor appetite are almost certainly a grief reaction to his mother’s death—this is how children often show a broken heart. At home, give him quiet, loving presence without pressure; offer small portions of his favourite foods at regular times but do not force him to eat, and let him come to play when he is ready. If he continues refusing food, loses weight, or remains completely isolated for more than two to four weeks, he should see a mental health professional (a child psychologist or psychiatrist) for talk therapy. Medication like antidepressants is not routine for grief alone and would only be considered by a specialist if he develops severe depression with danger to himself. With steady emotional support and time, most children gradually reconnect, but professional counselling can give him a safe space to express his pain.",Deepseek-v4 pro,deepseek-v4-pro
96a0e9e9-d88f-4848-ae24-cc4ba1b44f5d,english,good_english,i noticed that my younger sister who used to laugh happily before and who used to play with our friends has changed completely now she stays alone in our room every day she has withdrawn our self from conversations and she is no longer interested in the things she used to enjoy before i also noticed that even at all she does not want to eat with us she appears to be unhappy or like someone who is tired all the time what could be causing her to suddenly avoid our friends could it be a problem such as sadness emotional distress or anxiety how can we help her so that she can become happy again what warning science should we watch out for should she see a counselor or a mental health professional,"I noticed that my younger sister, who used to laugh happily before and who used to play with her friends, has changed suddenly.
Now, she stays alone in her room every day. She has withdrawn herself from conversations, and she is no longer interested in the things she used to enjoy before.
I also noticed that even at home, she does not want to eat with us. She appears to be unhappy or like someone who is tired all the time.
What could be causing her to suddenly avoid her friends?
Could it be a problem such as sadness, emotional distress, or anxiety?
How can we help her so that she can become happy again?
What warning signs should we watch out for?
Should she see a counsellor or a mental health professional?",http://speech-app.s3.amazonaws.com/static/audio/uploads/4b72b95b-c78b-436b-9bc6-ebc305b2ea42/492adea00775f598650872f16371614a_LaaE6NQi.wav,"Your sister’s sudden withdrawal, loss of interest in activities she once enjoyed, poor appetite, and constant tiredness strongly suggest a major depressive episode, which can be triggered by emotional distress, anxiety, or underlying stressors. Approach her with gentle, non-judgmental support—calmly express that you’ve noticed she’s not herself and you’re there to listen, which opens a door for her to share what might be troubling her. Critical warning signs to watch for include talking about death, harming herself, giving away belongings, or refusing all food—these require urgent attention. Yes, she should see a mental health professional; start by visiting a family doctor at a local primary health centre to rule out physical mimics like anaemia or thyroid issues, and request a referral to a counsellor or psychiatrist. With early, culturally sensitive support (including psychological therapy, and if needed, medication), most young people regain their well-being.",Deepseek-v4 pro,deepseek-v4-pro
63953d69-eaa8-43f3-b906-7c31b65ec81c,english,good_english,a woman was brought to the hospital this morning because she was bleeding heavily and this had caused her a great deal of distress she was asked whether this had happened to her before and she replied that it had happened about twice previously during which she usually experienced pain and the bleeding would occur intermittently she was then asked whether she might be having a miscarriage but she said she did not know whether she was pregnant or whether she had become pregnant she was asked when she last had a mestrual period and she replied that it had not been very long as she had a last mestrual period about one and a half months ago before the bleeding started again this morning please what could cause a woman to bleed this heavily what emergency steps can be taken what treatment can be given to this woman to save her life and stop the bleeding what medicines or injections that help stop bleeding can be given to her first and what investigations can be carried out to determine the curse of such severe bleeding,"A woman was brought to the hospital this morning because she was bleeding heavily, and this had caused her a great deal of distress. She was asked whether this had happened to her before, and she replied that it had happened about twice previously, during which she usually experienced pain and the bleeding would occur intermittently. She was then asked whether she might be having a miscarriage, but she said she did not know whether she was pregnant or whether she had become pregnant. She was asked when she last had her menstrual period, and she replied that it had not been very long, as she had her last menstrual period about one and a half months ago before this bleeding started again this morning. Please, what could cause a woman to bleed this heavily? What emergency steps can be taken? What treatments can be given to this woman to save her life and stop the bleeding? What medicines or injections that help stop bleeding can be given to her first? And what investigations can be carried out to determine the cause of such severe bleeding?",http://speech-app.s3.amazonaws.com/static/audio/uploads/7b4e5923-c2e2-4179-a79f-0b45facd1a80/cdfadce328194fef123430ad5753be3d_PBWh9ZCs.wav,"This heavy bleeding most likely stems from an incomplete miscarriage (given the 6‑week amenorrhoea and previous painful episodes) but could also be an ectopic pregnancy or a bleeding fibroid. First, quickly assess her airway, breathing and circulation, secure two large‑bore IV lines, and start rapid crystalloid infusion while giving **oxytocin 10 IU IM** and **tranexamic acid 1 g IV** as immediate medical haemostatics. Definitive life‑saving treatment is urgent uterine evacuation (manual vacuum aspiration or sharp curettage) to remove retained products and stop the bleeding, alongside blood transfusion if she is in shock. Send urgently a **urine pregnancy test**, a bedside pelvic ultrasound, a full blood count and a blood group/cross‑match, and perform a gentle speculum examination to identify the source of bleeding. Continue monitoring her vital signs and uterine tone, and if ectopic pregnancy is confirmed, prepare for emergency laparotomy.",Deepseek-v4 pro,deepseek-v4-pro
95743119-c813-4c38-a346-686838409ec0,english,good_english,a woman who lives in our house she's employed she does her work diligently and has no health issues one day while she was bathing she felt her breast and noticed something like a small hard love inside it initially she thought it was nothing serious but she felt it again on another day and realized it was still there as time went on she became very anxious she began to worry about whether this issue was developing within her breast it wasn't painful but the fact that the lump was hard and wouldn't go made her sad she also started remembering stories she used to hear about girls who had lumps in their breasts after a few weeks she decided to go see a doctor she wanted to know what caused the lump and what she needed to do to safeguard her health my questions are what can cause a heart lump in a woman's breast does every breast lump mean something that could lead to cancer what other symptoms should women look out for regarding their breasts,"A woman who lives in our house, she is employed. She does her work diligently and has no health issues.
One day, while she was bathing, she felt her breast and noticed something like a small, hard lump inside it.
Initially, she thought it was nothing serious, but she felt it again on another day and realized it was still there. As time went on, she became very anxious. She began to worry about whether this issue was developing within her breast. It wasn't painful, but the fact that the lump was hard and wouldn't go away made her sad. She also started remembering stories she used to hear about girls who had lumps in their breasts.
After a few weeks, she decided to go see a doctor. She wanted to know what caused the lump and what she needed to do to safeguard her health.
My questions are: What can cause a hard lump in a woman's breast?
Does every breast lump mean something that could lead to cancer?
What other symptoms should women look out for regarding their breasts?

",http://speech-app.s3.amazonaws.com/static/audio/uploads/06473ccd-4fdc-4cd5-89cc-70e5cd9d3262/b8bed3fe34877c2aa244cf1dabae69e5_sGUaCrxc.wav,"A hard lump in a woman's breast is most often caused by a benign fibroadenoma, a cyst, or dense fibrocystic tissue; less commonly it can be a cancerous growth. No, not every breast lump means cancer—over 80% of lumps are non-cancerous—but a painless, hard lump that persists must be evaluated by a doctor to rule out malignancy. Other warning symptoms to watch for include spontaneous nipple discharge (especially if bloody or watery), any new dimpling, puckering or retraction of the skin or nipple, persistent redness or scaling, and a painless swelling in the armpit. Any such change warrants a prompt clinical breast exam, often followed by an ultrasound (and mammogram if available), as early detection greatly improves outcomes. Please, do not let fear delay care; even if a lump is cancerous, early-stage disease is highly treatable with modern therapies.",Deepseek-v4 pro,deepseek-v4-pro
ead86e77-8bbd-4283-beb5-7e90aa5aaa34,english,good_english,as a brave woman holding a child seeing that the child is feverish the child suddenly starts shaking the child is having convulsions and is no longer in control what kind of illness is affecting this nothing mother's child and what kind of care can be given to this child,"As a brave woman holding her child, seeing that the child is feverish, the child suddenly starts shaking. The child is having convulsions and is no longer in control. What kind of illness is affecting this nursing mother's child? And what kind of care can be given to this child?",http://speech-app.s3.amazonaws.com/static/audio/uploads/10c5424d-144a-4dd1-9f97-9990459542df/49c2ff7bdbe60c848869dc64fb8ad7b4_G1CWQFwx.wav,"This child is likely experiencing febrile convulsions (fever-induced seizures), commonly seen in children under 5 years, often triggered by infections like malaria, respiratory, or ear infections.

Immediate care: lay the child on their side on a safe surface, clear the mouth of any objects, and do not restrain or put anything in the mouth. After the seizure stops (usually within minutes), give paracetamol syrup and tepid sponge to reduce the fever. Then urgently take the child to the nearest health facility for proper diagnosis and treatment of the underlying cause, such as a malaria test and antimalarials if positive.",Deepseek-v4 pro,deepseek-v4-pro
ec4b4ec7-75ef-41ca-ba6f-fc5c6c69d144,english,good_english,a woman had a baby a child about five months ago she explained regarding the child that there was nothing wrong at the time she gave birth as the baby was feeding vigorously as expected suddenly she noticed that the child would cry out in pain in their arms and legs it also reached the point where the child would call for help to get up to crawl or to move so as to reach their mother please what can this woman do for the child to relieve the pain in the arms and legs and to ensure they don't delay their developmental milestones therefore the mother wants to come to the hospital with the child to see a doctor and to find out what can be done to help the child's body recover and be in a healthy state,"A woman had a baby—a child—about five months ago. She explained regarding the child that there was nothing wrong at the time she gave birth, as the baby was feeding vigorously as expected. Suddenly, she noticed that the child would cry out in pain in their arms and legs. It also reached the point where the child would call for help to get up, to crawl, or to move, so as to reach their mother. Please, what can this woman do for the child to relieve the pain in the arms and legs, and to ensure they don't delay their developmental milestones? Therefore, the mother wants to come to the hospital with the child to see a doctor to find out what can be done to help the child's body recover and be in a healthy state",http://speech-app.s3.amazonaws.com/static/audio/uploads/cb7d0ab6-f969-40eb-9258-ad4b55bd80ae/06d192550816689893b8150456523768_pBOqs4ud.wav,"This sounds like a classic presentation of infantile scurvy (severe vitamin C deficiency) or rickets (vitamin D deficiency), both common when exclusive breastfeeding mothers have poor nutritional intake, leading to bone pain and pseudoparalysis—the child cries and refuses to move due to deep bone tenderness. Immediately, she can give **paracetamol syrup at 10–15 mg/kg per dose** every 6 hours as needed for pain relief, and always handle the baby very gently, supporting the limbs without pulling or forcing movement. The most critical step is to **bring the child to the hospital without delay** for a doctor’s evaluation, which will include a dietary history, physical examination, and likely wrist/knee X-rays to confirm the diagnosis. Once confirmed, treatment with high-dose vitamin C or D supplements and nutritional counseling for the mother leads to dramatic pain relief within days and prevents developmental delays. Early hospital care will restore the baby’s health and get milestones back on track, so please encourage that visit as a priority.",Deepseek-v4 pro,deepseek-v4-pro
cc2b8337-3bf5-44ef-8aac-fdb155b6d16e,english,good_english,i brought my nine-year-old child to the hospital this afternoon i sent the child on an errand to buy something for me in town but a dog beat the child when they brought the child home and explained what happened i examined the wound where the dog beats the child and i noticed that the wound is red and already swollen we made inquiries in the neighborhood to find out about the dog that beats the child and the dog's owner said that they have never given the dog any vaccines they mentioned that it just goes out plays and comes back inside they said they have never given the dog any medical treatment whatsoever this is why i became frightened and rushed the child to the hospital so that it wouldn't turn out that the dog that beat the child is a rabid dog what could possibly happen to a child who has been beaten by a dog what could happen to a wound that is red and sullen is it possible for an infection like rabies to enter this wound is it possible for something terrible to happen to the child as a result of this dog bite please what can i do to prevent an infection from entering this wound what vaccines and medications can be used to treat this child to ensure they receive proper care what else can we do or what medical tests can we run to care for this wound where the dog beat the child,"I brought my nine-year-old child to the hospital this afternoon. I sent the child on an errand to buy something for me in town, but a dog bit the child. When they brought the child home and explained what happened, I examined the wound where the dog bit the child, and I noticed that the wound is red and already swollen. We made inquiries in the neighborhood to find out about the dog that bit the child, and the dog's owner said that they have never given the dog any vaccines. They mentioned that it just goes out, plays, and comes back inside. They said they have never given the dog any medical treatment whatsoever. This is why I became frightened and rushed the child to the hospital, so that it wouldn't turn out that the dog that bit the child is a rabid dog. What could possibly happen to a child who has been bitten by a dog? What could happen to a wound that is red and swollen? Is it possible for an infection like rabies to enter this wound? Is it possible for something terrible to happen to the child as a result of this dog bite? Please...
What can I do to prevent an infection from entering this wound? What vaccines and what medications can be used to treat this child to ensure they receive proper care? What else can we do, or what medical tests can we run to care for the wound where the dog bit this child?

",http://speech-app.s3.amazonaws.com/static/audio/uploads/9ae3c190-338a-4c52-9a24-f0cb128863bf/c7d407bd5dafed3ab467861e9dd0713c_BVDlhm1N.wav,"A dog bite from an unvaccinated dog risks rabies—a fatal virus—and the redness/swelling already signals a bacterial infection. Wash the wound immediately with soap and running water for 15 minutes, then apply antiseptic; do not suture it. Start rabies post-exposure prophylaxis right away: human rabies vaccine (days 0, 3, 7, 14, 28) plus rabies immunoglobulin infiltrated into the wound. Give a tetanus booster and an antibiotic like amoxicillin-clavulanate to prevent secondary infection. Observe the dog for 10 days if possible, but never delay vaccination—there’s no early test for rabies in the child.",Deepseek-v4 pro,deepseek-v4-pro
193bc635-2a7a-48d4-a2a1-d80de70d3f1b,english,good_english,we saw one of our pregnant women early this morning along with her husband she said that she has severe pain in her abdomen and her back is also aching even though it is not yet up to her delivery date we asked this lady how many months pregnant she is and she said it is a pregnancy of six months and a few days we then also asked this lady whether she is experiencing that pain right now or if it comes and goes and she said she is experiencing that pain right now then we asked this lady whether she saw water or saw blood and she said that she saw water and blood we then also asked this lady which number of child which number of pregnancy is the pregnancy that is inside her and she said it is her first pregnancy our question for our doctor is could this sign point to signs of labor or a sign that the pregnancy is damaged miscarriage or another sign can we tell this lady to go and do an internal photo examination which we call a scan to know what is happening,"​We saw one of our pregnant women early this morning along with her husband, she said that she has severe pain in her abdomen and her back is also aching, even though it is not yet up to her delivery date. We asked this lady how many months pregnant she is, and she said it is a pregnancy of six months and a few days. We then also asked this lady whether she is experiencing that pain right now or if it comes and goes, and she said she is experiencing that pain right now. Then we asked this lady whether she saw water or saw blood, and she said that she saw water and blood. We then also asked this lady which number of child, which number of pregnancy is the pregnancy that is inside her, and she said it is her first pregnancy. Our question for our doctor is,could this sign point to signs of labor, or a sign that the pregnancy is damaged (miscarriage), or another sign? Can we tell this lady to go and do an internal photo examination which we call a scan to know what is happening?",http://speech-app.s3.amazonaws.com/static/audio/uploads/0d76b810-cd58-4c7b-bbaa-14e1db431104/2bd4ee05cdcf559317294ce081a41a2e_cWWA0Fbu.wav,"This strongly suggests threatened preterm labour or a late miscarriage, likely due to preterm premature rupture of membranes (the “water”) with possible placental abruption or placenta praevia causing the bleeding. Constant severe pain and leaking fluid at 6 months is an obstetric emergency. Yes, an urgent ultrasound scan (internal photo examination) is essential to check fetal viability, placental location, and amniotic fluid levels. Do not perform any digital vaginal examination before the scan to avoid provoking severe haemorrhage if placenta praevia is present. Refer her immediately to a well-equipped hospital with comprehensive emergency obstetric care.",Deepseek-v4 pro,deepseek-v4-pro
022c11b7-cca9-4275-af59-e4e8ee59e43f,english,good_english,a newborn baby that has just been delivered in our hospital about 20 minutes ago was found to appear sleepy the baby did not cry well since being delivered when we checked its respiration it was fine but the baby was asleep all through we also checked the temperature and it was normal here is my question what could cause a newborn baby to appear as if it is sleeping and not cry properly since its birth also what kind of treatment would be effective for such baby and when the mother gets home what could she administer to the child and what she should not and what kind of food should the mother eat to ensure that both the mother and baby will be healthy,"A newborn baby that has just been delivered in our hospital about twenty minutes ago, was found to appear sleepy. The baby did not cry well since being delivered. When we checked it's respiration,  it was fine but the baby was asleep althrough, we also checked the temperature, and it was normal. Here is my question, what could cause a new born baby to appear as if it is sleeping? And not cry properly since it's birth? Also, what kind of treatment will be effective for such baby? And, when the mother gets home, what could she administer to the child and what she should not, and what kind of food should the mother eat to ensure that both the mother and baby will be healthy?",http://speech-app.s3.amazonaws.com/static/audio/uploads/6f8d8a92-3139-406c-aa58-7761f86019a8/98e6b71ce1791edd23c66d1f3ed10ccf_s31zSAVp.wav,"The baby's excessive sleepiness and weak cry immediately after birth suggest possible **birth asphyxia** (often from prolonged labour), **low blood sugar** (hypoglycaemia, common with delayed feeding), or early-onset **neonatal sepsis**. Urgent treatment involves gentle stimulation, checking the blood glucose with a glucometer (if available), and giving 2–3 mL of breastmilk or expressed colostrum if the sugar is low, while keeping the baby warm and monitoring breathing closely. At home, the mother must **exclusively breastfeed on demand**, maintain skin-to-skin contact, and **never** give water, agbo (herbal concoctions), or glucose water, as these can cause infection, hypoglycaemia, or jaundice. She should eat a balanced Nigerian diet—including **protein-rich foods** (fish, eggs, beans), dark leafy vegetables (ugu, spinach), and energy-giving staples like pap enriched with crayfish or milk—to support her own recovery and good breastmilk. Any worsening lethargy, refusal to suck, or fever warrants immediate return to the hospital.",Deepseek-v4 pro,deepseek-v4-pro
9b17d5b6-b900-457d-bf64-b48f71723994,english,good_english,the mother of a woman who had recently given birth came to the hospital she said that since her daughter gave birth she has been bleeding heavily as a result she no longer has strength in her body the woman who gave birth is twenty four years old she also said that the bleeding is excessive and is making her feel weak the mother is unable to eat properly and is unable to do anything my question is call on what could cause a woman to continue bleeding after giving birth a few days ago what treatment should be given to the mother to stop the bleeding and help her regain her strength what advice can be given to this mother and hadossa,"The mother of a woman who had recently given birth came to the hospital. She said that since her daughter gave birth, she has been bleeding heavily. As a result, she no longer has strength in her body. The woman who gave birth is twenty-four years old. She also said that the bleeding is excessive and is making her feel weak. The mother is unable to eat properly and is unable to do anything.
My question is: what could cause a woman to continue bleeding after giving birth a few days ago? What treatment should be given to the mother to stop the bleeding and help her regain her strength? What advice can be given to this mother and her daughter?",http://speech-app.s3.amazonaws.com/static/audio/uploads/ef216169-deb8-4f4a-ad6e-51f3eed25b86/20f9a0e70e4ff96e3b35484219eb5979_WMSb66ES.wav,"**Cause:**  
Bleeding days after delivery (secondary postpartum haemorrhage) is most often due to retained pieces of placenta or membranes within the womb, or an infection of the womb lining (endometritis).

**Treatment to stop bleeding:**  
The mother needs immediate hospital care—uterotonic drugs like oxytocin, misoprostol, or ergometrine are given to contract the uterus, broad‑spectrum antibiotics started, and an ultrasound scan done to check for retained tissue; if present, evacuation of the womb (manual vacuum aspiration) is required.

**Regaining strength:**  
Iron tablets (ferrous sulphate plus folic acid) and a high‑protein diet with dark leafy vegetables are essential; if she is very pale, weak, and her blood level (haemoglobin) is very low, a blood transfusion is given. Bed rest and avoiding heavy work will help her recover.

**Advice to the grandmother and her daughter:**  
The new mother must complete all prescribed medications, attend follow‑up appointments, and watch for danger signs like fever, foul‑smelling discharge, or worsening bleeding. The grandmother should take over housework and cooking so her daughter can rest, eat regularly, and breastfeed calmly. Both should understand that heavy bleeding after birth is an emergency and return to the hospital immediately if it recurs.",Deepseek-v4 pro,deepseek-v4-pro
47a7b745-bfa9-466f-99b2-9e9b789272f4,english,good_english,a mother of a young child became worried about her eight month old baby during the daytime the baby plays well but every night the baby starts coughing the cough wakes the baby from sleep and the baby cries afterwards on one of those nights the mother noticed that the baby was breathing very fast and seemed to be struggling to breathe the mother could not sleep because of fear the following morning she noticed that the baby did not want to breathfeed or play as before so she decided to take the baby to see a doctor because she wanted to know what was causing the cough and the breathing difficulty and to know what medicine or treatment could be used for the baby my question is what could cause a young child to cough severely at night and also make it difficult for the child to breathe properly could the cough and the struggle to breathe properly be signs of a lung disease what are the things that can be done at home and to help the baby become more comfortable and sleep better at night,"A mother of a young child became worried about her eight-month-old baby. During the daytime, the baby plays well, but every night the baby starts coughing. The cough wakes the baby from sleep, and the baby cries afterwards.
On one of those nights, the mother noticed that the baby was breathing very fast and seemed to be struggling to breathe. The mother could not sleep because of fear. The following morning, she noticed that the baby did not want to breastfeed or play as before, so she decided to take the baby to see a doctor because she wanted to know what was causing the cough and the breathing difficulty and to know what medicine or treatment could be used for the baby.
My question is: what could cause a young child to cough severely at night and also make it difficult for the child to breathe properly? Could the cough and the struggle to breathe properly be signs of a lung disease? What are the things that can be done at home to help the baby become more comfortable and sleep better at night?",http://speech-app.s3.amazonaws.com/static/audio/uploads/5d17fda2-a578-46e0-bfc6-5ee2baed3026/b4f40da326990dd52eec1b1d2d945b52_IIsse8wd.wav,"Your baby’s nighttime cough and breathing difficulty are highly suggestive of a lower respiratory infection such as bronchiolitis (often viral) or pneumonia, which are lung diseases common at this age. The fast breathing, struggling to breathe, and refusal to feed are **danger signs** that mean the baby needs immediate medical evaluation and likely treatment with oxygen, nebulisation, or antibiotics if bacterial. At home, while arranging urgent transport to a clinic, you can help by sitting the baby upright on your lap to ease breathing, using a cool-mist humidifier or sitting briefly in a steamy bathroom to loosen mucus, and gently clearing a blocked nose with saline drops. Keep the baby away from smoke, dust, or strong cooking odours, and continue offering breastmilk in small, frequent attempts if she can swallow without distress. Do not rely on home remedies for these severe symptoms—prompt medical care is essential because babies can worsen quickly.",Deepseek-v4 pro,deepseek-v4-pro
9806e5a1-7655-448c-9000-15916169fef4,english,good_english,this woman gave birth at our hospital here about six months ago she came to our hospital with her husband where she gave birth to her child the six month old girl that they have brought in the mother explained further that it has been about 13 to 14 days since she noticed that this child started coughing the mother also mentioned that she had been treating this child for qatar earlier before the cough started she said the cough has become more severe since yesterday the cough became very severe although it had initially started about three days ago she said that whenever the sheepbreast feeds the child she also gives her the liquid medicine that is in the bottle the one sold for coughs which she had been administering and the child has been taking she then said that since yesterday the cough has become so severe that the child is finding it very very very difficult to breathe which has really worried me it is as if her breathing is fluctuating going up and down every few seconds they were frightened which is why they brought her to the hospital now the question is can we give this mother something to help with the child at home given that her breathing is fluctuating with that cough should we prescribe cough medicine for her or should we have the child examined before prescribing any medicine or giving her an injection,"This woman gave birth at our hospital here about Six months ago.  she came to our hospital with her husband, where she gave birth to her child, the six-month-old girl that they have brought in.
The mother explained further that it has been about thirteen to fourteen days since she noticed that this child started coughing.
The mother also mentioned that she had been treating this child for catarrh earlier, before the cough started.
She said the cough has become more severe since yesterday. The cough became very severe, although it had initially started about three days ago.
She said that whenever she breastfeeds the child, she also gives her the liquid medicine that is in the bottle—the one sold for coughs—which she has been administering and the child has been taking.
She then said that since yesterday, the cough has become so severe that the child is finding it very, very, very difficult to breathe, which has really worried me.
It is as if her breathing is fluctuating—going up and down every few seconds.
They were frightened, which is why they brought her to the hospital.
Now, the question is: can we give this mother something to help the child at home, given that her breathing is fluctuating with that cough? Should we prescribe cough medicine for her, or should we have the child examined before prescribing any medicine or giving her an injection?""",http://speech-app.s3.amazonaws.com/static/audio/uploads/84f9c2bd-9d51-4fbd-94d5-95f1c5eb2452/2a606c3bfe2efbce01d59a35c15cd933_QVMBFWqM.wav,"You must have the child examined immediately; do not prescribe any cough medicine or injection without a full assessment. The fluctuating breathing suggests severe respiratory distress, which can indicate pneumonia, bronchiolitis, or pertussis, all needing urgent, supervised care—not home treatment. Cough syrups are generally unsafe and ineffective in infants under 2 years, especially with labored breathing, and can mask deterioration. This child likely requires oxygen, nebulization, and possibly antibiotics, which cannot be decided without a proper examination. Please bring her into the hospital now for emergency evaluation.",Deepseek-v4 pro,deepseek-v4-pro
f5faec3a-6a26-47aa-9f68-bc1acf97d3d0,english,good_english,a grandmother noticed that a child that she has been with after she gave birth about three days ago the bleeding following childbirth was heavier than normal she also noticed that she was turning pale her hands feet face and hairs were pale she was shivering and warm however in the last three days she noticed that all her feet and hands became cold and she was completely exhausted and unable to do anything this is why she brought her to the hospital so that the doctor could examine her body she asked directly if it was possible that the doctor did not clean our wound properly which is causing the heavy bleeding she also specifically requested that the doctor prescribed injections or medications to help stop this bleeding so that she can regain a strength and they can care for a child,"A grandmother noticed that her child, that she has been with after she gave birth, about three days ago, the bleeding following childbirth was heavier than normal. She also noticed that she was turning pale; her hands, feet, face, and ears were pale. She was shivering and warm. However, in the last three days, she noticed that all her feet and hands became cold, and she was completely exhausted and unable to do anything. This is why she brought her to the hospital so that the doctor could examine her body. She asked directly if it was possible that the doctor did not clean her womb properly, which is causing the heavy bleeding. She also specifically requested that the doctor prescribe injections or medication to help stop this bleeding, so that she can regain her strength and they can care for her child.",http://speech-app.s3.amazonaws.com/static/audio/uploads/9d4233da-54eb-4f33-9a6d-6b6a001f6e27/a30c84b9fddccfdfccd23b2977478a0d_DGrD89l3.wav,"It sounds like your daughter is suffering from a serious postpartum haemorrhage, likely due to retained placental fragments or an infection in the womb, not because the doctor's cleaning was inadequate. Her pallor, shivering, and cold extremities indicate she has become severely anaemic and is going into shock from blood loss. We will urgently examine her, give injections of medicine to contract the uterus and stop the bleeding (such as oxytocin or misoprostol), start intravenous fluids, and arrange a blood transfusion if needed. If the bleeding is from retained tissue, a gentle evacuation procedure will be necessary to properly clean the womb. Rest assured, we will treat her aggressively so she can regain strength and care for her baby.",Deepseek-v4 pro,deepseek-v4-pro
aa0adeff-d420-4e58-9449-77ff24ef1ce2,english,good_english,my husband is 40 years old and i suddenly notice that for about the past three weeks he has been drinking water excessively the more water he drinks the more frequently he urinates in fact at nights he may wake up as many as 10 times before morning just to urinate he has also complained of feeling tired all the time he has gained a little weight as well sometimes his vision becomes blurry and he says it does not see clearly when he gets up to move around i have noticed that he passes urine in large amounts and very frequently what could be costing this frequent urination and excessive thirst why does he seem to drink so much water and then urinate so often could these symptoms be signs of diabetes or could they indicate something else what type of medical tests should he undergo to determine exactly what is happening why is he constantly tired what causes the frequent urination could eyeblood pressure cause these symptoms or could they be due to dehydration or another condition what kinds of foods and drinks should he avoid and what should he be encouraged to consume what steps should he take to help these symptoms improve does he need to visit a healthcare facility for testing or is testing unnecessary how often should diabetes screening or blood sugar testing be done regularly or only occasionally what medical conditions could be responsible for all these symptoms occurring in his body,"My husband is forty years old, and I suddenly noticed that for about the past three weeks he has been drinking water excessively. The more water he drinks, the more frequently he urinates. In fact, at night, he may wake up as many as ten times before morning just to urinate. He has also complained of feeling tired all the time. He has gained a little weight as well. Sometimes his vision becomes blurry, and he says he does not see clearly when he gets up to move around. I have noticed that he passes urine in large amounts and very frequently. What could be causing this frequent urination and excessive thirst? Why does he seem to drink so much water and then urinate so often? Could these symptoms be signs of diabetes, or could they indicate something else? What type of medical tests should he undergo to determine exactly what is happening? Why is he constantly tired? What causes the frequent urination? Could high blood pressure cause these symptoms, or could they be due to dehydration or another condition? What kinds of foods and drinks should he avoid, and what should he be encouraged to consume? What steps should he take to help these symptoms improve? Does he need to visit a healthcare facility for testing, or is testing unnecessary? How often should diabetes screening or blood sugar testing be done, regularly or only occasionally? What medical conditions could be responsible for all these symptoms occurring in his body? ",http://speech-app.s3.amazonaws.com/static/audio/uploads/0c65d440-a66f-4b8e-97dc-27fb7ff0a604/9a17c6acf8343be46a0babb25123008c_YpjQxS6C.wav,"Your husband's symptoms—excessive thirst, frequent large-volume urination (especially at night), fatigue, weight gain, and blurry vision—are classic signs of diabetes mellitus, most likely type 2 given his age and weight gain. The high blood sugar forces his kidneys to excrete excess glucose into urine, dragging water along (osmotic diuresis), causing dehydration, thirst, and profound tiredness. He urgently needs to visit a healthcare facility for testing: a fasting blood glucose, HbA1c, and urine dipstick will confirm the diagnosis. Meanwhile, he should avoid sugary drinks, refined starches, and fruit juices, opting instead for water, unprocessed foods, and vegetables; do not restrict water as his thirst is protective. These symptoms are not typical of high blood pressure alone, and delaying testing risks dangerous complications like ketoacidosis or hyperosmolar state, so screening now is crucial, not just routine.",Deepseek-v4 pro,deepseek-v4-pro
54beaf85-2de7-49fb-914e-b98f5bb98156,english,good_english,i took my pregnant friend who is 18 years old to the hospital because she had gone into labor and her time had come when we arrived at the hospital and they had carried out all the necessary assessments at blood pressure was high after they had completed all that needed to be done she continued in labor she remained in labor for about 12 hours her husband was nearby and the doctors advised that she should give consent for a ciceron section because she had been in labor for a long time my friend refused she said no not at all i want to give bet naturally like the abril women she eventually delivered the baby after 12 hours of labor she gave birth to a healthy-looking baby girl and we thanked god however what was surprising was that the baby was not breathing properly they stimulated the baby repeatedly patting and rubbing her she cried but her breathing was still not normal they quickly gave her oxygen doctor please will this baby survive and if she survives will she no become a disabled child,"I took my pregnant friend, who is eighteen years old, to the hospital because she had gone into labour and her time had come. When we arrived at the hospital and they had carried out all the necessary assessments, her blood pressure was high.
After they had completed all that needed to be done, she continued in labour. She remained in labour for about twelve hours. Her husband was nearby, and the doctors advised that she should give consent for a Caesarean section because she had been in labour for a long time.
My friend refused. She said, “No, not at all. I want to give birth naturally like the Hebrew women.”
She eventually delivered the baby. After twelve hours of labour, she gave birth to a healthy-looking baby girl, and we thanked God. However, what was surprising was that the baby was not breathing properly. They stimulated the baby repeatedly, patting and rubbing her. She cried, but her breathing was still not normal. They quickly gave her oxygen.
Doctor, please, will this baby survive? And if she survives, will she no become a disabled child?",http://speech-app.s3.amazonaws.com/static/audio/uploads/3b283b5f-8706-47d9-a94b-8974ced29a87/457b25ec97c9a2d837e4892406a58f82_OTpe1vnH.wav,"The baby likely experienced birth asphyxia from prolonged labor and maternal hypertension, which can reduce oxygen delivery to the brain. The breathing difficulty after birth indicates respiratory distress, but the fact that she cried and is receiving oxygen is a good sign. With continued oxygen therapy, warmth, and close monitoring in the hospital nursery, many newborns in our setting survive and go on to develop normally. However, there is a risk of brain injury leading to disability like cerebral palsy or developmental delays, depending on how severe and how long the oxygen deprivation was. Encourage the mother to keep the baby under medical observation and to attend all routine postnatal and developmental check-ups, as early detection and simple stimulation exercises can greatly improve long-term outcomes.",Deepseek-v4 pro,deepseek-v4-pro
52b3f296-e02f-459c-a891-f4da8cea399e,english,good_english,a caregiver who is taking care of a small child noticed that the child she is caring for is struggling to breathe and the child's breathing is not normal she also noticed that the child coughs repeatedly and the cough is very severe the child is not a baby that was abandoned at birth nor a child that is usually bathed with cold water what then can cause a small child to be breathing with difficulty and coughing repeatedly and why would breathing not be easy for the child as it should be what can be done about this situation,"A caregiver who is taking care of a small child noticed that the child she is caring for is struggling to breathe, and the child's breathing is not normal.
She also noticed that the child coughs repeatedly, and the cough is very severe.
The child is not a baby that was abandoned at birth, nor a child that is usually bathed with cold water.
What then can cause a small child to be breathing with difficulty and coughing repeatedly, and why would breathing not be easy for the child as it should be? What can be done about this situation?",http://speech-app.s3.amazonaws.com/static/audio/uploads/0d35a930-c290-4945-9a50-6623349f947e/0bc428189924e16f32df2a39efb85695_ScNqKjvd.wav,"The most likely cause is a severe chest infection such as pneumonia or bronchiolitis, which are common in our setting and not related to cold baths. The child struggles to breathe because the infection causes swelling and mucus in the small airways, reducing air entry and oxygen exchange. This is a medical emergency—take the child immediately to the nearest health facility where they can assess for danger signs like chest indrawing and give oxygen if needed. Treatment often includes antibiotics and supportive care, and early presentation saves lives. While arranging transport, keep the child calm in an upright position to help ease the breathing effort.",Deepseek-v4 pro,deepseek-v4-pro
92fbb174-1bea-4dc3-9d72-2fcb44a4b6b9,english,good_english,a 33-year-old pregnant woman who with seven months pregnance was brought to our hospital by her neighbors they explained that she suddenly developed severe abdominal pain and a large amount of blood began to come out from her vagina her body was shaking and she was crying because the pain was intense her family said they were afraid that something serious might happen to both the mother and the baby their first question for the doctor was what could be causing this severe abdominal pain and heavy bleeding their second question was what should be done immediately for this pregnant woman their third question was what investigations or tests can be carried out their first question was what treatment is appropriate for her condition their fifth question was what foods should this pregnant woman avoid and what hygiene measures should she observe,"A thirty-three-year-old pregnant woman who is seven months pregnant was brought to our hospital by her neighbors. They explained that she suddenly developed severe abdominal pain, and a large amount of blood began to come out from her vagina. Her body was shaking, and she was crying because the pain was intense. Her family said they were afraid that something serious might happen to both the mother and the baby.
Their first question for the doctor was: What could be causing this severe abdominal pain and heavy bleeding?
Their second question was: What should be done immediately for this pregnant woman?
Their third question was: What investigations or tests can be carried out?
Their fourth question was: What treatment is appropriate for her condition?
Their fifth question was: What foods should this pregnant woman avoid, and what hygiene measures should she observe?",http://speech-app.s3.amazonaws.com/static/audio/uploads/05e13fac-16ee-4280-bfeb-29889967329c/a33e51c5d8336a1c1b59e22c7b130320_PHLZas9t.wav,"The severe abdominal pain with heavy vaginal bleeding at 7 months is most likely caused by placental abruption, where the placenta detaches from the womb before delivery. Immediately, we must stabilise her by opening IV lines with fluids, giving oxygen, monitoring vital signs, and urgently preparing for an emergency caesarean section to save mother and baby. Key investigations include an urgent obstetric ultrasound scan, complete blood count, clotting profile, and blood group with cross-matching for possible transfusion. Definitive treatment is rapid delivery by caesarean section if bleeding continues or the baby is distressed, along with blood transfusion and management of any clotting problems. While acute management is ongoing, no specific foods aggravate this condition, but she should maintain strict perineal hygiene using clean water and pads, and avoid inserting anything into the vagina.",Deepseek-v4 pro,deepseek-v4-pro
44f035d9-9f2b-4e9d-a23b-289b07f70219,english,good_english,a pregnant woman who is six months pregnant and lives in our house started noticing that her heart palpitates rapidly as if she just finished to run it sometimes she gets dired without doing any work at all and her hands trembling slightly after a few weeks she also noticed that her neck started swelling in the front when people began telling her that her neck looks different from before she became very frightened wondering if this is one of the illness that affects pregnant women or if it is another problem she has now decided to go to see a doctor so they can know what is causing it my question is what can cause a pregnant woman's heart to palpitate rapidly like someone who just finished running along with a neck swelling can this problem affect the development of the baby inside are what are the warning signs they should watch out for at all are there certain foods or drinks that she ought to avoid or those that she should eat more of during this kind of period,"​A pregnant woman who is six months pregnant and lives in our house started noticing that her heart palpitates rapidly as if she just finished running. Sometimes she gets tired without doing any work at all, and her hands tremble slightly. After a few weeks, she also noticed that her neck started swelling in the front. When people began telling her that her neck looks different from before, she became very frightened, wondering if this is one of the illnesses that affect pregnant women or if it is another problem. She has now decided to go see a doctor so they can know what is causing it. My question is, what can cause a pregnant woman's heart to palpitate rapidly like someone who just finished running, along with her neck swelling? Can this problem affect the development of the baby inside her? What are the warning signs they should watch out for at home? Are there certain foods or drinks that she ought to avoid, or those that she should eat more of during this kind of period?",http://speech-app.s3.amazonaws.com/static/audio/uploads/1b117728-ed2c-48be-b2bf-1788a368fd3b/b65c58746e68e319f6dd309f68af179e_ypZcc7lN.wav,"The symptoms you describe—rapid heartbeats at rest, tiredness, trembling hands, and a swelling at the front of the neck—are classic signs of an overactive thyroid (hyperthyroidism), often caused by Graves' disease, which can start or worsen during pregnancy. If not controlled, it can affect the baby’s development, increasing the risk of preterm birth, low birth weight, or fetal thyroid problems. Warning signs to watch for include severe breathlessness, a persistently fast or irregular heartbeat, fainting, marked weight loss, or signs of premature labor. She should avoid foods very high in iodine such as seaweed and iodine-containing supplements, but maintain a normal balanced diet; no specific food will cure the condition. Urgent medical evaluation, including thyroid function tests, is essential to start safe treatment that protects both mother and baby.",Deepseek-v4 pro,deepseek-v4-pro
a921421a-5a74-4099-b2ff-7e857fd1d354,english,good_english,a mother gave birth to a newborn two weeks ago she started seeing blood little by little on her body however as the days went by she noticed that something like the stomach and blood were coming out sometimes the mother of the child is different and she has a neck that is not good and she knows that the mother of the child usually has pains in her lower abdomen and every time she sees these signs her heart gets confused she wonder if it was something among the common problems after childbed or another problem one day when she went to the hospital and was talking to other mothers she heard that they should not downplay any changes they see in their bodies this made us seek a doctor to talk to them my question is what can cause such a thing after childbirth can pain in the lower abdomen be a sign of a disease what are the signs that this new mother should be careful of after childbirth what are the steps that the mother needs to take to prevent these diseases,"A mother gave birth to a newborn two weeks ago. She started seeing blood little by little on her body. However, as the days went by, she noticed that something like the stomach and blood were coming out. Sometimes the mother of the child is different. And she has a neck that is not good. And she knows that the mother of the child usually has small pains in her lower abdomen, and every time she sees these signs, her heart gets confused. She wondered if it was something among the common problems after childbirth or another problem. One day when she went to the hospital, and was talking to other mothers, she heard that they should not downplay any changes they see in their bodies. This made her seek a doctor to talk to them. My question is, what can cause such a thing after childbirth? Can pain in the lower abdomen be a sign of a disease? What are the signs that this new mother should be careful of after childbirth? What are the steps that the mother needs to take to prevent this disease?",http://speech-app.s3.amazonaws.com/static/audio/uploads/d376f16d-8a40-477f-86c0-22c5e7c0fabe/af6ace06eb9c166ea21d14b725dfe032_ikQsvTqh.wav,"Bleeding with a sensation of something protruding from the vagina two weeks after delivery is often caused by uterine subinvolution, retained placental fragments, or pelvic organ prolapse (such as a cystocele or uterine descent). Yes, lower abdominal pain can be a sign of postpartum infection (endometritis), a urinary tract infection, or retained products of conception. The mother should watch for danger signs like heavy vaginal bleeding (soaking a pad within an hour), foul-smelling lochia, fever, severe pelvic pain, or a visible/feelable vaginal bulge. To prevent such complications, she must attend all postnatal checkups, maintain diligent perineal hygiene, avoid heavy lifting or straining, and practice gentle pelvic floor exercises once healed. If any of these warning signs appear, immediate medical evaluation is essential to prevent serious illness.",Deepseek-v4 pro,deepseek-v4-pro
ff112477-5c7b-45de-b7f4-35304688e317,english,good_english,i am a married woman thirty five years old please i brought my five month old baby for examination and guidance i have resumed work but surprisingly for about the past three days i have noticed that my baby has been coughing repeatedly we have tried everything we can think of to stop the cough but i can see that the cough has not gone away i an unusual not at one when i leave in the morning i do not return until around 6 p m my mother stays at home with the baby whenever i have the opportunity to call i do so and ask about the cough and they keep telling me that the baby is still coughing the baby is five months old is no longer taking only breast milk because i have resumed work i breastfed him exclusively for three months and after that i started giving him other foods i have been giving him different foods including pap and other baby food that i know what is even more surprising is that since last night his breathing has not been normal he is not breathing well and his nose is completely blocked my mother even said that while bathing him this morning she had to use a warm water around his nose and chest because the cough had become severe the breathing problem has also started he is no longer breathing properly and his breathing is not clear and free anymore please my question is what can i use for him to stop the cough and concerning the breathing that is no longer clear what can i do what can i use for him and what steps can i take so that it can breathe properly and nothing we obstruct is breathing,"I am an married woman, thirty-five years old. Please, I brought my five-month-old baby for examination and guidance.
I have resumed work. But surprisingly, for about the past three days, I have noticed that my baby has been coughing repeatedly. We have tried everything we can think of to stop the cough, but I can see that the cough has not gone away.
I am usually not at home. When I leave in the morning, I do not return until around 6 p.m. My mother stays at home with the baby.
Whenever I have the opportunity to call, I do so and ask about the cough, and they keep telling me that the baby is still coughing.
The baby is five months old. He is no longer taking only breast milk because I have resumed work. I breastfed him exclusively for three months, and after that I started giving him other foods.
I have been giving him different foods, including pap, and other baby foods that I know.
What is even more surprising is that since last night, his breathing has not been normal. He is not breathing well, and his nose is completely blocked.
My mother even said that while bathing him this morning, she had to use a little warm water around his nose and chest because the cough had become severe.
The breathing problem has also started. He is no longer breathing properly, and his breathing is not clear and free anymore.
Please, my question is: what can I use for him to stop the cough? And concerning the breathing that is no longer clear, what can I do, what can I use for him, and what steps can I take so that he can breathe properly and nothing will obstruct his breathing?",http://speech-app.s3.amazonaws.com/static/audio/uploads/4f9ca527-5a05-46bd-bb57-1bc6971917f7/b17162e004eda757117dfceeb57f519d_rvi9kyZo.wav,"This is likely a serious lower respiratory infection such as bronchiolitis or pneumonia, not a simple cough. Do **not** use any cough syrup or home remedies—they are dangerous for infants and can worsen breathing. Immediately clear his nose with saline drops and gentle bulb suction before feeds, and keep him propped upright to help him breathe. Stop all solid foods (pap, baby foods) now and give only breast milk (or formula if you cannot breastfeed); starting foods at 3 months greatly raises the risk of choking, allergy, or aspiration. **Take him to the nearest hospital emergency right now**—his blocked nose, difficult breathing and day-long cough mean he may need oxygen, nebulisation and proper evaluation to prevent rapid deterioration.",Deepseek-v4 pro,deepseek-v4-pro
ef184d94-ce1c-48b8-afb8-b660491a5a96,english,good_english,a nursing mother noticed a child coughing and also suspected that the child's body was warm at certain times she further stated that a few hours ago she noticed that the child's entire body became stiff and she fainted and she couldn't confirm that her lips were stable any more as they were secreting fluids and the child could no longer swallow any food she was now asking the doctor if such an illness can be treated what disease it resembles and she further asked if she could get an injection or use local herbs for this disease she went on to say that herbal mixture open bracket agbor close bracket and traditional soap are what they usually use to treat this disease for any child afflicted by it in the community she came from,"A nursing mother noticed her child coughing and also suspected that the child's body was warm at certain times. She further stated that a few hours ago, she noticed that the child's entire body became stiff and she fainted, and she couldn't confirm that her lips were stable anymore as they were secreting fluid, and the child could no longer swallow any food. She is now asking the doctor if such an illness can be treated, what disease it resembles, and she further asked if she could get an injection or use local herbs for this disease. She went on to say that herbal mixtures (agbo) and traditional soap are what they usually use to treat this disease for any child afflicted by it in the community she comes from.",http://speech-app.s3.amazonaws.com/static/audio/uploads/70e65f2d-f8fa-40c8-aadd-5992a4cc46ca/a6d1e37e17cd73f804372f7e838d59b8_ASCsCEYS.wav,"This sounds like a classic **febrile convulsion (seizure)** triggered by a high fever, likely from an infection like malaria, pneumonia, or a throat/respiratory infection that caused the cough. The stiffness, loss of consciousness, frothing at the mouth and inability to swallow are typical signs of a seizure in a young child. **This illness can absolutely be treated**, but the child needs **urgent hospital care immediately** – do not give anything by mouth now because of the risk of choking. The community use of “agbor” herbal mixture and traditional soap is extremely dangerous; these substances can cause aspiration (enter the lungs), poisoning, or worsen infection, and they **will not** stop the real cause. I will provide emergency treatment in the hospital which may include an injection (such as rectal diazepam to stop the seizure and antimalarials/antibiotics for the fever), but **every minute counts** – please bring the child now.",Deepseek-v4 pro,deepseek-v4-pro
46c82bff-402d-4ea2-9331-fc5b38a5b70f,english,good_english,good evening doctor please i brought my child to the hospital because i noticed the way he preached it makes a sound as if air is passing through a small hole it sounds like whizzing it also sounds like someone blowing a whistle and he is struggling to breathe properly i have also noticed that for about three days now he usually coughs at night sometimes i notice his chest drawing in and out intensely as if he is working extra hard just to breathe i also noticed that he can no longer eat as well as before whenever he wants to eat he has to pause to catch his breath this situation hasn't given him the chance to feed properly for about three days now i have also taken him to the local chemist patent medicine store in her neighborhood and they gave me some cough medicine for him because he was coughing slightly though the cough wasn't severe but despite all the medication he took i noticed he didn't work his breathing remains the same and his teal cannot eat well please what kind of condition is affecting my child with this whistling breath also does he need a chest examination open bracket x-ray close bracket to find out what is troubling him and why his chest is even up and down what kind of treatment can i give this child at home to help him is the breathing so he can breathe properly are there other medications or alternative measures i can take for this child,"Good evening doctor. Please, I brought my child to the hospital because I noticed that the way he breathes, he makes a sound as if air is passing through a small hole. It sounds like wheezing. It also sounds like someone blowing a whistle, and he is struggling to breathe properly.
I have also noticed that for about three days now, he usually coughs at night. Sometimes, I notice his chest drawing in and out intensely, as if he is working extra hard just to breathe. I also noticed that he can no longer eat well as before. Whenever he wants to eat, he has to pause to catch his breath. This situation hasn't given him the chance to feed properly for about three days now.
I have already taken him to the local chemists (patent medicine stores) in our neighborhood, and they gave me some cough medicine for him because he was coughing slightly, though the cough wasn't severe. But despite all the medication he took, I noticed it didn't work. His breathing remains the same, and he still cannot eat well. Please, what kind of condition is affecting my child with this whistling breath? Also, does he need a chest examination (X-ray) to find out what is troubling him and why his chest is heaving up and down? What kind of treatment can I give this child at home to help ease his breathing so he can breathe properly? Are there other medications or alternative measures I can take for this child?",http://speech-app.s3.amazonaws.com/static/audio/uploads/c56b8957-d2d9-4897-a03e-403fc98082e3/913522d484f266446c5031903b7c9a7c_cRXoCAGw.wav,"Based on your description, your child is showing clear signs of severe respiratory distress, with a whistling sound (wheezing), chest indrawing, and inability to feed properly—this is most likely a condition like acute bronchiolitis or a severe asthma attack, both of which narrow the small airways. The fact that he cannot eat and his chest sucks in are serious red flags indicating he is working desperately to breathe, and he needs urgent hospital attention—home treatment is not safe at this stage. A chest X-ray may be done at the hospital, but it is not the first step; the doctor will quickly assess him, provide oxygen and inhaled bronchodilators (like salbutamol nebulization) to open his airways, and decide on further tests. While you arrange transport, keep him calm and in an upright position to ease his breathing, but do not give any more cough medicine from the chemist, as it can worsen things or delay life-saving care. Please take him to the nearest hospital immediately; the earlier he gets proper treatment, the faster he will recover.",Deepseek-v4 pro,deepseek-v4-pro
b7448631-4a0d-4bfa-95f0-3f48188ade8a,english,good_english,an eatherly man came to our local hospital this man said he has a severe headache his neck is stiff and he has rushes suddenly appearing on his body he came to ask what could be causing it and what kind of treatment can be given to him we asked the man whether the headache started suddenly or if it came gradually the man said it started suddenly at night and has become very severe now we also asked if he can look at light properly and he said no because light affects its head and makes the headache worse we also asked him about the rush on his body whether it is painful much or mild the man said it is all over his body and he cannot point to one particular place but it hitches him after that we asked him if he had contact with any sick person recently and the man said they had not gone anywhere except selling goods in front of their house they have not had any contact with any sick person our question for the doctor is what could cause this kind of headache and stiff neck where this man cannot turn his neck with rushes all over his body what can cause it is it an infectious disease or something else our second question is what kind of test can this man do to know exactly what is wrong with him for proper treatment and what medicine can he use before his test results come out,"An elderly man came to our local hospital. This man said he has a severe headache, his neck is stiff, and he has rashes suddenly appearing on his body. He came to ask what could be causing it and what kind of treatment can be given to him.
We asked the man whether the headache started suddenly or if it came gradually. The man said it started suddenly at night and has become very severe now. We also asked him if he can look at light properly, and he said no, because light affects his head and makes the headache worse.
We also asked him about the rash on his body, whether it is painful, much, or mild. The man said it is all over his body, and he cannot point to one particular place, but it itches him.
After that, we asked him if he had contact with any sick person recently, and the man said they had not gone anywhere except selling goods in front of their house. They have not had contact with any sick person.
Our question for the doctor is what could cause this kind of headache and stiff neck where this man cannot turn his neck, with rashes all over his body? What can cause it? Is it an infectious disease or something else?
Our second question is what kind of tests can this man do to know exactly what is wrong with him for proper treatment, and what medicine can he use before his test results come out?",http://speech-app.s3.amazonaws.com/static/audio/uploads/52eb6322-c83e-42d5-9fd8-d73feafb1550/06e209848aa2433fe1eff5301616410d_6cEf78Q6.wav,"This presentation strongly suggests a serious infectious disease, most likely **meningococcal meningitis**, a bacterial infection of the brain and spinal cord coverings. The sudden severe headache, stiff neck, inability to tolerate light, and a rapidly spreading rash are classic warning signs. Urgent tests include a **lumbar puncture** to examine spinal fluid and blood cultures/full blood count to confirm the exact cause. While awaiting results, treatment must begin immediately with injectable antibiotics like **ceftriaxone** (or chloramphenicol if ceftriaxone is unavailable) to prevent complications or death. Do not delay; this is a medical emergency.",Deepseek-v4 pro,deepseek-v4-pro
6c4ab0d8-695b-453c-b3c0-db41ba12f1f7,english,good_english,my daughter is pregnant she is about 24 years old she is the one who is pregnant this happened today at night i noticed that she started having pain she had already packed her belongings and came to my house as the pain continued i saw that it was increasing i gathered all her belongings and she did not initially allow us to go to the hospital we took her to the hospital and they examined her they said the cervics are started to open a little and that it is almost time for delivery until today the cervics is still opening until the time the baby will come out yesterday the baby was still in pain that kept increasing since we arrived here she is in pain the baby will come out it is a first pregnancy i am worried and my heart is troubled i want to save my child i do not want to lose the baby that is coming please what could be causing this pain is this how it usually is for first time mothers when they're about to give birth is it possible the baby is too big and cannot come out through the birth canal or is it possible they will do surgery for her,"My daughter is pregnant; she is about twenty-four years old. She is the one who is pregnant. This happened today.
At night, I noticed that she started having pain. She had already packed her belongings and came to my house. As the pain continued, I saw that it was increasing. I gathered all her belongings, and she did not initially allow us to go to the hospital.
We took her to the hospital, and they examined her. They said the cervix has started to open a little, and that it is almost time for delivery.
Until today, the cervix is still opening until the time the baby will come out. Yesterday, the baby was still in pain that kept increasing since we arrived there.
She is in pain, the baby will come out, it is her first pregnancy. I am worried and my heart is troubled.
I want to save my child, and I do not want to lose the baby that is coming. Please, what could be causing this pain? Is this how it usually is for first-time mothers when they are about to give birth? Is it possible the baby is too big and cannot come out through the birth canal? Or is it possible they will do surgery for her?",http://speech-app.s3.amazonaws.com/static/audio/uploads/d5509e58-a2b1-40ca-8b13-2b7a616524d3/bfb28059877e5a1ae852d394c0e93371_GVWpRisH.wav,"Thank you for sharing your concerns. The pain your daughter is feeling comes from the uterus contracting to open the cervix so the baby can descend; this is normal labour pain, especially strong and long for first-time mothers. The slow, gradual opening of the cervix you described is the expected progression—it can take many hours, and the team will monitor her. Being in the hospital is the safest place; doctors will check if the baby’s size and her pelvis are well-matched and will only recommend a caesarean section if there is a true obstruction or fetal distress. Most first-time deliveries end successfully through the birth canal without surgery. Please trust the health team; they are trained to act quickly if any danger arises to keep both mother and baby safe.",Deepseek-v4 pro,deepseek-v4-pro
0fb66f21-102e-431d-a7f0-04fd8a4b4a97,english,good_english,a mother among the mothers who usually bring their babies for injections explained that she noticed that a newborn baby has a problem around the mouth and the baby's lips look bluish to day she also noticed that when she is breastfeeding the baby the baby struggles gasps and finds it difficult to breathe properly she said this is what made her worried because she does not know what is happening to the baby what can cause a newborn baby's lips to look bluish what can also cause a baby to struggle and have difficulty breathing while breastfeeding can medicine be given or should the baby be examined,"A mother among the mothers who usually bring their babies for injections explained that she noticed that her newborn baby has a problem around the mouth, and the baby’s lips look blueish.
Today, she also noticed that when she is breastfeeding the baby, the baby struggles, gasps, and finds it difficult to breathe properly. She said this is what made her worried because she does not know what is happening to the baby.
What can cause a newborn baby’s lips to look blueish? What can also cause a baby to struggle and have difficulty breathing while breastfeeding? Can medicine be given, or should the baby be examined?",http://speech-app.s3.amazonaws.com/static/audio/uploads/eb59b12a-df81-4d6d-b556-2dfd10872bb0/e65bb243e369f0ed86efeb4630a8ccca_dzDCVVum.wav,"Bluish lips in a newborn indicate cyanosis, usually from low oxygen in the blood due to a serious heart or lung problem, such as a congenital cyanotic heart defect or severe respiratory infection. When breastfeeding, the effort of sucking increases the baby’s oxygen demand, causing the struggle, gasping, and breathing difficulty you observed. This is a medical emergency, and no medicine should be given at home without a doctor’s assessment. The baby must be examined immediately at a hospital where pulse oximetry, chest X-ray, and possibly echocardiography can identify the cause and guide life-saving treatment.",Deepseek-v4 pro,deepseek-v4-pro
ada6aff0-d3eb-45ce-90d5-529d6308338d,english,good_english,a wife observed that her husband has a headache and the headache is really really bad it's quite much to the extent that the man has a stiff neck unable to turn it to the left or right as it ought to be she now observed some very tiny sores which were not on the man's body before but suddenly occurred this scared the woman that this kind of occurrence that happened to her husband what can be the course and what can she do the question i asked the woman was that has her husband ever had a high fever and a kind of drug was used she said no or that's the man the beddy sleeps on what he uses as pillow hope it is not that he slept on the neck the woman said no it is not that he slept on the neck but suddenly the eddic started and it was consistent with his stiff neck and very tiny sores around the body if something like this happens what can that kind of wife do to help care for her husband and he will return to his normal self,"A wife observed that her husband has a headache, and the headache is really really bad. It quite much to the extent that the man has a stiff neck unable to turn it to the left or right as it ought to be. She now observed some very tiny sores which were not on the man's body before but suddenly occurred. This scared the woman that this kind of occurrence that happened to her husband what can be the cause and what can she do? The question I asked the woman was that has her husband ever had a high fever and a kind of drug was used? She said no. Or that the man, the bed he sleeps on what he uses as pillow hope it's not that he slept on the neck the woman said no it is not that he slept on the neck but suddenly the headache started and it was consistent with a stiff neck and very tiny sores around the body. If something like this happens, what can that kind of wife do to help care for her husband and he will return to his normal self? ",http://speech-app.s3.amazonaws.com/static/audio/uploads/c1d66b1c-1f82-40b2-bdd6-48cb8098643e/af15a019b54b875a5fd6ac4eb70407c0_111HqeS2.wav,"This is a medical emergency; the combination of sudden severe headache, stiff neck, and tiny skin sores strongly suggests acute bacterial meningitis, most likely meningococcal meningitis, which can rapidly become fatal. The tiny sores are a classic sign of bacteria leaking into the blood (meningococcemia). The wife must immediately take her husband to the nearest hospital or health center for urgent evaluation, as prompt antibiotic treatment is critical. Delaying can lead to brain damage or death, so she should not wait or try home remedies. With timely hospital care and appropriate intravenous antibiotics, many patients recover fully and return to their normal selves.",Deepseek-v4 pro,deepseek-v4-pro
477e4899-265d-4021-bc19-bb4df19c9a8f,english,good_english,my family member's child was beaten by a dog he's a seven year old child when the dog beat him they usually went to their traditional lila they made an incision on the wood and applied a quarrel into bracket traditional preparation to heat but now the place where the dog beat him has started producing paws and it is swollen we explained to them that they should take him to the hospital please what kind of examination can be done for this boy can he have rabies because of the dog even if the dog itself seems to be fine and what kind of treatment does the boy need consider that the dog did not cause any further injury to his body," My family member’s child was bitten by a dog. He is a seven-year-old child. When the dog bit him, they usually went to their traditional healer; they made an incision on the wound and applied “apọrọ” (traditional preparation) to it. But now, the place where the dog bit him has started producing pus and it is swollen. We explained to them that they should take him to the hospital. Please, what kind of examination can be done for this boy? Can he have rabies because of the dog, even if the dog itself seems to be fine? And what kind of treatment does this young boy need? Consider that the dog did not cause any further injury to his body.",http://speech-app.s3.amazonaws.com/static/audio/uploads/1896bd6d-8e15-465f-a956-51e8d21cf7b2/db482860d695eeddb8581b708ab07098_sVQ2hBsQ.wav,"The child needs urgent hospital evaluation, starting with a wound swab for culture and sensitivity, a full blood count, and possibly an ultrasound to assess for deeper abscess formation. Yes, rabies is a real risk even if the dog appears healthy; in a rabies-endemic area like Nigeria, if the dog's vaccination status is unknown and it cannot be reliably observed for 10 days, post-exposure prophylaxis (rabies vaccine and immunoglobulin) should be started immediately. The pus and swelling are signs of a serious bacterial infection, likely worsened by the traditional incision and unsterile herbal paste. Treatment requires surgical drainage and debridement of the wound, appropriate antibiotics (such as amoxicillin-clavulanate), and tetanus toxoid if not up to date. Delaying hospital care could lead to life-threatening sepsis or rabies, which is almost always fatal once symptoms appear.",Deepseek-v4 pro,deepseek-v4-pro
60ebf071-ab75-4b25-976f-80da984eeef9,english,good_english,suddenly we saw one of our pregnant women who came to our hospital this morning she arrived in severe pain crying loudly holding her back and happing me because of the pain after about eight to ten minutes of bringing her into the labor ward we examined her and found that the baby was already descending and her service was fully dilated very shortly afterwards she delivered a baby girl so we carried out all the necessary and appropriate post delivery care not long after we moved the mother and the baby into a room so they can rest a little while later the mother called us and said she was feeling weak tired and at a high seamed theme or blurry she also tried to eat after delivery but struggled to do so and the food was not going down well she continued to feel weak and she was also feeling dizzy what could have happened could it be that she lost a lot of blood and now needs a blood transfusion or what should have been done for her should we give her blood or should we give her food,"Suddenly, we saw one of our pregnant women who came to our hospital this morning. She arrived in severe pain, crying loudly, holding her back and abdomen because of the pain.
After about eight to ten minutes of bringing her into the labour ward, we examined her and found that the baby was already descending and her cervix was fully dilated.
Very shortly afterward, she delivered a baby girl.
So we carried out all the necessary and appropriate post-delivery care.
Not long after, we moved the mother and baby into a room so they could rest.
A little while later, the mother called us and said she was feeling very weak, tired, and that her eyes seemed dim or blurry. She also tried to eat after delivery but struggled to do so, and the food was not going down well.
She continued to feel weak, and she was also feeling dizzy.
What could have happened? Could it be that she lost a lot of blood and now needs a blood transfusion, or what should be done for her? Should we give her blood, or should we give her food?",http://speech-app.s3.amazonaws.com/static/audio/uploads/a1fd68f3-c1f4-4a0b-b5ba-5feae9f148e1/f36e5dd3457e6edfd9d106c459615554_MYyz7Jut.wav,"As a clinician in a community hospital, the symptoms of weakness, dizziness, blurred vision, and difficulty swallowing after a rapid delivery strongly suggest postpartum hemorrhage (PPH), which can occur even with a seemingly normal placenta delivery. The “food not going down well” may actually be nausea or esophageal compression from acute anemia or shock, not a primary swallowing problem. Immediately check her vital signs, pallor, uterine tone, and perineal pad for excessive blood loss; a boggy uterus or continuous trickling indicates atonic PPH. Simultaneously start uterine massage, give uterotonics (oxytocin, misoprostol) and IV fluids. If her hemoglobin drops below 7 g/dL or she remains hemodynamically unstable, blood transfusion is life-saving; do not offer food until she is fully stable and conscious, as aspiration risk is high in a weak, dizzy patient.",Deepseek-v4 pro,deepseek-v4-pro
cc78a249-b0eb-4d34-8511-527fb612ba05,english,good_english,a man named suberu who is 50 years old developed a cough one day at first the cough was mild but as the weeks passed and turned into months it gradually became worse after some time he began to find it difficult to breathe properly it is true that he had tried several remedies when the cough was still mild but none of them worked instead of improving the cough continued to wasten he eventually decided that rather than continuing to buy small medications on his own he should go to the hospital and speak with the doctor when he arrived at the hospital he explained that he had been coughing for about three months he also explained that he had tried many home remedies based on people's advice including honey hot water bitter cola and several cough medicines that he purchased however instead of getting better the cough continued to worsten it had reached a point where he sometimes felt as if it could no longer breathe properly because of the cough he then asked the doctor what could be causing him to have such a persistent cough for such a long period of time he also wanted to know why all the remedies and treatments he tried had not worked finally he asked what he could do for the cough to go away completely so that he could breathe properly again and regain good health,"A man named Suberu, who is fifty years old, developed a cough one day. At first, the cough was mild, but as the weeks passed and turned into months, it gradually became worse. After some time, he began to find it difficult to breathe properly. It is true that he had tried several remedies when the cough was still mild, but none of them worked. Instead of improving, the cough continued to worsen. He eventually decided that rather than continuing to buy small medications on his own, he should go to the hospital and speak with a doctor. When he arrived at the hospital, he explained that he had been coughing for about three months. He also explained that he had tried many home remedies based on people's advice, including honey, hot water, bitter kola, and several cough medicines that he purchased. However, instead of getting better, the cough continued to worsen. It had reached a point where he sometimes felt as though he could no longer breathe properly because of the cough. He then asked the doctor what could be causing him to have such a persistent cough for such a long period of time. He also wanted to know why all the remedies and treatments he had tried had not worked. Finally, he asked what he could do for the cough to go away completely so that he could breathe properly again and regain good health.",http://speech-app.s3.amazonaws.com/static/audio/uploads/662c5525-4eea-44c7-b18e-8b94c67a8011/adc0aa991cfedbb0d097f2b8b4461596_ajxxSqxr.wav,"The persistent cough for three months with worsening breathlessness strongly suggests a chronic lung condition like tuberculosis (very common in Nigeria), chronic bronchitis, or asthma. The remedies you used—honey, bitter kola, hot water, and over-the-counter cough medicines—failed because they only suppress symptoms temporarily without addressing the root cause such as a bacterial infection or airway inflammation. At the hospital, you will need a proper evaluation including a chest X-ray and sputum tests to identify the exact cause. Once diagnosed, targeted treatment (e.g., a full course of antibiotics for TB, or inhalers for asthma) can effectively clear the cough and restore your breathing. I encourage you to complete all investigations and follow the prescribed treatment—with this approach, your health can fully recover.",Deepseek-v4 pro,deepseek-v4-pro
ec8c9662-4d2c-48bd-818f-f9d9a2d15350,english,good_english,a guardian of a child observed that the child is coughing intensely till the end that the child is being abrupt and struggling to breathe well what can cause a child to be coughing in abrupt manner till the end that the child can't breathe well and struggling to breathe what kind what can kind what's this,"A guardian of a child observed that the child is cough intensely, till the end that the child is been abrupt and struggling to breathe well. What can cause a child to be coughing in abrupt manner, till the end that the child can't breathe well, and struggling to breathe? What can kind of test can we run for that child? What treatment can we give? And then what advice can be give to the guardian of this child? ",http://speech-app.s3.amazonaws.com/static/audio/uploads/a803a5fc-91aa-4137-88ce-fd1441a0661a/30d255e19ba4989fba43229d8c7d1b9d_jK70Co3a.wav,"This pattern of abrupt, severe coughing fits that end with breathlessness is classic for **pertussis (whooping cough)**, caused by *Bordetella pertussis*. The child coughs violently in paroxysms until the lungs are empty, then struggles to inhale forcefully, often producing a “whoop” sound and sometimes vomiting or turning blue. In Nigeria, this is especially common in unvaccinated or partially vaccinated children, and it remains a leading cause of prolonged cough with respiratory distress. Other possibilities like foreign body aspiration or severe asthma can mimic this, but pertussis demands urgent attention because it can lead to apnea, pneumonia, or brain hypoxia. Bring the child to a health facility immediately for assessment, oxygen support if needed, and a course of a macrolide antibiotic (e.g., azithromycin) to shorten the illness and limit spread.",Deepseek-v4 pro,deepseek-v4-pro
