audio_id,language,subset,question,reference,url,model_answer,requested_model,model_id
7b39e880-8826-48eb-b82e-a19522e72df6,english,accented_english,a mother among the mothers who usually bring their babies for injections explained that she noticed that a newborn baby has a problem around the mouth and the baby's lips look bluish today she also noticed that when she is breathfeeding the baby the baby struggles gasps and finds it difficult to breath properly she said this is what made her worried because she does not know what is happening to the baby what can cause a newborn baby's lips to look blueys what can also cause a baby to struggle and have difficulty breathing while breathfeeding can medicine be given or should be baby be examined,"A mother among the mothers who usually bring their babies for injections explained that she noticed that her newborn baby has a problem around the mouth, and the baby’s lips look blueish.
Today, she also noticed that when she is breastfeeding the baby, the baby struggles, gasps, and finds it difficult to breathe properly. She said this is what made her worried because she does not know what is happening to the baby.
What can cause a newborn baby’s lips to look blueish? What can also cause a baby to struggle and have difficulty breathing while breastfeeding? Can medicine be given, or should the baby be examined?",http://speech-app.s3.amazonaws.com/static/audio/uploads/6bb70a63-b01f-45f0-9592-f20c9543b055/388fed2089259942b08d750a4b3d927b_jm9IQNHg.wav,"Bluish lips in a newborn indicate central cyanosis, a sign of dangerously low blood oxygen often caused by a congenital heart defect (such as Tetralogy of Fallot) or severe lung infection. Gasping and struggling during breastfeeding happens because the effort of feeding overwhelms the baby’s breathing; this can stem from heart failure flooding the lungs or from nasal blockage, since newborns breathe only through the nose. The combination strongly points to a serious heart or respiratory problem that needs urgent evaluation. Do not give any medication now—untargeted drugs, especially sedatives or cough syrups, may dangerously suppress breathing. Immediately take the baby to a hospital for a doctor to examine, measure oxygen levels, and provide life-saving care.",Deepseek-v4 pro,deepseek-v4-pro
4f88702e-973b-4918-90bc-3052fbbbc67f,english,accented_english,my family member's child was beaten by a dog he is a seven year old child when the dog beat him they usually went to their traditional hila they made their new incision on the wound and applied aparol to it but now the place where the dog beating has started producing pus and it is wholly we explained to them that they should take him to the hospital please what kind of examination can be done for this boy can he have rabies because of the dog even if the dog it helps him to be fine and what kind of treatment does this young boy need consider that the dog did not cause any further injury to his body," My family member’s child was bitten by a dog. He is a seven-year-old child. When the dog bit him, they usually went to their traditional healer; they made an incision on the wound and applied “apọrọ” (traditional preparation) to it. But now, the place where the dog bit him has started producing pus and it is swollen. We explained to them that they should take him to the hospital. Please, what kind of examination can be done for this boy? Can he have rabies because of the dog, even if the dog itself seems to be fine? And what kind of treatment does this young boy need? Consider that the dog did not cause any further injury to his body.",http://speech-app.s3.amazonaws.com/static/audio/uploads/ef9140fe-7a4a-4a06-af80-4455cc0ee4ac/20b1db9e2adb8570f3a2c99acfa10eac_ojpfiFce.wav,"The child needs immediate hospital evaluation. Examination should include a thorough wound assessment for depth, pus, and cellulitis; checking tetanus vaccination status; and a rabies risk evaluation based on the dog’s vaccination history and whether it can be observed for 10 days. Even if the dog currently appears healthy, rabies is still possible because the virus can be shed before symptoms appear, so post-exposure prophylaxis (rabies vaccine plus immunoglobulin) must be started without delay. The pus and swelling indicate a bacterial infection worsened by the traditional incisions and herbal paste, requiring wound cleaning, debridement, and a course of antibiotics such as co-amoxiclav or cloxacillin. Tetanus prophylaxis and proper wound dressing are also critical to prevent life-threatening complications.",Deepseek-v4 pro,deepseek-v4-pro
8a9f9be1-12b5-4fc5-b22b-0236180baa66,english,accented_english,a wife a wife observe that a husband has a headache and the headache is really really bad it's quite much to the extent that the man has a stiff neck unable to turn it to the left or right as it ought to be she now observe so very tiny sons which we are not on the man's body before but suddenly occur this care the woman that this kind of occurrence that happened to our husband what can be the cause and what can she do the question i asked the woman was that as her husband ever had a high fever and a kind of drug was used she said no or that the man the bird sleeps on what he uses as pillow hope is not that he slept on the neck the woman said no it is not that he slept on the neck but suddenly the headache started and it was consistent with a stiff neck and very tiny source around the body if something like this happens what can that kind of wife do to help care for a husband and he will return to his normal self,"A wife observed that her husband has a headache, and the headache is really really bad. It quite much to the extent that the man has a stiff neck unable to turn it to the left or right as it ought to be. She now observed some very tiny sores which were not on the man's body before but suddenly occurred. This scared the woman that this kind of occurrence that happened to her husband what can be the cause and what can she do? The question I asked the woman was that has her husband ever had a high fever and a kind of drug was used? She said no. Or that the man, the bed he sleeps on what he uses as pillow hope it's not that he slept on the neck the woman said no it is not that he slept on the neck but suddenly the headache started and it was consistent with a stiff neck and very tiny sores around the body. If something like this happens, what can that kind of wife do to help care for her husband and he will return to his normal self? ",http://speech-app.s3.amazonaws.com/static/audio/uploads/ba63fb24-9040-4481-bdf0-afea2166b053/35b5cd43f25a01e6f60cc54b97ea6098_UYPa1GQg.wav,"This is a medical emergency highly suggestive of **meningitis**, an infection of the brain and spinal cord coverings. The sudden severe headache, stiff neck, and new tiny spots (likely petechiae) are classic warning signs. You must take him to the nearest hospital **immediately**—do not wait or try home remedies. While transporting, keep him lying flat, give paracetamol if he can swallow, but prioritize rapid medical help above all else. At the hospital, doctors will perform urgent tests and start intravenous antibiotics; early treatment is critical to save his life and ensure full recovery.",Deepseek-v4 pro,deepseek-v4-pro
765b06e9-4314-4cd5-9b0d-f966ccb8f16d,english,accented_english,good evening i came because of my younger sibling i noticed that their eyes and skin have an airy a pale yellowish color and this has been going on for about three days now their body is also very old borning with a fever and they cannot eat they cannot retain anything they cannot retain anything in fact they are shivering and waking heavily because their head is trouble their head is aching and their body is borning out we have tried using something saturn we gave them but even so there is absolutely no difference in their condition their eyes and skin that have that pale or yellowish color it hasn't stopped that yellow color is just increasing day by day and they are not at peace they are not comfortable they are sovereign god forbid they are really sovereign that is why i came to the hospital so that we can know what to do the steps we need to take so that my younger siblings body their skin and eyes that are turning yellow we stop and they will recover,"Good evening I came because of my younger sibling. I noticed that their eyes and skin have an airy... a pale/yellowish color. And this has been going on for about three days now. Their body is also very hot, burning with a fever, and they cannot eat. They cannot retain anything, they cannot retain anything. In fact, they are shivering/weakened heavily. Because their head is throbbing, their head is aching, and their body is burning hot. We have tried using some things at home, we gave them, but even so, there is absolutely no difference in their condition. Their eyes and skin that have that pale/yellowish color, it hasn't stopped, that yellow color is just increasing day by day, and they are not at peace, they are not comfortable, they are suffering, God forbid, they are really suffering. That is why I came to the hospital so we can know what to do, the steps we need to take, so that my younger sibling's body, their skin and eyes that are turning yellow, will stop, and they will recover.
",http://speech-app.s3.amazonaws.com/static/audio/uploads/36b89ae1-c49b-421e-aee0-92d33762fd44/986b18ca45a5dd77b85eb65c7e3c1b65_va5g39ok.wav,"Good evening. What you are describing—rapidly worsening yellow eyes and skin, fever, shivering, severe headache, vomiting everything, and body aches—is a medical emergency. The most likely cause here in Nigeria is severe malaria, which can quickly damage the liver and blood cells, leading to this jaundice. This condition can also be acute viral hepatitis or a severe bacterial infection like leptospirosis. You did the right thing coming to the hospital; we need to immediately run urgent blood tests for malaria parasites, liver function, and a full blood count. Depending on the results, we must start strong intravenous antimalarials and antibiotics, and provide supportive care like fluids and fever control right away. Please do not delay, as prompt treatment is critical for recovery.",Deepseek-v4 pro,deepseek-v4-pro
fabfb9ed-e038-4397-ae04-7e1e709be446,english,accented_english,this lady gave bath at our place this morning she delivered the baby at dawn when she arrived around 8am the person who was with her at own called us saying this lady was shavering our body was very hot and she had a lot of body issues which really bothered her we went to see the lady covered her with a clothes and checked their temperature meaning how hot our body was and it was 38.2 we performed a malaria test for this lady that is a malaria rapid test diagnosis was done this lady is nowhere it looks like malaria we asked if she had eaten and she said she hadn't eaten anything we told those who were with her to give her tea to let the lady drink it as she breastfelt the baby she said when she wanted to breastfeed the baby she noticed the baby pass too or had a bower movement we then asked the lady to sit up and lean back on the bed she was on to let her body recover better not completely but to help and her eyes were not white or pay so we advised that once she has eaten she should take paracetamol after she has finished taking the paracetamol we decided how many days it will be before we can give it to the lady again she has malaria and we perform the malaria test please we can give it to her again once she has finished eating and we have advised her to take paracetamol since she is feeling weak if it doesn't go away we will know what kind of treatment to provide,"This lady gave birth at our place this morning; she delivered the baby at dawn. When she arrived around 8:00 AM, the person who was with her at home called us, saying this lady was shivering, her body was very hot, and she had a lot of body issues which really bothered her. We went to see the lady, covered her with a cloth, and checked her temperature—meaning how hot her body was—and it was 38.2. We performed a malaria test for this lady, that is, a malaria rapid test diagnosis was done. This lady is not well, it looks like malaria. We asked if she had eaten, and she said she hadn't eaten anything. We told those who were with her to give her tea, to let the lady drink it. Has she breastfed the baby? She said when she wanted to breastfeed the baby, she noticed the baby passed stool/had a bowel movement. We then asked the lady to sit up and lean back on the bed she was on, to let her body recover better—not completely, but to help—and her eyes were not white/pale. So, we advised that once she has eaten, she should take Paracetamol. After she has finished taking the Paracetamol, we decided how many days it will be before we can give it to the lady again. She has malaria, and we performed a malaria test. Please, we can give it to her again. Once she has finished eating, and we have advised her to take Paracetamol, since she is feeling weak, if it doesn't go away, we will know what kind of treatment to provide.",http://speech-app.s3.amazonaws.com/static/audio/uploads/34deaaf1-18a1-4ca3-9164-cd204afb2440/6cdb1cbde7372af51e83a2ad7bc50b93_hyt4KGOF.wav,"Based on your description, this post-delivery mother has a fever of 38.2°C and a positive malaria rapid test—so you are correct to treat for malaria. Giving paracetamol after food is fine; you can repeat it every 4–6 hours (up to 4 times in 24 hours), but please do not delay giving a full course of artemisinin-based combination therapy (ACT) like artemether-lumefantrine, as paracetamol only relieves the fever, not the malaria parasites. She should take the complete 3-day ACT with food, while continuing to breastfeed, as this is safe and important for both mother and baby. If her fever or shivering persists beyond 48 hours after starting ACT, or if she becomes more weak, confused, or has severe pain, refer her urgently because she might have another infection like postpartum sepsis. For now, ensure she eats, drinks plenty of fluids, rests, and her baby is monitored for any danger signs as well.",Deepseek-v4 pro,deepseek-v4-pro
1ca84822-c7ea-4bee-9736-4cd89a8f0bf2,english,accented_english,i brought my nine year old child to the hospital this afternoon i sent the child on an errand to buy something from me in town but the dog beat the child when they brought the child home and explain what happen i examined the wound where the dog beat the child and i noticed that the wound is red and already swollen we made inquiries in the neighborhood to find out about the dog that beats the child and the dogs owner said they are never given the dog any vaccines they mention that it just goes out place and comes back inside they said they have never given the dog any medical treatment whatsoever this is why i became frightened and i rush the child to the hospital so that it will not turn out that the dog that breathe child is a rebit dog what could possibly happen to a child who has been beaten by a dog what could happen to a wound that is red and swollen is it possible for an infection like rebits to enter this wound is it possible for something terrible to happen to the child as a result of this dog bite please what can i do to prevent an infection from entering this wound what vaccines and what medications can be used to treat this child to ensure they receive proper care what else can we do or what medical tests can we run to take care of the wound where the dog beat this child,"I brought my nine-year-old child to the hospital this afternoon. I sent the child on an errand to buy something for me in town, but a dog bit the child. When they brought the child home and explained what happened, I examined the wound where the dog bit the child, and I noticed that the wound is red and already swollen. We made inquiries in the neighborhood to find out about the dog that bit the child, and the dog's owner said that they have never given the dog any vaccines. They mentioned that it just goes out, plays, and comes back inside. They said they have never given the dog any medical treatment whatsoever. This is why I became frightened and rushed the child to the hospital, so that it wouldn't turn out that the dog that bit the child is a rabid dog. What could possibly happen to a child who has been bitten by a dog? What could happen to a wound that is red and swollen? Is it possible for an infection like rabies to enter this wound? Is it possible for something terrible to happen to the child as a result of this dog bite? Please...
What can I do to prevent an infection from entering this wound? What vaccines and what medications can be used to treat this child to ensure they receive proper care? What else can we do, or what medical tests can we run to care for the wound where the dog bit this child?

",http://speech-app.s3.amazonaws.com/static/audio/uploads/deb5d857-a070-45c0-befc-c05e82418b64/6e7c086781508076742c00c0e90a393b_QXZ9PS88.wav,"A dog bite that is red and swollen already shows early bacterial infection, but the most serious threat here is rabies from an unvaccinated, free-roaming dog. The rabies virus enters through breaks in the skin, and because the dog has never been vaccinated and roams outside, post-exposure prophylaxis (PEP) must begin immediately—rabies is almost universally fatal once symptoms start. At the hospital, the wound should be thoroughly washed with soap and running water for at least 15 minutes, then the child needs a tetanus vaccine, a full course of rabies vaccine, and rabies immunoglobulin injected into and around the wound. An antibiotic like amoxicillin-clavulanate is typically prescribed to treat the bacterial infection, and the wound is left open or lightly dressed after cleaning. No medical test can immediately rule out rabies, so starting PEP without delay while attempting to observe the dog for 10 days is the correct, lifesaving action.",Deepseek-v4 pro,deepseek-v4-pro
9d26d614-9c65-4d84-83ec-0892de7c0b44,english,accented_english,a newborn baby that has just been delivered in our hospital about 20 minutes ago was found to appear sleepy the baby did not cry well since being delivered when we checked its respiration it was fine but the baby was as sleep all through we also checked the temperature and it was normal here is my question what could cause a newborn baby to appear as if it is sleeping and not cry properly since it bets also what kind of treatment will be effective for such baby and when the mother gets home what could she administer to the child and what she should not and what kind of food should the mother eat to ensure that both the mother and baby will be held the,"A newborn baby that has just been delivered in our hospital about twenty minutes ago, was found to appear sleepy. The baby did not cry well since being delivered. When we checked it's respiration,  it was fine but the baby was asleep althrough, we also checked the temperature, and it was normal. Here is my question, what could cause a new born baby to appear as if it is sleeping? And not cry properly since it's birth? Also, what kind of treatment will be effective for such baby? And, when the mother gets home, what could she administer to the child and what she should not, and what kind of food should the mother eat to ensure that both the mother and baby will be healthy?",http://speech-app.s3.amazonaws.com/static/audio/uploads/f39b0d23-0b11-41d2-b8a4-5a77de83a722/18ec2caec652931aed574581a199be42_67evFiUC.wav,"The baby's sleepiness and weak cry could be due to mild birth asphyxia, low blood sugar (hypoglycemia), or sedative medications given to the mother during labour. In your hospital, check the baby's blood sugar immediately; if low, manage with early and frequent breastfeeding, expressed breast milk, or intravenous dextrose as per protocol. At home, give the baby only exclusive breast milk—strictly no water, no herbal mixtures, no gripe water, and no native concoctions, which can cause dangerous infections or low sugar. The mother should eat a balanced Nigerian diet rich in energy-giving foods like pap with milk, soups with vegetables, protein from fish or beans, fruits, and plenty of fluids to support strong breast milk and her own health. If the baby remains too sleepy to feed or develops any fast breathing, fever, or abnormal movements, return to the hospital immediately.",Deepseek-v4 pro,deepseek-v4-pro
3824cff9-42c8-4c4f-aa0b-edac22256149,english,accented_english,i am a married woman 35 years old please i brought my 5 month old baby for examination and guidance i have resumed work but surprisingly for about the past three days i have noticed that my baby has been coughing repeatedly we have tried everything we can think of to stop the cough but i can see that the cough has not gone away i am usually not at home when i leave in the morning i do not return until around 6 p m my mother stays at home with the baby whenever i have the opportunity to call i do so and ask about the cough and they keep telling me that the baby is still coughing the baby is five months old he is no longer taking only breast milk because i have resumed work i have breastfed him exclusively for three months and after that i started giving him other foods i have been giving him different foods including purp and other baby foods that i know what is even more surprising is that since last night his breathing has not been normal he is not breathing well and his nose is completely blocked my mother even said that while baiting him this morning she had to use a little warm water around his nose and chest because the cough had become severe the breathing problem has also started he is no longer breathing properly and his breathing is not clear and free any more please my question is what can i use for him to stop the cough and concerning the breathing that is no longer clear what can i do what can i use for him and what steps can i take so that he can breathe properly and nothing will obstruct his breathing,"I am an married woman, thirty-five years old. Please, I brought my five-month-old baby for examination and guidance.
I have resumed work. But surprisingly, for about the past three days, I have noticed that my baby has been coughing repeatedly. We have tried everything we can think of to stop the cough, but I can see that the cough has not gone away.
I am usually not at home. When I leave in the morning, I do not return until around 6 p.m. My mother stays at home with the baby.
Whenever I have the opportunity to call, I do so and ask about the cough, and they keep telling me that the baby is still coughing.
The baby is five months old. He is no longer taking only breast milk because I have resumed work. I breastfed him exclusively for three months, and after that I started giving him other foods.
I have been giving him different foods, including pap, and other baby foods that I know.
What is even more surprising is that since last night, his breathing has not been normal. He is not breathing well, and his nose is completely blocked.
My mother even said that while bathing him this morning, she had to use a little warm water around his nose and chest because the cough had become severe.
The breathing problem has also started. He is no longer breathing properly, and his breathing is not clear and free anymore.
Please, my question is: what can I use for him to stop the cough? And concerning the breathing that is no longer clear, what can I do, what can I use for him, and what steps can I take so that he can breathe properly and nothing will obstruct his breathing?",http://speech-app.s3.amazonaws.com/static/audio/uploads/e5d41243-231d-4c9d-996b-f18154a279e4/8467bf6a7aae1ace111e579272aeb282_g6jdfMfk.wav,"Cough and difficult breathing in a 5-month-old baby can quickly become serious, so this requires urgent medical attention today, not just home remedies. The combination of worsening cough, nasal blockage, and labored breathing strongly suggests a lower respiratory infection like bronchiolitis or pneumonia, which is common in infants and can escalate fast. Please take your baby immediately to the nearest primary health center or hospital where a doctor or nurse can check the oxygen level, listen to the chest, and start appropriate treatment such as oxygen or antibiotics if needed. While preparing to go, you can gently clear the nose with saline drops and a soft bulb suction, and keep the baby propped upright; the warm water your mother used is helpful for comfort but will not treat the underlying breathing problem. Avoid giving any cough syrups or unprescribed medicines, and if you notice fast breathing, flaring nostrils, the chest sinking in with each breath, or difficulty feeding, rush to the hospital without delay.",Deepseek-v4 pro,deepseek-v4-pro
11af86b9-5656-4db4-85c5-41a89d38ab56,english,accented_english,a caregiver who is taking care of a small child noticed that the child is caring for a struggling to breathe and the child's breathing is not normal she also noticed that the child coughs repeatedly and the cough is very severe the child is not a baby that was abandoned at birth nor a child that is usually baited with cold water what then can cause a small child to be breathing with difficulty and coughing repeatedly and why would breathing not be easy for the child as it should be what can be done about this situation,"A caregiver who is taking care of a small child noticed that the child she is caring for is struggling to breathe, and the child's breathing is not normal.
She also noticed that the child coughs repeatedly, and the cough is very severe.
The child is not a baby that was abandoned at birth, nor a child that is usually bathed with cold water.
What then can cause a small child to be breathing with difficulty and coughing repeatedly, and why would breathing not be easy for the child as it should be? What can be done about this situation?",http://speech-app.s3.amazonaws.com/static/audio/uploads/15234559-17a3-458f-8370-b7127d1a46bb/1b753148ca88263ad38b075c5597b8e4_sWn7s2Zk.wav,"In a small child, repeated severe cough with difficulty breathing is most commonly caused by pneumonia, bronchiolitis, or sometimes asthma—all highly prevalent in our setting. Breathing struggles because the airways become narrowed by inflammation, thick mucus, or spasm, blocking easy airflow. This is a life-threatening emergency; the child needs urgent medical assessment for oxygen and appropriate drugs. Take the child to the nearest health facility immediately, keeping them upright and offering breast milk or fluids if they can swallow safely. With prompt treatment—often antibiotics for bacterial pneumonia or inhaled relievers—most children recover well.",Deepseek-v4 pro,deepseek-v4-pro
802d0602-027d-4b98-8545-91fa8032ea5c,english,accented_english,i took my pregnant friend who is eighteen years old to the hospital because she had gone into labor and her time had come when we arrived at the hospital and they had carried out all the necessary assessments her blood pressure was high after they had completed all that needed to be done she continued in labor she remained in labor for about twelve hours her husband was nearby and the doctors advised that she should give consent for a caesarean section because she had been in labor for a long time my friend refused she said no not at all i want to give bed naturally like the hebrew woman she eventually delivered the baby after twelve hours of labor she gave bed to a healthy looking baby girl and we thanked god however what was surprising was that the baby was not breathing properly they stimulated the baby repeatedly patting and rubbing her she cried but her breathing was still not normal they quickly gave her oxygen doctor please will this baby survive and if she survives will she no become a disabled child,"I took my pregnant friend, who is eighteen years old, to the hospital because she had gone into labour and her time had come. When we arrived at the hospital and they had carried out all the necessary assessments, her blood pressure was high.
After they had completed all that needed to be done, she continued in labour. She remained in labour for about twelve hours. Her husband was nearby, and the doctors advised that she should give consent for a Caesarean section because she had been in labour for a long time.
My friend refused. She said, “No, not at all. I want to give birth naturally like the Hebrew women.”
She eventually delivered the baby. After twelve hours of labour, she gave birth to a healthy-looking baby girl, and we thanked God. However, what was surprising was that the baby was not breathing properly. They stimulated the baby repeatedly, patting and rubbing her. She cried, but her breathing was still not normal. They quickly gave her oxygen.
Doctor, please, will this baby survive? And if she survives, will she no become a disabled child?",http://speech-app.s3.amazonaws.com/static/audio/uploads/f9ee8a8c-79a4-489b-8cbf-650888877449/2a09dccd062daacfe47ff7ae4cade3f1_uXgCmMLy.wav,"Thank you for sharing this story. The baby’s breathing trouble after a long labour with maternal high blood pressure suggests birth asphyxia, where the baby’s oxygen supply was briefly reduced during delivery. Fortunately, the fact that she cried and is now receiving oxygen is very reassuring; most babies in this situation survive and fully recover, especially when breathing support is started promptly. The risk of lasting disability like cerebral palsy is low if the baby does not develop seizures, feeds well, and remains alert. I strongly advise the hospital team to continue monitoring her closely for at least 24–48 hours and to refer for routine paediatric follow-up to track her development. With this care, the chances of a healthy, normal future are high.",Deepseek-v4 pro,deepseek-v4-pro
0645a7cc-2804-4b30-9261-c21d6a998d39,english,accented_english,as a brave woman holding a child seeing that the child is fifthrish the child suddenly starts shaking the child is having conversance and is no longer in control what kind of illness is affecting this nursing mother shirt and what kind of care can be given to this shirt,"As a brave woman holding her child, seeing that the child is feverish, the child suddenly starts shaking. The child is having convulsions and is no longer in control. What kind of illness is affecting this nursing mother's child? And what kind of care can be given to this child?",http://speech-app.s3.amazonaws.com/static/audio/uploads/c42bdadd-cd31-4ade-b25b-e64accc38daf/e6c5a77a8eadc9388a4211cfa991ab78_QF49INUr.wav,"The child is most likely experiencing a febrile convulsion, a seizure triggered by a rapid rise in body temperature, common in children aged 6 months to 5 years.

First aid: lay the child on their side on a safe, flat surface to keep the airway clear; do not hold them down or put anything in their mouth.

Once the shaking stops, reduce the fever by giving paracetamol (according to weight) and gently sponging the body with lukewarm (not cold) water.

Take the child to the nearest health facility immediately to diagnose and treat the cause of the fever—malaria and other infections are frequent triggers in our setting.

If the convulsion lasts longer than 5 minutes or the child does not fully wake up, this is an emergency requiring urgent medical intervention.",Deepseek-v4 pro,deepseek-v4-pro
e94dcaf7-da59-4427-af78-e3283cdc2a22,english,accented_english,good evening doctor please i brought my child to the hospital because i noticed that the way it breathes it makes it sound as if here is passing through a small hole it sounds like whizzing it also sounds like someone blowing a whistle and is struggling to breathe properly i have also noticed that for about three days now he usually cough at night sometimes i notice his chest drawing in and out intensely as if he's working extra hard just to breathe i also noticed that he can no longer eat well as before whenever he wants to eat he has to pause to catch his breath this situation hasn't given him the chance to feed properly for about three days now i have already taken him to the local chemist patent medicine store in our neighborhood and he gave me some cough medicine for him because he was coughing slightly though the cough was not severe but despite all the medication he took i noticed he didn't work his breathing remains the same and his tea cannot hate well please what kind of condition is affecting my child with this whistling breadth also does he need a chest examination x to find out what is troubling him and why his chest is even up and down what kind of treatment can i give this child atom to help ease is breathing so he can breath properly are there are other medication or alternative measures i can take for this child,"Good evening doctor. Please, I brought my child to the hospital because I noticed that the way he breathes, he makes a sound as if air is passing through a small hole. It sounds like wheezing. It also sounds like someone blowing a whistle, and he is struggling to breathe properly.
I have also noticed that for about three days now, he usually coughs at night. Sometimes, I notice his chest drawing in and out intensely, as if he is working extra hard just to breathe. I also noticed that he can no longer eat well as before. Whenever he wants to eat, he has to pause to catch his breath. This situation hasn't given him the chance to feed properly for about three days now.
I have already taken him to the local chemists (patent medicine stores) in our neighborhood, and they gave me some cough medicine for him because he was coughing slightly, though the cough wasn't severe. But despite all the medication he took, I noticed it didn't work. His breathing remains the same, and he still cannot eat well. Please, what kind of condition is affecting my child with this whistling breath? Also, does he need a chest examination (X-ray) to find out what is troubling him and why his chest is heaving up and down? What kind of treatment can I give this child at home to help ease his breathing so he can breathe properly? Are there other medications or alternative measures I can take for this child?",http://speech-app.s3.amazonaws.com/static/audio/uploads/81e541ed-a531-4bbb-b94e-49209e8390dc/0d281c7912de63bbf4768a71d3186f2f_354vIHpE.wav,"Your child’s whistling sound, chest indrawing, and difficulty feeding point to **acute bronchiolitis or asthma**, conditions that cause the small airways to narrow and trap air, making breathing hard. The poor feeding for three days is a **danger sign** of severe respiratory distress, meaning he needs **urgent hospital care** to receive oxygen and inhaled medicines. A chest X-ray may be done if the doctor suspects pneumonia or a foreign body, but the immediate priority is relieving the airway obstruction with **nebulized salbutamol (ventolin)** and possibly steroids, not just a cough syrup. The cough medicine from a patent medicine store contains no bronchodilator and will not open his tight airways; some syrups can even suppress breathing. Please take him to the nearest hospital emergency room **now**—do not rely on home remedies or alternative measures, as his condition can worsen quickly without proper support.",Deepseek-v4 pro,deepseek-v4-pro
2d3577d4-0796-481d-b7cd-df6912cbf4df,english,accented_english,after i gave baths and i was trying to recover one evening i thought that since we did not have clean water in our area if i wanted to bath i will always use water that is not clean all the time i kept thinking that i should take care of myself and be batting properly then when it became one evening my body was no longer away i started feeling cold and my body began to shiver every day i was feeling cold but my body was not well again i noticed that the blood that was coming out after child bath had the smell coming from there that was not good at all the smell was much and this had not happened before i could not take my eyes away from it as i got up that was when i was coming to the hospital to ask whether the clean water that i used to bath could cause any illness after child baths,"After I gave birth and I was trying to recover, one evening I thought that since we did not have clean water in our area, if I wanted to bathe, I would always use water that is not clean all the time, I kept thinking that I should take care of myself and be bathing properly.
Then, when it became one evening, my body was no longer well. I started feeling cold, and my body began to shiver every day. I was feeling cold, but my body was not well again. I noticed that the blood that was coming out after childbirth had a smell coming from there that was not good at all. The smell was much, and this had not happened before.
I could not take my eyes away from it. As I got up, that was when I was coming to the hospital to ask whether the clean water that I used to bathe could cause any illness after childbirth ",http://speech-app.s3.amazonaws.com/static/audio/uploads/b4129300-516c-4e8c-b210-8a7a68eb2c40/4dc9ce6a313e6f7f05e2097d99201126_aCvc58WL.wav,"Using unclean water to bathe after childbirth can introduce harmful germs into the healing birth canal or any perineal tears, leading to a serious infection called postpartum endometritis. The shivering, persistent cold sensation, and foul-smelling vaginal discharge you describe are classic warning signs of such an infection. This is a medical emergency that needs immediate hospital evaluation and antibiotic treatment, as it can quickly become life-threatening if left unmanaged. Please come to our hospital straight away so we can examine you, take swabs, and start proper treatment. Even if you later used clean water, any earlier exposure to dirty water could have already introduced infection.",Deepseek-v4 pro,deepseek-v4-pro
68e2eedf-1921-4b44-b284-6ba909e084ab,english,accented_english,a woman was brought to the hospital this morning because she was bleeding heavily and this had caused her a great deal of distress she was asked whether this had happened to her before and she replied that it had happened about twice previously during which she usually experienced pain and the bleeding would occur intermittently she was then asked whether she might be having a miscarriage but she said she did not know whether she was pregnant or whether she had become pregnant she was asked when she last had her mestrual period and she replied that it had not been very long as she had her last mestrual period about one and a half month ago before this bleeding started again this morning please what could cause a woman to bleed this heavily what emergency steps can be taken what treatment can be given to this woman to save her life and stop the bleeding what medicines or injections that help stop bleeding can be given to her first and what investigations can be carried out to determine the cause of such severe bleeding,"A woman was brought to the hospital this morning because she was bleeding heavily, and this had caused her a great deal of distress. She was asked whether this had happened to her before, and she replied that it had happened about twice previously, during which she usually experienced pain and the bleeding would occur intermittently. She was then asked whether she might be having a miscarriage, but she said she did not know whether she was pregnant or whether she had become pregnant. She was asked when she last had her menstrual period, and she replied that it had not been very long, as she had her last menstrual period about one and a half months ago before this bleeding started again this morning. Please, what could cause a woman to bleed this heavily? What emergency steps can be taken? What treatments can be given to this woman to save her life and stop the bleeding? What medicines or injections that help stop bleeding can be given to her first? And what investigations can be carried out to determine the cause of such severe bleeding?",http://speech-app.s3.amazonaws.com/static/audio/uploads/eb9586ba-957b-4df0-ae41-ac9006ddc311/dcadd9f16fe403f945da88220e59fd8d_siqXJ6Nv.wav,"Based on the history of a 6-week amenorrhoea, recurrent painful bleeds, and current heavy vaginal bleeding, the most likely causes are a miscarriage (threatened, incomplete) or an ectopic pregnancy; other possibilities include a uterine fibroid or anovulatory bleeding.  
Emergency steps are to secure two large-bore IV lines, begin rapid infusion of normal saline or Ringer’s lactate, and place her in the anti-shock position while monitoring vital signs.  
To save her life and stop bleeding, immediately give intravenous tranexamic acid 1 g slowly (an antifibrinolytic that stabilises clots) and, if any pregnancy is possible, intramuscular oxytocin 10 IU to contract the uterus; if the cervical os is open and products are visible, perform a gentle manual vacuum aspiration as the definitive treatment.  
First-line medicines that help stop bleeding are tranexamic acid and oxytocin (or ergometrine), with additional misoprostol 800 μg rectally if the uterus is not well contracted.  
Key investigations include a bedside urine pregnancy test, an urgent pelvic ultrasound (to check for intrauterine pregnancy, adnexal mass, or free fluid), and a complete blood count with platelet count, blood group/cross-match, and coagulation profile.",Deepseek-v4 pro,deepseek-v4-pro
634fa780-5573-414f-88cb-005ac0334812,english,accented_english,my name is mrs akin leye for about the past two months i have noticed that my husband's spiriting has not been normal at all he also sneezes repeatedly especially whenever he is in a dusty environment or in a place where something is being fried he sneezes repeatedly and finds it difficult to breathe properly his breathing becomes labored and he tends to sneeze whenever he is in places with smoke or dust is there any test that can be carried out to determine exactly what is causing these symptoms could staying in dusty places be the cause or is his body's system changing in a way that is making this happen what type of medication can he use so that his breathing will become normal and comfortable at all times wherever he may be,"My name is Mrs. Akinleye. For about the past two months, I have noticed that my husband's breathing has not been normal at all. He also sneezes repeatedly, especially whenever he is in a dusty environment or in a place where something is being fried. He sneezes repeatedly and finds it difficult to breathe properly.

His breathing becomes laboured, and he tends to sneeze whenever he is in places with smoke or dust.

Is there any test that can be carried out to determine exactly what is causing these symptoms? Could staying in dusty places be the cause, or is his body's system changing in a way that is making this happen? What type of medication can he use so that his breathing will become normal and comfortable at all times, wherever he may be?",http://speech-app.s3.amazonaws.com/static/audio/uploads/ec4f6e3a-cc90-40af-b4a4-ce64791f44ea/033ee62500b0f6cdcafded4a86bfceb6_Nq3Rh0eq.wav,"Thank you, Mrs. Akin Leye. The sneezing fits and laboured breathing your husband experiences in dusty, smoky, or frying environments strongly point to allergic airway disease—likely allergic rhinitis with possible underlying asthma. To determine the exact cause, he should have a doctor’s evaluation, which may include a lung function test (spirometry) to measure how well his airways work, plus allergy tests (skin prick or blood IgE) to identify specific triggers like dust mites or smoke particles. Dusty or smoky places are not the sole cause, but they provoke his already sensitised immune system, so avoidance is crucial. For relief, a nasal corticosteroid spray and an antihistamine can control the sneezing, and if asthma is confirmed, a reliever inhaler (e.g., salbutamol) and a preventer inhaler (inhaled corticosteroid) will help keep his breathing comfortable anywhere. Please take him to a clinician for a proper diagnosis and a personalised treatment plan before using any medications.",Deepseek-v4 pro,deepseek-v4-pro
575d714b-cbfc-4716-8ac4-6f5293dbda4c,english,accented_english,one of my senior siblings just gave birds to a girl a few days ago she noticed that any time she breastfeed she have difficulty in breathing sometime the child stops sucking suddenly like the child is lifeless one day the mother see that when she breastfeed the child at midnight she noticed that the child's lips is already changing little by little she was so disappointed and confused she tried carrying the child up so that the child to breathe well but the child have difficulty in breathing ha was also afraid when he saw the child having difficulty breathing and the lips tinging they quickly carried the child to the hospital for medical attention what can the lips of a newborn child change color and its difficulty breathing when a child is soaking a dangerous sign and its heart disease or liver disease cause a child difficulty in breathing what are other dangerous signs and symptoms that parents can be cautious of and what are the emergency treatment that can be given to a child that have difficulty in breathing,"One of my senior siblings just gave birth to a girl few days ago , she noticed that anytime she breast feed she have difficulty in breathing , sometime the child stops sucking suddenly like the child is lifeless , one day the mother see that when she breastfeed the child at midnight she noticed that the child lips is already changing little by little she was so disappointed and confused, she tried  carrying  the child up so that the child to breathe well but the child have difficulty in breathing , her was also afraid when he saw the child having difficulty breathing and the lips changing , they quickly carried the child to the hospital for medical attention , what can the lips of a newborn child change color and is difficulty breathing when a child is sucking a   dangerous sign and is heart disease or liver disease cause a child difficulty in breathing , what are other dangerous signs and symptoms that parent can be cautious of , and what are the emergency treatment that can be given to a child that have difficulty in breathing.",http://speech-app.s3.amazonaws.com/static/audio/uploads/7be9c928-7f0f-4c19-9249-8ea1b8b7114b/579c1298419c4072bbd9cee824e7b5fc_EpLpKzin.wav,"Cyanosis (lips turning blue) while feeding with breathing difficulty is a **dangerous sign** strongly suggesting a congenital heart defect, where blood oxygen levels drop during the effort of sucking. While severe liver disease can rarely cause breathing trouble, heart disease is the far more common cause in a newborn with this presentation. Other critical warning signs parents must watch for include fast breathing (over 60 breaths/min), grunting, nasal flaring, chest in-drawing, poor feeding, lethargy, or seizures. The immediate emergency action is to **keep the baby warm**, clear the mouth gently if needed, place the baby in a semi-upright position to ease breathing, and **rush to the nearest hospital without delay**—oxygen and urgent medical care are essential.",Deepseek-v4 pro,deepseek-v4-pro
50f48a3a-dc2e-4212-b1e0-a5bf5e1680e5,english,accented_english,a woman just gave bath to a newborn baby at our hospital this morning her delivery was very easy and she gave bet to the baby's motorly and without complications shortly after this woman gave baths we observed that the pad placed under her quickly became soaked with blood and it was quite a lot a few minutes later the woman used another pad yet it was also filled with blood very quickly before long the woman started feeling weak and the bleeding became so heavy that it did not stop what could be the cause of postpartum hemorrhage what could cause the bleeding to not stop is it possible that a second baby remains inside this woman is it possible that the woman's suffix is torn is it possible that a uterus is failing to contract to stop the bleeding what could cause the heavy continuous bleeding that this woman is experiencing what steps can we take for this woman to stop the bleeding what kind of injection or medication can be used for this woman and should we send this woman to a larger hospital or is there another procedure we can perform on this woman to make the bleeding stop,"A woman just gave birth to a newborn baby at our hospital this morning. Her delivery was very easy, and she gave birth to the baby smoothly and without complications.
Shortly after this woman gave birth, we observed that the pad placed under her quickly became soaked with blood, and it was quite a lot. A few minutes later, the woman used another pad, yet it was also filled with blood, very quickly. Before long, the woman started feeling weak, and the bleeding became so heavy that it did not stop.
What could be the cause of postpartum hemorrhage? What could cause the bleeding to not stop? Is it possible that a second baby remains inside this woman? Is it possible that the woman's cervix is torn? Is it possible that her uterus is failing to contract to stop the bleeding? What could cause the heavy, continuous bleeding this woman is experiencing? What steps can we take for this woman to stop the bleeding? What kind of injection or medication can be used for this woman, and should we send this woman to a larger hospital, or is there another procedure we can perform on this woman to make the bleeding stop?",http://speech-app.s3.amazonaws.com/static/audio/uploads/db4c2fcf-091a-4961-b02e-fe9bc2b1aa53/777fa56b6828ce2f419592b4c4d97445_DjTDSS1u.wav,"Based on your description, the most common cause is uterine atony—the uterus failing to contract firmly after delivery, leading to heavy, continuous bleeding. Retained placental fragments or a second undetected baby (retained twin) is possible but less common, and a cervical tear can also cause brisk bleeding. To stop the bleeding urgently, vigorously massage the uterus (fundal massage), empty the bladder, and give an injection of oxytocin 10 IU intramuscularly (or slow IV) along with IV fluids. If the uterus remains soft and bleeding continues, a skilled provider can perform bimanual uterine compression and consider additional medicines like ergometrine (if no hypertension) or tranexamic acid. As this is a life-threatening emergency, simultaneously arrange immediate transfer to a larger hospital for possible surgical intervention if the bleeding does not stop with these measures.",Deepseek-v4 pro,deepseek-v4-pro
14591848-1a55-464f-b893-cdc64a9a9b42,english,accented_english,a grandmother noticed that her child that has been with her after she gave birth about three days ago the bleeding following childbirth was heavier than normal she also noticed that she was turning pale her hands feet face and ears were pale she was shivering and warm however in the last three days she noticed that all her feet and hands became cold and she was completely exhausted and unable to do anything that is why she brought her to the hospital so that the doctor would examine her body she asked directly if it was possible that the doctor did not clean her womb properly which is causing the heavy bleeding she also specifically requested that the doctor prescribe injections or medication to help stop this bleeding so that she can regain her strength and then can care for her child,"A grandmother noticed that her child, that she has been with after she gave birth, about three days ago, the bleeding following childbirth was heavier than normal. She also noticed that she was turning pale; her hands, feet, face, and ears were pale. She was shivering and warm. However, in the last three days, she noticed that all her feet and hands became cold, and she was completely exhausted and unable to do anything. This is why she brought her to the hospital so that the doctor could examine her body. She asked directly if it was possible that the doctor did not clean her womb properly, which is causing the heavy bleeding. She also specifically requested that the doctor prescribe injections or medication to help stop this bleeding, so that she can regain her strength and they can care for her child.",http://speech-app.s3.amazonaws.com/static/audio/uploads/fb07a655-9c3c-4fbe-8324-0189c3e58d53/7cca339e90a4f55800638d298c96c72a_KIj3zLqJ.wav,"Your daughter’s heavy bleeding three days after childbirth, together with paleness, shivering, and now cold hands and feet with extreme tiredness, tells us she has secondary postpartum haemorrhage with severe anaemia and likely an infection that has progressed toward shock — this is a medical emergency. The cause may be retained pieces of the afterbirth (what you call “the womb not being cleaned properly”), but it can also be due to an infection inside the womb or poor contraction of the womb muscles, so we will examine her thoroughly and may do a bedside ultrasound to check. To stop the bleeding we will quickly give injections of oxytocin and other medicines like misoprostol to help the womb contract, along with antibiotics for infection, and if there are retained products we may need to perform a gentle evacuation. Because she has lost a dangerous amount of blood, she will almost certainly need a blood transfusion to replace what was lost, which will restore her colour and strength. With these immediate treatments, the bleeding will stop, and she will recover well enough to care for her baby — we are acting now to make her safe.",Deepseek-v4 pro,deepseek-v4-pro
9371f442-cbd3-4f12-8591-cbf47aef3c1d,english,accented_english,ala bukun said that she has been having blurred vision together with weakness and that headache has not allowed her to be comfortable for about two weeks she has not been able to sleep well at night both her legs hands and face have been swollen she has been trying her best she was advised to take some things but she did not notice any improvement she was reassured that she would get better she was examined and there was no obvious respiratory distress all the important things that needed to be assessed were checked and there was nothing else significant she was able to climb its tair kiss without difficulty her blood pressure was checked and it was found to be 168 over 100 she was asked to rest and after some time with us her blood pressure was checked again and it was 150 over 90 it was noted that she was pregnant therefore treatment for high blood pressure that is suitable for pregnant women was started since it is considered safe in pregnancy she was also educated on all the things she should avoid doing especially avoiding excessive stress that could cause her blood pressure to rise further my question is after all the things that have been done for this kind of pregnant woman for pregnant women who have persistent headache and facial swelling what other measures can be used to manage such a pregnant woman without causing her condition to progress to convulsions considering that she is pregnant also what are the things a pregnant woman can do to prevent getting to this stage before she presents in such a condition,"Alabukun said that she has been having blurred vision, together with weakness, and that headache has not allowed her to be comfortable. For about two weeks, she has not been able to sleep well at night. Both her legs, hands, and face have been swollen. She has been trying her best. She was advised to take some things, but she did not notice any improvement. She was reassured that she would get better.
She was examined, and there was no obvious respiratory distress. All the important things that needed to be assessed were checked, and there was nothing else significant. She was able to climb a staircase without difficulty. Her blood pressure was checked, and it was found to be 168/100. She was asked to rest, and after some time with us, her blood pressure was checked again, and it was 150/90.
It was noted that she was pregnant. Therefore, treatment for high blood pressure that is suitable for pregnant women was started, since it is considered safe in pregnancy. She was also educated on all the things she should avoid doing, especially avoiding excessive stress that could cause her blood pressure to rise further.
My question is: after all the things that have been done for this kind of pregnant woman, for pregnant women who have persistent headaches and facial swelling, what other measures can be used to manage such a pregnant woman without causing her condition to progress to convulsions, considering that she is pregnant? Also, what are the things a pregnant woman can do to prevent getting to this stage before she presents in such a condition?",http://speech-app.s3.amazonaws.com/static/audio/uploads/05a0ce16-acc5-4c2a-a83a-c9db0b514143/8d8b2a4adf2e66e2855e6d8d21fdc084_0F8FqeQt.wav,"To prevent progression to convulsions in this scenario of severe pre-eclampsia, start magnesium sulphate immediately using the Pritchard regimen (4 g IV loading dose followed by 10 g IM, then 5 g IM every 4 hours) as it is the proven seizure prophylaxis. Admit her for strict inpatient monitoring of blood pressure, urine output, and deep tendon reflexes, and add a second safe antihypertensive like oral nifedipine or methyldopa if pressures remain above 160/110 mmHg. Ensure left lateral rest, restrict intravenous fluids to avoiding pulmonary oedema, and plan early delivery once the fetus is viable or if maternal condition worsens. For prevention, pregnant women should attend regular antenatal visits for early detection, take low-dose aspirin from 12 weeks if at risk, reduce salt intake, avoid excessive stress, and urgently report warning signs such as persistent headache, visual changes, or facial swelling.",Deepseek-v4 pro,deepseek-v4-pro
583bdd4f-0b3b-415b-89cc-4e24c55c6bb5,english,accented_english,adeolu is a ten year old child whose mother was my sister however for a few days now i have noticed that this child sits alone ever since his mother died he does not want to play with anyone and he does not want to talk to anyone he has also started refusing to eat and it looks like he is thinking too much and his heart broken this frightened me so i decided to take him to the hospital for help when i got to the hospital i asked the doctor could this child's condition be due to the grief of his mother's death and what can i do to help a tone but does this child need to speak to a mental health professional or what can i do to make him eat or play with his pears or does he need any medication to help,"Adeolu is a ten-year-old child whose mother was my sister. However, for a few days now, I have noticed that this child sits alone ever since his mother died; he does not want to play with anyone, and he does not want to talk to anyone. He has also started refusing to eat, and it looks like he is thinking too much and is heartbroken. This frightened me, so I decided to take him to the hospital for help. When I got to the hospital, I asked the doctor, 'Could this child's condition be due to the grief of his mother's death?' And, 'What can I do to help at home, or does this child need to speak to a mental health professional, or what can I do to make him eat or play with his peers, and does he need any medication to help?",http://speech-app.s3.amazonaws.com/static/audio/uploads/6cc16740-ef5f-4ccb-9b54-2a05f9a40f74/70f14657b1a3b0c1a9f82a19e1cd2525_oewToQ2K.wav,"Yes, his withdrawn behaviour and loss of appetite are likely an acute grief reaction to his mother’s death, which can present with social isolation and depressed mood in children. In the first instance, he needs a safe, supportive environment: do not force him to eat or play; instead, offer small, favourite meals calmly and quietly sit with him to show he is not alone. I would strongly recommend involving a child mental health professional (a psychologist or child psychiatrist) for bereavement counselling, because prolonged grief can evolve into childhood depression and affect his development. Medication is not routinely used for grief unless he develops persistent depressive symptoms with severe functional decline or suicidal thoughts, which would require specialist evaluation. In our community setting, you can also involve a trusted teacher, pastor, or a community health worker trained in psychological first aid to gently encourage him to express his feelings through drawing or storytelling while monitoring him for any worsening over the next two to four weeks.",Deepseek-v4 pro,deepseek-v4-pro
71f535be-97b3-4f06-add7-1940d8dbc059,english,accented_english,a woman at a baby a child about five months ago she explained regarding the child that there was nothing wrong at the time she gave bats and as the baby was feeling vigorously as expected suddenly she noticed that the baby would cry out in pain in their arms and legs it also reached the point where the child would call for help to get up to crop or to move so as to reach their mother please what can this woman do for the child to relieve the pain in the arms and legs and to ensure they don't delay their developmental milestones therefore the woman wants to come to the hospital with the child to see a doctor to find out what can be done to help the child's body recover and be in a healthy state,"A woman had a baby—a child—about five months ago. She explained regarding the child that there was nothing wrong at the time she gave birth, as the baby was feeding vigorously as expected. Suddenly, she noticed that the child would cry out in pain in their arms and legs. It also reached the point where the child would call for help to get up, to crawl, or to move, so as to reach their mother. Please, what can this woman do for the child to relieve the pain in the arms and legs, and to ensure they don't delay their developmental milestones? Therefore, the mother wants to come to the hospital with the child to see a doctor to find out what can be done to help the child's body recover and be in a healthy state",http://speech-app.s3.amazonaws.com/static/audio/uploads/7cd6f959-49e3-419b-9ab3-1f5e886c1ba1/0acd54afa1089dc7e74c58cf4ad98b3f_IZsyDSK5.wav,"Bring the child to the hospital immediately for a doctor’s evaluation, as the painful, restricted limb movements in a previously well 5-month-old can signal serious conditions like acute osteomyelitis, septic arthritis, scurvy, or non-accidental injury that need urgent treatment to protect development. While on your way, you can give weight-appropriate paracetamol drops (typically 10–15 mg/kg per dose) to help ease the pain, but this does not replace medical assessment. In our setting, we will examine the baby, possibly run blood tests and imaging, and start targeted therapy—such as antibiotics for infection, vitamin C for scurvy, or orthopaedic care—to relieve pain and allow normal movement. Early appropriate treatment is the best way to prevent delays in crawling and other milestones, as prolonged pain and immobility can slow development. Please come quickly; we are here to help the child recover fully and stay healthy.",Deepseek-v4 pro,deepseek-v4-pro
11656545-49a4-44b9-878c-6a5f22983699,english,accented_english,an elderly man came to our local hospital this man said he has a severe edic his neck is stiff and he has rashes suddenly appearing on his body he came to ask what could be causing it and what kind of treatment can be given to him we asked the man whether the edic started suddenly or if it came gradually the man said he started suddenly at night and has become very severe now we also asked him if he can look at light properly and he said no because light affects his earth and makes the edic was we also asked him about the ration his body whether it is painful much or mind the man said it is all over his body and he cannot point to one particular place because he teaches him after that we asked him if he had contact with any sick person recently and the man said they have not gone anywhere except selling good in front of their house they have not had contact with any sick person our question for the doctor is that what could cause this kind of headache and stiff neck where this man cannot turn his neck with brashes all over his body what can cause it is it an infectious disease or something else our second question is what kind of test can this man do to know exactly what is wrong with him for proper treatment and what medicine can he use before his test results come out,"An elderly man came to our local hospital. This man said he has a severe headache, his neck is stiff, and he has rashes suddenly appearing on his body. He came to ask what could be causing it and what kind of treatment can be given to him.
We asked the man whether the headache started suddenly or if it came gradually. The man said it started suddenly at night and has become very severe now. We also asked him if he can look at light properly, and he said no, because light affects his head and makes the headache worse.
We also asked him about the rash on his body, whether it is painful, much, or mild. The man said it is all over his body, and he cannot point to one particular place, but it itches him.
After that, we asked him if he had contact with any sick person recently, and the man said they had not gone anywhere except selling goods in front of their house. They have not had contact with any sick person.
Our question for the doctor is what could cause this kind of headache and stiff neck where this man cannot turn his neck, with rashes all over his body? What can cause it? Is it an infectious disease or something else?
Our second question is what kind of tests can this man do to know exactly what is wrong with him for proper treatment, and what medicine can he use before his test results come out?",http://speech-app.s3.amazonaws.com/static/audio/uploads/56c06702-8533-49f8-9d55-48b8556ca098/35e38b5485d93c3aa8c6aaffc424657e_QW5uvo0l.wav,"The sudden onset of severe headache, neck stiffness, light sensitivity (photophobia), and a widespread rash in this elderly man is highly suggestive of **acute bacterial meningitis**, most likely meningococcal disease, which is infectious and a medical emergency.  

Key tests to identify the exact cause are a **lumbar puncture** for cerebrospinal fluid analysis (Gram stain, culture, antigen testing, cell count), **blood cultures**, a **full blood count**, and a **malaria rapid diagnostic test** to rule out cerebral malaria, which can occasionally mimic these signs.  

Before test results return, treatment must begin immediately: give **intravenous ceftriaxone** 2 g every 12 hours (or cefotaxime if available) and a single dose of **dexamethasone 10 mg IV** to reduce neurological complications, as per standard meningitis protocols.  

Also administer **paracetamol** for pain and fever, and maintain close monitoring of vital signs.  

If the facility cannot perform a lumbar puncture, provide the first antibiotic dose and urgently refer him to a higher-level hospital equipped for the procedure and intensive care.",Deepseek-v4 pro,deepseek-v4-pro
22bc653f-3cbe-4611-9dcd-24e56a2bdf3b,english,accented_english,doctor i brought my five years and two months old child who has at this condition for about two months who finds it difficult to breathe at night and also cough all the time this cough has become persistent i bought a tb cough medicine named tutolin children for him he has finished one bottle and the cough has not gone and it is still difficult for him to brit at night i did a tb test for him but they told me that he does not have tuberculosis so doctor what could cause a five year old child to have a persistent cough and what could cause a five year old child to have difficulty britain at night,"Doctor, I brought my 5 years and 2 months old child, who has had this condition for about two months, who finds it difficult to breathe at night and also coughs all the time.
This cough has become persistent.
I bought a TB cough medicine called Tutolin Children for him; he has finished one bottle, but the cough has not gone, and it is still difficult for him to breathe at night.
I did a TB test for him, but they told me that he does not have tuberculosis.
So doctor, what could cause a 5-year-old child to have a persistent cough, and what could cause a 5-year-old child to have difficulty breathing at night?",http://speech-app.s3.amazonaws.com/static/audio/uploads/96b491bd-5414-4669-95ae-a28f56908a17/88ef699b54ba74d3c76290dfe0b33668_8qCAg4Nm.wav,"Based on your description, the most likely cause for your child’s persistent night-time cough and difficult breathing is **childhood asthma**, which often presents with just these nocturnal symptoms. Other possibilities include **allergic rhinitis** causing post-nasal drip that irritates the throat at night, or **enlarged adenoids** blocking the airway during sleep. The “Tutolin” syrup you gave is not a tuberculosis treatment but a bronchodilator (salbutamol) that only provides temporary relief; the fact that it did not work suggests the child likely needs an appropriate **inhaled controller medication (like a low-dose corticosteroid)** rather than just a cough mixture. Since TB has been ruled out, I strongly advise you to visit a hospital for a proper clinical assessment, including listening to the chest and possibly a chest X-ray, to confirm the diagnosis and start the correct long-term treatment.",Deepseek-v4 pro,deepseek-v4-pro
decf7da7-13d0-452a-90db-1afa81e7688c,english,accented_english,my daughter is pregnant she is about 24 years old she is the one who is pregnant this happened today at night i noticed that she started having pain she had already packed her belongings and came to my house as the pain continued i saw that it was increasing i gathered all our belongings and she did not initially allow us to go to the hospital we took her to the hospital and they examined her they said that the service has started to open a little and that it is almost time for delivery until today the service is still opening until the time the baby will come out yesterday the baby was still in pain that kept increasing since we arrived there she is in pain the baby will come out it is our first pregnancy i am worried and my heart is troubled i want to save my child and i do not want to lose the baby that is coming please what could be causing this pain is this how it usually is for first time mothers when they are about to give baths is it possible that the baby is too big and cannot come out through the bed canal or is it possible they will do surgery for her,"My daughter is pregnant; she is about twenty-four years old. She is the one who is pregnant. This happened today.
At night, I noticed that she started having pain. She had already packed her belongings and came to my house. As the pain continued, I saw that it was increasing. I gathered all her belongings, and she did not initially allow us to go to the hospital.
We took her to the hospital, and they examined her. They said the cervix has started to open a little, and that it is almost time for delivery.
Until today, the cervix is still opening until the time the baby will come out. Yesterday, the baby was still in pain that kept increasing since we arrived there.
She is in pain, the baby will come out, it is her first pregnancy. I am worried and my heart is troubled.
I want to save my child, and I do not want to lose the baby that is coming. Please, what could be causing this pain? Is this how it usually is for first-time mothers when they are about to give birth? Is it possible the baby is too big and cannot come out through the birth canal? Or is it possible they will do surgery for her?",http://speech-app.s3.amazonaws.com/static/audio/uploads/482f8ee4-d3d7-47a2-9ab0-121e414883ca/13b417faab1ec9eaae5b9ff9dd48a2e0_pveMK8Ie.wav,"The pain your daughter feels is from uterine contractions that are working to open the cervix (the mouth of the womb) and move the baby down—this is normal labour. First-time mothers often have a longer, more painful labour because the cervix and birth canal are stretching for the first time, and this is expected. The hospital team will monitor her progress; if the labour stalls or if there is a concern that the baby is too large to pass safely through the birth canal (cephalopelvic disproportion), they will advise a Caesarean section to protect both mother and child. You did the right thing bringing her to the hospital, where constant monitoring means any problem can be detected and managed early. So try to stay calm: pain alone does not mean danger, and being in a facility gives them the best chance for a safe delivery.",Deepseek-v4 pro,deepseek-v4-pro
88980219-7805-4c6e-8ede-bbe35c6e2700,english,accented_english,my husband is 40 years old and i suddenly notice that for about the past three weeks he has been drinking water excessively the more water he drinks the more frequently he urinates in fact at night he may wake up as many as 10 times before money just to urinate he has also complained of feeling tired all the time he has gained a little weight as well sometimes his vision becomes bloody and he says he does not see clearly when he gets up to move around i have noticed that he passes your rain in large amounts and very frequently what could be causing this frequent urination and excessive test what does it seem to drink so much why does it seem to drink so much water and then urinate so often could these symptoms be signs of diabetes or could they indicate something else what type of medical test should he undergo to determine exactly what is happening why is he constantly tired what causes the frequent urination could eyeblood pressure cause these symptoms or could they be due to dehydration or another condition what kind of foods and drinks should he avoid and what should he be encouraged to consume what steps should he take to help these symptoms improve does he need to visit a healthcare facility for testing or is testing unnecessary how often should diabetes screening or blood sugar testing be done regularly or occasionally what medical conditions could be responsible for all these symptoms occurring in his body,"My husband is forty years old, and I suddenly noticed that for about the past three weeks he has been drinking water excessively. The more water he drinks, the more frequently he urinates. In fact, at night, he may wake up as many as ten times before morning just to urinate. He has also complained of feeling tired all the time. He has gained a little weight as well. Sometimes his vision becomes blurry, and he says he does not see clearly when he gets up to move around. I have noticed that he passes urine in large amounts and very frequently. What could be causing this frequent urination and excessive thirst? Why does he seem to drink so much water and then urinate so often? Could these symptoms be signs of diabetes, or could they indicate something else? What type of medical tests should he undergo to determine exactly what is happening? Why is he constantly tired? What causes the frequent urination? Could high blood pressure cause these symptoms, or could they be due to dehydration or another condition? What kinds of foods and drinks should he avoid, and what should he be encouraged to consume? What steps should he take to help these symptoms improve? Does he need to visit a healthcare facility for testing, or is testing unnecessary? How often should diabetes screening or blood sugar testing be done, regularly or only occasionally? What medical conditions could be responsible for all these symptoms occurring in his body? ",http://speech-app.s3.amazonaws.com/static/audio/uploads/37b4577d-d1f7-4f44-9113-69f73865427e/e393e8eb89b1f1d80b332efb3fcc5e5b_112yIKeW.wav,"Your husband’s symptoms—excessive thirst, frequent large-volume urination (especially waking up to urinate at night), fatigue, slight weight gain, and vision that becomes “bloody” or blurry when standing—are classic warning signs of undiagnosed diabetes mellitus, most likely Type 2, with high blood sugar pulling water into the urine (osmotic diuresis) and causing dehydration that drives the intense thirst. The blurred or reddish vision could be from fluctuating blood sugar affecting the eye lens or from accompanying hypertensive retinopathy, so a blood pressure check and retinal exam are crucial. He urgently needs to visit a healthcare facility for a fasting blood sugar test, HbA1c, urinalysis for glucose, and kidney function assessment to confirm the diagnosis. While waiting, he should avoid sugary drinks, refined starches (like white rice and bread), and fruit juices, and instead drink water, eat high-fiber foods, and take plenty of vegetables and lean protein. Once diagnosed, he will need regular blood sugar monitoring (at least twice yearly HbA1c and more frequent home checks if on medication) and lifelong lifestyle adjustments, because untreated diabetes is the most likely cause of his constant tiredness and excess urination, though high blood pressure may coexist and worsen the eye symptoms.",Deepseek-v4 pro,deepseek-v4-pro
29a2c96b-9835-400d-acf7-a3e335d5002e,english,accented_english,a guardian of a child observe that the child is coughing intensely to the extent that the child is being abrupt and struggling to breathe well what can cause a child to be coughing in abrupt manner till the extent that the child cannot breathe well and struggling to breathe what kind of tests can we run for that child what treatment can we give and then what advice can we give to the guardian of this child,"A guardian of a child observed that the child is cough intensely, till the end that the child is been abrupt and struggling to breathe well. What can cause a child to be coughing in abrupt manner, till the end that the child can't breathe well, and struggling to breathe? What can kind of test can we run for that child? What treatment can we give? And then what advice can be give to the guardian of this child? ",http://speech-app.s3.amazonaws.com/static/audio/uploads/c24d9a22-2976-4730-b153-2b242b1d096f/22ec8fbe7f988ab0386b1b5adac42a40_Lylr5O79.wav,"The child's symptoms suggest a serious cause like pertussis (whooping cough), foreign body aspiration, or severe croup.  
Essential tests include a nasopharyngeal swab for pertussis PCR, a chest X-ray, and oxygen saturation monitoring.  
Immediate treatment involves securing the airway, giving oxygen, nebulised adrenaline if there is stridor, and starting azithromycin if pertussis is likely; a foreign body demands urgent bronchoscopy.  
Advise the guardian to rush the child to the nearest hospital, keep the child calm and upright, and ensure future DPT vaccinations are completed.",Deepseek-v4 pro,deepseek-v4-pro
5e4514ae-6d4f-4c24-822d-21e8e44a3aed,english,accented_english,we saw one of our pregnant women early this morning along with her husband she said that she has severe pain in her abdomen and her back is also aching even though it is not yet up to a delivery date we asked this lady how many months pregnant she is and she said it is a pregnancy of six months and a few days we then also asked this lady whether she is experiencing that pain right now or if it comes and goes and she said she is experiencing that pain right now then we asked this lady whether she saw water or saw blood she and she said that she saw water and blood we then also asked this lady which number of shide which number of pregnancy is the pregnancy that is insider and she said it is our first pregnancy our question for our doctor is could this sign point to size of labor or a sign that the pregnancy is damaged that is miscarriage or another sign can we tell this lady to go and do an internal photo examination which we call a scan to know what is appendix,"​We saw one of our pregnant women early this morning along with her husband, she said that she has severe pain in her abdomen and her back is also aching, even though it is not yet up to her delivery date. We asked this lady how many months pregnant she is, and she said it is a pregnancy of six months and a few days. We then also asked this lady whether she is experiencing that pain right now or if it comes and goes, and she said she is experiencing that pain right now. Then we asked this lady whether she saw water or saw blood, and she said that she saw water and blood. We then also asked this lady which number of child, which number of pregnancy is the pregnancy that is inside her, and she said it is her first pregnancy. Our question for our doctor is,could this sign point to signs of labor, or a sign that the pregnancy is damaged (miscarriage), or another sign? Can we tell this lady to go and do an internal photo examination which we call a scan to know what is happening?",http://speech-app.s3.amazonaws.com/static/audio/uploads/6dd6b3d3-d0b6-4fb2-80bc-dd1e6c89a286/bb09ac475622f39a363ef87479059daa_noWLclyw.wav,"This presentation points to a serious obstetric emergency, most likely **placental abruption** (the placenta peeling off the womb wall) or advanced preterm labour with ruptured membranes, not a simple miscarriage. The fact that the pain is constant and severe, together with both water and blood leaking, suggests the placenta may be separating, which can rapidly lead to heavy bleeding and fetal distress. Yes, you must advise her to get an urgent ultrasound scan (the “internal photo examination” you referred to) at the nearest well-equipped hospital to check the placenta’s position, the baby’s heartbeat, and the amount of fluid. Because this is her first pregnancy at only 6 months, delay is dangerous—both her life and the baby’s are at stake without immediate skilled care.",Deepseek-v4 pro,deepseek-v4-pro
b41993cb-1b4f-4e3b-8e8b-2eb6e2ef132e,english,accented_english,this woman gave birth at our hospital here about six months ago she came to our hospital with her husband where she gave birth to her child the six month told get that they have brought him the mother explained further that it has been about 13 to 14 days since she noticed that this child started coving the mother also mentioned that she had been treating this child for qatar elia before the cove started she said the cove has become more severe since yesterday the cove became very severe although it had initially started about three days ago she said that whenever she breakfaced the child she also gives her the liquid medicine that is in this bottle the one sold for coves which she has been administering and the baby has been taking she then says that since yesterday the cove has become so severe that the child is finding it very very very difficult to breathe which has really worried me it is as if a breathing is fluctuating going up and down every fix seconds they were frightened which is why they brought her to the hospital now the question is can we give this mother something to help the child at home giving that our breathing is fluctuating with that cover should we prescribe cove medicine for her or should we have the child examined before prescribing any medicine or giving her an injection,"This woman gave birth at our hospital here about Six months ago.  she came to our hospital with her husband, where she gave birth to her child, the six-month-old girl that they have brought in.
The mother explained further that it has been about thirteen to fourteen days since she noticed that this child started coughing.
The mother also mentioned that she had been treating this child for catarrh earlier, before the cough started.
She said the cough has become more severe since yesterday. The cough became very severe, although it had initially started about three days ago.
She said that whenever she breastfeeds the child, she also gives her the liquid medicine that is in the bottle—the one sold for coughs—which she has been administering and the child has been taking.
She then said that since yesterday, the cough has become so severe that the child is finding it very, very, very difficult to breathe, which has really worried me.
It is as if her breathing is fluctuating—going up and down every few seconds.
They were frightened, which is why they brought her to the hospital.
Now, the question is: can we give this mother something to help the child at home, given that her breathing is fluctuating with that cough? Should we prescribe cough medicine for her, or should we have the child examined before prescribing any medicine or giving her an injection?""",http://speech-app.s3.amazonaws.com/static/audio/uploads/74ad3a52-5cc9-4439-b3b5-095e4da6fe66/85084b9e10f05fae127d3fc0da0511f2_fBGKxJJj.wav,"No, you should not prescribe cough medicine without examining the child immediately. This 6-month-old infant has severe respiratory distress—“fluctuating” breathing suggests irregular, labored breathing or even apnea, which is a life-threatening danger sign. In a community setting, such deterioration after a simple catarrh could be pneumonia, bronchiolitis, or airway obstruction, all requiring urgent clinical assessment (oxygen saturation, chest auscultation, respiratory rate) before any treatment. Over-the-counter cough syrups are contraindicated in infants under 1 year and can mask worsening hypoxia. The child must be seen now; prepare for possible oxygen, nebulization, or transfer while you examine, never send home with a new prescription without evaluation.",Deepseek-v4 pro,deepseek-v4-pro
e347672a-0449-4c71-b563-e4258ee985a1,english,accented_english,i noticed that my younger sister who used to laugh appelle before and who used to play with our friends as changed suddenly now she stays alone in our room every day she has withdrawn herself from conversation and she is no longer interested in the things she used to enjoy before i also noticed that even at one she does not want to eat with us she appears to be unhappy or like someone who is tired all the time what could be causing now to suddenly avoid our friends could it be a problem such as sadness emotional distress or anxiety how can we help her so that she can become happy again what one in science should we watch out for should see she a counsellor or a mental health professional,"I noticed that my younger sister, who used to laugh happily before and who used to play with her friends, has changed suddenly.
Now, she stays alone in her room every day. She has withdrawn herself from conversations, and she is no longer interested in the things she used to enjoy before.
I also noticed that even at home, she does not want to eat with us. She appears to be unhappy or like someone who is tired all the time.
What could be causing her to suddenly avoid her friends?
Could it be a problem such as sadness, emotional distress, or anxiety?
How can we help her so that she can become happy again?
What warning signs should we watch out for?
Should she see a counsellor or a mental health professional?",http://speech-app.s3.amazonaws.com/static/audio/uploads/afe7f573-96eb-4c58-ad2a-f5fb0c480073/1c06f7c4d90c47147219fa729bce9434_lEQpQQ3k.wav,"Your sister's sudden withdrawal and loss of interest in things she once enjoyed are hallmark signs of a depressive episode, but could also stem from severe anxiety or a reaction to a distressing event like bullying or abuse. It's crucial to approach her with gentle, non-judgmental curiosity—privately tell her you've noticed she seems unhappy and you're worried, and ask if she wants to talk, without forcing her. To help, encourage her to re-engage gradually with one small activity she used to like, and ensure she is eating, sleeping, and not isolated all the time; avoid dismissing her feelings as mere sadness. Watch out for warning signs such as talking about hopelessness, giving away possessions, or any mention of self-harm or suicide, which demand immediate action. Yes, she should see a mental health professional (a clinical psychologist or psychiatrist) for a proper assessment; you can start with a school counsellor or a general practitioner who can refer her appropriately within the Nigerian setting.",Deepseek-v4 pro,deepseek-v4-pro
3bdb3a20-7115-4cc1-850f-d57f270c059b,english,accented_english,a nothing mother a nothing mother noticed her child coving and also suspected that the child's body was warm at certain times she further stated that a few hours ago she noticed that the child's entire body became stiff and she fainted and she couldn't confirm that her lips were stable anymore as they were secreting fluid and the child could no longer swallow any food she is now asking the doctor if such an illness can be treated what disease it resembles and she further asked if she could get an injection or local haps for this disease she went on to say that abba mixtures that is agbo and traditional soap are what they usually use to treat this disease for any child afflicted by it in the community she comes from,"A nursing mother noticed her child coughing and also suspected that the child's body was warm at certain times. She further stated that a few hours ago, she noticed that the child's entire body became stiff and she fainted, and she couldn't confirm that her lips were stable anymore as they were secreting fluid, and the child could no longer swallow any food. She is now asking the doctor if such an illness can be treated, what disease it resembles, and she further asked if she could get an injection or use local herbs for this disease. She went on to say that herbal mixtures (agbo) and traditional soap are what they usually use to treat this disease for any child afflicted by it in the community she comes from.",http://speech-app.s3.amazonaws.com/static/audio/uploads/3eece504-b1d9-45fd-baea-0b2d296edb5b/260307c2bbf02a038b8111c9f485ec8c_tgwN6lAm.wav,"This sounds like a febrile convulsion, a seizure triggered by high fever in young children. The stiffening, loss of consciousness, frothing at the mouth, and inability to swallow are classic signs. This condition is treatable, but it is a medical emergency—the child must be taken to a hospital immediately for fever control and anticonvulsant injection if needed. Do not use agbo mixtures or traditional soaps; these can cause aspiration or poisoning and delay life-saving care. Please bring the child now for proper diagnosis and management.",Deepseek-v4 pro,deepseek-v4-pro
3d3cee98-b237-4cd0-8f7a-ddedd63299a9,english,accented_english,a woman who lives in our house she is employed she does her work diligently and has no earth issues one day while she was bathing she felt her breast and noticed something like a small heart lump inside it initially she thought it was nothing serious but she felt it again on another day and realized it was still there as time went on she became very anxious she began to worry about whether this issue was developing within her breast it wasn't painful but the fact that the lump was heart and wouldn't go away made her sad she also started remembering stories she used to hear about girls who had lumps in their breasts after a few weeks she decided to go see a doctor she wanted to know what caused the lump and what he needed to do to save gather health my questions are what can cause a hard lump in a woman's breast does every breast lump mean that something that could little cancer what other symptoms should women look out for regarding their breast,"A woman who lives in our house, she is employed. She does her work diligently and has no health issues.
One day, while she was bathing, she felt her breast and noticed something like a small, hard lump inside it.
Initially, she thought it was nothing serious, but she felt it again on another day and realized it was still there. As time went on, she became very anxious. She began to worry about whether this issue was developing within her breast. It wasn't painful, but the fact that the lump was hard and wouldn't go away made her sad. She also started remembering stories she used to hear about girls who had lumps in their breasts.
After a few weeks, she decided to go see a doctor. She wanted to know what caused the lump and what she needed to do to safeguard her health.
My questions are: What can cause a hard lump in a woman's breast?
Does every breast lump mean something that could lead to cancer?
What other symptoms should women look out for regarding their breasts?

",http://speech-app.s3.amazonaws.com/static/audio/uploads/3e3b9ca0-d242-466a-8dd5-fadfd7abcc31/e5cf6d37017884530b4b08894e09e143_HfifL4mk.wav,"A hard breast lump can stem from benign causes such as a fibroadenoma (a firm, rubbery mass), a fluid-filled cyst, or fibrocystic changes, and also from breast cancer. No, not every breast lump means cancer—most, particularly in younger women, are benign—but any persistent lump must be medically assessed. Women should also watch for nipple discharge (especially if bloody), a newly inverted nipple, dimpling/puckering of the skin, a rash or sore on the nipple, and any unexplained change in breast size or shape. A painless hard lump warrants a prompt “triple assessment” (clinical exam, ultrasound or mammogram depending on age, and biopsy if needed) to obtain a definite diagnosis. Her decision to see a doctor is correct because early evaluation protects her health regardless of the cause.",Deepseek-v4 pro,deepseek-v4-pro
5c392cfe-e4be-4316-97c3-dc5e3c4c0948,english,accented_english,i sent my son to buy a wedo for me in the neighborhood yesterday evening after about 15 minutes he suddenly came home crying when i asked what had happened they told me that a dog had bited him on the leg i asked what kind of dog it was and where it came from but they said they didn't know where the dog came from or whether it was a neighborhood dog at that point i applied oil to the place where the dog beat him to neutralize the poison of the dog afterwards i was advised to take him to a maternity clinic in the neighborhood i took him there and they prescribed a tetanous injection for me to buy from a chemist i bought the injection and it was administered to him yesterday i have since taken him home but since yesterday the wound has become swollen and the surrounding area is red i am not worried that the dog may have transmitted rabies to my child i would like to ask whether there is any medicine i can buy for him or whether i should take him to a hospital for further treatment,"I sent my son to buy ewedu for me in the neighborhood yesterday evening. After about fifteen minutes, he suddenly came home crying. When I asked what had happened, they told me that a dog had bitten him on the leg. I asked what kind of dog it was and where it came from, but they said they did not know where the dog came from or whether it was a neighborhood dog. At that point, I applied oil to the place where the dog bit him to neutralise the poison of the dog. Afterwards, I was advised to take him to a maternity clinic in the neighborhood. I took him there, and they prescribed a tetanus injection for me to buy from a chemist. I bought the injection, and it was administered to him yesterday. I have since taken him home, but since yesterday, the wound has become swollen and the surrounding area is red. I am now worried that the dog may have transmitted rabies to my child. I would like to ask whether there is any medicine I can buy for him or whether I should take him to a hospital for further treatment.",http://speech-app.s3.amazonaws.com/static/audio/uploads/ad87089e-60e5-48b5-82b1-6c5b1904816b/3e0a9de9d30a18b2891f041ddde2b1bf_MyMHCtOV.wav,"Please take your son to a proper hospital immediately. The swelling and redness are signs of a bacterial infection that requires prescribed antibiotics, not just the tetanus injection he received. Since the dog is unknown and cannot be observed, your child is at risk for rabies, a fatal disease—he urgently needs rabies post-exposure shots (vaccine and possibly immunoglobulin), which a maternity clinic cannot provide. Applying oil does not neutralize any poison or virus. Do not wait or buy medicine from a chemist; let a doctor examine the wound and give complete treatment.",Deepseek-v4 pro,deepseek-v4-pro
ff13a5af-65a1-42de-bc58-6052994bdefc,english,accented_english,a 22 year old lady who gave birth at our hospital three days ago brought a baby today for routine immunizations upon arrival she made it known to us that this newborn baby completely refused to breastfeed at all to the extent that the baby is excessively floppy and sleepy she stated that the baby does not take the breast and that all the time the baby's hand feet and entire body feel freezingly cold so much so that she is even terrified to touch the baby with bare hands and prefers to lift the baby only with layers of clothing she noted that the baby refuses the breast the entire body is called to the touch and the baby has become increasingly lethargic unable to move the hands unable to stretch the legs and completely lacking active movements or reflexes just lying completely still and weak she says it is obvious to the eye that the baby is exhausted and very unwell what could cause this what do you think could cause this newborn baby body to be freezing cold to the torch is this only because of the refusal to breastfeed or what else what can we do about this refusal to breastfeed furthermore regarding the immunization vaccines that they are supposed to administer what is your professional advice,"​A 22-year-old lady who gave birth at our hospital three days ago brought her baby today for routine immunizations. Upon arrival, she made it known to us that this newborn baby completely refuses to breastfeed at all, to the extent that the baby is excessively floppy and sleepy. She stated that the baby does not take the breast, and that all the time, the baby's hands, feet, and entire body feel freezing cold, so much so that she is even terrified to touch the baby with bare hands and prefers to lift the baby only with layers of clothing. She noted that the baby refuses the breast, the entire body is cold to the touch, and the baby has become increasingly lethargic,unable to move the hands, unable to stretch the legs, and completely lacking active movement or reflexes, just lying completely still and weak. She says it is obvious to the eye that the baby is exhausted and very unwell.
​What could cause this? What do you think could cause this newborn baby's body to be freezing cold to the touch? Is it solely because of the refusal to breastfeed, or what else? What can we do about this refusal to breastfeed? Furthermore, regarding the immunization vaccines they are supposed to administer, what is your professional advice?",http://speech-app.s3.amazonaws.com/static/audio/uploads/868eafe6-85d2-4c0c-945d-5748994489a8/a2acf0292f999f5885d970a12a56aa78_4wgXx8vs.wav,"This baby is critically ill, and the combination of hypothermia (cold body), lethargy, floppiness, and refusal to feed is a classic presentation of **neonatal sepsis**—a life-threatening bloodstream infection. The freezing body is **not** simply due to missed feeds; sick newborns lose their ability to generate heat, so hypothermia is a dangerous sign of sepsis or severe cold stress, not a cause. **Do not administer any routine vaccines today**; immunizations are absolutely contraindicated while the baby is unstable—postpone them until full recovery. To address feeding refusal, immediately begin gentle **kangaroo mother care (skin-to-skin contact)** for warmth, check the blood sugar urgently, and feed expressed breastmilk via cup or nasogastric tube only after the baby is warmed and stable. Your immediate priority is to start emergency management: keep the baby warm (radiant warmer, warm clothing, no cold touch), take blood cultures and blood glucose, and begin **empiric intravenous antibiotics** (ampicillin and gentamicin per national guidelines) without delay, while arranging admission or transfer to a newborn care unit.",Deepseek-v4 pro,deepseek-v4-pro
88c56c53-b5dd-4aec-be89-dfb02933090b,english,accented_english,a mother of a young child became worried about her eight month old baby during the daytime the baby plays well but every night the baby starts coughing the cough wakes the baby from sleep and the baby cries afterwards on one of those nights the mother noticed that the baby was breathing very fast and seemed to be struggling to breathe the mother could not sleep because of fear the following morning she noticed that the baby did not want to breast feed uply as before so she decided to take the baby to see a doctor because she wanted to know what was causing the cough and the breathing difficulty and to know what medicine or treatment could be used for the baby my question is what could cause a young child to cough severally at night and also make it difficult for the child to breathe properly could the cough and the struggle to breathe properly be signs of a long disease what are the things that can be done at home to help the baby become more comfortable and sleep better at night,"A mother of a young child became worried about her eight-month-old baby. During the daytime, the baby plays well, but every night the baby starts coughing. The cough wakes the baby from sleep, and the baby cries afterwards.
On one of those nights, the mother noticed that the baby was breathing very fast and seemed to be struggling to breathe. The mother could not sleep because of fear. The following morning, she noticed that the baby did not want to breastfeed or play as before, so she decided to take the baby to see a doctor because she wanted to know what was causing the cough and the breathing difficulty and to know what medicine or treatment could be used for the baby.
My question is: what could cause a young child to cough severely at night and also make it difficult for the child to breathe properly? Could the cough and the struggle to breathe properly be signs of a lung disease? What are the things that can be done at home to help the baby become more comfortable and sleep better at night?",http://speech-app.s3.amazonaws.com/static/audio/uploads/f11c0102-9b44-4c16-af4e-4d9242f9e3fa/8235dad1a098bf7dbf59bfedca36a07a_9Cy7JqSr.wav,"The nighttime cough and breathing difficulty in your 8‑month‑old are most likely due to a viral lower respiratory infection such as bronchiolitis (often from RSV) or an episode of viral‑induced wheezing, which can mimic early asthma. Yes, when a baby has a persistent nocturnal cough with fast and labored breathing, it can signal a lung condition like bronchiolitis or pneumonia, and if episodes recur, it may point to a chronic reactive airway disease. To comfort your baby at home, keep the head of the bed slightly raised (never use pillows in the cot), use a cool‑mist humidifier to moisten the air, and gently clear the nose with saline drops and a bulb suction before feeds and sleep. Offer smaller, more frequent breastfeeds so your baby stays hydrated and doesn’t tire out. Most importantly, remove any smoke or strong odors from the room, and seek medical care immediately if the fast breathing, chest indrawing, or poor feeding continue despite these measures.",Deepseek-v4 pro,deepseek-v4-pro
9b52480c-2434-4138-8e6f-ed291a5e4ea4,english,accented_english,a woman brought a 3-year-old child to who came to the hospital for a check-up this morning this explanation giving was that when people talk to the child it doesn't react it doesn't respond it doesn't look at the people talking to him and when they call his name it doesn't even react as if he heard anything at all in the question we ask the woman has the child ever had any seasons his mother said he has never had any seasons at all we also asked as the child received all his immunization vaccines the ones he should have received according to what his mother brought the medical card we use for verification showed that it is true the child received immunization vaccines and in it we saw that the child had received all his immunization vaccines completely my next question is regarding this kind of situation with a child who has no seasons and who has received all their immunization vaccines completely what kind of a thing could cause such a situation in such a child,"A woman brought her three-year-old child who came to the hospital for a check-up this morning. The explanation given was that when people talk to the child, he doesn't react—he doesn't respond, he doesn't look at the person talking to him, and when they call his name, he doesn't even react as if he heard anything at all.
In the question we asked the woman, 'Has the child ever had any seizures?' His mother said he has never had any seizures at all. We also asked, 'Has the child received all his immunization vaccines, the ones he should have received according to what his mother brought?' The medical card we used for verification showed that it is true the child received immunization vaccines, and in it, we saw that the child had received all his immunization vaccines completely.
My next question is: 'Regarding this kind of situation with a child who has no seizures, and who has received all their immunization vaccines completely, what kind of thing could cause such a situation in such a child?",http://speech-app.s3.amazonaws.com/static/audio/uploads/842d6173-e251-493a-b9ff-66e083c4e92a/8982171caa17d23534ff9cf20d629dff_EAW84u2X.wav,"The child’s failure to react when spoken to or called by name, in the absence of any seizure history, strongly points to significant hearing loss (deafness) rather than a behavioural condition like autism. Since the child is fully immunized, vaccine-preventable infections like measles or mumps are unlikely culprits, but other congenital infections such as rubella or cytomegalovirus, severe neonatal jaundice (kernicterus), or birth asphyxia remain common causes in our setting. Genetic (non-syndromic) hearing loss is also possible, especially if milestones are otherwise normal. I would urgently refer for an objective hearing assessment (otoacoustic emissions or brainstem auditory evoked response) and ear, nose and throat evaluation, because early detection and intervention with amplification or cochlear implants are critical for speech and language development.",Deepseek-v4 pro,deepseek-v4-pro
6463c3ce-7ce7-4f90-991e-0f8852e74302,english,accented_english,a man named suberu who is fifty years old develop a cough one day at first the cough was miled but as the weeks passed and turning two months it gradually became worse after some time he began to find it difficult to breathe properly it is true that he had tried several remedies when the cough was still miled but none of them worked instead of improving the cough continued to worse he eventually decided that rather than continuing to buy small medications on his soon he should go to the hospital and speak with a doctor when he arrived at the hospital he explained that he had been coughing for about three months he also explained that he had tried many home remedies based on people's advice including honey hot water bitter cola and several cough medicines that he purchased however instead of getting better the cough continued to worsel it had reached a point where sometimes felt as though it could no longer breathe properly because of the cough he then asked the doctor what could be causing him to have such a persistent cough for such a long period of time he also wanted to know why all the remedies and treatments he had tried had not worked finally he asked what he could do for the cough to go away completely so that he could breach properly again and regain good heads,"A man named Suberu, who is fifty years old, developed a cough one day. At first, the cough was mild, but as the weeks passed and turned into months, it gradually became worse. After some time, he began to find it difficult to breathe properly. It is true that he had tried several remedies when the cough was still mild, but none of them worked. Instead of improving, the cough continued to worsen. He eventually decided that rather than continuing to buy small medications on his own, he should go to the hospital and speak with a doctor. When he arrived at the hospital, he explained that he had been coughing for about three months. He also explained that he had tried many home remedies based on people's advice, including honey, hot water, bitter kola, and several cough medicines that he purchased. However, instead of getting better, the cough continued to worsen. It had reached a point where he sometimes felt as though he could no longer breathe properly because of the cough. He then asked the doctor what could be causing him to have such a persistent cough for such a long period of time. He also wanted to know why all the remedies and treatments he had tried had not worked. Finally, he asked what he could do for the cough to go away completely so that he could breathe properly again and regain good health.",http://speech-app.s3.amazonaws.com/static/audio/uploads/d7fc1a47-0fa7-4127-987a-8f4fa0e47ec2/569d6a8806dfffa04bb79ab047fd04b9_CpOac0of.wav,"You most likely have a chronic lung condition like tuberculosis, asthma, or chronic obstructive pulmonary disease; a cough lasting over three months with worsening breathlessness is not a simple cold. Home remedies and random cough syrups failed because they only soothed the throat or suppressed the cough temporarily, without addressing the underlying infection, allergy, or airway damage driving it. To find the exact cause, you need specific hospital tests: a chest X-ray and sputum examination for TB, which is common here, and possibly breathing tests. Once we identify the culprit, we can give you the correct treatment—whether it’s a full course of anti-TB drugs, inhalers, or other targeted medications—that will clear the cough and let you breathe freely again. Please do not wait any longer, as untreated chronic cough can permanently harm your lungs.",Deepseek-v4 pro,deepseek-v4-pro
c8b7d04a-980e-442e-bf95-f35b5a05fc5f,english,accented_english,a mother you gave back to a newborn two weeks ago she started seeing blood little by little on our body however as their days went by she noticed that something like the stomach and blood we are coming out sometimes the mother of the child is different and she has a neck that is not good and she knows that the mother of the child usually has small pains in a lower abdomen and every time she sees these signs her heart gets confused she wondered if it was something among the common problems after childbed or another problem one day when she went to the hospital and was talking to other mothers she heard that they should not downplay any changes they see in their bodies this make ask a doctor to talk to them my question is what can cause such a thing after childbed can pain in their lower abdomen be a sign of a disease what are the signs that this new mother should be careful of after childbed what are the steps that the mother needs to take to prevent this disease,"A mother gave birth to a newborn two weeks ago. She started seeing blood little by little on her body. However, as the days went by, she noticed that something like the stomach and blood were coming out. Sometimes the mother of the child is different. And she has a neck that is not good. And she knows that the mother of the child usually has small pains in her lower abdomen, and every time she sees these signs, her heart gets confused. She wondered if it was something among the common problems after childbirth or another problem. One day when she went to the hospital, and was talking to other mothers, she heard that they should not downplay any changes they see in their bodies. This made her seek a doctor to talk to them. My question is, what can cause such a thing after childbirth? Can pain in the lower abdomen be a sign of a disease? What are the signs that this new mother should be careful of after childbirth? What are the steps that the mother needs to take to prevent this disease?",http://speech-app.s3.amazonaws.com/static/audio/uploads/b8f10992-873d-4134-9d65-a09313e15e8c/437740d5f1babd350cbe7297f4cbfc84_VYD7WPkj.wav,"After childbirth, passing small amounts of blood is normal, but increasing bleeding with clots and lower abdominal pain 2 weeks later suggests a problem such as retained pieces of the placenta, an infection inside the womb (endometritis), or poor womb contraction. Lower abdominal pain can indeed be a sign of these diseases. A new mother must watch for danger signs like heavy bleeding (soaking a pad in an hour), foul-smelling discharge, fever, severe pelvic pain, or dizziness, and visit the hospital immediately if they occur. To help prevent such complications, she should attend all postnatal clinic visits, ensure the placenta was delivered completely, maintain good hygiene, and promptly report any unusual symptoms. She needs an urgent medical check-up now for an assessment, likely including an ultrasound, and treatment with antibiotics or a procedure to clear the womb.",Deepseek-v4 pro,deepseek-v4-pro
218179a8-81b7-4975-b171-b4e35eec524f,english,accented_english,a pregnant woman who is six months pregnant and lives in our house started noticing that her heart palpitates rapidly as if she just finished running sometimes she gets tired without doing any work at all and her hands trembled slightly after a few weeks she also noticed that her neck started swelling in the front when people began telling her that her neck looks different from before she became very frightened wondering if this is one of the illnesses that affect pregnant women or if it is another problem she has now decided to go see a doctor so they can know what is causing it my question is what can cause a pregnant woman's heart to palpitate rapidly like someone who just finished running along with her neck swelling can this problem affect the development of the baby inside her what are the warning signs they should watch out for at home are they setting foods or drinks that she ought to avoid or those that she should eat more of during this kind of period,"​A pregnant woman who is six months pregnant and lives in our house started noticing that her heart palpitates rapidly as if she just finished running. Sometimes she gets tired without doing any work at all, and her hands tremble slightly. After a few weeks, she also noticed that her neck started swelling in the front. When people began telling her that her neck looks different from before, she became very frightened, wondering if this is one of the illnesses that affect pregnant women or if it is another problem. She has now decided to go see a doctor so they can know what is causing it. My question is, what can cause a pregnant woman's heart to palpitate rapidly like someone who just finished running, along with her neck swelling? Can this problem affect the development of the baby inside her? What are the warning signs they should watch out for at home? Are there certain foods or drinks that she ought to avoid, or those that she should eat more of during this kind of period?",http://speech-app.s3.amazonaws.com/static/audio/uploads/789bbb4a-699f-432d-beae-11ad896347fc/3aadc843dc0701c2aa479122dd2fbaf5_QqyJnHpt.wav,"These symptoms—heart palpitations, fatigue, tremors, and a front neck swelling—strongly point to an overactive thyroid gland (hyperthyroidism), most commonly caused by Graves’ disease, which can first appear or worsen during pregnancy. If left untreated, it can affect the baby, increasing the risk of preterm birth, low birth weight, or rarely fetal thyroid problems. Dangerous warning signs at home to seek immediate care for include severe palpitations, fainting, vomiting, high fever, or sudden agitation. She should avoid caffeine (in coffee, strong tea, and cola drinks) and not take iodine-rich supplements, but she can continue a normal balanced Nigerian diet; no specific foods must be avoided, as cooking inactivates most goitrogens. With proper medical treatment, the condition can be controlled to protect both mother and baby.",Deepseek-v4 pro,deepseek-v4-pro
a8bc8d5e-e18b-4176-bd59-589224c0009b,english,accented_english,a 33-year-old pregnant woman who is several months pregnant was brought to our hospital by our neighbors the explained that she suddenly developed sevia abdomina pain and a large amount of blood began to come out from avajaina our body was shaking and she was crying because the pain was intense our family said they were afraid that something serious might happen to both the mother and the baby their first question for the doctor was what could be causing this severe abdominal pain and healthy bleeding their second question was what should be done immediately for this pregnant woman their third question was what investigations or tests can be carried out their fourth question was what treatment is appropriate for a condition their fifth question was what food should this pregnant woman avoid and what idean methods should she observe,"A thirty-three-year-old pregnant woman who is seven months pregnant was brought to our hospital by her neighbors. They explained that she suddenly developed severe abdominal pain, and a large amount of blood began to come out from her vagina. Her body was shaking, and she was crying because the pain was intense. Her family said they were afraid that something serious might happen to both the mother and the baby.
Their first question for the doctor was: What could be causing this severe abdominal pain and heavy bleeding?
Their second question was: What should be done immediately for this pregnant woman?
Their third question was: What investigations or tests can be carried out?
Their fourth question was: What treatment is appropriate for her condition?
Their fifth question was: What foods should this pregnant woman avoid, and what hygiene measures should she observe?",http://speech-app.s3.amazonaws.com/static/audio/uploads/0e3095c2-5abc-4286-8d2e-3c2f926f39e6/f1bed36ef3fa1e0c5eaa1defe0e7fa00_G2bxnjmd.wav,"The severe pain with heavy bleeding in later pregnancy is most likely caused by placental abruption, where the placenta separates from the womb prematurely, though placenta praevia with labour pains should also be considered.  
Immediately, lay her flat on her left side, secure two large-bore intravenous lines, infuse normal saline rapidly, give oxygen, and urgently check her vital signs and fetal heart while preparing for emergency delivery.  
The core investigations are an urgent bedside obstetric ultrasound to locate the placenta and check for a retroplacental clot, a complete blood count, coagulation profile, and blood grouping with cross‑matching.  
Definitive treatment depends on the severity; an emergency caesarean section is often needed if the mother is unstable or the fetus is distressed, alongside blood transfusion and correction of clotting problems if present.  
Once stable, she should avoid heavy lifting and traditional herbs, maintain gentle perineal hygiene with clean water and pads, and eat iron‑rich foods like ugu and liver to rebuild blood, while staying away from alcohol and unpasteurized dairy.",Deepseek-v4 pro,deepseek-v4-pro
a330674b-1cce-4ebd-b148-0214be33a856,english,accented_english,a mother living in our neighborhood was pregnant with her second child at the beginning of the pregnancy everything was going normally and she was happy that a new baby was coming however a three months ago she began to experience sevia lower abdominal pain one day the pain became so intense that she could hardly stand up properly shortly afterward she also started having heavy vaginal bleeding the bleeding was more than usual and it made her very weak when she saw the bleeding she became frightened that her unborn baby might be in danger her husband quickly assisted her to go to the hospital my question is what can cause severe lower abdominal pain during pregnancy is every bleeding during pregnancy a danger sign for the mother or the unborn baby what are the signs that indicate pregnancy may be in trouble is there any medication that can stop the pain and bleeding without harming the unborn baby,"A mother living in our neighborhood was pregnant with her second child. At the beginning of the pregnancy, everything was going normally, and she was happy that a new baby was coming. However, a few months ago, she began to experience severe lower abdominal pain. One day, the pain became so intense that she could hardly stand up properly. Shortly afterward, she also started having heavy vaginal bleeding. The bleeding was more than usual, and it made her very weak. When she saw the bleeding, she became frightened that her unborn baby might be in danger. Her husband quickly assisted her to go to the hospital.
My question is: what can cause severe lower abdominal pain during pregnancy? Is heavy bleeding during pregnancy a danger sign for the mother or the unborn baby?
What are the signs that indicate the pregnancy may be in trouble? Is there any medication that can stop the pain and bleeding without harming the unborn baby?",http://speech-app.s3.amazonaws.com/static/audio/uploads/383888b7-2c4d-4b85-8bfb-3421f72eeadc/1ecaccdd86f8797cc66a22e61daccf4a_w640SuFi.wav,"Severe lower abdominal pain in pregnancy can be caused by a threatened, inevitable, or incomplete miscarriage, an ectopic pregnancy (especially if ruptured), or placental abruption.  
Not every spotting is dangerous, but heavy vaginal bleeding with clots, especially when accompanied by intense pain, is always a danger sign for both the mother and the unborn baby.  
Signs that the pregnancy may be in trouble include severe, persistent lower abdominal pain, passage of tissue or clots, fresh heavy bleeding, dizziness, fainting, and loss of pregnancy symptoms.  
There is no safe medication that can reliably stop heavy bleeding from a miscarriage or abruption without harming the baby; paracetamol may ease pain, but definitive treatment requires hospital evaluation.  
Any pregnant woman with these symptoms must be taken to a hospital immediately for assessment and appropriate care such as evacuation, blood transfusion, or surgery depending on the cause.",Deepseek-v4 pro,deepseek-v4-pro
93777f3d-8d88-4656-a4ca-aa66e8415b3f,english,accented_english,a mother peju who has three children peju is the junior child peju is a one year old child peju's mother noticed that just a few days after child bats peju has had a cough illness and has been coughing continuously without stopping at all she said she also noticed that it is difficult for her to breathe well she said this cough appears mostly in the evening when everyone has gone to sleep she said our breath is also difficult to breathe well because this cough does not allow her to breathe in and out properly she said she has been to the harbour list and has given her harbour mixtures but she noticed that none of the harbour mixtures she used worked she said she then decided to go to the hospital so they could find out what happened to peju could this problem be cured for this child is it a chest disease or asthma that it could be for the child what are the things that the child needs to avoid so that this problem affecting her and causing her to cove can be significantly reduced,"A mother peju who has three children, peju is the junior child. Peju is a one-year-old child. Peju's mother noticed that, just a few days after childbirth, Peju has had a cough illness and has been coughing continuously without stopping at all. She said she also noticed that it is difficult for her to breathe well. She said this cough appears mostly in the evening, when everyone has gone to sleep. She said her breath is also difficult to breathe well, because this cough does not allow her to breathe in and out properly. She said she has been to the herbalists and has given her herbal mixtures, but she noticed that none of the herbal mixtures she used worked. She said she then decided to go to the hospital so they could find out what happened to Peju. Can this problem be cured for this child? Is it a chest disease or asthma that it could be for the child? What are the things that the child needs to avoid so that this problem affecting her and causing her to cough can be significantly reduced?",http://speech-app.s3.amazonaws.com/static/audio/uploads/88cb7aa8-7755-4e9f-85da-822ed5928dd7/e93995a55c0ce241d8786eed4848f913_xYrsKVbT.wav,"Based on your description, Peju's nighttime cough and breathing difficulty strongly suggest asthma, though a chest infection like bronchiolitis is also possible. This condition can be well controlled and effectively treated with inhaled medications such as bronchodilators and sometimes preventer inhalers, which the hospital will provide after a proper examination. To significantly reduce these episodes, you must strictly avoid exposing her to common triggers found in many homes, including cigarette smoke, dust, strong perfumes, and fumes from cooking stoves. It is also important to keep her sleeping area clean and free of dust mites. With the right medical management from the hospital, Peju can breathe comfortably and live a normal, active life.",Deepseek-v4 pro,deepseek-v4-pro
9b5f5d69-dcc0-40a5-a80b-88d83d0f05e1,english,accented_english,i am 32 years old i just gave bet i just gave bet seven days ago i noticed that if i am breastfeeding the child he struggles to soak the breast if the child soak a little bit the child will remove his mouth if i try to put the breast in his mouth so he can soak he will soak again a little bit and remove his mouth i now thought that why did the child doesn't soak breast well i now noticed that the child has cold is not breathing out well like a child snoring that's how he sounds i call the attention of my mother-in-law she say maybe while we want to give birth to the child maybe water enters his head or other things but i thought if water enters his head the nurses and doctors ought to know if water enters the child's head what now shattered my heart the most was the way he's not feeding well it given me concern and my mind is not at rest he doesn't suck well at all it's by force any time i want to breastfeed the child i have to wake him to suck a little that's if he agrees to what i want to ask is that what's the cause of the cold that he doesn't breathe well and that any time he breathed it would look like someone that the nose is blocked and that what is the cause that he's not sucking breast well,"I’m 32 years old , I just gave birth , I just gave birth 7days ago , I noticed that if I’m breast feeding the child , he struggles to suck the breast , if the child suck a little bit , the child will remove his mouth if I try to put the breast in his mouth so he can suck , he will suck again a little bit and remove his mouth , I now thought that why did the child doesn’t suck breast well , I now noticed that the child has cold , his not breathing out well like a child snoring that’s how he sounds, I call the attention of my mother in law , she say maybe while we want to give birth to the child maybe water enters his head or other things but I thought if water enters his head , the nurses and doctors ought to know if water enters the child’s head , what now shattered my heart the most was the way he’s not feeding well , it’s giving me concern and my mind is not at rest , he doesn’t suck well at all , it’s by force any time I want to breastfeed the child , I have to wake him to suck a little that’s if he agrees to , what I want to ask is that what’s the cause of the cold that he doesn’t breathe well and that anytime he breathe it’s would look like someone that the nose is blocked  and that what is the cause that he’s not sucking breast well .",http://speech-app.s3.amazonaws.com/static/audio/uploads/a6380b8c-190b-4849-a6f2-8e3bf7837744/9283eacaa94b48ccac58e8f864b40095_4Q2ojPv6.wav,"Your baby’s difficulty feeding is very likely because his nose is blocked. Newborns breathe only through their noses, and even a small amount of mucus or amniotic fluid can cause the snoring sound and make him pull away from the breast to gasp for air. This is common in the first week and is not a sign that “water entered his head”; your birth team would have detected any serious problems. Before each feed, try clearing his nose with a couple of saline drops and a soft bulb suction, and keep his head slightly raised while breastfeeding. However, if he becomes too weak to wake, breathes very fast, develops a fever, or his lips look blue, take him to the hospital immediately as these could signal a serious infection.",Deepseek-v4 pro,deepseek-v4-pro
bafda9ab-3e05-4d28-9662-8c2934fc3351,english,accented_english,a woman noticed that her husband coughs very strongly when they wake up in the morning while still on their bed the cough starts suddenly and takes a long time before he stops as time goes on she also notices that her husband struggles to breach properly when he walks a little distance or climbs tears he stops to catch his breath and becomes tired very quickly one day after our husband spent a long time coughing and tried to regain his breath the wife became worded she started thinking that maybe there is a disease causing all these problems the next day she spoke with her husband to go to the hospital so that they can see a doctor and know exactly what is happening the question is what can cause a cough to be this seafier with constant tiredness and difficulty breathing all the time when the cough occurs can this problem be related only to learn disease or heart disease what are the things that can cause death or make a person struggle to breathe severely to the point that the person needs urgent medical attention what are the danger signs of britain problems that the family should watch out for regarding cove and difficulty in britain,"A woman noticed that her husband coughs very strongly when they wake up in the morning while still on the bed. The cough starts suddenly and takes a long time before it stops. As time goes on, she also notices that her husband struggles to breathe properly. When he walks a little distance or climbs stairs, he stops to catch his breath and becomes tired very quickly.
One day, after her husband spent a long time coughing and trying to regain his breath, the wife became worried. She started thinking that maybe there is a disease causing all these problems. The next day, she spoke with her husband to go to the hospital so that they can see a doctor and know exactly what is happening.
The question is what can cause a cough to be this severe, with constant tiredness and difficulty breathing all the time when the cough occurs? Can this problem be related only to lung disease or heart disease? What are the things that can cause death or make a person struggle to breathe severely, to the point that the person needs urgent medical attention?
What are the danger signs of breathing problems that the family should watch out for regarding cough and difficulty in breathing?",http://speech-app.s3.amazonaws.com/static/audio/uploads/96bdc083-dd61-427b-ae95-8e553c4378e2/5061f357937d466276b204df55261bc2_b0nB8zQt.wav,"Your husband’s severe morning cough, breathlessness on walking or climbing, and constant tiredness suggest a chronic condition like COPD (often from smoking or indoor cooking smoke) or heart failure, where fluid builds up in the lungs.  
This problem can be caused by lung disease alone, heart disease alone, or both together—chronic lung strain can eventually weaken the heart.  
Causes that can quickly become life‑threatening and need urgent care include a sudden worsening of heart failure (pulmonary edema), a blood clot in the lungs, a severe asthma attack, or a collapsed lung.  
Danger signs the family should watch for are: inability to speak in full sentences due to breathlessness, bluish lips or fingertips, severe chest pain, confusion or drowsiness, and visible sucking in of neck muscles or ribs with each breath.  
Seeking prompt medical evaluation is crucial to find the exact cause and begin the right treatment without delay.",Deepseek-v4 pro,deepseek-v4-pro
22a424bd-71c1-4383-bd91-f975344fa63a,english,accented_english,doctor a mother living in our house began to notice that her baby was not breastfeeding well whenever she tried to breastfeed the baby the baby would suck for a little while and then stop as if exhausted the mother also noticed that the baby did not have enough strength for breastfeed and would sweat heavily on the head and face not only that the baby's breathing changed it seemed as though the baby was breathing upward and downward like someone struggling to breathe as the days went by the mother became increasingly worried she wondered whether it was because the baby was not feeding enough or whether there was a problem related to the baby's breathing and sweating therefore she decided to go to the hospital to see a doctor for an examination of the baby my question is what could cause a baby to have difficulty breastfeeding properly is the way the baby is breathing a sign of any health problem what danger signs should the baby's parents watch out for what could cause a young child to sweat while breastfeeding,"Doctor, a mother living in our house began to notice that her baby was not breastfeeding well. Whenever she tried to breastfeed the baby, the baby would suck for a little while and then stop as if exhausted.
The mother also noticed that the baby did not have enough strength to breastfeed and would sweat heavily on the head and face. Not only that, the baby's breathing changed; it seemed as though the baby was breathing upward and downward, like someone struggling to breathe.
As the days went by, the mother became increasingly worried. She wondered whether it was because the baby was not feeding enough, or whether there was a problem related to the baby's breathing and sweating. Therefore, she decided to go to the hospital to see a doctor for an examination of the baby.
My question is: what could cause a baby to have difficulty breastfeeding properly? Is the way the baby is breathing a sign of any health problem? What danger signs should the baby's parents watch out for? What could cause a young child to sweat while breastfeeding?",http://speech-app.s3.amazonaws.com/static/audio/uploads/234548f6-5573-48c0-84b1-80d8679276a7/b69a3fda035c9322a2711e53a3fa59ef_vpyorzcu.wav,"The baby's poor feeding, easy tiring, and heavy sweating on the head and face during breastfeeding strongly suggest heart failure, often caused by a congenital heart defect.  
The described ""upward and downward"" breathing is a sign of respiratory distress, likely from fluid buildup in the lungs due to the heart not pumping effectively.  
Danger signs to watch for include worsening fast or labored breathing, bluish lips or tongue, poor weight gain, excessive sleepiness, and inability to feed at all.  
Sweating while breastfeeding occurs because the act of feeding is a major physical effort for a baby, triggering a stress-like response when the heart is struggling.  
Immediate medical evaluation at a hospital with pediatric and cardiac expertise is essential, as early diagnosis and treatment can be life-saving.",Deepseek-v4 pro,deepseek-v4-pro
63dfffbe-9c14-48d0-93e1-9fd4f262fb56,english,accented_english,a woman noticed that for the past few days her child had started coughing continuously at first she thought it was a code affecting their child's test and that it would go away however the cough did not improve every night the child wakes up suddenly because of their cough sometimes the child struggles as if it is difficult to breath properly the mother would carry the child upright and could hear the chest walking while the child was breathing this makes it difficult for the child to sleep well at night one day after a night during which the child coughed severely and struggled to breath properly their mother decided to go to their hospital she wanted to know what was causing the cough what was causing the breathing difficulty and how she could help their child my question is what could cause a child to cough severely and have difficulty breathing especially at night what danger signs should they watch out for when their child is coughing what things should they avoid in order to prevent or reduce this cough,"A mother noticed that for the past few days, her child had started coughing continuously. At first, she thought it was a cold affecting the child’s chest and that it would go away. However, the cough did not improve. Every night, the child wakes up suddenly because of the cough. Sometimes, the child struggles as if it is difficult to breathe properly. The mother would carry the child upright and could hear the chest working while the child was breathing. This makes it difficult for the child to sleep well at night.
One day, after a night during which the child coughed severely and struggled to breathe properly, the mother decided to go to the hospital. She wanted to know what was causing the cough, what was causing the breathing difficulty, and how she could help the child.
My question is: what could cause a child to cough severely and have difficulty breathing, especially at night? What danger signs should they watch out for when the child is coughing? What things should they avoid in order to prevent or reduce this cough?",http://speech-app.s3.amazonaws.com/static/audio/uploads/df781cb9-6dce-4864-b872-6717def2639c/325f23a014caeb22a171f111d60b8db4_DbxMTIGl.wav,"The severe nighttime cough and breathing difficulty with a whistling chest sound strongly suggest asthma, a condition in which the airways tighten, often triggered by allergens, cold air, or viral infections. Danger signs that require urgent medical care include fast breathing with ribs pulling in (chest indrawing), flaring nostrils, bluish lips or tongue, inability to speak or feed, and extreme sleepiness. To reduce or prevent these episodes, avoid exposing the child to known triggers such as tobacco smoke, dust, mosquito coil smoke, strong perfumes, and very cold air. Do not give over-the-counter cough syrups without a doctor’s advice, as they can hide worsening illness. Work with your doctor to create an asthma action plan, which may include medicines to control and relieve symptoms.",Deepseek-v4 pro,deepseek-v4-pro
50bb065e-65af-4c0c-8800-18328acc5108,english,accented_english,my name is titilola since yesterday my child's body has been burning shivering intensely the child cannot turn their neck at all it seems as if the child's neck can no longer be turned the child can only open one i what could be causing the fever and the inability to turn my child's neck what kind of examination can i perform so that i can know what is causing the fever and the inability to turn the child's neck what kind of result could appear within the child's body that could cause the fever and the inability to turn the child's neck,"My name is Titilola. Since yesterday, my child's body has been burning, shivering intensely. The child cannot turn their neck at all. It seems as if the child's neck can no longer be turned. The child can only open one eye. What could be causing the fever and the inability to turn my child's neck? What kind of examination can I perform so that I can know what is causing the fever and the inability to turn the child's neck? What kind of result could appear? Within the child's body that could cause the fever and the inability to turn the child's neck.",http://speech-app.s3.amazonaws.com/static/audio/uploads/9f41e940-3d08-46fd-a6b0-330ee0f3a32a/6114cf8fb8366eb054d9999b8d3f4efa_iQS1iWG4.wav,"The fever with shivering, severe neck stiffness (inability to turn the neck), and difficulty opening one eye strongly point to **meningitis** (an infection of the brain and spinal cord coverings) or **cerebral malaria**, both common emergencies in our setting.  
As a parent, you can only confirm the neck stiffness by gently trying to bring the child’s chin to the chest—if it’s impossible and causes pain, this is a red flag, meaning you must rush the child to a hospital **immediately**.  
At the hospital, a **lumbar puncture** will examine the spinal fluid; a cloudy fluid with many white cells, low glucose, and bacteria on Gram stain confirms bacterial meningitis.  
A **blood film for malaria parasites** can show malaria parasites if cerebral malaria is the cause.  
The one-sided eye-opening difficulty may result from increased pressure on the nerves controlling eye movement, which can occur in meningitis or brain swelling—never delay, as these conditions can be fatal within hours without treatment.",Deepseek-v4 pro,deepseek-v4-pro
d12a2efe-ad4f-4ec8-8384-fd9d8b028f51,english,accented_english,suddenly we saw one of our pregnant women who came to our hospital this morning she arrived in severe pain crying loudly holding her back an abdomen because of the pain after about eight to ten minutes of bringing her into the labour world we examined her and found that the baby was already descending and her service was fully dilated very shortly afterward she delivered a baby girl so we carried out all the necessary and appropriate post delivery care not long after we moved the mother and baby into a room so they could rest a little while later the mother called us and said she was feeling very weak tired and that her eyes seemed dim or blurry she also tried to eat after delivery but struggled to do so and the food was not going down well she continued to feel weak and she was also feeling dizzy what could have her food could it be that she lost a lot of blood and now she needs a blood transfusion or what should be done for her should we give her blood or should we give her food,"Suddenly, we saw one of our pregnant women who came to our hospital this morning. She arrived in severe pain, crying loudly, holding her back and abdomen because of the pain.
After about eight to ten minutes of bringing her into the labour ward, we examined her and found that the baby was already descending and her cervix was fully dilated.
Very shortly afterward, she delivered a baby girl.
So we carried out all the necessary and appropriate post-delivery care.
Not long after, we moved the mother and baby into a room so they could rest.
A little while later, the mother called us and said she was feeling very weak, tired, and that her eyes seemed dim or blurry. She also tried to eat after delivery but struggled to do so, and the food was not going down well.
She continued to feel weak, and she was also feeling dizzy.
What could have happened? Could it be that she lost a lot of blood and now needs a blood transfusion, or what should be done for her? Should we give her blood, or should we give her food?",http://speech-app.s3.amazonaws.com/static/audio/uploads/3ded7c4f-ace2-4960-9cdf-19f9e906192c/da1c6010d1dda0770dd27bc2845bb2ff_lYMQvCr2.wav,"The combination of blurred vision, dizziness, profound weakness, and difficulty swallowing shortly after a rapid delivery suggests either significant postpartum hemorrhage (causing anemia and hypovolemia) or postpartum pre-eclampsia/eclampsia (visual disturbances, epigastric pressure mimicking dysphagia). Immediately assess her vital signs, check uterine tone and lochia for excessive bleeding, and evaluate for pallor, tachycardia, or high blood pressure. If she is bleeding heavily with signs of shock, urgently cross-match and transfuse blood; if her blood pressure is severely elevated with visual changes, treat as severe pre-eclampsia with magnesium sulphate and antihypertensives. Do not give food or drink until she is stable and can swallow safely, as forcing food in a dizzy, weak patient with impaired swallowing risks aspiration. Base your intervention on clinical findings—blood transfusion for hemorrhage, medical management for hypertension—and only resume oral intake when she is alert, normotensive, and free of dysphagia.",Deepseek-v4 pro,deepseek-v4-pro
860b85d6-4fa8-4ea2-80c5-ffdec2e3b88f,english,accented_english,a pregnant woman came to the hospital this evening and explained that her husband often shouts at her and frequently beats her she said that this has caused her to become very fearful many times whenever she hears that her husband is coming home or when she is about to go home she becomes afraid because she worries that he may beat her or verbally abuse her she also noticed that her heart often raises or pounds she went to have her blood pressure checked and she was told that her blood pressure was elevated she said that she sought help from her parents and explained the situation to them as a result her parents gave her a traditional harboured remedy agbo but there was no improvement after she used it she wants to know what can she do so that she will no longer be overwhelmed by fear whenever she is going home or hears that her husband is coming what can she use or do to help restore her peace of mind calmness and emotional well-being,"A pregnant woman came to the hospital this evening and explained that her husband often shouts at her and frequently beats her. She said that this has caused her to become very fearful.
Many times, whenever she hears that her husband is coming home or when she is about to go home, she becomes afraid because she worries that he may beat her or verbally abuse her.
She also noticed that her heart often races or pounds. She went to have her blood pressure checked, and she was told that her blood pressure was elevated.
She said that she sought help from her parents and explained the situation to them. As a result, her parents gave her a traditional herbal remedy (""agbo""), but there was no improvement after she used it.
She wants to know:
What can she do so that she will no longer be overwhelmed by fear whenever she is going home or hears that her husband is coming?
What can she use or do to help restore her peace of mind, calmness, and emotional well-being?",http://speech-app.s3.amazonaws.com/static/audio/uploads/ee0a0258-be6e-4841-8402-4824f95b0f98/8d69bf2d6e132f7cbd32c0441f0dd211_fKDgwllZ.wav,"First, your safety and that of your unborn baby is the priority—we can connect you immediately with our hospital social worker or a local women’s support group to create a confidential safety plan and find a safe temporary place, such as staying with supportive relatives. Second, the fear and palpitations are a normal reaction to abuse, but your elevated blood pressure must be assessed urgently to rule out pregnancy-induced hypertension or preeclampsia, which can be worsened by chronic stress. When you feel overwhelmed, practice slow, deep belly breathing—inhale through your nose for 4 counts, hold for 4, and exhale gently through your mouth for 6—to calm your racing heart. However, lasting peace of mind will only come when you are out of harm’s way, so we strongly encourage you to accept the help and consider a shelter or trusted family member’s home where your husband cannot reach you. Please stop using the “agbo” remedy, as many herbal concoctions are not tested for pregnancy and can be harmful, and stick only to treatments we prescribe after checking your blood pressure.",Deepseek-v4 pro,deepseek-v4-pro
4c755844-e119-4f30-b56a-2d40becb435e,english,accented_english,a 30 year old woman gave bet a few minutes ago the delivery was said to be normal however since the baby was born the baby has been having serious difficulty the baby is not crying well and is not responding as a newborn should after bat the baby did not cry properly and seems to have difficulty waking up the body seems tiff or not moving properly as expected the baby also cannot feed well and is struggling to breathfeed the mother is worried because our previous children used to cry immediately after bat what can cause this problem what test can be done on the baby and what emergency steps should be taken what can be done for this newborn baby,"A 30-year-old woman gave birth a few minutes ago. The delivery was said to be normal. However, since the baby was born, the baby has been having serious difficulty. The baby is not crying well and is not responding as a newborn should.
After birth, the baby did not cry properly, and seems to have difficulty waking up. The body seems stiff or not moving properly as expected. The baby also cannot feed well and is struggling to breastfeed.
The mother is worried because her previous children used to cry immediately after birth. What can cause this problem? What tests can be done on the baby, and what emergency steps should be taken? What can be done for this newborn baby?",http://speech-app.s3.amazonaws.com/static/audio/uploads/ef566ae2-dbf5-4f08-bfcd-499df5f22b69/b78a901d20be544115492de657cf2214_0PfWadke.wav,"The baby is showing signs of **birth asphyxia with hypoxic-ischemic encephalopathy**, made worse by the immediate bath, which caused cold stress and hypothermia—dangerously lowering body temperature and worsening breathing, tone, and alertness.  
**Emergency steps:** Stop bathing, quickly dry and wrap the baby in a warm blanket, place under a radiant warmer, clear the airway if needed, and provide bag-mask ventilation with oxygen if the baby is not crying vigorously or has central cyanosis.  
At the bedside, urgently check **blood glucose** (treat hypoglycaemia with IV 10% dextrose) and **oxygen saturation**; if available, send a full sepsis screen (blood culture, CRP, FBC) and consider a cranial ultrasound to assess brain injury.  
Maintain warmth, give IV fluids (avoid oral feeds if in respiratory distress), and start empirical antibiotics (ampicillin + gentamicin) because neonatal sepsis can mimic asphyxia.  
If stiffness or abnormal movements suggest seizures, give a loading dose of phenobarbital, and if the baby is within 6 hours of birth, urgently refer to a facility capable of therapeutic hypothermia, while continuing supportive care and strict temperature control.",Deepseek-v4 pro,deepseek-v4-pro
ed6d5864-563d-4471-b3d4-df5c6f6a4a49,english,accented_english,the mother of a woman who had recently given bets came to the hospital she said that since her daughter gave bets she has been bleeding heavily as a result she no longer has strength in her body the woman who gave bets is 24 years old she also said that the bleeding is excessive and is making her feel weak the mother is unable to eat properly and is unable to do anything my question is what could cause a woman to continue bleeding after giving birth a few days ago what treatment should be given to their mother to stop the bleeding and help her regain our strength what advice can be given to this mother and our daughter,"The mother of a woman who had recently given birth came to the hospital. She said that since her daughter gave birth, she has been bleeding heavily. As a result, she no longer has strength in her body. The woman who gave birth is twenty-four years old. She also said that the bleeding is excessive and is making her feel weak. The mother is unable to eat properly and is unable to do anything.
My question is: what could cause a woman to continue bleeding after giving birth a few days ago? What treatment should be given to the mother to stop the bleeding and help her regain her strength? What advice can be given to this mother and her daughter?",http://speech-app.s3.amazonaws.com/static/audio/uploads/32abdb1d-9a79-4b21-aa4d-c522e51c3c95/9cb26804ba1ab15f002a6f71cea8f521_D1wTeGSF.wav,"Postpartum bleeding days after delivery (secondary postpartum hemorrhage) is often caused by retained placental fragments, uterine infection, or poor uterine contraction. The young mother needs immediate hospital assessment where treatment with uterotonic drugs (like misoprostol or oxytocin), antibiotics, and possibly surgical removal of retained tissue can stop the bleeding. Her severe weakness suggests significant anaemia, so she may require a blood transfusion and must start iron supplements and a nutrient-rich diet to regain strength. Advise the grandmother to urgently bring her daughter to the hospital and not delay with traditional remedies. Counsel both that exclusive breastfeeding will naturally help the uterus contract, and the daughter must rest adequately, eat well, and complete any prescribed medications.",Deepseek-v4 pro,deepseek-v4-pro
