audio_id,language,subset,question,reference,url,model_answer,requested_model,model_id
7b39e880-8826-48eb-b82e-a19522e72df6,english,accented_english,a mother among the mothers who usually bring their babies for injections explained that she noticed that a newborn baby has a problem around the mouth and the baby's lips look bluish today she also noticed that when she is breathfeeding the baby the baby struggles gasps and finds it difficult to breath properly she said this is what made her worried because she does not know what is happening to the baby what can cause a newborn baby's lips to look blueys what can also cause a baby to struggle and have difficulty breathing while breathfeeding can medicine be given or should be baby be examined,"A mother among the mothers who usually bring their babies for injections explained that she noticed that her newborn baby has a problem around the mouth, and the baby’s lips look blueish.
Today, she also noticed that when she is breastfeeding the baby, the baby struggles, gasps, and finds it difficult to breathe properly. She said this is what made her worried because she does not know what is happening to the baby.
What can cause a newborn baby’s lips to look blueish? What can also cause a baby to struggle and have difficulty breathing while breastfeeding? Can medicine be given, or should the baby be examined?",http://speech-app.s3.amazonaws.com/static/audio/uploads/6bb70a63-b01f-45f0-9592-f20c9543b055/388fed2089259942b08d750a4b3d927b_jm9IQNHg.wav,"Bluish lips in a newborn, known as central cyanosis, indicate a severe lack of oxygen in the blood, often caused by congenital heart defects, birth asphyxia, or neonatal pneumonia. When a baby struggles and gasps while breastfeeding, it means the baby is in respiratory distress and cannot coordinate the physical act of sucking with breathing. You must absolutely not give any medicine at home, as doing so without a proper diagnosis is highly dangerous and wastes precious time. The baby needs to be examined immediately by a doctor at a hospital for urgent oxygen therapy and proper clinical evaluation. Please rush the baby to the nearest hospital or primary healthcare center right now, as this is a life-threatening emergency requiring immediate medical intervention.",GLM-5.2-max,glm-5.2
4f88702e-973b-4918-90bc-3052fbbbc67f,english,accented_english,my family member's child was beaten by a dog he is a seven year old child when the dog beat him they usually went to their traditional hila they made their new incision on the wound and applied aparol to it but now the place where the dog beating has started producing pus and it is wholly we explained to them that they should take him to the hospital please what kind of examination can be done for this boy can he have rabies because of the dog even if the dog it helps him to be fine and what kind of treatment does this young boy need consider that the dog did not cause any further injury to his body," My family member’s child was bitten by a dog. He is a seven-year-old child. When the dog bit him, they usually went to their traditional healer; they made an incision on the wound and applied “apọrọ” (traditional preparation) to it. But now, the place where the dog bit him has started producing pus and it is swollen. We explained to them that they should take him to the hospital. Please, what kind of examination can be done for this boy? Can he have rabies because of the dog, even if the dog itself seems to be fine? And what kind of treatment does this young boy need? Consider that the dog did not cause any further injury to his body.",http://speech-app.s3.amazonaws.com/static/audio/uploads/ef9140fe-7a4a-4a06-af80-4455cc0ee4ac/20b1db9e2adb8570f3a2c99acfa10eac_ojpfiFce.wav,"The boy requires a thorough clinical examination to assess the wound depth, tissue necrosis from the traditional incisions, and signs of systemic infection like fever or lymphadenopathy. Yes, he can still contract rabies even if the dog currently appears healthy, because the virus can be shed in the dog's saliva before it shows symptoms, making post-exposure prophylaxis critical. His treatment must include immediate wound irrigation and surgical debridement of the pus-filled wound, along with broad-spectrum antibiotics to treat the secondary bacterial infection. Furthermore, he urgently needs tetanus prophylaxis and a full course of rabies vaccines to prevent these potentially fatal complications.",GLM-5.2-max,glm-5.2
8a9f9be1-12b5-4fc5-b22b-0236180baa66,english,accented_english,a wife a wife observe that a husband has a headache and the headache is really really bad it's quite much to the extent that the man has a stiff neck unable to turn it to the left or right as it ought to be she now observe so very tiny sons which we are not on the man's body before but suddenly occur this care the woman that this kind of occurrence that happened to our husband what can be the cause and what can she do the question i asked the woman was that as her husband ever had a high fever and a kind of drug was used she said no or that the man the bird sleeps on what he uses as pillow hope is not that he slept on the neck the woman said no it is not that he slept on the neck but suddenly the headache started and it was consistent with a stiff neck and very tiny source around the body if something like this happens what can that kind of wife do to help care for a husband and he will return to his normal self,"A wife observed that her husband has a headache, and the headache is really really bad. It quite much to the extent that the man has a stiff neck unable to turn it to the left or right as it ought to be. She now observed some very tiny sores which were not on the man's body before but suddenly occurred. This scared the woman that this kind of occurrence that happened to her husband what can be the cause and what can she do? The question I asked the woman was that has her husband ever had a high fever and a kind of drug was used? She said no. Or that the man, the bed he sleeps on what he uses as pillow hope it's not that he slept on the neck the woman said no it is not that he slept on the neck but suddenly the headache started and it was consistent with a stiff neck and very tiny sores around the body. If something like this happens, what can that kind of wife do to help care for her husband and he will return to his normal self? ",http://speech-app.s3.amazonaws.com/static/audio/uploads/ba63fb24-9040-4481-bdf0-afea2166b053/35b5cd43f25a01e6f60cc54b97ea6098_UYPa1GQg.wav,"The combination of a severe headache, stiff neck, and sudden tiny sores (a petechial rash) strongly suggests meningococcal meningitis, a life-threatening bacterial infection of the brain's lining common in our region. This is a medical emergency, so the wife must immediately take her husband to the nearest hospital for urgent evaluation. At the hospital, doctors will likely administer intravenous antibiotics and perform tests, such as a lumbar puncture, to confirm and treat the infection. She must not attempt to manage this at home with herbs or over-the-counter drugs, as delayed professional care can rapidly lead to fatal complications or permanent brain damage. Once he is stabilized, the healthcare team will also provide preventive antibiotics to the wife and other close contacts to stop the spread of the disease.",GLM-5.2-max,glm-5.2
765b06e9-4314-4cd5-9b0d-f966ccb8f16d,english,accented_english,good evening i came because of my younger sibling i noticed that their eyes and skin have an airy a pale yellowish color and this has been going on for about three days now their body is also very old borning with a fever and they cannot eat they cannot retain anything they cannot retain anything in fact they are shivering and waking heavily because their head is trouble their head is aching and their body is borning out we have tried using something saturn we gave them but even so there is absolutely no difference in their condition their eyes and skin that have that pale or yellowish color it hasn't stopped that yellow color is just increasing day by day and they are not at peace they are not comfortable they are sovereign god forbid they are really sovereign that is why i came to the hospital so that we can know what to do the steps we need to take so that my younger siblings body their skin and eyes that are turning yellow we stop and they will recover,"Good evening I came because of my younger sibling. I noticed that their eyes and skin have an airy... a pale/yellowish color. And this has been going on for about three days now. Their body is also very hot, burning with a fever, and they cannot eat. They cannot retain anything, they cannot retain anything. In fact, they are shivering/weakened heavily. Because their head is throbbing, their head is aching, and their body is burning hot. We have tried using some things at home, we gave them, but even so, there is absolutely no difference in their condition. Their eyes and skin that have that pale/yellowish color, it hasn't stopped, that yellow color is just increasing day by day, and they are not at peace, they are not comfortable, they are suffering, God forbid, they are really suffering. That is why I came to the hospital so we can know what to do, the steps we need to take, so that my younger sibling's body, their skin and eyes that are turning yellow, will stop, and they will recover.
",http://speech-app.s3.amazonaws.com/static/audio/uploads/36b89ae1-c49b-421e-aee0-92d33762fd44/986b18ca45a5dd77b85eb65c7e3c1b65_va5g39ok.wav,"Good evening; based on the yellowing of your sibling's eyes and skin (jaundice), high fever, chills, and vomiting, they are likely suffering from a severe systemic infection such as severe malaria, acute viral hepatitis, or typhoid. This is a medical emergency requiring immediate hospital admission for intravenous fluids to prevent dehydration and urgent blood tests, including a malaria parasite test, liver function tests, and a full blood count. In our local context, worsening jaundice with these symptoms often indicates severe malaria destroying red blood cells or an acute liver infection, both of which need targeted intravenous medications. Please stop giving oral medications at home since they cannot retain anything, as this will only cause further dehydration and delay proper treatment. Bring them to the emergency room right away so we can quickly diagnose the exact cause, stabilize their condition, and stop the progression of the illness.",GLM-5.2-max,glm-5.2
fabfb9ed-e038-4397-ae04-7e1e709be446,english,accented_english,this lady gave bath at our place this morning she delivered the baby at dawn when she arrived around 8am the person who was with her at own called us saying this lady was shavering our body was very hot and she had a lot of body issues which really bothered her we went to see the lady covered her with a clothes and checked their temperature meaning how hot our body was and it was 38.2 we performed a malaria test for this lady that is a malaria rapid test diagnosis was done this lady is nowhere it looks like malaria we asked if she had eaten and she said she hadn't eaten anything we told those who were with her to give her tea to let the lady drink it as she breastfelt the baby she said when she wanted to breastfeed the baby she noticed the baby pass too or had a bower movement we then asked the lady to sit up and lean back on the bed she was on to let her body recover better not completely but to help and her eyes were not white or pay so we advised that once she has eaten she should take paracetamol after she has finished taking the paracetamol we decided how many days it will be before we can give it to the lady again she has malaria and we perform the malaria test please we can give it to her again once she has finished eating and we have advised her to take paracetamol since she is feeling weak if it doesn't go away we will know what kind of treatment to provide,"This lady gave birth at our place this morning; she delivered the baby at dawn. When she arrived around 8:00 AM, the person who was with her at home called us, saying this lady was shivering, her body was very hot, and she had a lot of body issues which really bothered her. We went to see the lady, covered her with a cloth, and checked her temperature—meaning how hot her body was—and it was 38.2. We performed a malaria test for this lady, that is, a malaria rapid test diagnosis was done. This lady is not well, it looks like malaria. We asked if she had eaten, and she said she hadn't eaten anything. We told those who were with her to give her tea, to let the lady drink it. Has she breastfed the baby? She said when she wanted to breastfeed the baby, she noticed the baby passed stool/had a bowel movement. We then asked the lady to sit up and lean back on the bed she was on, to let her body recover better—not completely, but to help—and her eyes were not white/pale. So, we advised that once she has eaten, she should take Paracetamol. After she has finished taking the Paracetamol, we decided how many days it will be before we can give it to the lady again. She has malaria, and we performed a malaria test. Please, we can give it to her again. Once she has finished eating, and we have advised her to take Paracetamol, since she is feeling weak, if it doesn't go away, we will know what kind of treatment to provide.",http://speech-app.s3.amazonaws.com/static/audio/uploads/34deaaf1-18a1-4ca3-9164-cd204afb2440/6cdb1cbde7372af51e83a2ad7bc50b93_hyt4KGOF.wav,"Since she has a confirmed malaria infection and is postpartum, she should be given Artemether-Lumefantrine (an ACT), which is the standard first-line treatment for uncomplicated malaria in Nigeria and is safe for breastfeeding mothers. It is excellent that you are managing her fever with paracetamol and ensuring she eats before taking her medications to prevent stomach upset. Ensure she completes the full 3-day antimalarial course, even if her symptoms improve earlier. If her fever and weakness persist after 48 to 72 hours of starting the ACT, or if she develops danger signs like excessive drowsiness or difficulty breathing, refer her immediately to a higher-level facility for injectable Artesunate to treat potential severe malaria.",GLM-5.2-max,glm-5.2
1ca84822-c7ea-4bee-9736-4cd89a8f0bf2,english,accented_english,i brought my nine year old child to the hospital this afternoon i sent the child on an errand to buy something from me in town but the dog beat the child when they brought the child home and explain what happen i examined the wound where the dog beat the child and i noticed that the wound is red and already swollen we made inquiries in the neighborhood to find out about the dog that beats the child and the dogs owner said they are never given the dog any vaccines they mention that it just goes out place and comes back inside they said they have never given the dog any medical treatment whatsoever this is why i became frightened and i rush the child to the hospital so that it will not turn out that the dog that breathe child is a rebit dog what could possibly happen to a child who has been beaten by a dog what could happen to a wound that is red and swollen is it possible for an infection like rebits to enter this wound is it possible for something terrible to happen to the child as a result of this dog bite please what can i do to prevent an infection from entering this wound what vaccines and what medications can be used to treat this child to ensure they receive proper care what else can we do or what medical tests can we run to take care of the wound where the dog beat this child,"I brought my nine-year-old child to the hospital this afternoon. I sent the child on an errand to buy something for me in town, but a dog bit the child. When they brought the child home and explained what happened, I examined the wound where the dog bit the child, and I noticed that the wound is red and already swollen. We made inquiries in the neighborhood to find out about the dog that bit the child, and the dog's owner said that they have never given the dog any vaccines. They mentioned that it just goes out, plays, and comes back inside. They said they have never given the dog any medical treatment whatsoever. This is why I became frightened and rushed the child to the hospital, so that it wouldn't turn out that the dog that bit the child is a rabid dog. What could possibly happen to a child who has been bitten by a dog? What could happen to a wound that is red and swollen? Is it possible for an infection like rabies to enter this wound? Is it possible for something terrible to happen to the child as a result of this dog bite? Please...
What can I do to prevent an infection from entering this wound? What vaccines and what medications can be used to treat this child to ensure they receive proper care? What else can we do, or what medical tests can we run to care for the wound where the dog bit this child?

",http://speech-app.s3.amazonaws.com/static/audio/uploads/deb5d857-a070-45c0-befc-c05e82418b64/6e7c086781508076742c00c0e90a393b_QXZ9PS88.wav,"Your child is at high risk for rabies since the dog is unvaccinated, and the red, swollen wound suggests bacterial infection has already set in. Immediately, the wound should be thoroughly washed with soap and running water for at least 15 minutes and flushed with povidone-iodine solution. The child must receive rabies post-exposure prophylaxis (PEP) without delay—this includes rabies immunoglobulin infiltrated into the wound and rabies vaccine given on days 0, 3, 7, and 14. For the bacterial infection, oral antibiotics such as amoxicillin-clavulanate should be started, and a tetanus booster given if the child's immunization is not up to date. No specific test can diagnose rabies in the child before symptoms appear, so do not wait—begin PEP immediately as rabies is nearly 100% fatal once symptoms develop.",GLM-5.2-max,glm-5.2
9d26d614-9c65-4d84-83ec-0892de7c0b44,english,accented_english,a newborn baby that has just been delivered in our hospital about 20 minutes ago was found to appear sleepy the baby did not cry well since being delivered when we checked its respiration it was fine but the baby was as sleep all through we also checked the temperature and it was normal here is my question what could cause a newborn baby to appear as if it is sleeping and not cry properly since it bets also what kind of treatment will be effective for such baby and when the mother gets home what could she administer to the child and what she should not and what kind of food should the mother eat to ensure that both the mother and baby will be held the,"A newborn baby that has just been delivered in our hospital about twenty minutes ago, was found to appear sleepy. The baby did not cry well since being delivered. When we checked it's respiration,  it was fine but the baby was asleep althrough, we also checked the temperature, and it was normal. Here is my question, what could cause a new born baby to appear as if it is sleeping? And not cry properly since it's birth? Also, what kind of treatment will be effective for such baby? And, when the mother gets home, what could she administer to the child and what she should not, and what kind of food should the mother eat to ensure that both the mother and baby will be healthy?",http://speech-app.s3.amazonaws.com/static/audio/uploads/f39b0d23-0b11-41d2-b8a4-5a77de83a722/18ec2caec652931aed574581a199be42_67evFiUC.wav,"A sleepy newborn with a poor cry despite normal vitals could be experiencing the effects of maternal labor medications (like pethidine), early birth asphyxia, or hypoglycemia, requiring immediate inpatient observation, warming, and blood glucose checks. Effective treatment involves maintaining the ""warm chain"" via skin-to-skin contact, gentle physical stimulation, and close monitoring by hospital staff for any neurological or respiratory deterioration. The mother should not take this 20-minute-old baby home yet, but once medically cleared for discharge, she must exclusively breastfeed on demand and must never administer water, honey, or local herbal concoctions (""agbo""). To ensure the health of both mother and baby, the mother should eat a balanced diet rich in local proteins (fish, eggs), fluids (like pap), and vegetables to support breast milk production. Since the poor cry may indicate intrapartum distress, the infant needs continuous hospital assessment to rule out hypoxic-ischemic encephalopathy or neonatal infections before considering discharge.",GLM-5.2-max,glm-5.2
3824cff9-42c8-4c4f-aa0b-edac22256149,english,accented_english,i am a married woman 35 years old please i brought my 5 month old baby for examination and guidance i have resumed work but surprisingly for about the past three days i have noticed that my baby has been coughing repeatedly we have tried everything we can think of to stop the cough but i can see that the cough has not gone away i am usually not at home when i leave in the morning i do not return until around 6 p m my mother stays at home with the baby whenever i have the opportunity to call i do so and ask about the cough and they keep telling me that the baby is still coughing the baby is five months old he is no longer taking only breast milk because i have resumed work i have breastfed him exclusively for three months and after that i started giving him other foods i have been giving him different foods including purp and other baby foods that i know what is even more surprising is that since last night his breathing has not been normal he is not breathing well and his nose is completely blocked my mother even said that while baiting him this morning she had to use a little warm water around his nose and chest because the cough had become severe the breathing problem has also started he is no longer breathing properly and his breathing is not clear and free any more please my question is what can i use for him to stop the cough and concerning the breathing that is no longer clear what can i do what can i use for him and what steps can i take so that he can breathe properly and nothing will obstruct his breathing,"I am an married woman, thirty-five years old. Please, I brought my five-month-old baby for examination and guidance.
I have resumed work. But surprisingly, for about the past three days, I have noticed that my baby has been coughing repeatedly. We have tried everything we can think of to stop the cough, but I can see that the cough has not gone away.
I am usually not at home. When I leave in the morning, I do not return until around 6 p.m. My mother stays at home with the baby.
Whenever I have the opportunity to call, I do so and ask about the cough, and they keep telling me that the baby is still coughing.
The baby is five months old. He is no longer taking only breast milk because I have resumed work. I breastfed him exclusively for three months, and after that I started giving him other foods.
I have been giving him different foods, including pap, and other baby foods that I know.
What is even more surprising is that since last night, his breathing has not been normal. He is not breathing well, and his nose is completely blocked.
My mother even said that while bathing him this morning, she had to use a little warm water around his nose and chest because the cough had become severe.
The breathing problem has also started. He is no longer breathing properly, and his breathing is not clear and free anymore.
Please, my question is: what can I use for him to stop the cough? And concerning the breathing that is no longer clear, what can I do, what can I use for him, and what steps can I take so that he can breathe properly and nothing will obstruct his breathing?",http://speech-app.s3.amazonaws.com/static/audio/uploads/e5d41243-231d-4c9d-996b-f18154a279e4/8467bf6a7aae1ace111e579272aeb282_g6jdfMfk.wav,"Your baby's breathing difficulty is a medical emergency requiring immediate hospital assessment, as these signs could indicate pneumonia or bronchiolitis, which can rapidly worsen in infants. Do not use any cough medications, rubs, or home remedies on this baby, as they can be harmful at this age and will not address the underlying cause. While heading to the hospital, keep the baby upright, ensure the nasal passages are clear using only saline drops if available, and avoid any feeds if the baby is breathing rapidly or struggling. At the hospital, the doctor will assess for danger signs like fast breathing, chest in-drawing, or low oxygen and may provide oxygen, nebulized medications, or antibiotics depending on the diagnosis. For future reference, please note that exclusive breastfeeding is recommended for the first six months, and early introduction of foods like pap increases the risk of infections and respiratory illnesses in young infants.",GLM-5.2-max,glm-5.2
11af86b9-5656-4db4-85c5-41a89d38ab56,english,accented_english,a caregiver who is taking care of a small child noticed that the child is caring for a struggling to breathe and the child's breathing is not normal she also noticed that the child coughs repeatedly and the cough is very severe the child is not a baby that was abandoned at birth nor a child that is usually baited with cold water what then can cause a small child to be breathing with difficulty and coughing repeatedly and why would breathing not be easy for the child as it should be what can be done about this situation,"A caregiver who is taking care of a small child noticed that the child she is caring for is struggling to breathe, and the child's breathing is not normal.
She also noticed that the child coughs repeatedly, and the cough is very severe.
The child is not a baby that was abandoned at birth, nor a child that is usually bathed with cold water.
What then can cause a small child to be breathing with difficulty and coughing repeatedly, and why would breathing not be easy for the child as it should be? What can be done about this situation?",http://speech-app.s3.amazonaws.com/static/audio/uploads/15234559-17a3-458f-8370-b7127d1a46bb/1b753148ca88263ad38b075c5597b8e4_sWn7s2Zk.wav,"A small child struggling with a severe cough and abnormal breathing likely has acute pneumonia, bronchiolitis, or a foreign body aspiration, which are common clinical emergencies in our setting. These conditions cause airway inflammation, mucus accumulation, or physical obstruction, which prevent proper oxygen exchange and force the child's lungs to work significantly harder. Contrary to local myths about cold water, these symptoms are typically caused by bacterial or viral infections, or the accidental inhalation of small objects. The caregiver must immediately take the child to the nearest hospital for urgent medical evaluation, as severe breathing difficulty can rapidly become life-threatening. While in transit, keep the child sitting upright to aid breathing and strictly avoid administering traditional remedies or over-the-counter cough syrups until a doctor provides appropriate treatment like oxygen or antibiotics.",GLM-5.2-max,glm-5.2
802d0602-027d-4b98-8545-91fa8032ea5c,english,accented_english,i took my pregnant friend who is eighteen years old to the hospital because she had gone into labor and her time had come when we arrived at the hospital and they had carried out all the necessary assessments her blood pressure was high after they had completed all that needed to be done she continued in labor she remained in labor for about twelve hours her husband was nearby and the doctors advised that she should give consent for a caesarean section because she had been in labor for a long time my friend refused she said no not at all i want to give bed naturally like the hebrew woman she eventually delivered the baby after twelve hours of labor she gave bed to a healthy looking baby girl and we thanked god however what was surprising was that the baby was not breathing properly they stimulated the baby repeatedly patting and rubbing her she cried but her breathing was still not normal they quickly gave her oxygen doctor please will this baby survive and if she survives will she no become a disabled child,"I took my pregnant friend, who is eighteen years old, to the hospital because she had gone into labour and her time had come. When we arrived at the hospital and they had carried out all the necessary assessments, her blood pressure was high.
After they had completed all that needed to be done, she continued in labour. She remained in labour for about twelve hours. Her husband was nearby, and the doctors advised that she should give consent for a Caesarean section because she had been in labour for a long time.
My friend refused. She said, “No, not at all. I want to give birth naturally like the Hebrew women.”
She eventually delivered the baby. After twelve hours of labour, she gave birth to a healthy-looking baby girl, and we thanked God. However, what was surprising was that the baby was not breathing properly. They stimulated the baby repeatedly, patting and rubbing her. She cried, but her breathing was still not normal. They quickly gave her oxygen.
Doctor, please, will this baby survive? And if she survives, will she no become a disabled child?",http://speech-app.s3.amazonaws.com/static/audio/uploads/f9ee8a8c-79a4-489b-8cbf-650888877449/2a09dccd062daacfe47ff7ae4cade3f1_uXgCmMLy.wav,"The baby experienced birth asphyxia (oxygen deprivation) likely due to the prolonged twelve-hour labor and the mother's high blood pressure, which can compromise placental blood flow. Her chances of survival are favorable since she cried and responded to initial resuscitation, provided she continues to receive oxygen and intensive neonatal monitoring for complications like seizures. Whether she will develop a long-term disability, such as cerebral palsy or cognitive delays, depends entirely on the severity and duration of the oxygen deprivation to her brain. If the deprivation was brief and her breathing normalizes quickly without neurological symptoms, she may recover completely without any disabilities, but severe cases carry a significant risk of permanent brain injury. I strongly advise keeping the baby in the hospital's special care baby unit for close observation and ensuring she attends scheduled follow-up developmental clinics.",GLM-5.2-max,glm-5.2
0645a7cc-2804-4b30-9261-c21d6a998d39,english,accented_english,as a brave woman holding a child seeing that the child is fifthrish the child suddenly starts shaking the child is having conversance and is no longer in control what kind of illness is affecting this nursing mother shirt and what kind of care can be given to this shirt,"As a brave woman holding her child, seeing that the child is feverish, the child suddenly starts shaking. The child is having convulsions and is no longer in control. What kind of illness is affecting this nursing mother's child? And what kind of care can be given to this child?",http://speech-app.s3.amazonaws.com/static/audio/uploads/c42bdadd-cd31-4ade-b25b-e64accc38daf/e6c5a77a8eadc9388a4211cfa991ab78_QF49INUr.wav,"Based on your description, the child is experiencing a febrile seizure, which is a convulsion triggered by a high fever, commonly caused by malaria or respiratory infections in our environment. While the convulsion is ongoing, lay the child on their side on a safe surface, do not insert any objects into their mouth, and loosen tight clothing to prevent injury and choking. Immediately apply tepid sponging with lukewarm water to reduce the fever and rush the child to the nearest hospital or primary health care center. At the hospital, doctors will administer antipyretics, manage any ongoing seizures, and treat the underlying infection.",GLM-5.2-max,glm-5.2
e94dcaf7-da59-4427-af78-e3283cdc2a22,english,accented_english,good evening doctor please i brought my child to the hospital because i noticed that the way it breathes it makes it sound as if here is passing through a small hole it sounds like whizzing it also sounds like someone blowing a whistle and is struggling to breathe properly i have also noticed that for about three days now he usually cough at night sometimes i notice his chest drawing in and out intensely as if he's working extra hard just to breathe i also noticed that he can no longer eat well as before whenever he wants to eat he has to pause to catch his breath this situation hasn't given him the chance to feed properly for about three days now i have already taken him to the local chemist patent medicine store in our neighborhood and he gave me some cough medicine for him because he was coughing slightly though the cough was not severe but despite all the medication he took i noticed he didn't work his breathing remains the same and his tea cannot hate well please what kind of condition is affecting my child with this whistling breadth also does he need a chest examination x to find out what is troubling him and why his chest is even up and down what kind of treatment can i give this child atom to help ease is breathing so he can breath properly are there are other medication or alternative measures i can take for this child,"Good evening doctor. Please, I brought my child to the hospital because I noticed that the way he breathes, he makes a sound as if air is passing through a small hole. It sounds like wheezing. It also sounds like someone blowing a whistle, and he is struggling to breathe properly.
I have also noticed that for about three days now, he usually coughs at night. Sometimes, I notice his chest drawing in and out intensely, as if he is working extra hard just to breathe. I also noticed that he can no longer eat well as before. Whenever he wants to eat, he has to pause to catch his breath. This situation hasn't given him the chance to feed properly for about three days now.
I have already taken him to the local chemists (patent medicine stores) in our neighborhood, and they gave me some cough medicine for him because he was coughing slightly, though the cough wasn't severe. But despite all the medication he took, I noticed it didn't work. His breathing remains the same, and he still cannot eat well. Please, what kind of condition is affecting my child with this whistling breath? Also, does he need a chest examination (X-ray) to find out what is troubling him and why his chest is heaving up and down? What kind of treatment can I give this child at home to help ease his breathing so he can breathe properly? Are there other medications or alternative measures I can take for this child?",http://speech-app.s3.amazonaws.com/static/audio/uploads/81e541ed-a531-4bbb-b94e-49209e8390dc/0d281c7912de63bbf4768a71d3186f2f_354vIHpE.wav,"Good evening; your child's symptoms of wheezing, chest in-drawing, and difficulty feeding indicate severe respiratory distress, likely from acute bronchiolitis or asthma, requiring urgent hospital care rather than chemist remedies. A doctor's clinical examination is essential, and a chest X-ray may be required to rule out severe pneumonia or a foreign body aspiration. Treatment must involve doctor-prescribed bronchodilators (like salbutamol nebulization) to open the airways and possibly steroids, as over-the-counter cough mixtures are ineffective for this condition. Please rush him to the nearest hospital emergency room immediately, as there are no safe home alternatives for this level of breathing difficulty, and delaying care could be fatal.",GLM-5.2-max,glm-5.2
2d3577d4-0796-481d-b7cd-df6912cbf4df,english,accented_english,after i gave baths and i was trying to recover one evening i thought that since we did not have clean water in our area if i wanted to bath i will always use water that is not clean all the time i kept thinking that i should take care of myself and be batting properly then when it became one evening my body was no longer away i started feeling cold and my body began to shiver every day i was feeling cold but my body was not well again i noticed that the blood that was coming out after child bath had the smell coming from there that was not good at all the smell was much and this had not happened before i could not take my eyes away from it as i got up that was when i was coming to the hospital to ask whether the clean water that i used to bath could cause any illness after child baths,"After I gave birth and I was trying to recover, one evening I thought that since we did not have clean water in our area, if I wanted to bathe, I would always use water that is not clean all the time, I kept thinking that I should take care of myself and be bathing properly.
Then, when it became one evening, my body was no longer well. I started feeling cold, and my body began to shiver every day. I was feeling cold, but my body was not well again. I noticed that the blood that was coming out after childbirth had a smell coming from there that was not good at all. The smell was much, and this had not happened before.
I could not take my eyes away from it. As I got up, that was when I was coming to the hospital to ask whether the clean water that I used to bathe could cause any illness after childbirth ",http://speech-app.s3.amazonaws.com/static/audio/uploads/b4129300-516c-4e8c-b210-8a7a68eb2c40/4dc9ce6a313e6f7f05e2097d99201126_aCvc58WL.wav,"Yes, bathing with contaminated water, especially during perineal care after childbirth, can introduce harmful bacteria into your birth canal and uterus, leading to a serious infection called puerperal sepsis. Your symptoms of chills, shivering, and foul-smelling postpartum bleeding are classic warning signs of this uterine infection. This is a medical emergency that requires immediate hospital evaluation and treatment with antibiotics to prevent severe, life-threatening complications. In our local setting where clean water is scarce, it is highly advised to boil and cool water before using it for any postpartum hygiene. Please proceed to the hospital immediately so we can examine you and start the necessary treatment right away.",GLM-5.2-max,glm-5.2
68e2eedf-1921-4b44-b284-6ba909e084ab,english,accented_english,a woman was brought to the hospital this morning because she was bleeding heavily and this had caused her a great deal of distress she was asked whether this had happened to her before and she replied that it had happened about twice previously during which she usually experienced pain and the bleeding would occur intermittently she was then asked whether she might be having a miscarriage but she said she did not know whether she was pregnant or whether she had become pregnant she was asked when she last had her mestrual period and she replied that it had not been very long as she had her last mestrual period about one and a half month ago before this bleeding started again this morning please what could cause a woman to bleed this heavily what emergency steps can be taken what treatment can be given to this woman to save her life and stop the bleeding what medicines or injections that help stop bleeding can be given to her first and what investigations can be carried out to determine the cause of such severe bleeding,"A woman was brought to the hospital this morning because she was bleeding heavily, and this had caused her a great deal of distress. She was asked whether this had happened to her before, and she replied that it had happened about twice previously, during which she usually experienced pain and the bleeding would occur intermittently. She was then asked whether she might be having a miscarriage, but she said she did not know whether she was pregnant or whether she had become pregnant. She was asked when she last had her menstrual period, and she replied that it had not been very long, as she had her last menstrual period about one and a half months ago before this bleeding started again this morning. Please, what could cause a woman to bleed this heavily? What emergency steps can be taken? What treatments can be given to this woman to save her life and stop the bleeding? What medicines or injections that help stop bleeding can be given to her first? And what investigations can be carried out to determine the cause of such severe bleeding?",http://speech-app.s3.amazonaws.com/static/audio/uploads/eb9586ba-957b-4df0-ae41-ac9006ddc311/dcadd9f16fe403f945da88220e59fd8d_siqXJ6Nv.wav,"Given her 1.5-month amenorrhea and abdominal pain, the heavy bleeding is most likely a pregnancy-related emergency such as a miscarriage or a ruptured ectopic pregnancy. Immediate emergency steps require securing large-bore intravenous access for aggressive fluid resuscitation and arranging urgent blood grouping with crossmatching for potential transfusion. To pharmacologically slow the bleeding, uterotonic injections such as oxytocin or ergometrine can be administered to contract the uterus, assuming a miscarriage scenario. Essential investigations include a urgent pelvic ultrasound scan to locate the pregnancy and rule out ectopic rupture, a urine pregnancy test, and a packed cell volume (PCV) to assess the severity of blood loss. If an ectopic pregnancy or retained products of conception are confirmed, emergency surgical intervention—such as a laparotomy or uterine evacuation—is necessary to definitively stop the hemorrhage and save her life.",GLM-5.2-max,glm-5.2
634fa780-5573-414f-88cb-005ac0334812,english,accented_english,my name is mrs akin leye for about the past two months i have noticed that my husband's spiriting has not been normal at all he also sneezes repeatedly especially whenever he is in a dusty environment or in a place where something is being fried he sneezes repeatedly and finds it difficult to breathe properly his breathing becomes labored and he tends to sneeze whenever he is in places with smoke or dust is there any test that can be carried out to determine exactly what is causing these symptoms could staying in dusty places be the cause or is his body's system changing in a way that is making this happen what type of medication can he use so that his breathing will become normal and comfortable at all times wherever he may be,"My name is Mrs. Akinleye. For about the past two months, I have noticed that my husband's breathing has not been normal at all. He also sneezes repeatedly, especially whenever he is in a dusty environment or in a place where something is being fried. He sneezes repeatedly and finds it difficult to breathe properly.

His breathing becomes laboured, and he tends to sneeze whenever he is in places with smoke or dust.

Is there any test that can be carried out to determine exactly what is causing these symptoms? Could staying in dusty places be the cause, or is his body's system changing in a way that is making this happen? What type of medication can he use so that his breathing will become normal and comfortable at all times, wherever he may be?",http://speech-app.s3.amazonaws.com/static/audio/uploads/ec4f6e3a-cc90-40af-b4a4-ce64791f44ea/033ee62500b0f6cdcafded4a86bfceb6_Nq3Rh0eq.wav,"Mrs. Akin Leye, your husband's symptoms strongly suggest allergic rhinitis with possible allergic asthma, meaning his immune system is overreacting to environmental triggers like dust and smoke, causing airway inflammation and narrowing. To identify the exact triggers, a doctor can perform a skin prick test or specific IgE blood test, alongside a spirometry test to evaluate his lung function. Standard medical management typically involves a reliever inhaler (like Salbutamol) for immediate breathing difficulty, a preventer steroid inhaler for long-term control, and oral antihistamines (like Loratadine) to stop the sneezing. Because dust and cooking fumes are prevalent in our environment, he must avoid these triggers and wear a face mask when exposure is unavoidable. Please take him to a physician for a proper clinical assessment and prescription, as he needs to be evaluated before starting these medications.",GLM-5.2-max,glm-5.2
575d714b-cbfc-4716-8ac4-6f5293dbda4c,english,accented_english,one of my senior siblings just gave birds to a girl a few days ago she noticed that any time she breastfeed she have difficulty in breathing sometime the child stops sucking suddenly like the child is lifeless one day the mother see that when she breastfeed the child at midnight she noticed that the child's lips is already changing little by little she was so disappointed and confused she tried carrying the child up so that the child to breathe well but the child have difficulty in breathing ha was also afraid when he saw the child having difficulty breathing and the lips tinging they quickly carried the child to the hospital for medical attention what can the lips of a newborn child change color and its difficulty breathing when a child is soaking a dangerous sign and its heart disease or liver disease cause a child difficulty in breathing what are other dangerous signs and symptoms that parents can be cautious of and what are the emergency treatment that can be given to a child that have difficulty in breathing,"One of my senior siblings just gave birth to a girl few days ago , she noticed that anytime she breast feed she have difficulty in breathing , sometime the child stops sucking suddenly like the child is lifeless , one day the mother see that when she breastfeed the child at midnight she noticed that the child lips is already changing little by little she was so disappointed and confused, she tried  carrying  the child up so that the child to breathe well but the child have difficulty in breathing , her was also afraid when he saw the child having difficulty breathing and the lips changing , they quickly carried the child to the hospital for medical attention , what can the lips of a newborn child change color and is difficulty breathing when a child is sucking a   dangerous sign and is heart disease or liver disease cause a child difficulty in breathing , what are other dangerous signs and symptoms that parent can be cautious of , and what are the emergency treatment that can be given to a child that have difficulty in breathing.",http://speech-app.s3.amazonaws.com/static/audio/uploads/7be9c928-7f0f-4c19-9249-8ea1b8b7114b/579c1298419c4072bbd9cee824e7b5fc_EpLpKzin.wav,"The bluish discoloration of the lips (cyanosis) and breathing difficulty during feeding are highly dangerous signs of oxygen deprivation, typically pointing to a congenital heart defect, severe pneumonia, or neonatal sepsis, rather than liver disease. Parents must also watch for other critical danger signs like poor sucking, fever or hypothermia, convulsions, severe chest in-drawing, grunting, and excessive sleepiness or unresponsiveness. In an emergency at home, the only immediate treatment is to keep the baby's airway clear, ensure they stay warm, and rush them immediately to the hospital for oxygen therapy and medical stabilization. By rushing the child to the hospital, the parents did the right thing, as the child urgently needs supplemental oxygen and investigations like an echocardiogram to diagnose the underlying cause. Please ensure the baby continues to receive professional medical care, as breathing difficulties in newborns can rapidly become life-threatening without continuous hospital support.",GLM-5.2-max,glm-5.2
50f48a3a-dc2e-4212-b1e0-a5bf5e1680e5,english,accented_english,a woman just gave bath to a newborn baby at our hospital this morning her delivery was very easy and she gave bet to the baby's motorly and without complications shortly after this woman gave baths we observed that the pad placed under her quickly became soaked with blood and it was quite a lot a few minutes later the woman used another pad yet it was also filled with blood very quickly before long the woman started feeling weak and the bleeding became so heavy that it did not stop what could be the cause of postpartum hemorrhage what could cause the bleeding to not stop is it possible that a second baby remains inside this woman is it possible that the woman's suffix is torn is it possible that a uterus is failing to contract to stop the bleeding what could cause the heavy continuous bleeding that this woman is experiencing what steps can we take for this woman to stop the bleeding what kind of injection or medication can be used for this woman and should we send this woman to a larger hospital or is there another procedure we can perform on this woman to make the bleeding stop,"A woman just gave birth to a newborn baby at our hospital this morning. Her delivery was very easy, and she gave birth to the baby smoothly and without complications.
Shortly after this woman gave birth, we observed that the pad placed under her quickly became soaked with blood, and it was quite a lot. A few minutes later, the woman used another pad, yet it was also filled with blood, very quickly. Before long, the woman started feeling weak, and the bleeding became so heavy that it did not stop.
What could be the cause of postpartum hemorrhage? What could cause the bleeding to not stop? Is it possible that a second baby remains inside this woman? Is it possible that the woman's cervix is torn? Is it possible that her uterus is failing to contract to stop the bleeding? What could cause the heavy, continuous bleeding this woman is experiencing? What steps can we take for this woman to stop the bleeding? What kind of injection or medication can be used for this woman, and should we send this woman to a larger hospital, or is there another procedure we can perform on this woman to make the bleeding stop?",http://speech-app.s3.amazonaws.com/static/audio/uploads/db4c2fcf-091a-4961-b02e-fe9bc2b1aa53/777fa56b6828ce2f419592b4c4d97445_DjTDSS1u.wav,"This woman is experiencing primary postpartum hemorrhage (PPH), most likely due to uterine atony (failure of the uterus to contract), though a torn cervix from the rapid delivery or retained tissue like a second baby are also possible causes. Immediately perform uterine massage, establish two large-bore IV lines with crystalloid fluids, and administer uterotonic injections such as Oxytocin or Misoprostol to help the uterus contract. You must also perform a thorough vaginal examination to identify and repair any cervical tears, and palpate the abdomen to rule out a second undelivered baby. If the uterus remains boggy and bleeding continues, apply bimanual uterine compression as a temporizing measure while preparing for transfer. Because her weakness indicates severe blood loss, you must urgently refer her to a larger hospital for blood transfusion and advanced interventions like uterine balloon tamponade or surgery if the bleeding does not immediately stop.",GLM-5.2-max,glm-5.2
14591848-1a55-464f-b893-cdc64a9a9b42,english,accented_english,a grandmother noticed that her child that has been with her after she gave birth about three days ago the bleeding following childbirth was heavier than normal she also noticed that she was turning pale her hands feet face and ears were pale she was shivering and warm however in the last three days she noticed that all her feet and hands became cold and she was completely exhausted and unable to do anything that is why she brought her to the hospital so that the doctor would examine her body she asked directly if it was possible that the doctor did not clean her womb properly which is causing the heavy bleeding she also specifically requested that the doctor prescribe injections or medication to help stop this bleeding so that she can regain her strength and then can care for her child,"A grandmother noticed that her child, that she has been with after she gave birth, about three days ago, the bleeding following childbirth was heavier than normal. She also noticed that she was turning pale; her hands, feet, face, and ears were pale. She was shivering and warm. However, in the last three days, she noticed that all her feet and hands became cold, and she was completely exhausted and unable to do anything. This is why she brought her to the hospital so that the doctor could examine her body. She asked directly if it was possible that the doctor did not clean her womb properly, which is causing the heavy bleeding. She also specifically requested that the doctor prescribe injections or medication to help stop this bleeding, so that she can regain her strength and they can care for her child.",http://speech-app.s3.amazonaws.com/static/audio/uploads/fb07a655-9c3c-4fbe-8324-0189c3e58d53/7cca339e90a4f55800638d298c96c72a_KIj3zLqJ.wav,"The symptoms of heavy bleeding, severe pallor, chills, and exhaustion indicate secondary postpartum hemorrhage, likely complicated by puerperal sepsis (womb infection) and severe anemia, which is a life-threatening emergency. While it might seem like the womb wasn't cleaned properly, this heavy bleeding is often caused by retained placental tissue or an infection developing after delivery rather than the doctor's immediate fault. I will immediately prescribe injections, including broad-spectrum antibiotics to clear the infection and uterotonics to help the womb contract and stop the bleeding. Because she is extremely pale and exhausted, she urgently requires hospital admission for a blood transfusion and IV fluids to save her life before any necessary womb evacuation is performed. Once we stabilize her blood levels, treat the infection, and stop the bleeding, she will safely regain her strength to care for her newborn.",GLM-5.2-max,glm-5.2
9371f442-cbd3-4f12-8591-cbf47aef3c1d,english,accented_english,ala bukun said that she has been having blurred vision together with weakness and that headache has not allowed her to be comfortable for about two weeks she has not been able to sleep well at night both her legs hands and face have been swollen she has been trying her best she was advised to take some things but she did not notice any improvement she was reassured that she would get better she was examined and there was no obvious respiratory distress all the important things that needed to be assessed were checked and there was nothing else significant she was able to climb its tair kiss without difficulty her blood pressure was checked and it was found to be 168 over 100 she was asked to rest and after some time with us her blood pressure was checked again and it was 150 over 90 it was noted that she was pregnant therefore treatment for high blood pressure that is suitable for pregnant women was started since it is considered safe in pregnancy she was also educated on all the things she should avoid doing especially avoiding excessive stress that could cause her blood pressure to rise further my question is after all the things that have been done for this kind of pregnant woman for pregnant women who have persistent headache and facial swelling what other measures can be used to manage such a pregnant woman without causing her condition to progress to convulsions considering that she is pregnant also what are the things a pregnant woman can do to prevent getting to this stage before she presents in such a condition,"Alabukun said that she has been having blurred vision, together with weakness, and that headache has not allowed her to be comfortable. For about two weeks, she has not been able to sleep well at night. Both her legs, hands, and face have been swollen. She has been trying her best. She was advised to take some things, but she did not notice any improvement. She was reassured that she would get better.
She was examined, and there was no obvious respiratory distress. All the important things that needed to be assessed were checked, and there was nothing else significant. She was able to climb a staircase without difficulty. Her blood pressure was checked, and it was found to be 168/100. She was asked to rest, and after some time with us, her blood pressure was checked again, and it was 150/90.
It was noted that she was pregnant. Therefore, treatment for high blood pressure that is suitable for pregnant women was started, since it is considered safe in pregnancy. She was also educated on all the things she should avoid doing, especially avoiding excessive stress that could cause her blood pressure to rise further.
My question is: after all the things that have been done for this kind of pregnant woman, for pregnant women who have persistent headaches and facial swelling, what other measures can be used to manage such a pregnant woman without causing her condition to progress to convulsions, considering that she is pregnant? Also, what are the things a pregnant woman can do to prevent getting to this stage before she presents in such a condition?",http://speech-app.s3.amazonaws.com/static/audio/uploads/05a0ce16-acc5-4c2a-a83a-c9db0b514143/8d8b2a4adf2e66e2855e6d8d21fdc084_0F8FqeQt.wav,"To prevent convulsions (eclampsia) in this pregnant woman with severe features, she must be admitted for maternal and fetal monitoring and administered magnesium sulfate, which is the standard, evidence-based prophylactic anticonvulsant used locally. Since the definitive cure for pre-eclampsia is delivery, her gestational age must be assessed to plan for timely delivery, while continuing her pregnancy-safe antihypertensives to control blood pressure. To prevent reaching this dangerous stage, pregnant women must book early and attend regular antenatal care (ANC) clinics for routine blood pressure and urine protein checks. Healthcare providers may also prescribe low-dose aspirin and calcium supplements early in pregnancy for high-risk women, as dietary calcium deficiency is a recognized risk factor in our environment. Finally, pregnant women should maintain a healthy lifestyle, avoid excessive stress, and immediately report danger signs like severe headaches, visual disturbances, or sudden swelling to a healthcare facility.",GLM-5.2-max,glm-5.2
583bdd4f-0b3b-415b-89cc-4e24c55c6bb5,english,accented_english,adeolu is a ten year old child whose mother was my sister however for a few days now i have noticed that this child sits alone ever since his mother died he does not want to play with anyone and he does not want to talk to anyone he has also started refusing to eat and it looks like he is thinking too much and his heart broken this frightened me so i decided to take him to the hospital for help when i got to the hospital i asked the doctor could this child's condition be due to the grief of his mother's death and what can i do to help a tone but does this child need to speak to a mental health professional or what can i do to make him eat or play with his pears or does he need any medication to help,"Adeolu is a ten-year-old child whose mother was my sister. However, for a few days now, I have noticed that this child sits alone ever since his mother died; he does not want to play with anyone, and he does not want to talk to anyone. He has also started refusing to eat, and it looks like he is thinking too much and is heartbroken. This frightened me, so I decided to take him to the hospital for help. When I got to the hospital, I asked the doctor, 'Could this child's condition be due to the grief of his mother's death?' And, 'What can I do to help at home, or does this child need to speak to a mental health professional, or what can I do to make him eat or play with his peers, and does he need any medication to help?",http://speech-app.s3.amazonaws.com/static/audio/uploads/6cc16740-ef5f-4ccb-9b54-2a05f9a40f74/70f14657b1a3b0c1a9f82a19e1cd2525_oewToQ2K.wav,"Adeolu is likely experiencing an acute grief reaction following the tragic loss of his mother, which often manifests in children as profound social withdrawal, loss of appetite, and emotional numbness. He does not need psychiatric medication right now, as these are natural responses to loss, but he would highly benefit from speaking to a child mental health professional or counselor for grief therapy. To help him eat and play, gently encourage him without using force by offering his favorite small meals and engaging him in quiet, low-pressure activities rather than expecting immediate energetic play with his peers. You must monitor him closely, as prolonged refusal to eat or worsening withdrawal over the next few weeks could indicate clinical depression, which would then require formal psychiatric evaluation and potential medical intervention. In our local setting, combining this professional counseling with familiar support from trusted family members, school counselors, or respected community figures will provide the safe environment he needs to gradually process his heartbreak.",GLM-5.2-max,glm-5.2
71f535be-97b3-4f06-add7-1940d8dbc059,english,accented_english,a woman at a baby a child about five months ago she explained regarding the child that there was nothing wrong at the time she gave bats and as the baby was feeling vigorously as expected suddenly she noticed that the baby would cry out in pain in their arms and legs it also reached the point where the child would call for help to get up to crop or to move so as to reach their mother please what can this woman do for the child to relieve the pain in the arms and legs and to ensure they don't delay their developmental milestones therefore the woman wants to come to the hospital with the child to see a doctor to find out what can be done to help the child's body recover and be in a healthy state,"A woman had a baby—a child—about five months ago. She explained regarding the child that there was nothing wrong at the time she gave birth, as the baby was feeding vigorously as expected. Suddenly, she noticed that the child would cry out in pain in their arms and legs. It also reached the point where the child would call for help to get up, to crawl, or to move, so as to reach their mother. Please, what can this woman do for the child to relieve the pain in the arms and legs, and to ensure they don't delay their developmental milestones? Therefore, the mother wants to come to the hospital with the child to see a doctor to find out what can be done to help the child's body recover and be in a healthy state",http://speech-app.s3.amazonaws.com/static/audio/uploads/7cd6f959-49e3-419b-9ab3-1f5e886c1ba1/0acd54afa1089dc7e74c58cf4ad98b3f_IZsyDSK5.wav,"The mother is taking the right step by bringing the baby to the hospital immediately, as sudden limb pain and refusal to move in a 5-month-old could indicate serious conditions like a sickle cell crisis (dactylitis), bone infection (osteomyelitis), or a hidden fracture. While preparing for the visit, she should handle the baby gently and avoid forcing any movements or weight-bearing to prevent worsening the pain. At the hospital, the doctor will examine the child and likely order investigations such as X-rays, a full blood count, and a sickle cell screen to determine the exact cause. Treatment will depend on the diagnosis but typically involves pain relief and targeted therapy, such as antibiotics for infections or specific care for sickle cell disease, which is common in our region. Prompt medical evaluation and treatment will effectively relieve the baby's pain and help ensure their developmental milestones are not delayed.",GLM-5.2-max,glm-5.2
11656545-49a4-44b9-878c-6a5f22983699,english,accented_english,an elderly man came to our local hospital this man said he has a severe edic his neck is stiff and he has rashes suddenly appearing on his body he came to ask what could be causing it and what kind of treatment can be given to him we asked the man whether the edic started suddenly or if it came gradually the man said he started suddenly at night and has become very severe now we also asked him if he can look at light properly and he said no because light affects his earth and makes the edic was we also asked him about the ration his body whether it is painful much or mind the man said it is all over his body and he cannot point to one particular place because he teaches him after that we asked him if he had contact with any sick person recently and the man said they have not gone anywhere except selling good in front of their house they have not had contact with any sick person our question for the doctor is that what could cause this kind of headache and stiff neck where this man cannot turn his neck with brashes all over his body what can cause it is it an infectious disease or something else our second question is what kind of test can this man do to know exactly what is wrong with him for proper treatment and what medicine can he use before his test results come out,"An elderly man came to our local hospital. This man said he has a severe headache, his neck is stiff, and he has rashes suddenly appearing on his body. He came to ask what could be causing it and what kind of treatment can be given to him.
We asked the man whether the headache started suddenly or if it came gradually. The man said it started suddenly at night and has become very severe now. We also asked him if he can look at light properly, and he said no, because light affects his head and makes the headache worse.
We also asked him about the rash on his body, whether it is painful, much, or mild. The man said it is all over his body, and he cannot point to one particular place, but it itches him.
After that, we asked him if he had contact with any sick person recently, and the man said they had not gone anywhere except selling goods in front of their house. They have not had contact with any sick person.
Our question for the doctor is what could cause this kind of headache and stiff neck where this man cannot turn his neck, with rashes all over his body? What can cause it? Is it an infectious disease or something else?
Our second question is what kind of tests can this man do to know exactly what is wrong with him for proper treatment, and what medicine can he use before his test results come out?",http://speech-app.s3.amazonaws.com/static/audio/uploads/56c06702-8533-49f8-9d55-48b8556ca098/35e38b5485d93c3aa8c6aaffc424657e_QW5uvo0l.wav,"# Clinical Assessment

This presentation—sudden severe headache, neck stiffness, photophobia, and generalized rash—is **highly suggestive of bacterial meningitis**, likely **meningococcal meningitis with meningococcemia**, which is a **medical emergency**. This is an infectious disease, and the rash may be petechial/purpuric (a sign of sepsis).

## Recommended Tests
1. **Lumbar puncture (CSF analysis)** – for cell count, Gram stain, culture, protein, and glucose
2. **Blood culture**
3. **Full blood count** and blood glucose
4. **Rapid diagnostic test for meningococcal antigen** if available

## Empiric Treatment (Before Results)
- **IV Ceftriaxone** (2g every 12 hours) is the drug of choice and should be started **immediately** after collecting blood/CSF samples—do not delay treatment waiting for results.
- Add **IV Dexamethasone** if pneumococcal meningitis is suspected.
- Supportive care: IV fluids, antipyretics (paracetamol), and monitoring.

**This patient requires urgent hospitalization and treatment, as untreated bacterial meningitis can be fatal within hours.**",GLM-5.2-max,glm-5.2
22bc653f-3cbe-4611-9dcd-24e56a2bdf3b,english,accented_english,doctor i brought my five years and two months old child who has at this condition for about two months who finds it difficult to breathe at night and also cough all the time this cough has become persistent i bought a tb cough medicine named tutolin children for him he has finished one bottle and the cough has not gone and it is still difficult for him to brit at night i did a tb test for him but they told me that he does not have tuberculosis so doctor what could cause a five year old child to have a persistent cough and what could cause a five year old child to have difficulty britain at night,"Doctor, I brought my 5 years and 2 months old child, who has had this condition for about two months, who finds it difficult to breathe at night and also coughs all the time.
This cough has become persistent.
I bought a TB cough medicine called Tutolin Children for him; he has finished one bottle, but the cough has not gone, and it is still difficult for him to breathe at night.
I did a TB test for him, but they told me that he does not have tuberculosis.
So doctor, what could cause a 5-year-old child to have a persistent cough, and what could cause a 5-year-old child to have difficulty breathing at night?",http://speech-app.s3.amazonaws.com/static/audio/uploads/96b491bd-5414-4669-95ae-a28f56908a17/88ef699b54ba74d3c76290dfe0b33668_8qCAg4Nm.wav,"Given the negative TB test and symptoms worsening at night, your child most likely has childhood asthma, allergic rhinitis, or enlarged adenoids, which are common causes of chronic cough and nighttime breathing difficulty in our environment. These conditions cause airway inflammation or nasal blockage that typically worsens when lying flat at night, leading to coughing and breathlessness. ""Tutolin"" is merely a symptomatic cough syrup and will not cure these underlying conditions, which is why his symptoms have persisted. Please stop the cough syrup and take him to a doctor for a proper clinical assessment, as he may need specific medications like inhalers or antihistamines to open his airways and relieve the inflammation. Prompt medical evaluation is crucial to ensure he breathes and sleeps comfortably again.",GLM-5.2-max,glm-5.2
decf7da7-13d0-452a-90db-1afa81e7688c,english,accented_english,my daughter is pregnant she is about 24 years old she is the one who is pregnant this happened today at night i noticed that she started having pain she had already packed her belongings and came to my house as the pain continued i saw that it was increasing i gathered all our belongings and she did not initially allow us to go to the hospital we took her to the hospital and they examined her they said that the service has started to open a little and that it is almost time for delivery until today the service is still opening until the time the baby will come out yesterday the baby was still in pain that kept increasing since we arrived there she is in pain the baby will come out it is our first pregnancy i am worried and my heart is troubled i want to save my child and i do not want to lose the baby that is coming please what could be causing this pain is this how it usually is for first time mothers when they are about to give baths is it possible that the baby is too big and cannot come out through the bed canal or is it possible they will do surgery for her,"My daughter is pregnant; she is about twenty-four years old. She is the one who is pregnant. This happened today.
At night, I noticed that she started having pain. She had already packed her belongings and came to my house. As the pain continued, I saw that it was increasing. I gathered all her belongings, and she did not initially allow us to go to the hospital.
We took her to the hospital, and they examined her. They said the cervix has started to open a little, and that it is almost time for delivery.
Until today, the cervix is still opening until the time the baby will come out. Yesterday, the baby was still in pain that kept increasing since we arrived there.
She is in pain, the baby will come out, it is her first pregnancy. I am worried and my heart is troubled.
I want to save my child, and I do not want to lose the baby that is coming. Please, what could be causing this pain? Is this how it usually is for first-time mothers when they are about to give birth? Is it possible the baby is too big and cannot come out through the birth canal? Or is it possible they will do surgery for her?",http://speech-app.s3.amazonaws.com/static/audio/uploads/482f8ee4-d3d7-47a2-9ab0-121e414883ca/13b417faab1ec9eaae5b9ff9dd48a2e0_pveMK8Ie.wav,"The pain your daughter is experiencing is caused by her womb contracting and her cervix opening to let the baby out, which is entirely normal and typically takes much longer for first-time mothers. While it is possible the baby could be too large for the birth canal, a condition doctors call cephalopelvic disproportion, the medical team is closely monitoring her progress to detect this. If they find the baby cannot safely pass through or the labor stalls, they will perform a cesarean section (surgery) to ensure the safety of both your daughter and the baby. Since she is already in the hospital under professional care, she is in the safest possible place to receive life-saving interventions if needed. Please try to remain calm, offer her emotional support, and communicate any specific concerns directly to her doctors.",GLM-5.2-max,glm-5.2
88980219-7805-4c6e-8ede-bbe35c6e2700,english,accented_english,my husband is 40 years old and i suddenly notice that for about the past three weeks he has been drinking water excessively the more water he drinks the more frequently he urinates in fact at night he may wake up as many as 10 times before money just to urinate he has also complained of feeling tired all the time he has gained a little weight as well sometimes his vision becomes bloody and he says he does not see clearly when he gets up to move around i have noticed that he passes your rain in large amounts and very frequently what could be causing this frequent urination and excessive test what does it seem to drink so much why does it seem to drink so much water and then urinate so often could these symptoms be signs of diabetes or could they indicate something else what type of medical test should he undergo to determine exactly what is happening why is he constantly tired what causes the frequent urination could eyeblood pressure cause these symptoms or could they be due to dehydration or another condition what kind of foods and drinks should he avoid and what should he be encouraged to consume what steps should he take to help these symptoms improve does he need to visit a healthcare facility for testing or is testing unnecessary how often should diabetes screening or blood sugar testing be done regularly or occasionally what medical conditions could be responsible for all these symptoms occurring in his body,"My husband is forty years old, and I suddenly noticed that for about the past three weeks he has been drinking water excessively. The more water he drinks, the more frequently he urinates. In fact, at night, he may wake up as many as ten times before morning just to urinate. He has also complained of feeling tired all the time. He has gained a little weight as well. Sometimes his vision becomes blurry, and he says he does not see clearly when he gets up to move around. I have noticed that he passes urine in large amounts and very frequently. What could be causing this frequent urination and excessive thirst? Why does he seem to drink so much water and then urinate so often? Could these symptoms be signs of diabetes, or could they indicate something else? What type of medical tests should he undergo to determine exactly what is happening? Why is he constantly tired? What causes the frequent urination? Could high blood pressure cause these symptoms, or could they be due to dehydration or another condition? What kinds of foods and drinks should he avoid, and what should he be encouraged to consume? What steps should he take to help these symptoms improve? Does he need to visit a healthcare facility for testing, or is testing unnecessary? How often should diabetes screening or blood sugar testing be done, regularly or only occasionally? What medical conditions could be responsible for all these symptoms occurring in his body? ",http://speech-app.s3.amazonaws.com/static/audio/uploads/37b4577d-d1f7-4f44-9113-69f73865427e/e393e8eb89b1f1d80b332efb3fcc5e5b_112yIKeW.wav,"These symptoms—excessive thirst, frequent urination, fatigue, and blurry vision—are classic warning signs of Diabetes Mellitus, though severe hypertension or kidney disease must also be ruled out. He must urgently visit a healthcare facility for a fasting blood sugar test, HbA1c, urinalysis, blood pressure check, and kidney function tests to determine the exact cause. His constant tiredness is likely because his body cannot properly utilize glucose for energy, while the blurry vision stems from fluid shifts in the eye lenses caused by high blood sugar levels. Until he sees a doctor, he should strictly avoid sugary drinks and refined carbohydrates, focusing instead on vegetables, whole grains, and lean proteins. Routine screening for diabetes and hypertension is recommended annually for adults, but immediate medical testing is absolutely necessary given his acute symptoms.",GLM-5.2-max,glm-5.2
29a2c96b-9835-400d-acf7-a3e335d5002e,english,accented_english,a guardian of a child observe that the child is coughing intensely to the extent that the child is being abrupt and struggling to breathe well what can cause a child to be coughing in abrupt manner till the extent that the child cannot breathe well and struggling to breathe what kind of tests can we run for that child what treatment can we give and then what advice can we give to the guardian of this child,"A guardian of a child observed that the child is cough intensely, till the end that the child is been abrupt and struggling to breathe well. What can cause a child to be coughing in abrupt manner, till the end that the child can't breathe well, and struggling to breathe? What can kind of test can we run for that child? What treatment can we give? And then what advice can be give to the guardian of this child? ",http://speech-app.s3.amazonaws.com/static/audio/uploads/c24d9a22-2976-4730-b153-2b242b1d096f/22ec8fbe7f988ab0386b1b5adac42a40_Lylr5O79.wav,"Abrupt, intense coughing with respiratory distress in a child is commonly caused by severe pneumonia, acute asthma, pertussis (whooping cough), or foreign body aspiration, which are all medical emergencies. At the hospital, we would immediately run a pulse oximetry test to check oxygen levels, a chest X-ray to evaluate the lungs, and a Full Blood Count to identify infections. Treatment depends on the exact cause but typically involves oxygen therapy, nebulized salbutamol to open the airways, and antibiotics like ceftriaxone if pneumonia or pertussis is suspected. These steps follow the World Health Organization's Integrated Management of Childhood Illness (IMCI) guidelines, ensuring that hypoxia and life-threatening infections are treated promptly to prevent mortality. I strongly advise the guardian to rush the child to the nearest emergency room immediately, keep the child upright to ease breathing, and avoid giving any home remedies or fluids that could lead to choking.",GLM-5.2-max,glm-5.2
5e4514ae-6d4f-4c24-822d-21e8e44a3aed,english,accented_english,we saw one of our pregnant women early this morning along with her husband she said that she has severe pain in her abdomen and her back is also aching even though it is not yet up to a delivery date we asked this lady how many months pregnant she is and she said it is a pregnancy of six months and a few days we then also asked this lady whether she is experiencing that pain right now or if it comes and goes and she said she is experiencing that pain right now then we asked this lady whether she saw water or saw blood she and she said that she saw water and blood we then also asked this lady which number of shide which number of pregnancy is the pregnancy that is insider and she said it is our first pregnancy our question for our doctor is could this sign point to size of labor or a sign that the pregnancy is damaged that is miscarriage or another sign can we tell this lady to go and do an internal photo examination which we call a scan to know what is appendix,"​We saw one of our pregnant women early this morning along with her husband, she said that she has severe pain in her abdomen and her back is also aching, even though it is not yet up to her delivery date. We asked this lady how many months pregnant she is, and she said it is a pregnancy of six months and a few days. We then also asked this lady whether she is experiencing that pain right now or if it comes and goes, and she said she is experiencing that pain right now. Then we asked this lady whether she saw water or saw blood, and she said that she saw water and blood. We then also asked this lady which number of child, which number of pregnancy is the pregnancy that is inside her, and she said it is her first pregnancy. Our question for our doctor is,could this sign point to signs of labor, or a sign that the pregnancy is damaged (miscarriage), or another sign? Can we tell this lady to go and do an internal photo examination which we call a scan to know what is happening?",http://speech-app.s3.amazonaws.com/static/audio/uploads/6dd6b3d3-d0b6-4fb2-80bc-dd1e6c89a286/bb09ac475622f39a363ef87479059daa_noWLclyw.wav,"**This is an obstetric emergency requiring immediate hospital referral.** At six months gestation, constant severe abdominal pain with bleeding and watery discharge could indicate placental abruption, preterm labor with PPROM, or other serious complications—this is not a miscarriage in medical terms (miscarriage is loss before 20-24 weeks), but rather a threatened preterm delivery or potential fetal compromise. The constant (non-intermittent) nature of the pain is concerning and atypical for normal labor contractions, which typically come and go. Yes, an ultrasound scan is absolutely indicated to assess fetal viability, placental position, and amniotic fluid, but this must be done urgently at a hospital with obstetric care capability. Do not delay—refer this woman immediately to the nearest hospital with maternity services, as this situation can be life-threatening for both mother and baby.",GLM-5.2-max,glm-5.2
b41993cb-1b4f-4e3b-8e8b-2eb6e2ef132e,english,accented_english,this woman gave birth at our hospital here about six months ago she came to our hospital with her husband where she gave birth to her child the six month told get that they have brought him the mother explained further that it has been about 13 to 14 days since she noticed that this child started coving the mother also mentioned that she had been treating this child for qatar elia before the cove started she said the cove has become more severe since yesterday the cove became very severe although it had initially started about three days ago she said that whenever she breakfaced the child she also gives her the liquid medicine that is in this bottle the one sold for coves which she has been administering and the baby has been taking she then says that since yesterday the cove has become so severe that the child is finding it very very very difficult to breathe which has really worried me it is as if a breathing is fluctuating going up and down every fix seconds they were frightened which is why they brought her to the hospital now the question is can we give this mother something to help the child at home giving that our breathing is fluctuating with that cover should we prescribe cove medicine for her or should we have the child examined before prescribing any medicine or giving her an injection,"This woman gave birth at our hospital here about Six months ago.  she came to our hospital with her husband, where she gave birth to her child, the six-month-old girl that they have brought in.
The mother explained further that it has been about thirteen to fourteen days since she noticed that this child started coughing.
The mother also mentioned that she had been treating this child for catarrh earlier, before the cough started.
She said the cough has become more severe since yesterday. The cough became very severe, although it had initially started about three days ago.
She said that whenever she breastfeeds the child, she also gives her the liquid medicine that is in the bottle—the one sold for coughs—which she has been administering and the child has been taking.
She then said that since yesterday, the cough has become so severe that the child is finding it very, very, very difficult to breathe, which has really worried me.
It is as if her breathing is fluctuating—going up and down every few seconds.
They were frightened, which is why they brought her to the hospital.
Now, the question is: can we give this mother something to help the child at home, given that her breathing is fluctuating with that cough? Should we prescribe cough medicine for her, or should we have the child examined before prescribing any medicine or giving her an injection?""",http://speech-app.s3.amazonaws.com/static/audio/uploads/74ad3a52-5cc9-4439-b3b5-095e4da6fe66/85084b9e10f05fae127d3fc0da0511f2_fBGKxJJj.wav,"You must have this child examined immediately at the hospital and under no circumstances should they be managed at home or given further over-the-counter cough medicines. The 6-month-old infant is exhibiting signs of severe respiratory distress with an abnormal breathing pattern, which strongly suggests a severe lower respiratory tract infection like pneumonia or bronchiolitis. In our local setting, cough syrups are contraindicated in infants and will not resolve this life-threatening breathing difficulty, which requires urgent clinical evaluation. The medical team must urgently assess the child's oxygen saturation, respiratory rate, and chest indrawing to determine if oxygen therapy or injectable medications are required. Please triage this infant as a medical emergency for immediate inpatient pediatric care rather than dispensing any home prescriptions or injections without a full physical assessment.",GLM-5.2-max,glm-5.2
e347672a-0449-4c71-b563-e4258ee985a1,english,accented_english,i noticed that my younger sister who used to laugh appelle before and who used to play with our friends as changed suddenly now she stays alone in our room every day she has withdrawn herself from conversation and she is no longer interested in the things she used to enjoy before i also noticed that even at one she does not want to eat with us she appears to be unhappy or like someone who is tired all the time what could be causing now to suddenly avoid our friends could it be a problem such as sadness emotional distress or anxiety how can we help her so that she can become happy again what one in science should we watch out for should see she a counsellor or a mental health professional,"I noticed that my younger sister, who used to laugh happily before and who used to play with her friends, has changed suddenly.
Now, she stays alone in her room every day. She has withdrawn herself from conversations, and she is no longer interested in the things she used to enjoy before.
I also noticed that even at home, she does not want to eat with us. She appears to be unhappy or like someone who is tired all the time.
What could be causing her to suddenly avoid her friends?
Could it be a problem such as sadness, emotional distress, or anxiety?
How can we help her so that she can become happy again?
What warning signs should we watch out for?
Should she see a counsellor or a mental health professional?",http://speech-app.s3.amazonaws.com/static/audio/uploads/afe7f573-96eb-4c58-ad2a-f5fb0c480073/1c06f7c4d90c47147219fa729bce9434_lEQpQQ3k.wav,"Your sister’s sudden social withdrawal, lack of interest in activities she once enjoyed (anhedonia), and persistent fatigue strongly suggest she is experiencing a major depressive episode, severe emotional distress, or anxiety, possibly triggered by a hidden stressor like bullying, trauma, or an underlying medical condition. To help her, approach her gently and empathetically without forcing interactions, creating a safe, non-judgmental space for her to open up at her own pace. You must closely watch for emergency warning signs such as explicit talks of self-harm, suicidal statements, significant weight loss, or total refusal to eat. Yes, she absolutely needs to see a mental health professional—such as a clinical psychologist or psychiatrist—for a comprehensive evaluation and appropriate treatment. In our Nigerian context, a practical first step is to visit a general hospital or teaching hospital where a doctor can perform an initial assessment to rule out physical illnesses and refer you to the appropriate mental health specialist.",GLM-5.2-max,glm-5.2
3bdb3a20-7115-4cc1-850f-d57f270c059b,english,accented_english,a nothing mother a nothing mother noticed her child coving and also suspected that the child's body was warm at certain times she further stated that a few hours ago she noticed that the child's entire body became stiff and she fainted and she couldn't confirm that her lips were stable anymore as they were secreting fluid and the child could no longer swallow any food she is now asking the doctor if such an illness can be treated what disease it resembles and she further asked if she could get an injection or local haps for this disease she went on to say that abba mixtures that is agbo and traditional soap are what they usually use to treat this disease for any child afflicted by it in the community she comes from,"A nursing mother noticed her child coughing and also suspected that the child's body was warm at certain times. She further stated that a few hours ago, she noticed that the child's entire body became stiff and she fainted, and she couldn't confirm that her lips were stable anymore as they were secreting fluid, and the child could no longer swallow any food. She is now asking the doctor if such an illness can be treated, what disease it resembles, and she further asked if she could get an injection or use local herbs for this disease. She went on to say that herbal mixtures (agbo) and traditional soap are what they usually use to treat this disease for any child afflicted by it in the community she comes from.",http://speech-app.s3.amazonaws.com/static/audio/uploads/3eece504-b1d9-45fd-baea-0b2d296edb5b/260307c2bbf02a038b8111c9f485ec8c_tgwN6lAm.wav,"Based on the child's symptoms of fever, generalized body stiffness, fainting, and inability to swallow with drooling, this presentation strongly resembles tetanus or a severe central nervous system infection, which are medical emergencies that require immediate hospitalization to treat. The stiffness and swallowing difficulties occur because a bacterial toxin or severe infection is affecting the nervous system, making it crucial to seek professional care. You must strictly avoid using ""agbo,"" traditional soaps, or ""local haps,"" as these unverified local remedies can worsen the condition or introduce life-threatening toxicity. While injections are indeed part of the medical treatment, they must be prescribed drugs like antitoxins and antibiotics administered by healthcare professionals, not local mixtures. Please rush the child to the nearest hospital immediately, as delaying standard medical care for this severity of illness can be fatal.",GLM-5.2-max,glm-5.2
3d3cee98-b237-4cd0-8f7a-ddedd63299a9,english,accented_english,a woman who lives in our house she is employed she does her work diligently and has no earth issues one day while she was bathing she felt her breast and noticed something like a small heart lump inside it initially she thought it was nothing serious but she felt it again on another day and realized it was still there as time went on she became very anxious she began to worry about whether this issue was developing within her breast it wasn't painful but the fact that the lump was heart and wouldn't go away made her sad she also started remembering stories she used to hear about girls who had lumps in their breasts after a few weeks she decided to go see a doctor she wanted to know what caused the lump and what he needed to do to save gather health my questions are what can cause a hard lump in a woman's breast does every breast lump mean that something that could little cancer what other symptoms should women look out for regarding their breast,"A woman who lives in our house, she is employed. She does her work diligently and has no health issues.
One day, while she was bathing, she felt her breast and noticed something like a small, hard lump inside it.
Initially, she thought it was nothing serious, but she felt it again on another day and realized it was still there. As time went on, she became very anxious. She began to worry about whether this issue was developing within her breast. It wasn't painful, but the fact that the lump was hard and wouldn't go away made her sad. She also started remembering stories she used to hear about girls who had lumps in their breasts.
After a few weeks, she decided to go see a doctor. She wanted to know what caused the lump and what she needed to do to safeguard her health.
My questions are: What can cause a hard lump in a woman's breast?
Does every breast lump mean something that could lead to cancer?
What other symptoms should women look out for regarding their breasts?

",http://speech-app.s3.amazonaws.com/static/audio/uploads/3e3b9ca0-d242-466a-8dd5-fadfd7abcc31/e5cf6d37017884530b4b08894e09e143_HfifL4mk.wav,"A hard lump in a woman's breast can be caused by benign conditions like fibroadenomas (very common in young African women), cysts, or localized infections, meaning not every breast lump indicates cancer. However, because breast cancer is a significant health burden in Nigeria, any persistent, painless, hard lump must be promptly evaluated via clinical exam, imaging (like ultrasound or mammogram), and a biopsy to rule out malignancy. Women should also look out for other warning symptoms such as changes in breast size or shape, skin dimpling or an ""orange peel"" texture, nipple retraction, bloody nipple discharge, and swollen lumps in the armpit. It is commendable that she is seeing a doctor, as early detection and accurate diagnosis are crucial for successful treatment outcomes in our local healthcare setting.",GLM-5.2-max,glm-5.2
5c392cfe-e4be-4316-97c3-dc5e3c4c0948,english,accented_english,i sent my son to buy a wedo for me in the neighborhood yesterday evening after about 15 minutes he suddenly came home crying when i asked what had happened they told me that a dog had bited him on the leg i asked what kind of dog it was and where it came from but they said they didn't know where the dog came from or whether it was a neighborhood dog at that point i applied oil to the place where the dog beat him to neutralize the poison of the dog afterwards i was advised to take him to a maternity clinic in the neighborhood i took him there and they prescribed a tetanous injection for me to buy from a chemist i bought the injection and it was administered to him yesterday i have since taken him home but since yesterday the wound has become swollen and the surrounding area is red i am not worried that the dog may have transmitted rabies to my child i would like to ask whether there is any medicine i can buy for him or whether i should take him to a hospital for further treatment,"I sent my son to buy ewedu for me in the neighborhood yesterday evening. After about fifteen minutes, he suddenly came home crying. When I asked what had happened, they told me that a dog had bitten him on the leg. I asked what kind of dog it was and where it came from, but they said they did not know where the dog came from or whether it was a neighborhood dog. At that point, I applied oil to the place where the dog bit him to neutralise the poison of the dog. Afterwards, I was advised to take him to a maternity clinic in the neighborhood. I took him there, and they prescribed a tetanus injection for me to buy from a chemist. I bought the injection, and it was administered to him yesterday. I have since taken him home, but since yesterday, the wound has become swollen and the surrounding area is red. I am now worried that the dog may have transmitted rabies to my child. I would like to ask whether there is any medicine I can buy for him or whether I should take him to a hospital for further treatment.",http://speech-app.s3.amazonaws.com/static/audio/uploads/ad87089e-60e5-48b5-82b1-6c5b1904816b/3e0a9de9d30a18b2891f041ddde2b1bf_MyMHCtOV.wav,"You must take your son to a hospital immediately, as the swelling and redness indicate a bacterial wound infection, and the unknown dog puts him at high risk for rabies. Because the dog's whereabouts are unknown, he urgently requires a full course of rabies post-exposure prophylaxis (PEP) vaccines, which are life-saving since rabies is fatal once symptoms appear. Applying oil to the bite is a harmful practice that traps bacteria; the hospital will properly irrigate the wound and prescribe oral antibiotics like amoxicillin-clavulanate to treat the current infection. While the tetanus injection he received was necessary, it does not protect against rabies or cure the infected bite. Please do not buy medications from a chemist, but go directly to a primary health center or general hospital for comprehensive care.",GLM-5.2-max,glm-5.2
ff13a5af-65a1-42de-bc58-6052994bdefc,english,accented_english,a 22 year old lady who gave birth at our hospital three days ago brought a baby today for routine immunizations upon arrival she made it known to us that this newborn baby completely refused to breastfeed at all to the extent that the baby is excessively floppy and sleepy she stated that the baby does not take the breast and that all the time the baby's hand feet and entire body feel freezingly cold so much so that she is even terrified to touch the baby with bare hands and prefers to lift the baby only with layers of clothing she noted that the baby refuses the breast the entire body is called to the touch and the baby has become increasingly lethargic unable to move the hands unable to stretch the legs and completely lacking active movements or reflexes just lying completely still and weak she says it is obvious to the eye that the baby is exhausted and very unwell what could cause this what do you think could cause this newborn baby body to be freezing cold to the torch is this only because of the refusal to breastfeed or what else what can we do about this refusal to breastfeed furthermore regarding the immunization vaccines that they are supposed to administer what is your professional advice,"​A 22-year-old lady who gave birth at our hospital three days ago brought her baby today for routine immunizations. Upon arrival, she made it known to us that this newborn baby completely refuses to breastfeed at all, to the extent that the baby is excessively floppy and sleepy. She stated that the baby does not take the breast, and that all the time, the baby's hands, feet, and entire body feel freezing cold, so much so that she is even terrified to touch the baby with bare hands and prefers to lift the baby only with layers of clothing. She noted that the baby refuses the breast, the entire body is cold to the touch, and the baby has become increasingly lethargic,unable to move the hands, unable to stretch the legs, and completely lacking active movement or reflexes, just lying completely still and weak. She says it is obvious to the eye that the baby is exhausted and very unwell.
​What could cause this? What do you think could cause this newborn baby's body to be freezing cold to the touch? Is it solely because of the refusal to breastfeed, or what else? What can we do about this refusal to breastfeed? Furthermore, regarding the immunization vaccines they are supposed to administer, what is your professional advice?",http://speech-app.s3.amazonaws.com/static/audio/uploads/868eafe6-85d2-4c0c-945d-5748994489a8/a2acf0292f999f5885d970a12a56aa78_4wgXx8vs.wav,"This newborn is presenting with a life-threatening emergency, likely severe neonatal sepsis complicated by hypothermia and hypoglycemia, rather than just a simple refusal to feed. The freezing cold body and extreme lethargy are systemic signs of severe infection and thermoregulatory failure, which caused the inability to feed, not the other way around. You must immediately admit the baby for active warming using a radiant warmer, urgent blood glucose checks, IV dextrose fluids, and empiric intravenous antibiotics like ampicillin and gentamicin. Do not force breastfeeding now; focus on stabilizing the baby medically first, as feeding can be safely re-established via an orogastric tube once the lethargy resolves. You must strictly defer the routine immunizations scheduled for today until the baby is fully stabilized and clinically well, as vaccinating a critically ill child in extremis is contraindicated.",GLM-5.2-max,glm-5.2
88c56c53-b5dd-4aec-be89-dfb02933090b,english,accented_english,a mother of a young child became worried about her eight month old baby during the daytime the baby plays well but every night the baby starts coughing the cough wakes the baby from sleep and the baby cries afterwards on one of those nights the mother noticed that the baby was breathing very fast and seemed to be struggling to breathe the mother could not sleep because of fear the following morning she noticed that the baby did not want to breast feed uply as before so she decided to take the baby to see a doctor because she wanted to know what was causing the cough and the breathing difficulty and to know what medicine or treatment could be used for the baby my question is what could cause a young child to cough severally at night and also make it difficult for the child to breathe properly could the cough and the struggle to breathe properly be signs of a long disease what are the things that can be done at home to help the baby become more comfortable and sleep better at night,"A mother of a young child became worried about her eight-month-old baby. During the daytime, the baby plays well, but every night the baby starts coughing. The cough wakes the baby from sleep, and the baby cries afterwards.
On one of those nights, the mother noticed that the baby was breathing very fast and seemed to be struggling to breathe. The mother could not sleep because of fear. The following morning, she noticed that the baby did not want to breastfeed or play as before, so she decided to take the baby to see a doctor because she wanted to know what was causing the cough and the breathing difficulty and to know what medicine or treatment could be used for the baby.
My question is: what could cause a young child to cough severely at night and also make it difficult for the child to breathe properly? Could the cough and the struggle to breathe properly be signs of a lung disease? What are the things that can be done at home to help the baby become more comfortable and sleep better at night?",http://speech-app.s3.amazonaws.com/static/audio/uploads/f11c0102-9b44-4c16-af4e-4d9242f9e3fa/8235dad1a098bf7dbf59bfedca36a07a_9Cy7JqSr.wav,"The severe nighttime cough, fast breathing, and refusal to breastfeed are classic danger signs of an acute lower respiratory tract infection like pneumonia or bronchiolitis, which are indeed lung diseases. Because your baby is struggling to breathe and feeding poorly, this is a medical emergency requiring immediate assessment by a doctor at the hospital. While preparing to go, keep the baby upright to ease air flow, ensure the room is well-ventilated and free from cooking smoke, and continue offering breastmilk in small, frequent amounts. Please do not administer any over-the-counter cough syrups or left-over antibiotics at home, as the doctor must first examine the chest to determine the correct medicine.",GLM-5.2-max,glm-5.2
9b52480c-2434-4138-8e6f-ed291a5e4ea4,english,accented_english,a woman brought a 3-year-old child to who came to the hospital for a check-up this morning this explanation giving was that when people talk to the child it doesn't react it doesn't respond it doesn't look at the people talking to him and when they call his name it doesn't even react as if he heard anything at all in the question we ask the woman has the child ever had any seasons his mother said he has never had any seasons at all we also asked as the child received all his immunization vaccines the ones he should have received according to what his mother brought the medical card we use for verification showed that it is true the child received immunization vaccines and in it we saw that the child had received all his immunization vaccines completely my next question is regarding this kind of situation with a child who has no seasons and who has received all their immunization vaccines completely what kind of a thing could cause such a situation in such a child,"A woman brought her three-year-old child who came to the hospital for a check-up this morning. The explanation given was that when people talk to the child, he doesn't react—he doesn't respond, he doesn't look at the person talking to him, and when they call his name, he doesn't even react as if he heard anything at all.
In the question we asked the woman, 'Has the child ever had any seizures?' His mother said he has never had any seizures at all. We also asked, 'Has the child received all his immunization vaccines, the ones he should have received according to what his mother brought?' The medical card we used for verification showed that it is true the child received immunization vaccines, and in it, we saw that the child had received all his immunization vaccines completely.
My next question is: 'Regarding this kind of situation with a child who has no seizures, and who has received all their immunization vaccines completely, what kind of thing could cause such a situation in such a child?",http://speech-app.s3.amazonaws.com/static/audio/uploads/842d6173-e251-493a-b9ff-66e083c4e92a/8982171caa17d23534ff9cf20d629dff_EAW84u2X.wav,"Based on the presentation, this child's failure to respond to sounds or his name strongly suggests either severe hearing impairment or a neurodevelopmental disorder like Autism Spectrum Disorder (ASD). Given the absence of seizures and complete immunization, infectious causes like post-measles deafness or meningitis complications are less likely, making congenital causes (such as birth asphyxia or genetic factors) more probable. In our local setting, acquired hearing loss from chronic untreated middle ear infections (chronic suppurative otitis media) or early exposure to ototoxic traditional or orthodox medications are also significant possibilities. Alternatively, ASD must be highly considered, as affected children typically have intact hearing but lack social responsiveness and fail to react to their names. I will urgently refer this child for a comprehensive audiological assessment (like Brainstem Evoked Response Audiometry) and a pediatric developmental evaluation to confirm the exact cause and initiate early interventions.",GLM-5.2-max,glm-5.2
6463c3ce-7ce7-4f90-991e-0f8852e74302,english,accented_english,a man named suberu who is fifty years old develop a cough one day at first the cough was miled but as the weeks passed and turning two months it gradually became worse after some time he began to find it difficult to breathe properly it is true that he had tried several remedies when the cough was still miled but none of them worked instead of improving the cough continued to worse he eventually decided that rather than continuing to buy small medications on his soon he should go to the hospital and speak with a doctor when he arrived at the hospital he explained that he had been coughing for about three months he also explained that he had tried many home remedies based on people's advice including honey hot water bitter cola and several cough medicines that he purchased however instead of getting better the cough continued to worsel it had reached a point where sometimes felt as though it could no longer breathe properly because of the cough he then asked the doctor what could be causing him to have such a persistent cough for such a long period of time he also wanted to know why all the remedies and treatments he had tried had not worked finally he asked what he could do for the cough to go away completely so that he could breach properly again and regain good heads,"A man named Suberu, who is fifty years old, developed a cough one day. At first, the cough was mild, but as the weeks passed and turned into months, it gradually became worse. After some time, he began to find it difficult to breathe properly. It is true that he had tried several remedies when the cough was still mild, but none of them worked. Instead of improving, the cough continued to worsen. He eventually decided that rather than continuing to buy small medications on his own, he should go to the hospital and speak with a doctor. When he arrived at the hospital, he explained that he had been coughing for about three months. He also explained that he had tried many home remedies based on people's advice, including honey, hot water, bitter kola, and several cough medicines that he purchased. However, instead of getting better, the cough continued to worsen. It had reached a point where he sometimes felt as though he could no longer breathe properly because of the cough. He then asked the doctor what could be causing him to have such a persistent cough for such a long period of time. He also wanted to know why all the remedies and treatments he had tried had not worked. Finally, he asked what he could do for the cough to go away completely so that he could breathe properly again and regain good health.",http://speech-app.s3.amazonaws.com/static/audio/uploads/d7fc1a47-0fa7-4127-987a-8f4fa0e47ec2/569d6a8806dfffa04bb79ab047fd04b9_CpOac0of.wav,"Suberu's persistent cough and breathing difficulty over three months strongly suggest an underlying condition such as pulmonary tuberculosis (TB), chronic obstructive pulmonary disease (COPD), or a lung malignancy, which are common in our setting. The home remedies and over-the-counter syrups he used failed because they only temporarily soothe the throat and cannot eradicate a serious underlying infection or structural lung disease. To cure the cough and restore his breathing, Suberu needs immediate clinical evaluation, including a chest X-ray, sputum analysis for TB (GeneXpert), and an HIV test. Once the definitive diagnosis is established, I will prescribe targeted treatments—such as anti-TB medications or bronchodilators—that will address the root cause and help him recover completely.",GLM-5.2-max,glm-5.2
c8b7d04a-980e-442e-bf95-f35b5a05fc5f,english,accented_english,a mother you gave back to a newborn two weeks ago she started seeing blood little by little on our body however as their days went by she noticed that something like the stomach and blood we are coming out sometimes the mother of the child is different and she has a neck that is not good and she knows that the mother of the child usually has small pains in a lower abdomen and every time she sees these signs her heart gets confused she wondered if it was something among the common problems after childbed or another problem one day when she went to the hospital and was talking to other mothers she heard that they should not downplay any changes they see in their bodies this make ask a doctor to talk to them my question is what can cause such a thing after childbed can pain in their lower abdomen be a sign of a disease what are the signs that this new mother should be careful of after childbed what are the steps that the mother needs to take to prevent this disease,"A mother gave birth to a newborn two weeks ago. She started seeing blood little by little on her body. However, as the days went by, she noticed that something like the stomach and blood were coming out. Sometimes the mother of the child is different. And she has a neck that is not good. And she knows that the mother of the child usually has small pains in her lower abdomen, and every time she sees these signs, her heart gets confused. She wondered if it was something among the common problems after childbirth or another problem. One day when she went to the hospital, and was talking to other mothers, she heard that they should not downplay any changes they see in their bodies. This made her seek a doctor to talk to them. My question is, what can cause such a thing after childbirth? Can pain in the lower abdomen be a sign of a disease? What are the signs that this new mother should be careful of after childbirth? What are the steps that the mother needs to take to prevent this disease?",http://speech-app.s3.amazonaws.com/static/audio/uploads/b8f10992-873d-4134-9d65-a09313e15e8c/437740d5f1babd350cbe7297f4cbfc84_VYD7WPkj.wav,"The bleeding with clots and lower abdominal pain two weeks after childbirth usually indicates retained products of conception or puerperal sepsis (postpartum womb infection), meaning the pain is indeed a sign of a disease that needs urgent treatment. New mothers must immediately seek medical care if they experience heavy bleeding, foul-smelling vaginal discharge, fever, severe abdominal pain, or neck stiffness, as these suggest severe infection or hemorrhage. To prevent such postpartum complications, mothers should ensure delivery in a sterile facility with skilled birth attendants, maintain proper perineal hygiene, and avoid sexual intercourse until the six-week postpartum check-up. This mother must go to the hospital immediately for a pelvic ultrasound and examination, as she will likely need antibiotics or a minor procedure to clear the womb and prevent life-threatening complications.",GLM-5.2-max,glm-5.2
218179a8-81b7-4975-b171-b4e35eec524f,english,accented_english,a pregnant woman who is six months pregnant and lives in our house started noticing that her heart palpitates rapidly as if she just finished running sometimes she gets tired without doing any work at all and her hands trembled slightly after a few weeks she also noticed that her neck started swelling in the front when people began telling her that her neck looks different from before she became very frightened wondering if this is one of the illnesses that affect pregnant women or if it is another problem she has now decided to go see a doctor so they can know what is causing it my question is what can cause a pregnant woman's heart to palpitate rapidly like someone who just finished running along with her neck swelling can this problem affect the development of the baby inside her what are the warning signs they should watch out for at home are they setting foods or drinks that she ought to avoid or those that she should eat more of during this kind of period,"​A pregnant woman who is six months pregnant and lives in our house started noticing that her heart palpitates rapidly as if she just finished running. Sometimes she gets tired without doing any work at all, and her hands tremble slightly. After a few weeks, she also noticed that her neck started swelling in the front. When people began telling her that her neck looks different from before, she became very frightened, wondering if this is one of the illnesses that affect pregnant women or if it is another problem. She has now decided to go see a doctor so they can know what is causing it. My question is, what can cause a pregnant woman's heart to palpitate rapidly like someone who just finished running, along with her neck swelling? Can this problem affect the development of the baby inside her? What are the warning signs they should watch out for at home? Are there certain foods or drinks that she ought to avoid, or those that she should eat more of during this kind of period?",http://speech-app.s3.amazonaws.com/static/audio/uploads/789bbb4a-699f-432d-beae-11ad896347fc/3aadc843dc0701c2aa479122dd2fbaf5_QqyJnHpt.wav,"This pregnant woman is likely experiencing hyperthyroidism, often caused by Graves' disease, where an overactive immune response stimulates the thyroid gland, resulting in a neck swelling (goiter), rapid heartbeats, and tremors. If left untreated, this condition can indeed affect the baby's development by increasing the risk of preterm birth, low birth weight, and fetal thyroid dysfunction. Warning signs to watch for at home include severe shortness of breath, chest pain, fainting, extreme restlessness, and regular contractions. She should avoid caffeine-rich stimulants like coffee, strong teas, and kola nuts which worsen palpitations, and avoid excessive iodine intake, while maintaining a balanced nutritious diet. It is crucial she visits her doctor immediately for a thyroid function test and pregnancy-safe anti-thyroid medication to ensure a healthy outcome for both her and the baby.",GLM-5.2-max,glm-5.2
a8bc8d5e-e18b-4176-bd59-589224c0009b,english,accented_english,a 33-year-old pregnant woman who is several months pregnant was brought to our hospital by our neighbors the explained that she suddenly developed sevia abdomina pain and a large amount of blood began to come out from avajaina our body was shaking and she was crying because the pain was intense our family said they were afraid that something serious might happen to both the mother and the baby their first question for the doctor was what could be causing this severe abdominal pain and healthy bleeding their second question was what should be done immediately for this pregnant woman their third question was what investigations or tests can be carried out their fourth question was what treatment is appropriate for a condition their fifth question was what food should this pregnant woman avoid and what idean methods should she observe,"A thirty-three-year-old pregnant woman who is seven months pregnant was brought to our hospital by her neighbors. They explained that she suddenly developed severe abdominal pain, and a large amount of blood began to come out from her vagina. Her body was shaking, and she was crying because the pain was intense. Her family said they were afraid that something serious might happen to both the mother and the baby.
Their first question for the doctor was: What could be causing this severe abdominal pain and heavy bleeding?
Their second question was: What should be done immediately for this pregnant woman?
Their third question was: What investigations or tests can be carried out?
Their fourth question was: What treatment is appropriate for her condition?
Their fifth question was: What foods should this pregnant woman avoid, and what hygiene measures should she observe?",http://speech-app.s3.amazonaws.com/static/audio/uploads/0e3095c2-5abc-4286-8d2e-3c2f926f39e6/f1bed36ef3fa1e0c5eaa1defe0e7fa00_G2bxnjmd.wav,"Sudden severe abdominal pain and heavy vaginal bleeding at several months pregnant strongly indicate an obstetric emergency such as placental abruption, a ruptured uterus, or late miscarriage. Immediately, she must be laid flat, given oxygen, and have intravenous (IV) access established for rapid fluid resuscitation while urgently calling for the senior obstetric team. The essential investigations to carry out are an urgent obstetric ultrasound to assess the fetus and placenta, alongside blood tests for hemoglobin level, blood group, and cross-matching. Appropriate treatment requires aggressive IV fluid and blood replacement, followed by an emergency delivery—often via cesarean section—to control the bleeding and save the mother's life. Once stabilized, she should avoid raw or undercooked meats and unpasteurized dairy, observe strict personal and perineal hygiene, get adequate bed rest, and attend all scheduled postnatal follow-up visits.",GLM-5.2-max,glm-5.2
a330674b-1cce-4ebd-b148-0214be33a856,english,accented_english,a mother living in our neighborhood was pregnant with her second child at the beginning of the pregnancy everything was going normally and she was happy that a new baby was coming however a three months ago she began to experience sevia lower abdominal pain one day the pain became so intense that she could hardly stand up properly shortly afterward she also started having heavy vaginal bleeding the bleeding was more than usual and it made her very weak when she saw the bleeding she became frightened that her unborn baby might be in danger her husband quickly assisted her to go to the hospital my question is what can cause severe lower abdominal pain during pregnancy is every bleeding during pregnancy a danger sign for the mother or the unborn baby what are the signs that indicate pregnancy may be in trouble is there any medication that can stop the pain and bleeding without harming the unborn baby,"A mother living in our neighborhood was pregnant with her second child. At the beginning of the pregnancy, everything was going normally, and she was happy that a new baby was coming. However, a few months ago, she began to experience severe lower abdominal pain. One day, the pain became so intense that she could hardly stand up properly. Shortly afterward, she also started having heavy vaginal bleeding. The bleeding was more than usual, and it made her very weak. When she saw the bleeding, she became frightened that her unborn baby might be in danger. Her husband quickly assisted her to go to the hospital.
My question is: what can cause severe lower abdominal pain during pregnancy? Is heavy bleeding during pregnancy a danger sign for the mother or the unborn baby?
What are the signs that indicate the pregnancy may be in trouble? Is there any medication that can stop the pain and bleeding without harming the unborn baby?",http://speech-app.s3.amazonaws.com/static/audio/uploads/383888b7-2c4d-4b85-8bfb-3421f72eeadc/1ecaccdd86f8797cc66a22e61daccf4a_w640SuFi.wav,"Severe lower abdominal pain and heavy bleeding during pregnancy are absolute danger signs often caused by serious conditions like miscarriage, ectopic pregnancy, or abruptio placentae, requiring immediate hospital evaluation. Yes, any vaginal bleeding in pregnancy must be treated as a danger sign for both mother and baby until a doctor performs an ultrasound to confirm otherwise. Other critical warning signs that indicate a pregnancy is in trouble include severe headache, blurred vision, fever, and reduced fetal movements. Please do not self-medicate, as common painkillers like ibuprofen can harm the baby; only a qualified doctor can prescribe safe medications like paracetamol for pain or targeted treatments after a proper clinical diagnosis is made.",GLM-5.2-max,glm-5.2
93777f3d-8d88-4656-a4ca-aa66e8415b3f,english,accented_english,a mother peju who has three children peju is the junior child peju is a one year old child peju's mother noticed that just a few days after child bats peju has had a cough illness and has been coughing continuously without stopping at all she said she also noticed that it is difficult for her to breathe well she said this cough appears mostly in the evening when everyone has gone to sleep she said our breath is also difficult to breathe well because this cough does not allow her to breathe in and out properly she said she has been to the harbour list and has given her harbour mixtures but she noticed that none of the harbour mixtures she used worked she said she then decided to go to the hospital so they could find out what happened to peju could this problem be cured for this child is it a chest disease or asthma that it could be for the child what are the things that the child needs to avoid so that this problem affecting her and causing her to cove can be significantly reduced,"A mother peju who has three children, peju is the junior child. Peju is a one-year-old child. Peju's mother noticed that, just a few days after childbirth, Peju has had a cough illness and has been coughing continuously without stopping at all. She said she also noticed that it is difficult for her to breathe well. She said this cough appears mostly in the evening, when everyone has gone to sleep. She said her breath is also difficult to breathe well, because this cough does not allow her to breathe in and out properly. She said she has been to the herbalists and has given her herbal mixtures, but she noticed that none of the herbal mixtures she used worked. She said she then decided to go to the hospital so they could find out what happened to Peju. Can this problem be cured for this child? Is it a chest disease or asthma that it could be for the child? What are the things that the child needs to avoid so that this problem affecting her and causing her to cough can be significantly reduced?",http://speech-app.s3.amazonaws.com/static/audio/uploads/88cb7aa8-7755-4e9f-85da-822ed5928dd7/e93995a55c0ce241d8786eed4848f913_xYrsKVbT.wav,"Peju's symptoms of continuous night-time cough and breathing difficulty strongly suggest childhood asthma or a chronic chest infection, which requires a doctor's clinical evaluation to confirm. While conditions like asthma are managed rather than instantly ""cured,"" proper medical treatment will effectively control her symptoms and allow her to live a normal life. Yes, this is a chest disease, and the night-time worsening is a classic sign of asthma, though your doctor must also rule out other local possibilities like tuberculosis or inhaled foreign bodies. To significantly reduce these episodes, she must avoid environmental triggers like smoke from cooking fires, dust, cold harmattan air, and upper respiratory infections. I strongly advise discontinuing over-the-counter cough mixtures and taking her to a pediatrician for appropriate diagnostic tests and targeted medications like bronchodilators.",GLM-5.2-max,glm-5.2
9b5f5d69-dcc0-40a5-a80b-88d83d0f05e1,english,accented_english,i am 32 years old i just gave bet i just gave bet seven days ago i noticed that if i am breastfeeding the child he struggles to soak the breast if the child soak a little bit the child will remove his mouth if i try to put the breast in his mouth so he can soak he will soak again a little bit and remove his mouth i now thought that why did the child doesn't soak breast well i now noticed that the child has cold is not breathing out well like a child snoring that's how he sounds i call the attention of my mother-in-law she say maybe while we want to give birth to the child maybe water enters his head or other things but i thought if water enters his head the nurses and doctors ought to know if water enters the child's head what now shattered my heart the most was the way he's not feeding well it given me concern and my mind is not at rest he doesn't suck well at all it's by force any time i want to breastfeed the child i have to wake him to suck a little that's if he agrees to what i want to ask is that what's the cause of the cold that he doesn't breathe well and that any time he breathed it would look like someone that the nose is blocked and that what is the cause that he's not sucking breast well,"I’m 32 years old , I just gave birth , I just gave birth 7days ago , I noticed that if I’m breast feeding the child , he struggles to suck the breast , if the child suck a little bit , the child will remove his mouth if I try to put the breast in his mouth so he can suck , he will suck again a little bit and remove his mouth , I now thought that why did the child doesn’t suck breast well , I now noticed that the child has cold , his not breathing out well like a child snoring that’s how he sounds, I call the attention of my mother in law , she say maybe while we want to give birth to the child maybe water enters his head or other things but I thought if water enters his head , the nurses and doctors ought to know if water enters the child’s head , what now shattered my heart the most was the way he’s not feeding well , it’s giving me concern and my mind is not at rest , he doesn’t suck well at all , it’s by force any time I want to breastfeed the child , I have to wake him to suck a little that’s if he agrees to , what I want to ask is that what’s the cause of the cold that he doesn’t breathe well and that anytime he breathe it’s would look like someone that the nose is blocked  and that what is the cause that he’s not sucking breast well .",http://speech-app.s3.amazonaws.com/static/audio/uploads/a6380b8c-190b-4849-a6f2-8e3bf7837744/9283eacaa94b48ccac58e8f864b40095_4Q2ojPv6.wav,"You are correct to doubt the cultural belief about ""water entering the head,"" as your doctors would have identified such complications at birth; instead, your baby's poor feeding is directly caused by the nasal congestion. Newborns are obligate nasal breathers, meaning they struggle to breathe through their mouths while sucking, so a blocked nose forces them to repeatedly detach from the breast to catch their breath. This ""cold"" is likely a mild viral or environmental upper respiratory tract infection, but in a 7-day-old baby, poor feeding and congestion can quickly become dangerous. You can safely use saline nasal drops to clear the baby's nose just before breastfeeding, but you must take the baby to a hospital immediately so a doctor can rule out severe newborn infections like sepsis and ensure there are no danger signs like fast breathing or chest in-drawing.",GLM-5.2-max,glm-5.2
bafda9ab-3e05-4d28-9662-8c2934fc3351,english,accented_english,a woman noticed that her husband coughs very strongly when they wake up in the morning while still on their bed the cough starts suddenly and takes a long time before he stops as time goes on she also notices that her husband struggles to breach properly when he walks a little distance or climbs tears he stops to catch his breath and becomes tired very quickly one day after our husband spent a long time coughing and tried to regain his breath the wife became worded she started thinking that maybe there is a disease causing all these problems the next day she spoke with her husband to go to the hospital so that they can see a doctor and know exactly what is happening the question is what can cause a cough to be this seafier with constant tiredness and difficulty breathing all the time when the cough occurs can this problem be related only to learn disease or heart disease what are the things that can cause death or make a person struggle to breathe severely to the point that the person needs urgent medical attention what are the danger signs of britain problems that the family should watch out for regarding cove and difficulty in britain,"A woman noticed that her husband coughs very strongly when they wake up in the morning while still on the bed. The cough starts suddenly and takes a long time before it stops. As time goes on, she also notices that her husband struggles to breathe properly. When he walks a little distance or climbs stairs, he stops to catch his breath and becomes tired very quickly.
One day, after her husband spent a long time coughing and trying to regain his breath, the wife became worried. She started thinking that maybe there is a disease causing all these problems. The next day, she spoke with her husband to go to the hospital so that they can see a doctor and know exactly what is happening.
The question is what can cause a cough to be this severe, with constant tiredness and difficulty breathing all the time when the cough occurs? Can this problem be related only to lung disease or heart disease? What are the things that can cause death or make a person struggle to breathe severely, to the point that the person needs urgent medical attention?
What are the danger signs of breathing problems that the family should watch out for regarding cough and difficulty in breathing?",http://speech-app.s3.amazonaws.com/static/audio/uploads/96bdc083-dd61-427b-ae95-8e553c4378e2/5061f357937d466276b204df55261bc2_b0nB8zQt.wav,"This combination of a severe morning cough, fatigue, and breathlessness upon mild exertion strongly suggests heart failure, likely from untreated hypertension, though chronic lung conditions like asthma, COPD, or tuberculosis are also highly possible. The problem can indeed be related to either lung disease, heart disease, or both, as fluid backing up from a failing heart congests the lungs and triggers coughing. Severe, life-threatening breathlessness requiring urgent attention is usually caused by acute pulmonary edema (fluid in the lungs), severe asthma attacks, or severe respiratory infections that deprive the body of oxygen. The family must immediately seek emergency care if they notice danger signs such as gasping for air, bluish lips or fingertips, inability to speak full sentences, severe chest pain, or extreme drowsiness. Given the high prevalence of hypertension and respiratory diseases in Nigeria, they should visit the hospital immediately for a chest X-ray, ECG, and echocardiogram to diagnose the exact cause and begin life-saving treatment.",GLM-5.2-max,glm-5.2
22a424bd-71c1-4383-bd91-f975344fa63a,english,accented_english,doctor a mother living in our house began to notice that her baby was not breastfeeding well whenever she tried to breastfeed the baby the baby would suck for a little while and then stop as if exhausted the mother also noticed that the baby did not have enough strength for breastfeed and would sweat heavily on the head and face not only that the baby's breathing changed it seemed as though the baby was breathing upward and downward like someone struggling to breathe as the days went by the mother became increasingly worried she wondered whether it was because the baby was not feeding enough or whether there was a problem related to the baby's breathing and sweating therefore she decided to go to the hospital to see a doctor for an examination of the baby my question is what could cause a baby to have difficulty breastfeeding properly is the way the baby is breathing a sign of any health problem what danger signs should the baby's parents watch out for what could cause a young child to sweat while breastfeeding,"Doctor, a mother living in our house began to notice that her baby was not breastfeeding well. Whenever she tried to breastfeed the baby, the baby would suck for a little while and then stop as if exhausted.
The mother also noticed that the baby did not have enough strength to breastfeed and would sweat heavily on the head and face. Not only that, the baby's breathing changed; it seemed as though the baby was breathing upward and downward, like someone struggling to breathe.
As the days went by, the mother became increasingly worried. She wondered whether it was because the baby was not feeding enough, or whether there was a problem related to the baby's breathing and sweating. Therefore, she decided to go to the hospital to see a doctor for an examination of the baby.
My question is: what could cause a baby to have difficulty breastfeeding properly? Is the way the baby is breathing a sign of any health problem? What danger signs should the baby's parents watch out for? What could cause a young child to sweat while breastfeeding?",http://speech-app.s3.amazonaws.com/static/audio/uploads/234548f6-5573-48c0-84b1-80d8679276a7/b69a3fda035c9322a2711e53a3fa59ef_vpyorzcu.wav,"The baby's difficulty breastfeeding, exhaustion, and heavy head sweating are classic signs of congestive heart failure, typically caused by congenital heart disease, where the physical effort of sucking acts like heavy exercise for a failing heart. The abnormal, labored breathing is a major danger sign of respiratory distress, which could be driven by heart failure or a severe respiratory infection like pneumonia, both of which are common in our environment. Other locally relevant causes for these combined symptoms include severe anemia, possibly from malaria or sickle cell disease, and severe sepsis. Parents should urgently watch out for danger signs such as bluish discoloration of the lips and tongue (cyanosis), severe chest in-drawing, grunting noises, extreme limpness, and refusal to feed. The mother was absolutely right to go to the hospital, as this is a medical emergency requiring immediate clinical evaluation, oxygen support, and diagnostic tests like an echocardiogram to save the baby's life.",GLM-5.2-max,glm-5.2
63dfffbe-9c14-48d0-93e1-9fd4f262fb56,english,accented_english,a woman noticed that for the past few days her child had started coughing continuously at first she thought it was a code affecting their child's test and that it would go away however the cough did not improve every night the child wakes up suddenly because of their cough sometimes the child struggles as if it is difficult to breath properly the mother would carry the child upright and could hear the chest walking while the child was breathing this makes it difficult for the child to sleep well at night one day after a night during which the child coughed severely and struggled to breath properly their mother decided to go to their hospital she wanted to know what was causing the cough what was causing the breathing difficulty and how she could help their child my question is what could cause a child to cough severely and have difficulty breathing especially at night what danger signs should they watch out for when their child is coughing what things should they avoid in order to prevent or reduce this cough,"A mother noticed that for the past few days, her child had started coughing continuously. At first, she thought it was a cold affecting the child’s chest and that it would go away. However, the cough did not improve. Every night, the child wakes up suddenly because of the cough. Sometimes, the child struggles as if it is difficult to breathe properly. The mother would carry the child upright and could hear the chest working while the child was breathing. This makes it difficult for the child to sleep well at night.
One day, after a night during which the child coughed severely and struggled to breathe properly, the mother decided to go to the hospital. She wanted to know what was causing the cough, what was causing the breathing difficulty, and how she could help the child.
My question is: what could cause a child to cough severely and have difficulty breathing, especially at night? What danger signs should they watch out for when the child is coughing? What things should they avoid in order to prevent or reduce this cough?",http://speech-app.s3.amazonaws.com/static/audio/uploads/df781cb9-6dce-4864-b872-6717def2639c/325f23a014caeb22a171f111d60b8db4_DbxMTIGl.wav,"The child's symptoms of nocturnal cough, wheezing, and difficulty breathing relieved by sitting upright strongly suggest asthma or acute bronchiolitis, though pneumonia must also be excluded. You must urgently watch for danger signs such as severe chest in-drawing, bluish discoloration of the lips, nasal flaring, inability to feed, and excessive drowsiness. To prevent and reduce these episodes, strictly avoid exposing the child to smoke from firewood or tobacco, cold night air, household dust, and strong chemical fumes. Ensure proper ventilation in the home and seek medical care to obtain appropriate reliever medications, such as bronchodilators. Please take the child to the hospital immediately for a comprehensive clinical evaluation and a definitive treatment plan.",GLM-5.2-max,glm-5.2
50bb065e-65af-4c0c-8800-18328acc5108,english,accented_english,my name is titilola since yesterday my child's body has been burning shivering intensely the child cannot turn their neck at all it seems as if the child's neck can no longer be turned the child can only open one i what could be causing the fever and the inability to turn my child's neck what kind of examination can i perform so that i can know what is causing the fever and the inability to turn the child's neck what kind of result could appear within the child's body that could cause the fever and the inability to turn the child's neck,"My name is Titilola. Since yesterday, my child's body has been burning, shivering intensely. The child cannot turn their neck at all. It seems as if the child's neck can no longer be turned. The child can only open one eye. What could be causing the fever and the inability to turn my child's neck? What kind of examination can I perform so that I can know what is causing the fever and the inability to turn the child's neck? What kind of result could appear? Within the child's body that could cause the fever and the inability to turn the child's neck.",http://speech-app.s3.amazonaws.com/static/audio/uploads/9f41e940-3d08-46fd-a6b0-330ee0f3a32a/6114cf8fb8366eb054d9999b8d3f4efa_iQS1iWG4.wav,"Titilola, your child's symptoms of fever, intense shivering, neck stiffness, and inability to open one eye strongly suggest meningitis or severe cerebral malaria, which are life-threatening medical emergencies. Please do not attempt any examinations at home; you must rush the child to the nearest hospital immediately for emergency care. At the hospital, doctors will conduct a lumbar puncture (spinal tap) to analyze the cerebrospinal fluid, blood smears for malaria parasites, and inflammatory markers. These tests typically reveal an active infection—such as bacteria in the spinal fluid or malaria parasites in the blood—causing the brain and meningeal inflammation that makes the neck rigid and affects the nerves. Prompt treatment with intravenous antibiotics or antimalarials is crucial to prevent permanent brain damage or death, so please do not delay.",GLM-5.2-max,glm-5.2
d12a2efe-ad4f-4ec8-8384-fd9d8b028f51,english,accented_english,suddenly we saw one of our pregnant women who came to our hospital this morning she arrived in severe pain crying loudly holding her back an abdomen because of the pain after about eight to ten minutes of bringing her into the labour world we examined her and found that the baby was already descending and her service was fully dilated very shortly afterward she delivered a baby girl so we carried out all the necessary and appropriate post delivery care not long after we moved the mother and baby into a room so they could rest a little while later the mother called us and said she was feeling very weak tired and that her eyes seemed dim or blurry she also tried to eat after delivery but struggled to do so and the food was not going down well she continued to feel weak and she was also feeling dizzy what could have her food could it be that she lost a lot of blood and now she needs a blood transfusion or what should be done for her should we give her blood or should we give her food,"Suddenly, we saw one of our pregnant women who came to our hospital this morning. She arrived in severe pain, crying loudly, holding her back and abdomen because of the pain.
After about eight to ten minutes of bringing her into the labour ward, we examined her and found that the baby was already descending and her cervix was fully dilated.
Very shortly afterward, she delivered a baby girl.
So we carried out all the necessary and appropriate post-delivery care.
Not long after, we moved the mother and baby into a room so they could rest.
A little while later, the mother called us and said she was feeling very weak, tired, and that her eyes seemed dim or blurry. She also tried to eat after delivery but struggled to do so, and the food was not going down well.
She continued to feel weak, and she was also feeling dizzy.
What could have happened? Could it be that she lost a lot of blood and now needs a blood transfusion, or what should be done for her? Should we give her blood, or should we give her food?",http://speech-app.s3.amazonaws.com/static/audio/uploads/3ded7c4f-ace2-4960-9cdf-19f9e906192c/da1c6010d1dda0770dd27bc2845bb2ff_lYMQvCr2.wav,"Her symptoms strongly suggest severe acute blood loss from postpartum hemorrhage causing hypovolemic shock, though postpartum pre-eclampsia must also be urgently ruled out given the blurred vision. Immediately assess her vital signs (pulse and blood pressure), check for ongoing vaginal bleeding, and run an urgent Packed Cell Volume (PCV) test. Do not force her to eat right now, as she is at risk of aspiration if her consciousness drops or if she seizes. Establish intravenous access and start IV fluids immediately; if her blood pressure is low and PCV is significantly reduced, she needs an urgent blood transfusion. Once she is hemodynamically stable and the dizziness resolves, you can safely initiate oral fluids and a nutritious diet.",GLM-5.2-max,glm-5.2
860b85d6-4fa8-4ea2-80c5-ffdec2e3b88f,english,accented_english,a pregnant woman came to the hospital this evening and explained that her husband often shouts at her and frequently beats her she said that this has caused her to become very fearful many times whenever she hears that her husband is coming home or when she is about to go home she becomes afraid because she worries that he may beat her or verbally abuse her she also noticed that her heart often raises or pounds she went to have her blood pressure checked and she was told that her blood pressure was elevated she said that she sought help from her parents and explained the situation to them as a result her parents gave her a traditional harboured remedy agbo but there was no improvement after she used it she wants to know what can she do so that she will no longer be overwhelmed by fear whenever she is going home or hears that her husband is coming what can she use or do to help restore her peace of mind calmness and emotional well-being,"A pregnant woman came to the hospital this evening and explained that her husband often shouts at her and frequently beats her. She said that this has caused her to become very fearful.
Many times, whenever she hears that her husband is coming home or when she is about to go home, she becomes afraid because she worries that he may beat her or verbally abuse her.
She also noticed that her heart often races or pounds. She went to have her blood pressure checked, and she was told that her blood pressure was elevated.
She said that she sought help from her parents and explained the situation to them. As a result, her parents gave her a traditional herbal remedy (""agbo""), but there was no improvement after she used it.
She wants to know:
What can she do so that she will no longer be overwhelmed by fear whenever she is going home or hears that her husband is coming?
What can she use or do to help restore her peace of mind, calmness, and emotional well-being?",http://speech-app.s3.amazonaws.com/static/audio/uploads/ee0a0258-be6e-4841-8402-4824f95b0f98/8d69bf2d6e132f7cbd32c0441f0dd211_fKDgwllZ.wav,"Her symptoms indicate severe trauma-induced anxiety and potentially dangerous stress-related hypertension in pregnancy, so she must immediately stop taking the unregulated ""agbo"" to prevent fetal toxicity. The most critical step for her emotional and physical safety is to temporarily relocate to a safe space, such as her parents' house, away from her abusive husband. She requires urgent medical evaluation to monitor her blood pressure, rule out preeclampsia, and assess her pregnancy status. I will refer her to a medical social worker and a mental health counselor for psychosocial support, trauma counseling, and to explore legal protection options available in our community. Once she is in a secure environment and receives counseling, her panic symptoms and palpitations will naturally resolve without needing anxiolytic medications, which are generally avoided during pregnancy.",GLM-5.2-max,glm-5.2
4c755844-e119-4f30-b56a-2d40becb435e,english,accented_english,a 30 year old woman gave bet a few minutes ago the delivery was said to be normal however since the baby was born the baby has been having serious difficulty the baby is not crying well and is not responding as a newborn should after bat the baby did not cry properly and seems to have difficulty waking up the body seems tiff or not moving properly as expected the baby also cannot feed well and is struggling to breathfeed the mother is worried because our previous children used to cry immediately after bat what can cause this problem what test can be done on the baby and what emergency steps should be taken what can be done for this newborn baby,"A 30-year-old woman gave birth a few minutes ago. The delivery was said to be normal. However, since the baby was born, the baby has been having serious difficulty. The baby is not crying well and is not responding as a newborn should.
After birth, the baby did not cry properly, and seems to have difficulty waking up. The body seems stiff or not moving properly as expected. The baby also cannot feed well and is struggling to breastfeed.
The mother is worried because her previous children used to cry immediately after birth. What can cause this problem? What tests can be done on the baby, and what emergency steps should be taken? What can be done for this newborn baby?",http://speech-app.s3.amazonaws.com/static/audio/uploads/ef566ae2-dbf5-4f08-bfcd-499df5f22b69/b78a901d20be544115492de657cf2214_0PfWadke.wav,"This newborn is likely suffering from birth asphyxia (lack of oxygen) resulting in hypoxic-ischemic encephalopathy, though low blood sugar, neonatal sepsis, or birth trauma are also possible causes. The immediate emergency step is to initiate neonatal resuscitation following the ""Helping Babies Breathe"" protocol by keeping the baby warm, clearing the airway, and providing bag-mask ventilation if breathing is inadequate. Crucial initial assessments include calculating the Apgar score, checking blood glucose to exclude hypoglycemia, and performing a thorough physical examination to evaluate muscle tone and check for birth injuries. Depending on available hospital resources, a blood gas analysis and basic septic screen should be conducted to evaluate acidosis and rule out infections. Once stabilized, the baby must be admitted to the special care baby unit for continuous monitoring, oxygen support, IV fluids, and observation for complications like seizures.",GLM-5.2-max,glm-5.2
ed6d5864-563d-4471-b3d4-df5c6f6a4a49,english,accented_english,the mother of a woman who had recently given bets came to the hospital she said that since her daughter gave bets she has been bleeding heavily as a result she no longer has strength in her body the woman who gave bets is 24 years old she also said that the bleeding is excessive and is making her feel weak the mother is unable to eat properly and is unable to do anything my question is what could cause a woman to continue bleeding after giving birth a few days ago what treatment should be given to their mother to stop the bleeding and help her regain our strength what advice can be given to this mother and our daughter,"The mother of a woman who had recently given birth came to the hospital. She said that since her daughter gave birth, she has been bleeding heavily. As a result, she no longer has strength in her body. The woman who gave birth is twenty-four years old. She also said that the bleeding is excessive and is making her feel weak. The mother is unable to eat properly and is unable to do anything.
My question is: what could cause a woman to continue bleeding after giving birth a few days ago? What treatment should be given to the mother to stop the bleeding and help her regain her strength? What advice can be given to this mother and her daughter?",http://speech-app.s3.amazonaws.com/static/audio/uploads/32abdb1d-9a79-4b21-aa4d-c522e51c3c95/9cb26804ba1ab15f002a6f71cea8f521_D1wTeGSF.wav,"Heavy bleeding a few days after childbirth, known as secondary postpartum hemorrhage, is commonly caused by retained placental fragments, uterine atony, or puerperal infection. Treatment requires an immediate emergency hospital admission for intravenous fluids, blood transfusion to treat her severe weakness, uterotonics (like oxytocin or misoprostol) to contract the womb, and a possible uterine evacuation to remove any retained products. I strongly advise the mother to rush her daughter to the nearest hospital immediately, as this is a life-threatening emergency that cannot be managed at home with traditional remedies. While in transit, they should ensure the young woman lies flat to prevent fainting from blood loss and stays hydrated with oral rehydration solution. Once stabilized, the daughter must take prescribed iron supplements, eat a nutrient-rich diet (such as meat, eggs, and dark green vegetables) to rebuild her strength, and attend all postnatal check-ups.",GLM-5.2-max,glm-5.2
