audio_id,language,subset,question,reference,url,model_answer,requested_model,model_id
e42f6e1a-13f8-47b1-bc76-f8503b4f2e8c,pidgin,pidgin,one caregiver wey dey look after one small pikin been noticed say dey pikin wey im dey look after been dey struggle to breath and dey way wey dey pikin dey breath no dey normal she also noticed say dey pikin dey cough dey cough well well and dey cough bad well well dey pikin no be pikin wey im mama been live after im born am and no be pikin wey dem dey bare foot cold water so na wetin fit cause small pikin breathing to get dis kind wahala and to dey cough plenty like dis and why e no dey fit breathe di way wey e suppose dey breathe wetin dem fit do for dis kind case,"One caregiver wey dey look after one small pikin been notice say the pikin wey em dey look after been dey struggle to breathe, and the way wey the pikin dey breathe no dey normal. 
She also notice say the pikin dey cough, dey cough well well and the cough bad well well.
The pikin no be pikin wey em mama been leave after em born am, and no be pikin wey dem dey baff with cold water. 
So na wetin fit cause small pikin breathing to get this kain wahala and to dey cough plenty like this, and why em no dey fit breathe the way wey em suppose dey breathe? Wetin dem fit do for this kain case?",http://speech-app.s3.amazonaws.com/static/audio/uploads/d43a720b-bde4-470e-8b1e-a7d1e067922b/4fbae5a5b6da2d7b3e3591c558b3edbc_QYnjeGL8.wav,"Dis kind breathing wahala and bad cough fit happen because of serious chest infection like pneumonia or bronchiolitis, wey dey common well well for our environment and dey block the pikin lungs from holding air. Even if the pikin no lose im mama or waka barefoot for cold water, germs from dirty environment or sick people fit still enter im chest cause dis problem. Dis one na serious emergency because if the pikin no fit breathe well, im body no dey get enough oxygen to survive. Make you carry the pikin go hospital sharp sharp make doctor check am, give am oxygen if e need am, and give the correct antibiotics to fight the infection. No waste time dey use native medicine or ordinary cough syrup for house because dis kind sickness fit kill pikin fast fast if dem no treat am correct.",GLM-5.2-max,glm-5.2
dc208b17-3d4a-4092-9515-ac7d4eee613b,pidgin,pidgin,as woman wey get mind wey dey hold her pikin when yu see say the pikin body dey hurt the pikin body just begin to dey shake the pikin dey get convulsion and im no dey in control again which kind sickness dey do this pikin wey im mama still dey give breast and which kind care them fit give this pikin,"As woman wey get mind wey dey hold her pikin, when you see say the pikin body dey hot, the pikin body just begin to dey shake. The pikin dey get convulsion and em no dey in control again. Which kain sickness dey do dis pikin wey em mama still dey give breast? And which kain care dem fit give this pikin?",http://speech-app.s3.amazonaws.com/static/audio/uploads/4f8d903a-a525-445b-940c-8c92f6c0164e/d18276317452221f97ab4a94b032bdc6_dFGF21sn.wav,"Dis kind thing na convulsion wey high fever dey cause, maybe from malaria or infection, but e fit also be serious sickness like cerebral malaria. As e dey shake, no hold am tight or put anything for im mouth; just make e lie down for one side make e no choke on im spit. Use lukewarm water sponge im body to bring the fever down small. Make you carry the pikin go hospital immediately make doctor run test and give correct medicine, because convulsion for small pikin na emergency. Continue to give am breast milk well well, because e go help am get power to fight the sickness.",GLM-5.2-max,glm-5.2
b4e21f2f-0324-4369-a36a-3b4bb3910461,pidgin,pidgin,one of my seniors bi johns born baby ga few days ago as she dey giv di pikin breast she cannot say anytime pikin di suck breast he dey add am to breath sometimes as di pikin dey suck go just stop suddenly like say life no dey di body one midnight as di mama dey breastfeed di pikin she cannot notice say di pikin leaves dey change color small small fear catch und well well and she no know wetin to do she quickly carry di pikin upright make e feel breathe better but di pikin still dey struggle to breathe di papa too fear as e see say di pikin dey find am out to breathe and di leaves dey change color dem no waste time atol dem quickly carry di pikin go hospital make doctors attend to am wetin fit make newborn pikin leaves dey change color abi difficulty to breathe while di pikin dey suck breath a dangerous sign our disease or liver disease fit make pikin dey struggle to breathe which other dangerous signs and symptoms wey parents suppose they watch out for and waiting be the majesty first treatment where person fit give pikin where the struggle to breathe after medical approach,"One of my senior siblings just born baby girl few days ago. As she dey give the pikin breast, she come notice say anytime pikin dey suck breast, e dey hard am to breathe. Sometimes, as the pikin dey suck, e go just stop suddenly like say life no dey the body.

One midnight, as the mama dey breastfeed the pikin, she come notice say the pikin lips dey change color small small. Fear catch am well well, and she no know wetin to do. She quickly carry the pikin upright make e fit breathe better, but the pikin still dey struggle to breathe.

The papa too fear as e see say the pikin dey find am hard to breathe and the lips dey change color. Dem no waste time at all; dem quickly carry the pikin go hospital make doctors attend to am.

Wetin fit make newborn pikin lips dey change color? Abi difficulty to breathe while pikin dey suck breast na dangerous sign? Heart disease or liver disease fit make pikin dey struggle to breathe? Which other dangerous signs and symptoms wey parents suppose dey watch out for? And wetin be the emergency first treatment wey person fit give pikin wey dey struggle to breathe after medical help reach?",http://speech-app.s3.amazonaws.com/static/audio/uploads/2a66d79f-6174-4207-b1fb-ad41fec705a9/ee75291d151f8b8324ecdf383086b1b7_e9W0pnBj.wav,"Dis kin breath wahala and color change (cyanosis) wey dey happen as pikin dey suck breast fit mean say di pikin dey choke, get serious infection like pneumonia, or get congenital heart disease; e very dangerous and liver disease fit join if di body dey turn yellow, but heart and lung problem na im dey cause am pass. Oda danger signs wey parents suppose watch out for na if pikin dey reject food, dey sleep too much, body too hot or too cold, dey convulse, chest dey draw inside as e dey breathe, or body dey turn yellow (jaundice). Di first aid wey person fit do before reaching hospital na to stop feeding immediately, clear im mouth, put am for one side (recovery position), and gently rub im back or soles to stimulate am make e breathe. Make una no waste time at all, rush di pikin go hospital immediately because newborns need urgent oxygen and specialist medical care to survive.",GLM-5.2-max,glm-5.2
c48d9d62-2a28-4bde-88c6-de65b54a18c7,pidgin,pidgin,one woman been born pikin pikin like five months wey don pass she can explain say when she born dey pikin noting be dey worry dey pikin as dey pikin been dey chop plenty well well as dem been expect na im just like dat ooo she can't see say dey pikin go dey cry well well i see something dey pin am for im leg and im hands e been also come reach points wey dey pikin go call person to come help am stand up to dey waka for ground or to dey move so that e go go where im mama dey abeg wetin this woman fit do for dey pikin so that the tin wey they pain the pikin for en hand and en leg go stop and wetin go fit make sure say this tin no go delay the way wey the pikin dey grow so the mama wan come hospital with the pikin com sick doctor to find out wetin them fit do wey go help the pikin body dey better and make im health safe better,"one woman been born pikin_ pikin_ like 5 months wey don pass. she come explain say when she born the pikin, nothing been dey worry the pikin, as the pikin been dey chop plenty well well as dem been expect. naim just like that oh, she come see say the pikin go dey cry well well as if something dey pain am for em leg and em hands. e been also come reach point wey the pikin go call person to come help am stand up, to dey waka for ground, or to move, so that em go go where em mama dey. abeg, wetin this woman fit do for the pikin so that the thing wey dey pain the pikin for em hand and em leg go stop, and wetin go fit make sure say this thing no go delay the way wey dey pikin dey grow? so the mama wan come hospital with the pikin come see doctor  to find out wetin dem fit do wey go help the pikin body dey beta and make em health sef beta.",http://speech-app.s3.amazonaws.com/static/audio/uploads/54daa27b-e907-41c0-8543-96bafa44c18a/b7fffece54c38ca6e6436d21538610b2_j14LjflU.wav,"Make you bring de pikin come hospital sharp sharp, because from wetin you talk, e be like say de pikin get Infantile Scurvy, wey dey happen when Vitamin C no dey im body well well. Vitamin C dey important to make bones and blood vessels strong, so when e short, e dey cause serious pain for hands and legs, and de pikin go dey fear to move or waka. When you reach hospital, we go give am Vitamin C medicine (ascorbic acid) wey go stop de pain quick quick and heal de bones. We go also check im feeding and teach you how to give am correct food wey get Vitamin C, like fruit puree or supplement, so e no go slow im growth. With dis correct treatment, de pikin go start to dey waka well again and im growth go continue normally without any delay.",GLM-5.2-max,glm-5.2
d1593755-e2cc-49dd-8de9-678a95886c4b,pidgin,pidgin,one woman notice say anytime wey dem wake-up for morning husband go begin cough well well di cough dey start suddenly and e fit take long time before e go stop as time they go she noticed say her husband no fit breathe well again anytime wey e waka small distance or climb staircase e go stop mek e catch breath because e dey tire quick quick one day after husband don spend long time they cough and they struggle to catch breath di woman com fear e begin think say maybe one sickness dey cause all this problem di next day she talked to her husband make dem go hospital go see doctor so that doctor go fit examine am and know wetin dey really happen di question be say wetin fit make pesin dey coffee like this with constant tiredness and serious difficulty to breath anytime the coffee start na only long sickness or hard sickness fit cause this kind problem which kind sickness fit make persons struggle to beat so much or even cause death if them no get urgent treatment wetin be danger science of coff and britain problem wey family members suppose wash out for wey mean say di person need urgent attention,"One woman notice say anytime wey dem wake up for morning, her husband go begin cough well well. The cough dey start suddenly and e fit take long time before e go stop. As time dey go, she notice say her husband no fit breathe well again. Anytime wey e waka small distance or climb staircase, e go stop make e catch breath because e dey tire quick quick.

One day, after her husband don spend long time dey cough and dey struggle to catch breath, the woman come fear. E begin think say maybe one sickness dey cause all these problems. The next day, she talk to her husband make dem go hospital go see doctor so dat doctor go fit examine am and know wetin dey really happen.

The question be say, wetin fit make person dey cough like this, with constant tiredness and serious difficulty to breathe anytime the cough start? Na only lung sickness or heart sickness fit cause this kind problem? Which kind sickness fit make person struggle to breathe so much or even cause death if dem no get urgent treatment? Wetin be the danger signs of cough and breathing problem wey family members suppose watch out for, wey mean say the person need urgent medical attention?",http://speech-app.s3.amazonaws.com/static/audio/uploads/f20a8536-4c24-49e3-b873-68fa80baf607/a1313a1f79d9031eda58aba73d277c25_0BWlmcnw.wav,"**Based on di symptoms wey you describe, this one fit be serious sickness like heart failure, chronic obstructive pulmonary disease (COPD), tuberculosis (TB), or severe asthma** — all of dem dey common for Africa and fit cause morning cough, quick tiredness, and difficulty to breathe when person waka or climb stairs. No be only ""big sickness"" dey cause am, but these conditions no be something to play with because if person no get treatment, e fit lead to death. **Danger signs wey family suppose rush person go hospital be: coughing blood, blue-blue color for lips or fingers, can't breathe well even when sitting down, chest pain, can't talk full sentence, leg swelling, confusion, or if person dey faint.** Make dem go hospital do proper test like chest X-ray, sputum test, ECG, and echocardiogram because early treatment fit save life well well.",GLM-5.2-max,glm-5.2
3d112f63-9471-4ce4-b1f9-ee4e65fa2d7c,pidgin,pidgin,doktor one mama wey dey live for our house begin notice say her pikin been no dey suck breast well well anytime wey she try giv em breast the pikin the sock small com stop as if him don tire the mama been also notice say the pikin no get plenty strength to the sock breast and him go sweat well well for him head and him face no be only that one the way the pikin they breathe self com change e com be like say the pikin dey breathe up and down like person wey they struggle to breathe as days com pass the mama com begin dey worry well well she com dey wonder whether na because say the pikin been no dey chop well abi whether e been get another wahala wey been dey worry the pikin breathing and the way wey e dey sweat na im she decide to go hospital go see doctor make e examine the pikin my question be say wetin fit cause pikin make e know the sock breast well well de way wey the pikin they take breeds na sign say e get health wahala which danger sign make the pikin parents them they watch out for wetin fig cause small pikin to they sweat when in the sock prists,"Doctor, one mama wey dey live for our house begin notice say her pikin been no dey suck breast well well. Anytime wey she try give am breast, the pikin dey suck small come stop as if em don taya. The mama been also notice say the pikin no get plenty strength to dey suck breast and em go sweat well well for em head and em face. No be only dat one, the way the pikin dey breath sef come change; e come be like say the pikin dey breath up and down, like person wey dey struggle to breathe. As days come pass, the mama come begin dey worry well well. She come dey wonder weda na because say the pikin been no dey chop well abi weda e been get anoda wahala wey been dey worry the pikin breathing and the Wway wey em dey sweat. Naim she decide to go hospital go see doctor make em examine the pikin. 
My question be say: Wetin fit cause pikin make em no dey suck breast well well? The way wey the pikin dey take breathe na sign say em get health wahala? Which danger sign make the pikin parents dem dey watch out for? Wetin fit cause small pikin to dey sweat when em dey suck breast?",http://speech-app.s3.amazonaws.com/static/audio/uploads/29482234-da2e-40c5-819a-2d34a8b87f10/e7b447483fd325186b4782547bdd4ec3_9gZSCuTr.wav,"The way the pikin dey struggle to breathe, dey sweat for head, and no get power to suck breast show say e get serious health wahala like heart problem or severe chest infection, no be just ordinary refusal to chop. Pikin dey sweat well well when e dey suck because feeding na like exercise for them, so if the heart or lungs no dey work well, the body go overwork, causing the sweating and weakness. Make the parents dey watch out for serious danger signs like chest wey dey sink in when e dey breathe, fast breathing, bluish color for lips or face, and if the pikin dey too weak to even cry. Abeg make dem carry the pikin go hospital quick quick for proper check-up and treatment, because to delay fit cause serious danger for the pikin life.",GLM-5.2-max,glm-5.2
1883e8fe-6909-4dc9-a0ec-b5eb756e240e,pidgin,pidgin,one man wey dem dey call suberu wey dey about fifty years old begin dey cough one day at first dey cough no too serious but as weeks pass com tom months dey cough com dey was gradually after some time him begin dey find amount to breathware na true say when dey cough see small e try different remedies wey people recommend but dem no work instead dey cough come dey worse at last e decide say instead make him dey buy different medicine by himself make him go hospital go see doctor when e reach hospital e tell dey doctor say e don dey cough for three months e explain say e don try home remedy wey people advise am like honey hot water bitter cola and different cough medicine wey e buy from pharmacy but instead make the cough dey reduce e continue to dey worse e reach well sometimes e go feel say like say e no dey fit breathe well again because of the cough di man come ask doctor say wetin fit cause this cough wey don last for this long why be say all di remedies and medicine wey i don use no work wetin i suppose do make this cough stop completely make i fit breathe well again and make i return to good health,"One man wey dem dey call Suberu, wey dey about 50 years old, begin dey cough one day. At first, the cough no too serious, but as weeks pass come turn months, the cough come dey worse gradually. After sometime, e begin find am hard to breathe well.

Na true say when the cough still small, e try different remedies wey people recommend, but them no work. Instead, the cough come dey worse. At last, e decide say instead of make him dey buy different medicine by himself, make e go hospital go see doctor.

When e reach hospital, e tell the doctor say e don dey cough for three months. E explain say e don try home remedies wey people advise am, like honey, hot water, bitter kola, and different cough medicines wey e buy from pharmacy. But instead make the cough dey reduce, e continue to dey worse. E don reach where sometimes e dey feel like say e no dey fit breathe well again because of the cough. 

The man come ask doctor say Wetin fit cause this cough wey don last for this long? Why be say all the remedies and medicines wey I don use no work? Wetin I suppose do make this cough stop completely, make I fit breathe well again and make I return to good health?",http://speech-app.s3.amazonaws.com/static/audio/uploads/994a8e3b-50c0-4688-b242-1ba7c30909aa/86059a070a4e55d39ef204f742762a15_tL9RtgtX.wav,"Oga Suberu, cough wey don last for three months and dey make you struggle to breathe fit mean say you get serious sickness like Tuberculosis (TB), chronic bronchitis, asthma, or even heart problem. Di home remedies and pharmacy cough mixtures wey you take no work because dem only dey suppress di cough small, but dem no dey treat di real infection or disease wey dey inside your chest. To stop am completely, you need do proper test like chest X-ray, sputum test for TB, and HIV test to know di exact cause. Once we know wetin dey cause am, we go give you di correct specific medicine wey go cure you make you fit breathe well and return to good health. Abeg make you dey take di medicine exactly as doctor prescribe am and make you come back for follow-up so we go make sure say you don fully well.",GLM-5.2-max,glm-5.2
4d7aa653-b36c-4c46-aaec-89b84a22c289,pidgin,pidgin,why old papa come among local hospital di papa talk say he get serious edic him neck di stiff and raj don't old any comer for him body he come as wey tin fi custom and we tin with correct treatment we ask em whether the headache start suddenly or it dey come small small di papa say he start suddenly for night and he now it don't become very severe you still ask em whether he fit look like to air when he say no because like they make the head the cross we ask em about the rush we the embody whether he dey penal whether he plenty or he just more the papa say the rush the all over embody in fit point one place and the each and change after that we ask whether he don contact with anybody wey sick recently the papa say them no go anyway apart from where them they sell goods for front of the house and them no know anybody wey sick wey them don get contact with our question for doctor be wetin fit cause this kind serious adeque and steve neck wey make personal photonym neck plus rush all over the body wetin feel be the cause na infectious disease one another sickness our second question be which kind tests this papa suppose do to know exactly wetin they worry yam make you fit get correct treatments and which medicines them fit starts give yam before the test results to commerce,"One old papa come our local hospital. Di papa talk say e get serious headache, im neck dey stiff, and rash don suddenly come out for im body. E come ask wetin fit dey cause am and wetin be di correct treatment.

We ask am whether di headache start suddenly or e dey come small small. Di papa say e start suddenly for night and now e don become very severe.

We still ask am whether e fit look light well, and e say no, because light dey make di headache worse.

We ask am about di rash wey dey im body, whether e dey pain am, whether e plenty or e just small. Di papa say di rash dey all over im body. E no fit point one place, and e dey itch am.

After dat, we ask whether e don contact with anybody wey sick recently. Di papa say dem no go anywhere apart from where dem dey sell goods for front of dia house, and dem no know anybody wey sick wey dem don get contact with.

Our question for doctor be: Wetin fit cause dis kind serious headache and stiff neck wey make person no fit turn im neck, plus rash all over di body? Wetin fit be di cause? Na infectious disease or na another sickness?

Our second question be: Which kind tests dis papa suppose do to know exactly wetin dey worry am make e fit get correct treatment? And which medicine dem fit start give am before di test results come out?",http://speech-app.s3.amazonaws.com/static/audio/uploads/6598bd5c-f9a6-469a-98a4-484387f94d6f/0e668f9a5682c0479079417f3a53b181_rA6kVlYk.wav,"Dis old papa get serious infectious disease wey dem dey call meningitis, especially meningococcal meningitis, because the sudden severe headache, stiff neck, eye wey no fit look light, and rash show say infection don enter e brain and blood. The tests wey e suppose do sharp sharp na lumbar puncture (spinal tap) to check e brain fluid, blood culture, and full blood count to know the exact germ wey dey worry am. Make una no wait for test results at all, because dis sickness dey kill quick; e suppose start to collect strong IV antibiotics like Ceftriaxone immediately plus IV fluids. Make sure say una isolate am well well because e fit infect other people, and monitor am closely for hospital to stop further complications.",GLM-5.2-max,glm-5.2
b2e91ead-84c9-47bd-8649-e1c8f9fa25ff,pidgin,pidgin,as i burn finish i couldn't dey try mek i get myself again one evening like that as we no get water wey dey clean for our area anytime wey i want baff i go use di tea water dey baff i couldn't dey tink wetin i go do for myself mek i fit dey use water weakling baff so one evening as i dey my body couldn't dey do me anyhow i couldn't notice say blood dey come out for my body and this blood wey come out for my body dey smell as woman wey born finish blood suppose come out for my body but this one dey smell well well i can't feel somehow i no feel come on my eye from this blood wey dey come afore my body so i can't rush go hospital make i go know whether na di dirty water wey i use di bath feel make mi di come on blood wey dey smell whether dirty water fit cause dis kind thing for pesin wey born pikin yu,"As I born finish I been dey try make I get myself again one evening like dat as we bin no get beta water for we area anytime I wan baff I go dey use water wey dey dirty every time I come dey think watin I fit do for my self make I fit dey baff water wey dey clean,one evening like dat my body come dey somehow,I come dey feel cool,I come notice say blood wey commot for my body dey smell I Know say this thing no good at all,the smell too much dis kind thing never happen before to me I no fit remove my eye as I stand up I come dey go hospital say make I ask weter na the water I use fit cause this kind thing.",http://speech-app.s3.amazonaws.com/static/audio/uploads/5680b80b-1dc3-495b-aa6a-cb65305700f4/c5748d7fa1eb280b335fe60c194f76cc_ugSDPfyl.wav,"Yes, using dirty water fit introduce dangerous bacteria inside your body, but the bad smell and dizziness show say you don get serious womb infection wey we dey call puerperal sepsis. Dis infection dey happen when germs enter the womb after delivery, and e dey make the after-birth blood smell bad and cause dizziness because of blood loss or severe infection. Abeg no waste time at all, rush go hospital make dem give you strong antibiotics through drip and check your blood level. Dis one na serious emergency because if dem no treat am quick, e fit cause serious danger to your life. Next time, always boil water make e cool before you baff, and make sure say dirty water no enter your private part.",GLM-5.2-max,glm-5.2
57dd6a99-7f2f-42ad-91dd-397fb71a945d,pidgin,pidgin,doctor i bring my five years and two months old pikin wey get condition for two months wey dey find difficulty to breathe dem dey cough well well every night i com buy dem one tb cough medicine wey dem dey call to toll in for am e don finish one bottle but di cough still dey dere e dey very hard for am to breathe wednight reach i go do tb test for am dem com tell me say e no get tuberculosis so doctor abeg wetin cost five years old pikin to dey get cough wey dey steady and wetin cost five years old pikin wey no fit breathe well for night,"Doctor, I bin bring my 5 year old and 2 month old pikin wey get sickness wey them no fit breathe for night. Them Dey cough well well every night. I com buy one TB cough medicine wey dem Dey call Tutolin for ham. Ein don finish one bottle but the cough still dey there, e dey very hard for ham to breathe wen night reach. I go do TB test for am, them kon tell me say ein no get Tuberculosis. So doctor abeg wetin cus 5 year old pikin to dey get cough wey dey steady and wetin cus 5 year old pikin wey no fit breathe well for night",http://speech-app.s3.amazonaws.com/static/audio/uploads/30fb14cc-02b8-4f7b-9574-6c9ddb440023/49cff9824ce83f941df638389c5bf954_gYXLSt7G.wav,"Oga/Madam, the way your pikin dey cough well well for night and dey find am hard to breathe, e strongly resemble asthma, since the TB test don show say e no get tuberculosis. 
Asthma dey happen when the airways inside the chest dey tight and swell, especially for night, and ordinary cough syrup like the one you buy no dey cure am. 
Another thing wey fit cause am na serious allergy (post-nasal drip) or chronic chest infection wey common medicine never clear. 
Abeg stop to dey give am over-the-counter cough medicine make im condition no worsen, and carry am go hospital make doctor examine im chest well well. 
Dem go fit give am correct inhaler or nebulizer medicine wey go open im chest quick-quick so e go fit sleep and breathe well.",GLM-5.2-max,glm-5.2
f954d14a-94e4-41fd-b75e-1bd794a8c3c3,pidgin,pidgin,when we ma wey dey 30 years old born pikin feminis wey don pass i tok say di delivery go normal because dem born di pikin di pikin dey get serious problem di pikin no dey cry well and e no dey respond like newborn baby suppose respond after bird di pikin no cry well atol and e bi like say e dey find am how to wake up di pikin body fit dey stiff or e no dey move well as dem expect di pikin no fit sock breastware and e dey struggle to breastfeed di mama dey worry because all our other pikin dem come immediately after dem born dem wetin fit cause dis kind problem which kind things dem fit do for di pikin letting be di immoducing step wey earthworkers suppose take immediately and which kind treatment dem give dis newborn pikin,"One woman wey dey 30 years old don born pikin few minutes wey don pass. Dem talk say di delivery go normal. But since Dem born di pikin, di pikin dey get serious problem. Di pikin no dey cry well and e no dey respond like new baby suppose respond. After birth, di pikin no cry well at all and e be like say e dey find am hard to wake up. Di pikin body fit dey stiff or e no dey move well as dem expect. Di pikin no fit suck breast well and e dey struggle to breastfeed.

Di mama dey worry because all her other pikin dem cry immediately after dem born dem.

Wetin fit cause dis kain problem? Which kind test dem fit do for di pikin? Wetin be di emergency steps wey health workers suppose take immediately? And which kind treatment dem fit give dis newborn pikin?",http://speech-app.s3.amazonaws.com/static/audio/uploads/8ac0f404-8854-4ab3-919c-34c708459600/01582ceae9c158cb9e2b24774626fc37_5TTHIJXz.wav,"Dis kind problem wey di pikin no dey cry, body dey stiff or soft, and no fit suck breast well, mostly na because di pikin brain no get enough oxygen during delivery (Birth Asphyxia) or e don swallow im poo (meconium) wey dey common for pikin wey stay pass time for belle. Di first thing wey health workers suppose do immediately na to clear di pikin nose and mouth, keep am warm, and use bag and mask give am air (resuscitation) inside di first one minute wey dem born am. If di pikin still no dey respond well after dem don give am air, dem must refer am go bigger hospital wey get Special Care Baby Unit (SCBU) sharp sharp. For hospital, dem go put am for incubator to control body temperature, give am drip for glucose, antibiotics to stop infection, and medicine if e dey get convulsion. Make dem no waste time at all, because quick action fit save di pikin brain and life.",GLM-5.2-max,glm-5.2
c09d0612-6271-4f60-977c-5798940d70e2,pidgin,pidgin,home away dey 22 years don born for our hospital three days ago today she karri yah newborn pikin come for routine humanization as dem reach she tell us say di pikin no gree sock breast atol di pikin too dey weak e dey sleep past normal and e no dey weak wear she tok say anytime she try put breast for di pikin mouth e no go sock atol she can notice say di pikin and leg and old body dey very cold like us di body took cold reach where she dey fear to touch di pikin with her bear hand and na only when she wrap plenty clothes before she fit carry her she talk say di pikin no dey sock breast di old body di coat to touch and di pikin don dey more weak as time dey go e no fit move hand e no fit stretch leg e no get normal movement or reflex na so e just dey lie down no strength no movement she talk say anybody wey look di pikin go know say di pikin really sick and don tire wetin fit cause dis kind thing wetin una think say fill apple make pikin body dey fill dis kind freezing coat na only because di pikin no distock bread or a be another sickness fill di course and too wetin fill be di treatment make di pikin begin sock breast again also gozani di immunization wey dem suppose give di pikin today let im be una professional advice,"One woman wey dey 22 years don born for our hospital three days ago. Today she carry her newborn pikin come for routine immunization. As dem reach, she tell us say di pikin no gree suck breast at all. Di pikin too dey weak, e dey sleep pass normal, and e no dey wake well.

She talk say anytime she try put breast for di pikin mouth, e no go suck at all. She come notice say di pikin hand, leg, and whole body dey very cold, like ice. Di body too cold reach where she dey fear to touch di pikin with her bare hand, and na only when she wrap plenty cloth before she fit carry am.

She talk say di pikin no dey suck breast, di whole body dey cold to touch, and di pikin don dey more weak as time dey go. E no fit move hand, e no fit stretch leg, e no get normal movement or reflex. Na so e just dey lie down, no strength, no movement. She talk say anybody wey look di pikin go know say di pikin really sick and don tire.

Wetin fit cause this kain thing? Wetin una think say fit happen make pikin body dey this kind freezing cold? Na only because di pikin no dey suck breast, abi another problem fit dey cause am too? Wetin fit be di treatment wey make di pikin begin suck breast again?

Also, concerning di immunization wey dem suppose give di pikin today, wetin be una professional advice?",http://speech-app.s3.amazonaws.com/static/audio/uploads/feb0816f-4fb4-4884-a9ef-224cb5115df2/a278bf8d3ccbba6ecc86e8cea1a40d3d_opKHIixJ.wav,"Dis pikin case na serious emergency like neonatal sepsis (infection) with severe hypothermia (body too cold) and low blood sugar, e no just be ordinary refusal to suck breast. 

Make una rush am go hospital wey get warmer or incubator sharp sharp to warm im body, put drip give am glucose and strong antibiotics through vein, because forcing am to suck breast now fit choke am. 

As im body warm up and infection clear, im strength go come back and e go start to suck breast well. 

Make una no give am di immunization today at all, because sick pikin wey dey this kind critical condition no suppose take vaccine until e don fully well and stable. 

Abeg no waste time at all because newborns fit collapse quick quick from this kind condition if dem no get urgent medical care.",GLM-5.2-max,glm-5.2
9661b394-69af-48d1-9453-67ba9c9d60c9,pidgin,pidgin,dem bin com notice say one new pikin wey dem just born for our hospital for like 20 minutes wey just pass bin dey do as if sleep dey im eyes dey pikin bin no cry well well since dem born am when we bin check im respiration e bin dey okay but dey pikin bin just dey sleep we also bin check im temperature and e bin dey normal now my question bi dis wetin fit cost pikin wey dem just born to dey look as if e dey sleep and to no cry since wey dem born am and which kind treatment go work well well for this kind pikin and when im mama come house which medicine she fit give dey pikin and which one make she no give and which kind food make dey mama dey chop to make sure say both dey mama and dey pikin go dey healthy,"dem been come notice say one new pikin wey dem just born for our hospital for like 20 minutes wey just pass, been dey do as if sleep dey em eyes. the pikin been no cry well well since dem born am. when we been check em respiration, e been dey okay but the pikin been just dey sleep. We also been check em temperature, and e been dey normal. na my question be this: wetin fit cause pikin wey dem just born to dey look as if em dey sleep and to no cry since wey dem born am? and which kain treatment go work well well for this kain pikin? and, when em mama come house, which medicine she fit give the pikin and which one make she no give? and which kain food make the mama dey chop to make sure say both the mama and the pikin go dey healthy?",http://speech-app.s3.amazonaws.com/static/audio/uploads/522c8f99-ccfd-41a3-bf86-ac27eb3929c2/288cf3471fcaacbf26ddef4f19a21259_RY0WdrDk.wav,"Dis one fit happen because dey pikin still dey adjust to life outside womb, or maybe im mama take some pain medicine during labour, but make doctors check dey pikin blood sugar because low blood sugar dey make newborns sleep too much. For dey hospital, make una keep dey pikin warm, check im blood sugar, and make e suck breast milk early or collect glucose if doctor talk say e need am. When dey mama reach house, make she no give dey pikin agbo, gripe water, or any native medicine at all; na only breast milk dey pikin suppose take for six months. For dey mama to stay healthy and get enough breast milk, make she chop better food with plenty protein like fish, egg, and beans, plus fruits and plenty water. Make she always make sure say dey pikin dey warm, and if dey pikin still dey sleep too much or no gree suck breast, make she carry am go hospital sharp sharp.",GLM-5.2-max,glm-5.2
ca2895bc-3fec-4093-81e3-f1b7307b6044,pidgin,pidgin,good evening doktor abeg i bring my pikin com hospital because i notice say anytime wey e dey breathe e dey make sound like say eh dey rush through small oat e dey sound like whizzing e still the sound like person wey they blow whistle and they struggle to beat wey i don't also notice say for about three days now if they cough mostly for night sometimes i dey see say mi chest dey go inside and come outside wey wey like say e dey use plenty power just to breathe i still notice say e no fit chop wey like before anytime wey e wan chop e go first stop make e catch breath because of this problem e never fit feed wey for ya bout three days now i don carry and go chemist for our area before and then give and cough medicine because maybe dey cough small small although de cough no so much after yu take de medicine i notice say yu no work yu still dey breathe like before and yu still no fit chop well abeg wetin fit be di sickness wey dey make my pikin dey breathe with this whistly sound e need chest examinations chest through to know wetin dey worry am and why e chest dey draw go inside our common saladies wetin be di treat wey wey i fit give dis pikin for us to help bread better b na any other medicine or any ni other way day wey i fit use help and make bread way,"Good evening, Doctor. Abeg, I bring my pikin come hospital because I notice say anytime wey e dey breathe, e dey make sound like say air dey pass through small hole. E dey sound like wheezing. E still dey sound like person wey dey blow whistle, and e dey struggle to breathe well.

I don also notice say for about three days now, e dey cough mostly for night. Sometimes, I dey see say e chest dey go inside and come outside well well, like say e dey use plenty power just to breathe. I still notice say e no fit chop well like before. Anytime wey e wan chop, e go first stop make e catch breath. Because of this problem, e never fit feed well for about three days now.

I don carry am go chemist for our area before, and dem give am cough medicine because e bin dey cough small, although the cough no too much.After e take the medicine, I notice say e no work. E breathing still dey breathe like before, and e still no fit chop well.

Abeg, wetin fit be the sickness wey dey make my pikin dey breathe with this whistling sound? E need chest examination or chest X-ray to know wetin dey worry am and why e chest dey draw go inside and come outside like this? Wetin be the treatment wey I fit give this pikin for house to help make e breathe better? Abi na any other medicine or any other way dey wey I fit use help am make e breathe well?",http://speech-app.s3.amazonaws.com/static/audio/uploads/e73f5d4f-f408-49e9-88fc-d6330583a326/daaf4f17a692bcdf4dc7af17888e2cfb_kRMrmr3v.wav,"Your pikin get serious chest infection like bronchiolitis or pneumonia with asthma signs, and because im chest dey draw inside plus e no fit chop well, e mean say oxygen no dey reach im body well, so make you rush am come hospital immediately. Yes, the pikin need proper chest examination and maybe chest X-ray to know exactly wetin dey happen. For hospital, we go give am oxygen to help am breathe and nebulizer medicine to open im lungs, because that chemist cough syrup no dey work for this kain problem. Abeg stop to dey give am that cough medicine and no waste time at all, because chest drawing inside na danger sign. Once we start the correct hospital treatment, im breathing go better and e go fit chop well.",GLM-5.2-max,glm-5.2
d897f8b2-9e59-4d59-bb66-be52d5232966,pidgin,pidgin,this morning one woman wayborn for our place deliver a pikin healy for dawn around eight o clock a m di person wey dey with am for us call us say di woman dey shiver a body out well well and she dey complain of plenty for di pain we go shake di woman cover am with clothes and shake our temperature our temperature na 38.2 celsius we can do malaria rapid test for am and show say di woman get malaria react and whether she don chop and she say she never chop anything we tell di people wey dey with am make dem give am tea wey she drink we ask whether she don breast free di baby she say as she wan breast free di baby she notice say di baby don stew we have di woman sit up and lean back for di bed so our body fit feel small better we check am again and see say our eye is no pale we advise say as soon as she don chop may she take paracetamol after she take the paracetamol we can't decide when then she fit take another toes since the malaria test confirm say she get malaria we fit continue with their properate treatment because she still dey feel weak if she no improve after eating at take paracetamol we fit know the nurse treatment wey go fit hand,"Dis morning, one woman wey born for our place deliver her pikin early for dawn. Around 8:00 a.m., the person wey dey with am for house call us say the woman dey shiver, her body hot well-well, and she dey complain of plenty body pain.

We go check the woman, cover am with cloth, and check her temperature. Her temperature na 38.2°C. We come do malaria rapid test for am, and e show say the woman get malaria.

We ask am whether she don chop, and she say she never chop anything. We tell the people wey dey with am make dem give am tea make she drink.

We ask whether she don breastfeed the baby. She say as she wan breastfeed the baby, she notice say the baby don stool.

We help the woman sit up and lean back for the bed so her body fit feel small better. We check am again and see say her eyes no pale.

We advise say as soon as she don chop, make she take Paracetamol. After she take the Paracetamol, we go decide when next she fit take another dose.

Since the malaria test confirm say she get malaria, we fit continue with the appropriate treatment. Because she still dey feel weak, if she no improve after eating and taking Paracetamol, we go know the next treatment wey go fit help am.",http://speech-app.s3.amazonaws.com/static/audio/uploads/a57ed8e6-19fa-4e68-8ff5-ee0fa4696d02/db590cb818898f1be5aff3bc7d794e64_D3nhx3gF.wav,"Since her malaria test positive and she get fever with severe shivering, make una give am correct antimalarial medicine like ACT (Artemether-Lumefantrine) sharp sharp, and she fit take another paracetamol four to six hours after the first one. Make sure say she chop small food before she take the malaria drugs so e no go make am vomit. Because she just deliver today and she dey weak, malaria fit worsen enter severe malaria, so make una carry am go hospital make doctor check if she go need drip or injection. For nursing care, make she drink plenty water or ORS to replace the water wey comot from her body due to the fever. Make una no waste time at all to rush am go clinic if she no dey improve or if she start to dey breath fast and confused.",GLM-5.2-max,glm-5.2
f245321c-8c8f-4814-8990-5e0629d3acd5,pidgin,pidgin,who woman dem carry corn hospital dis morning because she dey bleed plenty and di bleeding don make her weak well well i ask em whether dis kind e don happen before and she talk say e don happen about two times before anytime e apple she dey fit pin and e bleed di come and stop then come start again the answer whether e fit be say belle di come out of she talk say she no no whether she get belle or not the hacks are went as she say a monthly period and she talk say not too long say na about one month and two weeks ago she last say her period before this everybody dis start again this morning i beg wetin fit make this woman bleed is kind plenty wetin be di imagesing things wey earthworkers suppose do immediately wetin be di treatment wey fish save our life and stop di bleeding which medicine orientation wey fi app control di did fi be given first and which test or investigations fi be done so no di real cause of this serious bleeding,"One woman dem carry come hospital this morning because she dey bleed plenty, and the bleeding don make her weak well-well. Dem ask am whether this kind thing don happen before, and she talk say e don happen about two times before. Anytime e happen, she dey feel pain and the bleeding dey come and stop, then come start again.

Dem come ask am whether e fit be say belle dey comot, but she talk say she no know whether she get belle or not. Dem ask am when she last see her monthly period, and she talk say not too long, say na about one month and two weeks ago she last see her period before this heavy bleeding start again this morning.

Abeg, wetin fit make dis woman bleed this kind plenty? Wetin be the emergency things wey health workers suppose do immediately? Wetin be the treatment wey fit save her life and stop the bleeding? Which medicine or injection wey fit help control the bleeding fit be given first? And which tests or investigations fit be done to know the real cause of this serious bleeding?",http://speech-app.s3.amazonaws.com/static/audio/uploads/a56ff576-0083-4d59-81ef-1cc6a858c72c/466b108d51d383d30be3ebaf2549593f_HF7mn3SJ.wav,"Dis kind heavy bleeding fit mean say she dey lose pregnancy (miscarriage), get ectopic pregnancy, or hormonal imbalance; so healthworkers suppose first check her vital signs, put IV line give am strong drip (Normal Saline) sharp sharp make her body no fail. To save her life and stop di bleeding, doctors fit give am medicines like Tranexamic acid to help blood clot, Misoprostol to squeeze di womb, and blood transfusion if her blood level don too low. For investigations, make dem run pregnancy test, Full Blood Count (FBC) to check her blood level, do Blood Group, and run pelvic ultrasound scan to check wetin dey inside di womb. If di scan show say some pregnancy things still dey inside her womb wey never comot finish, dem go need do evacuation (D&C) to clean am make di bleeding stop. Dis quick intervention with drip and blood na di standard emergency care we dey give for our local hospitals to stabilize patient before we treat di main cause.",GLM-5.2-max,glm-5.2
77689135-f794-4ace-862f-2301be56cc79,pidgin,pidgin,one grand mama been noticed say her pikin wey she don dey with after e born like three days wey just pass dey bleeding wey women dey bleed after dem born her own come plenty pass de way wey e dey be she also noticed say her body come dey white her hands feet face and ears come dey white like say blood no dey she been dey shake and her body hot small but as e be so for the three days wey just pass she noticed say all her feet and hands come cold and she come tire well well and she no dey fit do anything this na why she bring am come hospital so that doctor go check her body she ask gongon whether e dey possible say doctor bin no clean her womb well well wey dey cause this bleeding wey plenty like so she also talk say make doctor give am injections or medicine wey go help to stop the bleeding so that she go fit get her strength back so that them go fit look after her pikin,"One gran-mama been notice say her pikin, wey she don dey with after em born like 3 days wey just pass, the bleeding wey women dey bleed after dem born, her own come plenty pass the way wey e dey be. she also notice say her body come dey white; her hands, feet, face, and ears come dey white like say blood no dey. she been dey shake and her body hot small. but as e be so, for the 3 days wey just pass, she notice say all her feet and hands come cold, and she come taya well well and she no dey fit do anything. this na why she bring am come hospital so dat doctor go check her body. she ask gongon weda e dey possible say doctor been no clean her womb well well, wey dey cause this bleeding wey plenty like so. she also talk say make doctor give am injections or medicine wey go help to stop the bleeding, so dat she go fit get her strength back so dat dem go fit look after her pikin.",http://speech-app.s3.amazonaws.com/static/audio/uploads/ed3b865d-97b8-46ea-b50b-b3c9524d78be/f07532aaff5a82c737faf5b84bb6ca95_p2bRfveF.wav,"Yes, na true say if doctor no clean her womb well well after birth, e fit make pieces of placenta stay inside, wey dey cause this heavy bleeding, infection, and make her body come white (anemia). Her cold hands and feet plus say she dey tire well well mean say she don lose too much blood and her body dey enter shock, which na serious emergency. We go quickly put her for drip, give her blood transfusion to bring back her blood, and give her strong antibiotics through drip to fight the infection. After we don stabilize her, we go do scan check her womb, and if pieces still dey inside, we go do quick procedure to comot am so the bleeding go stop proper. Make she no worry, with this quick treatment we go save her life, her strength go come back, and she go fit take care of her pikin.",GLM-5.2-max,glm-5.2
ac528749-454d-4638-bd6c-48e063cb0ad7,pidgin,pidgin,my name na titi lola since yesterday my pikin body dey hot and e dey shake wella di pikin no fit turn him neck e com be like say di pikin neck no go turn again na only one eye e fit open wetin com bring di body wey dey hot and di neck wey no fit turn which kind result dem go see so for di pikin body wey fit make di body dey hot sotey e no fit turn en neck,"My name na Titilola. Since yesterday my pikin body dey hot and e dey shake wella. The pikin no fit turn him neck. E com be like say the pikin neck no go turn again. Na only one eye e fit open. Wetin come bring the body wey dey hot and the neck wey no fit turn? Which kin result Dem go see so, for the pikin body wey fit make the body dey hot so tey e no fit turn him neck.? ",http://speech-app.s3.amazonaws.com/static/audio/uploads/5ed0a7ab-e344-4340-a942-9a7a2d0f02f6/4f342a3d25976e8e368c5fc816499856_167wUcCY.wav,"Titi Lola, based on di signs wey you talk—hot body, serious shaking (convulsion), stiff neck, and eye wey no fit open—e be like say your pikin get serious infection for him brain like meningitis or severe cerebral malaria. Dis kind infection dey cause swelling for di brain and spinal cord fluid, na im dey make di neck stiff and affect di nerves wey control him eye. If doctors run test like Lumbar Puncture (to check him brain fluid) and blood test, dem go likely see high white blood cells, bacteria, or malaria parasites wey dey cause di heavy fever. Abeg rush am go hospital quick-quick because dis one na serious emergency wey need urgent admission, drip, and strong injections to save him life.",GLM-5.2-max,glm-5.2
e16e85a0-0e17-46fb-b4da-25ff0ac08d9c,pidgin,pidgin,i really my pikin wey dey nine years com hospital dis afternoon i said am mek e go buy someting for me for town for one dog buy town when dem bring di pikin commerce and tell me waiting about i shake wey di dog buy town and i see say di wound don road and don begin swear we ask people wey dey for dat area about di dog wey bite my pikin and di dog una talk say dem never give di dog any version before dem say di dog just dey worker commerce play around and come back us and still talk say dey never carry di dog hospital or give her many medical treatment atol na why fear catch me and i quickly bring my pikin come hospital because i no want make e happen say na dog get rabbies bite am wetin feel apple to pikin wey dog bite wetin feel apple to whom we don red and swear e possible make e fear like race be sent out to this one e possible make something to yard support to my pikin because of this dogbite i beg doctor wetin i fit do make infection no enter this mood which vicines and medicine will na figure by begin make e get correct treatment apart from that one which setting health fit bedon which kind medical test una fit run to take care of the place where the dog bite my pikin,"I bring my pikin we dey nine years come hospital dis afternoon. I send am make e go buy something for me for town, but one dog bite am. Wen dem bring the pikin come house and tell me wetin happen, I check where the dog bite am, and I see say the wound don red and don begin swell.

We ask people wey dey for that area about the dog wey bite my pikin, and the dog owner talk say dem never give the dog any vaccine before. Dem say the dog just dey waka comot, play around, and come back house. Dem still talk say dem never carry the dog go hospital or give am any medical treatment at all.

Na why fear catch me, and I quickly bring my pikin come hospital because I no want make e happen say na dog wey get rabies bite am.

Wetin fit happen to pikin wey dog bite? Wetin fit happen to wound wey don red and swell? E possible make infection like rabies enter through dis wound? E possible make something serious happen to my pikin because of dis dog bite?

Abeg doctor, wetin i fit do make infection no enter dis wound? Which vaccines and medicines una fit give my pikin make e get correct treatment? Apart from dat one, wetin else fit be done, or which kind medical tests una fit run to take care of the place wey the dog bite my pikin?",http://speech-app.s3.amazonaws.com/static/audio/uploads/683d6b78-d383-497f-b4dd-0a5065a4a5a4/8265cd467f8997cba595c2adfeabbf9b_aDmV9Kyc.wav,"You don do well say you bring am come hospital because since the dog neva take vaccine, your pikin dey at serious risk to catch rabies, and the wound wey don red and swell show say bacteria infection don enter. For first aid and treatment, we go wash the wound well-well with soap and water for like 15 minutes to comot dog saliva, and we no go stitch am so infection no go trap inside. I go give am antibiotics to clear the swell-swell, plus tetanus injection, and e must start anti-rabies vaccine shots sharp-sharp to protect am from rabies. Because the bite draw blood, we go also inject Rabies Immunoglobulin (RIG) directly inside the wound to block the rabies virus immediately before the vaccine start to work. We no need to run special test for the wound to know if rabies dey inside, but we go monitor the dog make sure e no sick or die, while your pikin complete all e vaccine shots to stay safe.",GLM-5.2-max,glm-5.2
2717fc49-ea15-47c7-919c-875d3106d51d,pidgin,pidgin,one thirty-three year old woman wey get belle for seven months her neighbours been carry am com our hospital dem talk say belle been just start to pain am well well just like dat and plenty blood begin comot for her private part her body been dey shake and she been dey cry because e been dey pain am well well her family talk say dem been dey fear say something bad go happen to am and the pikin dey first question wey dem ask doctor be say wetin fit dey cause dis kind strong pain for belle and dis plenty blood wey dey komot dia second question be say wetin dem suppose do now for dis woman wey get belle dia third question be say which investigation abi tests dem fit do dia fourth question be say which treatment go fit dis her condition well well dia fifth question be say which kind food wey dis woman wey carry belle suppose avoid and wetin shi fit do to better her hygiene,"One 33 year old woman wey get belle for 7 months, her neighbours been carry am come our hospital. Dem talk say belle been just start to pain am well well, just like that and plenty blood begin comot for her private part. Her body been dey shake, and she been dey cry because e been dey pain am well well. Her family talk say dem been dey fear say something bad go happen to am and the pikin. The first question wey dem ask doctor be say; Wetin fit dey cause this kind strong pain for belle and this plenty blood wey dey comot? Their second question be say: Wetin dem suppose do now for this woman wey get belle? Their third question be say: Which investigation abi test dem fit do? Their fourth question be say: Which treatment go fit this her condition well well? Their fifth question be say: Which kind food wey this woman wey carry belle suppose avoid, and wetin she fit do to beta her hygiene? ",http://speech-app.s3.amazonaws.com/static/audio/uploads/e5d00b78-1d53-4d2c-9a15-a2762be25620/501b82a365b9d708258ffa8f3e38818f_HAUixuyG.wav,"Di heavy pain and blood wey dey comot fit mean say di placenta wey dey give pikin food don tear comot from womb (placental abruption) or e dey block di womb entrance (placenta previa), wey dey very dangerous for her and di pikin. Una don do well to bring am hospital, so make doctors rush attend to am sharp sharp, do ultrasound scan to check di pikin and placenta, check her blood level (PCV), and do blood group and crossmatch. Di main treatment na to give am strong painkillers, put drip for body, give am blood if e too tey, and di doctor go need do emergency operation (C-section) to save her life and di pikin own. As she dey recover, she suppose avoid heavy or junk food, and make she dey eat balanced diet with plenty fruits, vegetables, and water to help her blood build back. For hygiene, make she dey bath well, wash her private part with ordinary water without using strong soap, and make she always wear clean dry cotton panties to prevent infection.",GLM-5.2-max,glm-5.2
c75ca339-9957-49f0-b456-9ab911f3926b,pidgin,pidgin,dey our area been get belle for our second pekin as di belle just start everything dey go normal and she happy say another baby dey come but few months later she been give no dey feel serious pain for a lower belle one day di belle di pain kan tumo so take she no fit stand well again small time after that she come begin bleed for my priorite part di blood plenty pass nor my hand e make our body weak well well as she dey see di bleeding she catch am say maybe di baby for abele di for danger i was my quickly help am carry go hospital my question bi say wetin fee cause serious lover belle during pregnancy or heavy bleeding during pregnancy it be danger sign for di mama or di born baby wetin be di science wey show say pregnancy dey for trouble and e get any medicine wey fit stop di pain and bleeding without i mean di baby wey di for belle,"One woman wey dey our area bin get belle for her second pikin. As di belle just start, everything dey go well, and she happy say another baby dey come. But few months later, she begin dey feel serious pain for her lower belle. One day, di pain come too much sotey she no fit stand well again. Small time after dat, she come begin bleed from her private part. Di blood plenty pass normal, and e make her body weak well well. As she see di bleeding, fear catch am say maybe di baby for her belle dey for danger. Her husband quickly help am carry go hospital.

My question be: Wetin fit cause serious lower belle pain during pregnancy? Heavy bleeding during pregnancy, e be danger sign for di mama or di unborn baby? Wetin be di signs wey show say pregnancy dey for trouble? And e get any medicine wey fit stop di pain and bleeding without harming di baby wey dey for belle?",http://speech-app.s3.amazonaws.com/static/audio/uploads/d57fe58e-c75e-48c9-b798-dcc0453fd93e/1e4f77e587259f2b504f053449a5f1d0_9EqhavN2.wav,"Serious pain and heavy bleeding for pregnancy fit mean say serious problem dey, like ectopic pregnancy (baby wey grow outside womb), miscarriage, or placenta problem, and e dey very dangerous for both mama and di baby. Di science wey show say pregnancy dey for trouble include severe belly pain, heavy bleeding, weakness, and if di baby stop dey move. No try use any medicine by yourself to stop di bleeding or pain because di correct treatment go depend on wetin cause am, and some drugs fit harm di baby. Di only correct medicine wey fit help na wetin doctor go give after dem don do ultrasound scan to check wetin happen; sometimes na injection, drip, or surgery dem go use save di mama and di baby. Make una always rush to di hospital any time heavy bleeding or serious pain show for pregnancy, because quick doctor care dey save life well well.",GLM-5.2-max,glm-5.2
ee6ce69d-1180-4cea-956c-63a756c5c174,pidgin,pidgin,my name na mrs akinyele for di past two months now i don notice say my husband no dey breathe normally atol and anytime e dey for dusty place or where dem dey fry something and smoke dey e go begin sneeze plenty plenty e go find am hard to breathe well anytime e enter place wey dust or smoke dey in breathing dey become difficult and e dey sneeze continuously my question be say abi any test day wey doctor fit do to know di exact tin wey dey cause dis problem say na because of di dust and smoke or na because something don change for en body system also wetin bi di correct medicine wey e fit use make en britain return to normal and make e fit dey breath comfortably anytime and anywhere,"My name na Mrs. Akinyele. For the past two months now, I don notice say my husband no Dey breathe normally at all. Anytime e dey for dusty place or where dem dey fry something and smoke dey, e go begin sneeze plenty-plenty, e go find am hard to breathe well.

Anytime e enter place wey dust or smoke dey, im breathing dey become difficult, and e dey sneeze continuously.

My question be: Abi any test dey wey doctor fit do to know the exact thing wey dey cause this problem? Shey na because of the dust and smoke, or na because something don change for im body system?

Also, wetin be the correct medicine wey e fit use make im breathing return to normal and make e fit dey breathe comfortably anytime and anywhere ",http://speech-app.s3.amazonaws.com/static/audio/uploads/c712181f-5cd9-40c4-bed4-e5793c47cbea/4f6c41f28a77dd13f4a3fe5361ca544c_ckBERdSD.wav,"Madam Akinyele, wetin dey happen to your husband be say en body system don change and dey react to dust and smoke, wey we dey call allergic rhinitis and asthma. Yes, doctor fit do test like Spirometry to check en lung power and allergy test to know exactly wetin dey trigger am. For medicine, doctor go give am antihistamine (like loratadine) to stop di sneezing, and inhaler (like salbutamol) to open en chest make e fit breathe well. Make e try dey avoid dusty and smoky places, and e go need preventer inhaler so that en body no go dey react to those things again. Abeg carry am go hospital make doctor examine am well-well to give am di correct medicine based on en own body.",GLM-5.2-max,glm-5.2
6dded9f0-2cd8-41b4-969a-8e7439b4cd81,pidgin,pidgin,one woman wey dey leave for our house she dey work she dey do her work well well and she no get any health wahala one day as she bin dey baff she bin touch her breast and she com see say one kind small tin wey strong dey like boy bin dey inside dat first time she bin feel say no bin sometin wey serious but she com touch am again another day com see say e still dey for dere as time com pass she com dey fear she begin to worry about whether di matter been dey develop for inside her breast e bin no dey pain am but di fact say di sometin been strong and e bin no dey gree go bin mek she com dey sad she com also start to dey remember some tory wey she bin dey hear about girls wey dey get dis kind strong thing for their breast after some weeks pass she decide to go see doctor she bin wan know wetin cause the strong thing and wetin wey she need do to make sure say her health go remain kampe my questions be say wetin fit cause this kind strong thing for inside one breast na every strong thing wey dey for breast na im mean say e go com lead to cancer which other things for breast dey wey women suppose the check out for,"One woman wey dey live for our house, she dey work. She dey do her work well well and she no get any health wahala. One day, as she been dey baff, she been touch her breast and she come see say one kain small thing wey strong, dey like ball been dey inside. That first time, she been feel say no be sometin wey serious, but she come touch am again anoda day come see say e still dey for there. As time come pass, she come dey fear. She begin to worry about weda the mata been dey develop for inside her breast. E been no dey pain am, but the fact say the sometin been strong and e been no dey gree go been make she come dey sad. She come also start to dey remember some tori wey she been dey hear about girls wey dey get this kind strong thing for their breast. After some weeks pass, she decide to go see doctor. She been wan know wetin cause the strong thing and wetin wey she need do to make sure say her health go remain kampe. My questions be say: wetin fit cause this kind strong thing for inside woman breast? Na every strong thing wey dey for breast naim mean say e go come lead to cancer? Which other things for breast dey wey women suppose dey check out for?",http://speech-app.s3.amazonaws.com/static/audio/uploads/b0509400-2798-443c-a9ce-6f28a590596f/3fb4e4692738a7a643f79a7301a243a0_bl3DeUbF.wav,"Strong tin for breast fit happen because of fibroadenoma, cyst, infection, or cancer, so no be every hard lump mean say na cancer. Make she go hospital make doctor do ultrasound or biopsy to know exactly wetin dey inside before e go worse. Other tins wey women suppose dey check for na if water or blood dey comot from di nipple, or if di nipple just dey draw inside. Make una still dey check if di breast skin dey look like orange peel, dey change color, or if una feel lump for under armpit. Make women dey always check dia breast every month after menstruation, and make dem no waste time to see doctor if dem notice any strange change.",GLM-5.2-max,glm-5.2
13e1c9d4-57b0-4b0e-b73f-aec7519d8fbc,pidgin,pidgin,mama wey born pikin two weeks ago begin dey see small small blood dey come out for my body as days dey pass mi notin say wetin resemble meat or tissue and blood dey come out sometimes e dey feel sommer and e neck no dey okay e still dey get small small pink for under belle and anytime e see all the signs e dey fear and confuse e begin wonder within the happle shey na anomating wey fit happle after uma born pikin or weather na another sickness one day i si go hospital and they talk with other norse mothers e hear say make nobody ignore any change wey them notice for their body after child bet dat one make am decide say e go see doctor meeting examiner my question be wetin fit cause this kind problem after woman don born pain for under belle fit be science of sickness which danger science wey new mama suppose wash out for after shirt bet na wetin be the steps wey new mama need to take to prevent this kind sickness,"Mama wey born pikin two weeks ago begin dey see small-small blood dey come from her body. As days dey pass, e notice say wetin resemble meat or tissue and blood dey come out. Sometimes e dey feel somehow, and e neck no dey okay. E still dey get small-small pain for under belle, and anytime e see all these signs, e dey fear and confuse. E begin wonder wetin dey happen,whether na normal thing wey fit happen after woman born pikin or whether na another sickness.

One day, as e go hospital and dey talk with other nursing mothers, e hear say make nobody ignore any change wey dem notice for their body after childbirth. That one make am decide say e go see doctor make dem examine am.

My question be: Wetin fit cause this kind problem after woman don born? Pain for under belle fit be signs of sickness? Which danger signs wey new mama suppose watch out for after childbirth? And wetin be the steps wey new mama need to take to prevent this kind sickness?",http://speech-app.s3.amazonaws.com/static/audio/uploads/a6846891-c098-42da-b6e5-89ef4cd0c3ce/74506ae897786ed764c61038366b35a8_GvsSbutW.wav,"The small blood and under belle pain two weeks after birth fit normal as the womb dey shrink back, but the fever, neck pain, and belle pain fit mean say infection don enter like puerperal sepsis or urinary tract infection. Under belle pain fit be sign of sickness if e dey too painful or e dey follow fever, so make you no ignore am at all. Danger signs wey new mama suppose watch out for na heavy bleeding wey dey soak pad under one hour, bad smell wey dey come from down there, high fever, severe belly pain, and serious headache. To prevent this kind sickness, make you dey wash your body and down-below clean clean, drink plenty water, eat well, and breastfeed your pikin well-well because e dey help the womb quick heal. Make you go hospital make doctor examine you well-well and give you correct antibiotics if dem see any infection.",GLM-5.2-max,glm-5.2
f3dbb0f3-8206-4f36-9ce4-995205a5f594,pidgin,pidgin,i be we my pikin just seven days ago since then i noticed anytime one breast freedom e dey struggle to soft depress if e sock small com remove em out if i put de breast back for em out e go sock small again com remove am as i dey wonder why e no dey sock breast well i no see sey the pekin get cutter e no dey breat well anytime e dey breat e sound like perceive nose block or perceive the snow i call my mother e language see am she talk say maybe as i born dey pekin or time time head or something like that where i dey think say if anything like that upon the nurses and doctors where have me delivered dey baby for now wetin dey pay me pass be say dey pekin no dey field where it dey make me worry and my mind no dey rest e no dey suck breast where and my first i dey try make e breast feed most times i go even wake am from sleep before e go suck breast small and sometimes e no go gree safe abeg wetin fit dey cause dis cutter wey dey make my pikin no dey breast where and why e dey stand like personal no splock every time e dey breast wetin free also be de reason why e know dey sock breast well,"I be woman wey dey 32 years. I born my pikin just 7 days ago. Since then, I notice say anytime I wan breastfeed am, e dey struggle to suck the breast. E fit suck small, come remove im mouth. If I put the breast back for im mouth, e go suck small again, come remove am.

As I dey wonder why e no dey suck breast well, I  notice say the pikin get catarrh. E no dey breathe well. Anytime e dey breathe, e sound like person wey nose block or person wey dey snore.

I call my mother-in-law come see am. She talk say maybe as I born the pikin, water enter im head or something like that. But I dey think say if anything like that happen, the nurses and doctors wey help me deliver the baby for know am.

Wetin dey pain me pass be say the pikin no dey feed well at all. E dey make me worry and my mind no dey rest. E no dey suck breast well. Na by force I dey try make e breastfeed. Most times, I go even wake am from sleep before e go suck breast small, and sometimes e no go gree sef.

Abeg, wetin fit dey cause this catarrh wey dey make the pikin no dey breathe well, and why e dey sound like person wey nose block anytime e dey breathe? Wetin fit also be the reason why e no dey suck breast well?",http://speech-app.s3.amazonaws.com/static/audio/uploads/13d3b5c0-e7e9-4e67-8c88-a9d2ffc08efb/cc7d54cc2c3c1537092f3f8a82d6c029_K8NnY1Ae.wav,"From wetin you talk, the ""cutter"" or noise wey dey come out fit be say your pikin nose don block with catarrh or dry mucus, because newborns dey use only nose breathe when dem dey suck breast. If im nose block, e go need to comot from the breast to use im mouth breathe, and that one dey make am no fit latch well or suck deeply before e let go. The fact say e dey sleep too much and you dey force am to suck also mean say we need check am make e no get newborn jaundice or infection, as e dey common for babies wey just born and e dey make dem weak. For house, you fit use breastmilk or normal saline drops put inside im nose to soften the mucus, then use soft cloth clean am small. Abeg carry the pikin go hospital make doctor check am well-well, because any newborn wey no dey feed well need proper examination to make sure say nothing serious dey worry am.",GLM-5.2-max,glm-5.2
23b6e543-5677-4509-a50a-f4d923393d16,pidgin,pidgin,i bin karry my friend wey get belle wey bi eighteen years old go hospital because she bin don enter labor and her time to born bin reach when we reach hospital and them do all the tests wey them suppose do our blood pressure bin dey high after them do everything wey them suppose do she still continue for the labor she dey labor for like twelve hours her husband bin dey close and the doctors bin advise say make she agree make them do caesarean section for am because e bin don to tey wey she dey labor my friend bin refuse she talk say lie lie i wan born my pikin naturally di way wey hebrew women bin dey do she later com born di pikin after she dey labor for twelve hours she com born baby girl wey bin dey look very healthy and we bin thank god but still wetin shock us bi say di pikin bin no dey breath well well dem try stimulate di pikin plenty times dem dey touch am dey rob im body she bin com cry but her breathing bin still no dey normal dem com rush give her oxygen doctor abeg dis pikin go fit survive so and if him survive him go become pikin wey get disability,"I been carry my friend wey get belle, wey be 18 years old, go hospital because she been don enter labour and her time to born been reach. When we reach hospital and dem do all the tests wey dem suppose do, her blood pressure been dey high.
After dem been do everything wey dem suppose do, she still continue for the labour. She dey labour for like 12 hours. Her husband been dey close, and the doctors been advise say make she agree make dem do Caesarean section for am because e been don too tey wey she dey labour. My friend been refuse. she talk say ""lai lai. I wan born my pikin naturally the way wey Hebrew women been dey do.""
she later come born the pikin. after she dey labour for 12 hours, she come born baby girl wey been dey  look very healthy, and we been thank God. But still, wetin shock us be say the pikin been no dey breathe well well. Dem try stimulate the pikin plenty times, dem dey touch am, dey rub em body. She been come cry, but her breathing been still no dey normal. Dem come rush give her oxygen. Doctor, abeg, this pikin go fit survive so? And if em survive, em go become pikin wey get disability?",http://speech-app.s3.amazonaws.com/static/audio/uploads/8f8a70db-abce-4b27-ade4-5377f12ffb02/51855e36548aa27be3a9232c6713e3f3_WTUEspHn.wav,"E hard to talk straight whether di pikin go survive or get disability because dat one depend on how bad di oxygen deprivation (birth asphyxia) bin reach for im brain. Di long labor and high blood pressure fit cause say di pikin no get enough oxygen during birth, wey be why im breathing no normal even after dem give am oxygen. If di brain no lack oxygen for too long, di pikin fit survive well-well without any disability, especially if dem continue im treatment for special baby care unit (NICU). But if di oxygen bin too low for too long, e fit lead to long-term problems like cerebral palsy or learning difficulties. Make una continue to pray and make sure say di doctors monitor di pikin closely so dem fit run necessary tests to know wetin dey do am.",GLM-5.2-max,glm-5.2
b7742ee6-cbf3-453d-9fbe-4c0b5399123c,pidgin,pidgin,one young girl wey born pikin com notis say her pikin dey cough she com notis say pikin body dey hot sometimes she still com tok say some hour wey pass she com notis say dey pikin body dey strong na him she com faint she no know whether dey pikin mouth dey move as water dey comot for dey pikin mouth dey pikin move him chop food she come dey ask doctor if dem fit pill dis kind sickness within be dis kind sickness first she still ask whether dem go use injection mabe nabo dem go use and black soup because na wetin dem fit use treat dis kind sickness for dia side,"One young girl wey born pikin cum notice say her pikin dey kough, she cum notice say dey pikin body dey hut sum times, she still talk say sum awa wey pass she cum notice sey sey pikin body dey strong, na em so cum fiant, she no no weter dey mout dey move as water dey comot fur  dey pikin no fit chop fuud, she cum dey ask doctor if Dem fit cure day kin sickness, watin be dis  sickness first, she still ask weter Dem go use injection abi na agbo Dem go us, and back soap, becus n watin Dem fit us treat dis kind sickness for der side.",http://speech-app.s3.amazonaws.com/static/audio/uploads/de1aa105-a490-4018-a3bd-e93917e2054d/7f18c246d42f062f5d9e9021510407a7_J6iAj1WM.wav,"My sister, wetin you describe sound like convulsion wey high fever cause, and e fit happen because of infection like malaria or chest infection wey dey common for our side. Yes, dem fit treat am well well, but make you carry the pikin go hospital quick quick make doctor check am proper. Dem fit give injection or syrup depend on wetin cause the sickness, and dem go treat the fever and the cough join. Abeg no use black soup or local herb because e fit poison the pikin or make the sickness worse. Make you rush go hospital now now, because convulsion for small pikin no be something wey person suppose treat for house.",GLM-5.2-max,glm-5.2
7508f36e-58cd-44ca-b213-edd6499e3a67,pidgin,pidgin,we see one of our pregnant unwere early this morning with her husband she talk say she di get serious pain for belle and her bag dey pain her too even though e never reach the time wey dey expect mean she born behind some many months belle she don reach and she talk see na six months and some days she still also whether deepen dey continue or e dey command go and she talk say dey pin dey dear continuously because whether she don see water or blood and she say she don see boat water i'm glad be still ask whether na first back na signs she say yes na first ballet i'm question be dis she if e be say all dis signs na sign of labor wey start before time or if e be say di pregnancy dey miss carry or na another problem if e advise di sumami she go scan imi did leath no we send e happen,"We see one of our pregnant woman early dis morning with her husband. She talk say she dey get serious pain for belle and her back dey pain am too, even though e never reach the time wey dem dey expect make she born.

We ask am how many months belle she don reach, and she talk say na six months and some days.

We still ask am whether the pain dey continue or e dey come and go, and she talk say the pain dey there continuously.

We come ask whether she don see water or blood, and she say she don see both water and blood.

We still ask whether na her first pregnancy, and she say yes, na her first belle.

Our question be this:shey e fit be say all these signs na sign of labor wey start before time, or e fit be sign say the pregnancy dey miscarry, or na another problem? We fit advise this woman make she go do scan immediately to know wetin dey happen?",http://speech-app.s3.amazonaws.com/static/audio/uploads/455461fb-180c-4410-a893-614654b1fe82/1451f5df46f9aac0a83660038865a815_ASFuU8a6.wav,"Dis one na serious emergency wey fit be preterm labor or water wey burst before time (PPROM), e no just be ordinary miscarriage. Since she dey six months, water don come out with serious continuous belle pain, e mean say infection fit enter or she fit born the pikin too early. Make una rush am go hospital wey get specialist maternity care sharp sharp, no just send am go do scan alone. For hospital, doctors go check if the pikin still dey alive, give am antibiotics to prevent infection, and drugs to help the baby lungs mature or stop the labor. Make una no waste time at all because quick treatment na im go fit save the mama and the baby life.",GLM-5.2-max,glm-5.2
cbafb598-f334-447e-b856-646527f9d5fb,pidgin,pidgin,guardian of one pikin been see say the pikin dey cough well well till the end say the pikin no dey rest and in the struggle to breath well wetin fit cause pikin to the cough anyhow anyhow till the end the pikin no fit breath well and in the struggle to breath which kind test we fit run for the pikin which treatment we fit give then also which advice we fit give the guardian of this pikin,"Guardian of one pikin been see say the pikin dey cough well well, till the end say the pikin no dey rest and em dey struggle to breathe well. Wetin fit cause pikin to dey cough anyhow anyhow, till the end the pikin no fit breathe well, and em dey struggle to breathe? Which kin test we fit run for the pikin? Which treatment we fit give? Then also, which advice we fit give the guardian of this pikin?",http://speech-app.s3.amazonaws.com/static/audio/uploads/0eae2164-6dcf-487f-9311-fd29d05aac0f/525c8fbb39767048583c38559dbe119f_rY4IwK8Z.wav,"Dis kind serious cough and breathing problem fit be severe pneumonia, asthma attack, or something wey enter the pikin throat, and e be medical emergency wey need urgent hospital admission. For hospital, we go need check the pikin oxygen level, do chest X-ray, and run blood test to know exactly wetin dey cause am. Treatment go involve giving the pikin oxygen to help am breathe well, antibiotics or nebulizer drugs depending on the diagnosis, and we go monitor am closely for ward. My strong advice be say make you carry the pikin rush go hospital sharp sharp because struggling to breathe fit kill if dem no treat am on time. Abeg no give am any cough syrup from chemist for house, just keep the pikin sitting up well-well while you dey go hospital.",GLM-5.2-max,glm-5.2
e23e29a0-97c1-42af-a2a3-ee53e79a777c,pidgin,pidgin,we,dog been bite my family member pikin. na 7 years em be,http://speech-app.s3.amazonaws.com/static/audio/uploads/0265ee85-01d7-4d66-bdb9-dbdcc529e85a/55a5ece3079f545ee94224ca2293744c_4ovm0UHs.wav,"Doctor dey here for you, but e be like say your question no complete. Abeg, finish wetin you wan ask so I fit give you correct medical advice wey go help you. I dey wait make you type your full question well well, and I go answer you sharp sharp based on how we dey do am for hospital here.",GLM-5.2-max,glm-5.2
a1ae50d8-989e-4969-9550-9270ba479347,pidgin,pidgin,good evening i com because of my younger sibling i notice say im eye and skin don begin turn yellow dis ting don dey happen for three days naw im body too dey very hot fever dey worry am and e no fi chop anything anything when e chop no dey stay im belle e dey vomit everything as if dat one no reach e dey shake well well because im head dey pain am and e whole body dey born with fever we don try give am some medicine for haws but nothing don change dat yellow color for eye and skin no gree stop instead e dey increase every day e no dey comfortable atol e dey really suffer god forbid e dey suffer too much na why i come hospital make una aprox know wetin dey happen and wetin we suppose to so dat my younger brother go recover and di yellow color for his skin and eye go disappear,"Good evening. I come because of my younger sibling. I notice say hin eye and skin don begin turn yellow. This thing don dey happen for three days now. Hin body too dey very hot, fever dey worry am, and e no fit chop anything. Anything wey hin chop no dey stay hin belle. E dey vomit everything. As if that one no reach, e dey shake well well because hin head dey pain am and hin whole body dey burn with fever. 

We don try give am some medicine for house, but nothing don change. That yellow color for hin eye and skin no gree stop, instead e dey increase everyday. E no dey comfortable at all, e dey really suffer. God forbid, e dey suffer too much. Na why I come hospital make una help us know wetin dey happen and wetin we suppose do. So that my younger sibling go recover and the yellow color for hin skin and eye disappear 
",http://speech-app.s3.amazonaws.com/static/audio/uploads/84a561a0-2200-4c00-94cc-00cccdcd05af/9f4aa20411da6e7dc1fcbfb075a9a9f4_Wj5sOgWD.wav,"From wetin you talk, your brother get severe malaria or serious liver infection like hepatitis wey dey make im eyes and skin turn yellow with serious fever. We need to do urgent blood test like malaria parasite, liver function test, and typhoid check to know exactly wetin dey worry am. We go quick put am for drip to replace the water wey im dey lose from vomiting, and give am correct medicine to treat the infection and stop the vomiting. As we start treatment sharp sharp, the yellow color go begin clear and im body go cool down well well. Abeg make you no give am any other house medicine again make e no spoil im liver more, just keep am for hospital make we monitor am.",GLM-5.2-max,glm-5.2
4a7207b0-5643-4b7f-9faa-4eb6d0c4fba2,pidgin,pidgin,alaabukum tok say she don dey get blood vision and weakness com join and say headache no gree allow am day comfortable for like two weeks now she no dey fit sleep well for night two of her legs hands and her face don swell up she dey try her best dem bin advise am mek she take some tins but she no notice any better dem bin give am hope say she go better dem examine am and no sign of respiratory wahala bin dey dem test all de important tins wey dem suppose test but dem no find any big wahala she been fit to climb upstairs with no wahala dem check her blood pressure and dem see say na 168 over 100 dem bin ask am make she rest and after she stay with us for small time dem check her blood pressure again and na 150 over 90 dey com see she get belle so dem start treatment for high blood pressure wey dem dey do for women wey get belle as dem feel say e dey safe for women wey get belle dem also educate her on top all dey things wey she suppose avoid to dey do especially to dey avoid things wey go stress am well well wey go fit cause make her blood pressure increase hard my question be say after all dey things wey dem don do for dis woman wey get belle for women wey get belle wey dey get headache wey no dey gree go and wey dear face dey swell up which other measure them fit use manage this kind woman with belle wey no go cause her condition to increase goal convulsion for the fact say she get belle and also wetin bi the things wey woman wey get belle fit do to prevent her from reaching this stage before she go come hospital for this kind condition,"Alabukun talk say she don dey get blurred vision, and weakness come join, and say headache no gree allow am dey comfortable. For like 2 weeks now, she no dey fit sleep well for night. Two of her legs, hands, and her face don swell up. She dey try her best. dem been advise am make she take some things, but she no notice any beta. Dem been give am hope say she go beta. Dem examine am and no sign of respiratory wahala been dey. Dem test all the important things wey dem been suppose test but dem no find any big wahala. She been fit to climb upstairs with no wahala. Dem check her blood pressure, and dem see say na 168/100. Dem been ask am make she rest, and after she stay with us for small time, dem check her blood pressure again, and na 150/90.
Dem come see say she get belle. So, dem start treatment for high blood pressure wey dem dey do for women wey get belle as dem feel say e dey safe for women wey get belle. Dem also educate her ontop all the things wey she suppose avoid to dey do, especially to dey avoid things wey go stress am well well wey go fit cause make her blood pressure increase add.
My question be say: after all the things wey dem don do for this woman wey get belle, for women wey get belle wey dey get headache wey no dey gree go and wey their face dey swell up, which other measure dem fit use manage this kain woman with belle wey no go cause her condition to increase go convulsions, for the fact say she get belle? And also, wetin be the things wey woman wey get belle fit do to prevent am from reaching this stage before she go come hospital for this kain condition?",http://speech-app.s3.amazonaws.com/static/audio/uploads/1fdf8e76-5206-4abf-81df-0d0996c110e1/a7c420c6620c5330b4636fce45d4542a_Aoih6Tt3.wav,"Because she get belle, headache dey worry am, face dey swell, and her blood pressure high well well, dem suppose give am magnesium sulfate injection to stop convulsion (eclampsia) wey fit happen, aside from the BP medicine wey dem don give am. Dem also need dey monitor the pikin for womb and plan for delivery when the belle reach time, because na to born the pikin dey cure this kain high BP final final. To prevent woman wey get belle from reaching this dangerous stage before she come hospital, she must dey go antenatal clinic (ANC) regularly so doctor go dey check her blood pressure and urine from early stage. Make she dey take her routine pregnancy drugs, rest well, and avoid self-medication or native herbs wey fit harm am and the pikin.",GLM-5.2-max,glm-5.2
fbe182bc-37fa-4c54-9748-c1b7fb60055e,pidgin,pidgin,when mama wey di allays been a pikin come for injection talk say she don notice say abnu bomb baby get problem for mouth area and di baby leaves di look blue today too she notice anytime she di breast with di baby di baby di struggle di gasp poil and di find na out to breath wey she say na dis one make are worry because she no no it isn't di happen to di baby whether fee make new one baby lips di look blue whether fee make baby di struggle after now how to read anytime di soap breast medicine fit solve di problem abi di baby need make doctor here some now first,"One mama wey dey always bring her pikin come for injection talk say she don notice say her newborn baby get problem for mouth area, and the baby lips dey look blue.

Today too, she notice say anytime she dey breastfeed the baby, the baby dey struggle, dey gasp for air, and e dey find am hard to breathe well. She say na this one make her worry because she no know wetin dey happen to the baby.

Wetin fit make newborn baby lips dey look blue? Wetin fit make baby dey struggle and find am hard to breathe anytime e dey suck breast? Medicine fit solve the problem, abi the baby need make doctor examine am first?",http://speech-app.s3.amazonaws.com/static/audio/uploads/dd600409-f864-48eb-a332-9c9465ddfbc6/28860e9c9b5bb64a9a0b1510599b8a59_0zp3riwt.wav,"Dis one na serious emergency, make you carry di pikin go hospital see doctor sharp sharp, no try to give am any medicine for house. Di blue lips and struggle to breathe when e dey suck breast show say di pikin no dey get enough oxygen, and e fit be sign of heart problem, chest infection, or something block im airway. Any medicine wey you give am now without doctor check-up no go solve di problem at all. For hospital, dem go fit give am oxygen to help am breathe well and run tests to know exactly wetin dey wrong. Please make you no waste time at all, because any pikin wey dey gasp for breath and dey turn blue need urgent medical care to save im life.",GLM-5.2-max,glm-5.2
ae4a74d2-4c72-4642-aa48-1dba5b86cce9,pidgin,pidgin,one pregnant woman come at hospital this morning as she reached she dey feel serious pain she dey cry well well as she old her back and belle because of the pain after about eight to ten minutes where we carry am enter labour wood we examine am and see say the baby don't ready the come out and our cervice don't open finish not long after she born one baby get after the livery we do all the necessary care for body mama and the baby later we carry boat of them go one room make them rest after some time the woman colors come say abodi dey very weak she dey taya well well and i dey soma as if she no dey see clare she still try chop after she born but she find em out to swallow di food she continue to dey weak and she come dey feel dis easy wetin fidden apple if ibi say she loves plenty blood with delivery and now she need blood transfusion abi wetin suppose make we do for her she we giv am food make she chop,"One pregnant woman come our hospital this morning. As she reach, she dey feel serious pain. She dey cry well well as she hold her back and belle because of the pain.

After about 8 to 10 minutes wey we carry am enter labour ward, we examine am and see say the baby don already dey come out and her cervix don open finish. Not long after, she born one baby girl.

After delivery, we do all the necessary care for both the mama and the baby. Later, we carry both of them go one room make dem rest.

After some time, the woman call us come say her body dey very weak, she dey tire well well, and her eye dey somehow as if she no dey see clear. She still try chop after she born, but she find am hard to swallow the food. She continue to dey weak and she come dey feel dizzy too.

Wetin fit don happen? E fit be say she lose plenty blood during the delivery and now she need blood transfusion? Abi wetin suppose make we do for am? Should we give am food make she chop?",http://speech-app.s3.amazonaws.com/static/audio/uploads/996a6fff-5a9e-4cc9-afa3-6bfa9d04acfb/024974a06731ab9ab6769c215301e2ec_acIHhH0c.wav,"Dis woman don loss plenty blood after delivery wey don cause severe anemia and shock, so e dey very dangerous to just give am food now because she fit choke. Make una urgently check her vital signs, check if blood still dey come out, and quickly put IV drip to stabilize am. Yes, she urgently need blood transfusion, so make una do grouping and cross-matching sharp sharp to find matching blood for am. Her dizziness and blurred vision show say her brain no dey get enough oxygen and she dey in critical condition. If una no get blood for una hospital, make una refer am immediately to a bigger hospital make she no get complication or die.",GLM-5.2-max,glm-5.2
312fb850-2980-4bf7-b7b2-7b49b8505f1c,pidgin,pidgin,my pikin get belle she dey like twenty four years old na she get belle na today this one happen for night i noticed say something been com start to the pain am she been don already pack her kire com my house as the pain been continue i been com see say e been de increase i been gather all her kaya and that first time she been no green make we go hospital we been carry am go hospital and dem check am dem talk say her cirvics don begin open small and say her time don reach to born until today the cirvics still dey open till time wey pikin go komot yesterday something been dey pain the pikin and the thing been dey increase since when we go there e dey pain am dey pikin go comot na her first time wey she carry belle be this i dey very worried and my heart no dey rest i want save my pikin and i no want lose dey pikin wey dey come abeg wetin fee dey cause this pain na so e dey dey normally for women wey na dey first belle when dem dey born when dem dey about to born e dey possible say na di pikin na im too big wey im no dey fit comot for bird canal abi e dey possible say dem go do surgery for her,"My pikin get belle, she dey like 24 years old. Na she get belle. Na today this one happen. For night, I notice say something been come start to dey pain am. She been don already pack her kaya come my house. As the pain been continue, I been come see say e been dey increase. I been gather all her kaya, and dat first time, she been no gree make we come hospital.
  We been carry am go hospital, and dem check am. Dem talk say her cervix don begin open small, and say her time don reach to born.
Until today, the cervix still dey open till time wey the pikin go comot. Yesterday, something been dey pain the pikin and the thing been dey increase since when we go there.
  E dey pain am, the pikin go comot, na her first time wey she carry belle be this. I dey very worried and my heart no dey rest.
  I wan save my pikin, and I no wan lose the pikin wey dey come. Abeg, wetin fit dey cause this pain? Naso e dey dey normally for women wey na their first belle when dem dey about to born? E dey possible say na the pikin naim too big wey em no dey fit comot for birth canal? Abi e dey possible say dem go do surgery for her?
",http://speech-app.s3.amazonaws.com/static/audio/uploads/666f68e9-275c-4c7d-a0a1-5e6d5ef145ee/806c636b7e0353997cd36e9132273bdd_XXuFL9Zn.wav,"Oga, I understand your worry, but the pain she dey feel na normal labor pain wey dey happen because her womb dey contract and her cervix dey open make the pikin fit pass. For women wey dey carry belle for the first time, labor dey usually take longer time and the pain dey stronger, so the slow opening of the cervix na common thing. E fit possible say the pikin big or her pelvis no fit allow am pass well (cephalopelvic disproportion), wey fit delay the birth, but the doctors dey monitor am well well. If dem see say the labor no dey progress or the pikin dey show signs of danger, dem go do surgery (Cesarean section) to save her life and the pikin own. Make you try calm down and trust the medical team, because dem go do the best thing to make sure say mama and pikin dey safe.",GLM-5.2-max,glm-5.2
c6ea618d-1e15-44bb-af49-11f64fd9f957,pidgin,pidgin,mi na woman wey don marry i dey 35 years old abeg i pret my pikin wey dey five months call mekon na checker and advice me i don resume work but wetin surprise me be say for about three days now my pikin dey cough without stop we don try differences wey we fit think of to stop de court but we never gree stop most times i no dey house if i come out for morning na na six pm i dey come back na my mama dey house dey take care of the baby anytime i get chance to call i dey ask how the pikin dey and dem go tell me say the baby still dey cough my baby dey five months old e no dey take only breast mek again because i don reason work i breast filled am only breast mek for the pass three months then after i begin give another food i don dey give am different kinds of food including papa and other baby foods wey i know wetin even suppose me pass be say last night the way yu dey breat no nor my gi ino dey breat well atol and the nose don block completely my mama might even temise as she depart from this morning she use months water around the nose and chest because the curve don become serious the breating while i don start too yu know the breat feel year ging and here no the pass well like before i beg my question be wetin i feel use make the cough stop and i see breat no clear again wetin i fit do wetin i fit use for am and which kind step i fit take make e breat well again i make noting block en britain,"Me na woman wey don marry, I dey 35 years old. Abeg, I bring my pikin wey dey five months come make una check am and advise me.

I don resume work. But wetin surprise me be say for about three days now, my pikin dey cough without stop. We don try different things wey we fit think of to stop the cough, but e never gree stop.

Most times I no dey house. If I comot for morning, na around 6 p.m. I dey come back. Na my mama dey house dey take care of the baby.

Anytime I get chance to call, I dey ask how the pikin dey, and dem go tell me say the baby still dey cough.

My baby dey five months old. E no dey take only breast milk again because I don resume work. I breastfeed am only breast milk for the first three months, then after I begin give am other foods.

I don dey give am different kinds of food, including pap and other baby foods wey I know.

Wetin even surprise me pass be say since last night, the way e dey breathe no normal again. E no dey breathe well at all, and e nose don block completely.

My mama even tell me say as she dey baff am this morning, she use small warm water around e nose and chest because the cough don become serious.

The breathing wahala don start too. E no dey breathe freely again, and the air no dey pass well like before.

Abeg, my question be: wetin I fit use make the cough stop? And as e breathing no clear again, wetin I fit do, wetin I fit use for am, and which steps I fit take make e breathe well again and make nothing block e breathing?",http://speech-app.s3.amazonaws.com/static/audio/uploads/c2184580-897a-4338-8584-d85789785d3e/c9438f146fd61b41c130f839e729da06_4KGoMI1z.wav,"Your baby dey show serious signs of chest infection like pneumonia or bronchiolitis because e dey struggle to breathe, so abeg carry am go hospital straight make doctor check am well. Make your mama stop to dey rub mentholated water for im nose and chest as e dey irritate babies, and no buy cough syrup for chemist by yourself. You fit use normal saline drops inside im nose to clear the blockage small, but the main treatment wey go stop the cough and clear im chest na drugs and maybe oxygen wey only doctor fit give for hospital. Since im nose block and e dey hard am to breathe, try dey give am breast milk small-small to keep im strength, and make you sef treat your own cough make you no pass am back to am. No waste time at all, because fast and hard breathing for five months old pikin na dangerous emergency wey need urgent medical care.",GLM-5.2-max,glm-5.2
45726daa-fc62-4671-9b04-700cbf5a449d,pidgin,pidgin,one woman notice say en husband dey complain of very serious headache di headache too much sote di man neck don stiff e no fit turn am go left or right di way e suppose as di woman dey observe am she come notice say small small saws don appear for di man body before dem no dey dis tin come make di woman fear we ask di woman whether en husband get high fever before di sickness start or whether en use any kind medicine before di symptom begin she answer no e no get eye fever and e no use any medicine we still ask whether maybe di man sleep or pillow wey e use fit cause stiff neck di woman say no na normal way e sleep and no be because of pillow she explained say di edit just start suddenly e continued without stopping di neck come stiff and di small small store begin show for en body now di question be wetin fit caused this kind sickness if dis kind tin happen to person wetin di wife suppose do immediately to help our husband before she take am go hospital,"One woman notice say im husband dey complain of very serious headache. The headache too much sotey the man neck don stiff, e no fit turn am go left or right the way e suppose. As the woman dey observe am, she come notice say small small sores don appear for the man body, before dem no dey. This thing come make the woman fear.

We ask the woman whether im husband get high fever before this sickness start or whether e use any kind medicine before the symptoms begins.
She answer no, e no get high fever and e no use any medicine. We still ask whether maybe the way the man sleep Or pillow wey e use fit cause stiff neck. The woman say no, na normal way e sleep, and no be because of the pillow. She explain say the headache just start suddenly, e continue without stopping, the neck come stiff and the small small sores begin show for him body.

Now the question be: wetin fit cause this kind sickness? If this kind thing happen to person, wetin the wife suppose do immediately to help her husband before she take am go hospital ",http://speech-app.s3.amazonaws.com/static/audio/uploads/0fc10a71-9998-4fc3-ab95-212f62c9ce23/3bb979e6e433daa1c6fb53803b92f9f9_dqCaCfgy.wav,"Dis kind sickness wey get serious headache, stiff neck, and sudden sores na sign of serious infection like meningitis or Lassa fever wey dey common for we area and e very dangerous. Di stiff neck and serious headache mean say infection don affect im brain or spinal cord, while di sores show say infection don enter im blood. Wetin di wife suppose do immediately na to isolate am inside one clean, well-ventilated room make e no spread, and make she no give am any random drug or native medicine. Make she keep im head slightly raised to help with breathing, and she must rush am go di nearest hospital straight away because e need urgent strong antibiotics through drip. Time dey very important here, so make she no waste any minute because delay fit cause brain damage or even death.",GLM-5.2-max,glm-5.2
3ac50fd3-39df-4fdc-a3d3-e177e3bf1913,pidgin,pidgin,my husband na 40 years old and i don notice say for about three weeks now e dey drink plenty water pass normal as e dey drink plenty water na so e dey urinate plenty too in fact for night e fit wake up up to 10 times before morning just to go urinate e don dey complain say body dey tire am all di time e don ask more weight and sometimes e dey complain say e no dey see where vision fit blow especially when e stand up or wan waka i don notice say anytime urinate na plenty urine dey come out and e dey urinate very often wetin fit cause this plenty urination and this serious taste while e dey drink plenty water and still dey urinate plenty happy dis symptoms fit mean say e get diabetes e fit be another sickness which medical test is supposed do make doctor no exactly wetin dey happen why e dey always tire wetin dey cause di plenty urination abi eye blood pressure fit cause dis symptoms or na di adression or another earth problem which kind food um drinks e suppose avoid wetin e suppose they chop or drink wetin e fit do make these symptoms peter e need go hospital or earth care center make them test em or test no release necessary how were for person suppose they check for diabetes or blood sugar na regularly or na monst monst which medical condition fit cause all these symptoms wey dey happen for en body,"My husband na forty years old, and I don notice say for about three weeks now, e dey drink water pass normal. As e dey drink plenty water, na so e dey urinate plenty too. In fact, for night e fit wake up up reach ten times before morning just to go urinate. E don dey complain too say body dey tire am all the time. E don add small weight, and sometimes e dey complain say e no dey see well. Vision fit blur, especially when e stand up or wan waka.

I don notice say anytime e urinate, na plenty urine dey come out, and e dey urinate very often.

Wetin fit dey cause this plenty urination and this serious thirst? Why e dey drink plenty water and dey urinate plenty? Abi these symptoms fit mean say e get diabetes, or e fit be another sickness?

Which medical tests e suppose do make doctors know exactly wetin dey happen? Why e dey always tire? Wetin dey cause the plenty urination? Abi high blood pressure fit cause these symptoms, or na dehydration or another health problem?

Which kind food and drinks e suppose avoid, and wetin e suppose dey chop and drink? Wetin e fit do make these symptoms better? E need go hospital or healthcare centre make dem test am, or testing no really necessary?

How often person suppose dey check for diabetes or blood sugar—na regularly or na once once? Which medical conditions fit cause all these symptoms wey dey happen for e body?",http://speech-app.s3.amazonaws.com/static/audio/uploads/7b524b5f-8fe7-4f80-bde9-7c65ae42939d/592177dc8521f0da47b55f13653a99c7_id81e3Zc.wav,"Based on the symptoms you describe—excessive thirst, frequent urination, extreme tiredness, and blurred vision—your husband likely has Diabetes Mellitus, so make una carry am go hospital sharply for proper check-up. The doctor go run tests like Fasting Blood Sugar, HbA1c, and urinalysis to confirm if na diabetes, and also check him blood pressure because high BP fit contribute to some of these signs. For now, e suppose completely avoid sugary drinks, minerals, and heavy starchy foods like white bread and rice, and focus more on vegetables, proteins, and drinking clean water. To check blood sugar, dem suppose do am regularly at first to fit monitor the condition well, and the doctor go tell una the exact schedule based on the results. Abeg no delay the hospital visit because if na diabetes and dem no treat am on time, e fit cause serious damage to him kidneys, heart, and eyes.",GLM-5.2-max,glm-5.2
6f40bd3d-65ac-48ee-bb87-152a3c71517f,pidgin,pidgin,one mama of one small pikin been start to dey worry about her eight month old pikin for day di pikin go play well well but every night di pikin go begin to dey cough di cough dey wake di pikin from sleep and den di pikin go begin to dey cry for one of those nights dem di mama bin notice say di pikin bin dey breath fast well well and e bi like say im bin dey struggle to breath di mama bin no fit sleep because say she bin dey fear di next morning she bin notice say di pikin bin no wan suck breast or even play as im dey do before na im she com decide to carry di pikin go see doctor because she bin wan know wetin bin dey make di pikin dey cough and wetin make wey di pikin bin no fit breath well and to know which kind medicine or treatment wey dem fit use for di pikin my question be say wetin fit cause small pikin to dey cough well well for night and wetin also fit make am hard for pikin to breath normal if fit be say the cough and the struggle wey in the struggle to breath na sign of long disease wetin them fit do for house to help the pikin dey more comfortable and to sleep betta for nights,"One mama of one small pikin been start to dey worry about her 8-month-old pikin. For day, the pikin go play well well, but every night the pikin go begin to dey cough. The cough dey wake the pikin from sleep, and then the pikin go begin to dey cry.
For one of those nights dem, the mama been notice say the pikin been dey breathe fast well well and e be like say em been dey struggle to breathe. The mama been no fit sleep because say she been dey fear. The next morning, she been notice say the pikin been no wan suck breast or even play as em dey do before, naim she come decide to carry the pikin go see doctor because she been wan know wetin been dey make the pikin dey cough and wetin been make wey the pikin been no fit breathe well and to know which medicine or treatment wey dem been fit use for the pikin.
My question be say: Wetin fit cause small pikin to dey cough well well for night and wetin also fit make am hard for pikin to breathe normal? E fit be say the cough and the struggle wey em dey struggle to breathe  na sign of lung disease? Wetin dem fit do for house to help the pikin dey more comfortable and to sleep beta for night?",http://speech-app.s3.amazonaws.com/static/audio/uploads/79e02268-366b-4ee4-bb71-3acd8561d9c0/6505cc0c190f647a223169a3568a0ab7_Bw8WRxlq.wav,"Dis kind night cough plus fast breathing, no wan suck breast or play, fit mean say di pikin get pneumonia or bronchiolitis, wey be serious chest infection wey dey affect im lungs. Yes, di cough and struggle to breath na strong sign say di pikin lungs dey fight infection, and e need urgent medical attention because e don turn to emergency. For house, no give am cough mixtures wey dem dey sell for counter, make sure say room dey well-ventilated, raise im head small when e dey sleep, and keep am away from smoke. Make una carry am go hospital sharp sharp because im go need oxygen and proper hospital drugs to help am breath well. Di doctor go examine am, fit give am oxygen, nebulizer, or correct antibiotics to clear di chest so di pikin go fit recover and sleep betta.",GLM-5.2-max,glm-5.2
da002dc6-008b-4df6-b97e-ee7f0392aa35,pidgin,pidgin,one woman noticed say for the past few days pikin don dey coat without stopping at first she tink say na ordinary cold wey catch the pikin for chest and say e go clear by itself but the cough no gree stop every night the pikin dey wake up suddenly because of the cough sometimes e go dey struggle like say e add am to breathway the woman go carry the pikin upright and she free hear the chest they make sound and they work out as the pikin dey breath because of dis the pikin no fit sleep well for night one day after one night read the pikin cough well well and yu struggle to breath properly the woman decide say she must carry the pikin go hospital she wan know wetin dey cause the cough wetin dey make the pikin find am hard to breath and how she fit help the pikin my question bi wetin fit make pikin cough seriously and find am hard to breath especially for night which kind danger sign dem suppose wash out for when pikin dey cough which things they suppose avoid to help prevent or reduce this course,"One woman notice say for the past few days, pikin don dey cough without stopping. At first, she think say na ordinary cold wey catch the pikin for chest and say e go clear by itself. But the cough no gree stop. Every night, the pikin dey wake up suddenly because of the cough. Sometimes, e go dey struggle like say e hard am to breathe well.The woman go carry the pikin upright, and she fit hear the chest dey make sound and dey work hard as the pikin dey breathe. Because of this, the pikin no fit sleep well for night.

One day, after one night wey the pikin cough well-well and dey struggle to breathe properly, the woman decide say she must carry the pikin go hospital. She want know wetin dey cause the cough, wetin dey make the pikin find am hard to breathe, and how she fit help the pikin.

My question be: wetin fit make pikin cough seriously and find am hard to breathe, especially for night? Which kind danger signs dem suppose watch out for when pikin dey cough? Which things dem suppose avoid to help prevent or reduce this cough?",http://speech-app.s3.amazonaws.com/static/audio/uploads/f26c69ad-8975-45a0-a88b-89d29797e519/71095431a7241879ec6ea195c025d96d_zGbvst6F.wav,"Dis kind cough wey dey worse for night, with chest sound and breathing problem, fit be asthma, bronchiolitis, or pneumonia, wey need doctor proper check-up to know the exact cause. Danger signs wey you suppose rush go hospital be if pikin dey breathe fast fast, chest dey sink inside as e dey breathe, lips or fingernails dey turn blue, or e no fit suck chop well. To prevent or reduce am, abeg avoid firewood smoke, cigarette smoke, dust, and cold breeze around the pikin, because these things dey trigger the cough and block the breathing pipe. No use cough syrup or antibiotics wey dem never prescribe give you, because if na asthma, e go need special inhaler medicine to open e chest quick-quick. Make sure you carry the pikin go hospital make dem check am well and give correct treatment, because breathing problem no dey play at all.",GLM-5.2-max,glm-5.2
c6b60bac-98ac-4053-bc7a-dde14e340cc3,pidgin,pidgin,one woman wey get belle for six months wey dey stay our house begin notice say him heart dey beat fast fast like pesin wey just finish race sometimes e go just dey tire even though e never do any work and him hand dey shake small small after some ways e come dey notice say front of him neck begins well as people begin tell am say him neck no be like before again fear catch am e begin wonder whether na one of these sickness wey dey affect women wey get belle or whether na another problem entirely now e don't decide say e won gust doctor make dem check wetin dey cause am my question be say wetin fit make pregnant woman heart dey beat fast like person wey just run finish with neck swelling this problem fit affect the growth and development of the pikin wey dey im belle wetin bi di danger sign wey dey suppose watch out for why dem dey house and e get any type of food and drink wey dem suppose avoid or any wey e suppose chop and drink during dis guide sign,"One woman wey get belle for six months we dey stay our house begin notice say hin heart dey beat fast fast like person wey just finish race. Sometimes e go just just Dey tire even though e never do any work and hin hand dey shake small small. 
After some weeks, e come notice say front of hin neck begin swell. As people begin tell am say hin neck no be like before again, fear catch am. E begin wonder whether Na one of the sickness wey dey affect women wey get belle or whether Na another problem entirely.

Now e don decide say e wan go see doctor make dem check wetin dey cause am. My question be say wetin fit make pregnant woman heart dey beat fast like person wey just run finish, with neck swelling? This problem fit affect the growth and development of the pikin wey dey hin belle? Wetin be the danger signs wey dey suppose watch out for while dem dey house? And e get any type of food and drink wey dem suppose avoid, or any wey e suppose chop and drink during this kind time?",http://speech-app.s3.amazonaws.com/static/audio/uploads/6137ae04-21e0-4ff6-b09f-197033f84b81/f3a21085f98f17dfb83a7313662d30b5_XJUL9PbG.wav,"Dis kind symptoms wey she dey show—like fast heartbeat, hand dey shake, and neck dey swell—show say she fit get overactive thyroid gland (hyperthyroidism) or goiter wey dey happen because of pregnancy. 
If dem no treat am sharp sharp, e fit affect how the pikin go grow for belle, cause premature birth, or make the pikin born with low weight. 
Make she run go hospital quick for correct blood test and treatment, and make she watch out for danger signs like serious chest pain, breathlessness, fainting, or heartbeat wey dey too crazy. 
For food and drink, make she avoid caffeine things like coffee, strong tea, and energy drinks, and too much iodine salt because dem go make the symptoms worse. 
She suppose dey chop balanced diet with enough fruits, vegetables, and drink plenty water to keep her and the pikin strong while she dey take her hospital medicine.",GLM-5.2-max,glm-5.2
f6837d40-b44e-4d9d-a019-1133d891e156,pidgin,pidgin,yesterday evening i send my pikin mek yu go buy ewe do for me for area after like 15 minutes e com run com out dey cry as i dey ask wetin happen dem tell me say dog bit am for leg i ask which kind dog bi dat na where di dog com from and dem tell me say dem no kno where di dog com from for weather na dog wey dey di neighborhood na so i rob boy for where di dog bit am because i think say he go neutralize di poison later person advise me make i carry am go one maternity clinic for area as we reach dere dem write the tanos injection wey i go buy for chemist i buy di injection and dem give am yesterday since den i don carry am corn mouse but from yesterday wey di dog bite am don swear and di skin arun dam don red now i don dey fear say maybe di dog fit don give am rabies i more am sweat any medicine day wey i fit bite for am or wey make i carry am go or speaker for further treatment,"Yesterday evening, I send my pikin make e go buy ewedu for me for area. After like fifteen minutes, e come run come house dey cry. As I ask wetin happen, dem tell me say dog bite am for leg.

I ask wetin kind dog be dat and where di dog come from, but dem tell me say dem no know where di dog come from or whether na dog wey dey di neighborhood.

Na so I rub oil for where di dog bite am because I think say e go neutralise di poison. Later, person advise me make I carry am go one maternity clinic for area. As we reach there, dem write tetanus injection I go buy for chemist. I buy di injection and dem give am yesterday.

Since den, I don carry am come house, but from yesterday, where di dog bite am don swell and di skin around am don red. Now I don dey fear say maybe di dog fit don give am rabies.

I wan ask whether any medicine dey wey I fit buy for am, or whether make I carry am go hospital for further treatment.",http://speech-app.s3.amazonaws.com/static/audio/uploads/91abc401-cb93-44c6-9ae1-ba94e0e3f84a/f459b951a1415270172aee1c2c5701a8_TIppMES0.wav,"Di redness and swelling show say di wound don infect because of wetin you rub put, so you gats carry am go standard hospital now-now for proper antibiotics and wound care. Even though dem give am Tetanus injection yesterday, e no fit protect am from rabies or di bacteria infection wey dey show. Since you no know di dog owner, your pikin dey at high risk for rabies, wey be deadly disease wey no get cure once e start. Abeg stop to dey rub anything for di leg, and make you try find di dog observe am for 10 days, but no wait at all. Go general hospital or primary healthcare center immediately make doctor start anti-rabies vaccine and treat di infection.",GLM-5.2-max,glm-5.2
64cf1253-4163-4626-a714-61a5714f9f5c,pidgin,pidgin,i dey runa pikin wey dey ten years mama wey born am na my sister was she don die since that i for some days now i don notice say di pikin dey alley sittan hello you no wan play with anybody you no wan talk to anybody and they always refuse job you can't they look like personal they tick too much and they carry plenty so for mind this kind thing can't make me fear so i carry am go hospital make them help am when i reach hospital i ask doctor say doctor this pikin fit dey behave like this because e dey more en mama wey die i still ask wetin i fit do for us to help am we need to talk to meta help professional how i fear or courager make e chop food and play with other pikiniki e need any medicine to help am,"Adeolu na pikin wey dey 10 years. Mama wey born am na my sister, but she don die. Since dat time, for some days now, I don notice say di pikin dey always siddon alone. E no wan play with anybody, e no wan talk to anybody, and e dey always refuse chop. E come dey look like person wey dey think too much and e dey carry plenty sorrow for mind.

Dis kain thing come make me fear, so I carry am go hospital make dem help am. When I reach hospital, I ask doctor say:

""Doctor, dis pikin fit dey behave like dis because e dey mourn im mama wey die?""

I still ask, ""Wetin I fit do for house to help am? E need to talk to mental health professional? How I fit encourage am make e chop food and play with other children again? E need any medicine to help am?""",http://speech-app.s3.amazonaws.com/static/audio/uploads/0efe80fb-ef19-485c-bf57-e12bc4c9725e/7f9c30d9683d280777d6b62aa04f3c85_GcpsPM1j.wav,"Yes, di way di pikin dey behave na clear sign of grief and depression because losing im mama na big trauma for ten-year-old pikin. E very important make una see mental health professional or counselor, because talk therapy go help am process di pain well-well. Make you dey patient with am, dey give am im favorite food small-small, and gently encourage am to play with other pikin, but no force am. For now, e no need any medicine because we no dey rush give small pikin antidepressants for fresh grief except counseling no work or if e dey harm imself. With your love, patience, and professional counseling, di pikin go slowly begin chop, play, and heal from di mama death.",GLM-5.2-max,glm-5.2
c61a0bfa-facf-4fa7-b6d6-fc8a3674df09,pidgin,pidgin,i notice say my small sister wey been dey laugh happy before and wey been dey play with him friends com change just like dat now she dey stay alone for inside her room every day she don remove herself comot from talk wey people dey talk and dey things wey she been dey like to do before she no com like dem again i also notice say even for house she no dey want chop with us she dey look as if she no happy or like person wey dey tire every time wetin fit dey cause her to just start avoid her friends like that e fit be sadness wahala abi things wey dey disturb her for mind abi na fear fear how e fit help her so that she go happy again which warning science make we dey look out for make shisi counselor abi mental health professional,"I notice say my small sister wey been dey laugh, happy before and wey been dey play with em friends, come change just like that.
Now, she dey stay alone for inside her room everyday. She don remove herself comot from talk wey people dey talk. And the things wey she been dey like to do before, she no come like dem again.
I also notice say even for house, she no dey wan chop with us. She dey look as if she no happy or like person wey dey taya every time. 
Wetin fit dey cause her to just start avoid her friends like that?
E fit be sadness wahala, abi things wey dey disturb her for mind, abi na fear fear?
How we fit help her so that she go happy again?
Which warning signs make we dey look out for? 
Make she see counsellor abi mental health professional?",http://speech-app.s3.amazonaws.com/static/audio/uploads/8d70b6b8-6297-4bbc-a0e2-928efb01d3ed/79ae749117a57c3f9b291e8b85aa3835_ZL8Vok6v.wav,"Di signs wey you talk like say she no wan play again, dey tire, and dey stay alone na strong sign of depression abi emotional distress, wey fit happen from stress, bullying, or trauma. Make you sit down with am with love, ask am gentle questions without judging am, and show say you dey there for am make she fit open up. Because e fit also be physical sickness like thyroid wahala, abeg carry am go hospital make doctor check am and refer una to mental health professional if need be. Di red flag warning signs wey you suppose look out for sharp-sharp na if she dey talk say she wan die, dey harm herself, stop to chop completely, or dey hear voice wey no dey. With quick correct help and counseling, she go fit recover and return to her happy self.",GLM-5.2-max,glm-5.2
9e4f4d76-9e44-46fd-b3d0-728f56115a7f,pidgin,pidgin,one woman carrying pikin wey dey three years com hospital dis morning for check up wetin make dem bring am com bi say anytime dem talk to pikin e no dey respond atol e no dey answer e no dey look pesin wey dey talk to am even if dem call en name e no dey show say en dey hear anything when we ask di mama whether di pikin don't ever get seasor before she thought say di pikin never get seasor at all we still ask whether di pikin com collect all immunization vaccine as e suppose we check di medical card wey di mama bring and e show say na true di pikin collect all di immunization vaccine wey e suppose collect complete my next question be say for dis kind case where di pikin never get seizure before and e don collect all in immunization vaccine complete wetin fit make dis kind tin happen to di pikin,"One woman carry im pikin wey dey three years come hospital this morning for check up. Wetin make them bring am be say anytime dem talk to pikin ein no dey respond at all. E no dey answer, e no dey look person wey dey talk to am, if dem call ein name e no dey show say ein hear anything.

When we ask the mama whether the pikin don ever get seizure before, she talk say the pikin never get seizure at all. 
We still ask whether the pikin collect all im immunization vaccines as e suppose.
We check the medical card wey the mama bring, and e show say na true the pikin collect all the immunization vaccine wey e suppose collect, complete.

My next question be say: for this kind case, where the pikin never get seizure before and e don collect all im immunization vaccines complete, wetin fit make this kind thing happen to the pikin?",http://speech-app.s3.amazonaws.com/static/audio/uploads/b88888df-32bd-4c90-9929-2517a93a17b2/08380144caf2b661924c280e70b22bae_PXI1BjkB.wav,"For dis kind case, two main things dey enter mind: serious hearing loss (like from chronic ear infection wey damage eardrum or congenital hearing problem) or Autism Spectrum Disorder. Hearing loss go make am no hear wetin dem dey talk at all, while autism dey affect how brain develop, making pikin no dey look face or respond to name even if en ear dey work. Di fact say en vaccine complete and e no get seizure no rule out dis conditions, because dis two problems no happen from lack of vaccination. My advice be say make we do proper ear test and developmental check to know exactly wetin dey wrong. Make una no waste time, because early diagnosis go help us start speech therapy or give hearing aid quick quick so di pikin go fit develop well.",GLM-5.2-max,glm-5.2
4c200823-487c-45c2-bfcc-a7a5ff404c0f,pidgin,pidgin,one mama of one woman wey been just born com hospital she say since her pikin born she don dey bleed well well and as it happened like so her body no come strong again di woman wey born na 24 years she be she been also talk say dey bleeding plenty well well and e dey make am feel weak di mama no dey fit chop well and she no dey fit do anything my question be say wetin fit make woman to dey bleed after she just born some days ago which treatment them suppose give the mama wey go stop the bleeding and help am strong again which advice them fit give this mama and her pikin so,"One mama of one woman wey been just born been come hospital. She say since her pikin born, she don dey bleed well well. And as e happen like so, her body no come strong again. The woman wey born na 24 years she be. She been also talk say the bleeding plenty well well and e dey make am feel weak. The mama no dey fit chop well and she no dey fit do anything. My question be say: wetin fit make woman to dey bleed after she just born some days ago? Which treatment dem suppose give the mama wey go stop the bleeding and help am strong again? Which advice dem fit give this mama and her pikin so?",http://speech-app.s3.amazonaws.com/static/audio/uploads/50b41d20-b591-4357-be8f-9647981c9461/38f18acaa81bf532f9ca468dc0aaf6ba_C4UiDgkI.wav,"Dis kind heavy bleeding after birth (Postpartum Hemorrhage) fit happen if some placenta still dey inside her womb, if infection enter, or if her womb never contract well. Make dem carry her go hospital straight because the bleeding don make her lose blood and she need urgent treatment like blood transfusion to make am strong and drip. Doctor go give am drugs like Oxytocin injection or Misoprostol to make the womb tight and stop the bleeding, and dem fit do scan to comot anything wey remain inside. Make she dey breastfeed her pikin well well as e dey help womb shrink, and make she dey chop iron-rich food like liver and green veg when she dey recover. Abeg no waste time at all, because heavy bleeding after birth na emergency wey fit dangerous if dem no treat am quick quick for hospital.",GLM-5.2-max,glm-5.2
