audio_id,language,subset,question,reference,url,model_answer,requested_model,model_id
93c0a5f2-48a1-4ddc-bf90-28d9b97aea1b,english,good_english,a 22 year old lady who gave birth at our hospital three days ago brought a baby today for routine immunizations upon arrival she made it known to us that this newborn baby completely refuses to breathfeed at all to the extent that the baby is excessively floppy and sleepy she stated that the baby does not take the breast and that all the time the baby's hand feet and entire body feel freezing cold so much so that she is even terrified to touch the baby with bare hands and prefers to lift the baby only with layers of clothing she noted that the baby refuses the breast the entire body is called to the touch and the baby has become increasingly lethargic unable to move the hands unable to stretch the legs and completely lacking active movements and reflexes just lying completely still and weak she says it is obvious to the eyes that the baby is exhausted and very unwell what could cost this what do you think could cause this newborn baby's body to be freezing cold to the touch is it solely because of the refusal to breastfeed or what else what can we do about this refusal to breastfeed furthermore regarding the immunization vaccines they are supposed to give the administer what is your professional advice,"​A 22-year-old lady who gave birth at our hospital three days ago brought her baby today for routine immunizations. Upon arrival, she made it known to us that this newborn baby completely refuses to breastfeed at all, to the extent that the baby is excessively floppy and sleepy. She stated that the baby does not take the breast, and that all the time, the baby's hands, feet, and entire body feel freezing cold, so much so that she is even terrified to touch the baby with bare hands and prefers to lift the baby only with layers of clothing. She noted that the baby refuses the breast, the entire body is cold to the touch, and the baby has become increasingly lethargic,unable to move the hands, unable to stretch the legs, and completely lacking active movement or reflexes, just lying completely still and weak. She says it is obvious to the eye that the baby is exhausted and very unwell.
​What could cause this? What do you think could cause this newborn baby's body to be freezing cold to the touch? Is it solely because of the refusal to breastfeed, or what else? What can we do about this refusal to breastfeed? Furthermore, regarding the immunization vaccines they are supposed to administer, what is your professional advice?",http://speech-app.s3.amazonaws.com/static/audio/uploads/3f7dd9e2-3e76-4785-968c-d49821026640/58942583eba546711c59bd5c8be73c85_km1Dy0wh.wav,"This newborn is presenting with a life-threatening emergency, highly indicative of severe neonatal sepsis complicated by hypoglycemia and hypothermia, where the extreme coldness is driven by infection-induced thermoregulatory failure and depleted energy stores rather than solely the refusal to feed. Because the baby is profoundly lethargic with absent reflexes, forcing breastfeeding poses a severe aspiration risk; you must immediately administer intravenous 10% Dextrose to correct hypoglycemia, start empiric IV antibiotics (like Ampicillin and Gentamicin), and initiate gradual rewarming using a radiant warmer or Kangaroo Mother Care. Enteral feeding should only be cautiously reintroduced via a nasogastric tube once the baby is hemodynamically stable and exhibits returning reflexes. Regarding the scheduled immunizations, you must strictly defer all routine vaccines (BCG, OPV, Hepatitis B) until the baby fully recovers, as vaccinating a critically ill, hypothermic neonate is medically contraindicated and will not mount an adequate immune response. Finally, urgently admit or transfer this baby to a Special Care Baby Unit (SCBU) for a full septic workup, continuous monitoring, and advanced neonatal support.",Qwen-3.7-Max,qwen3.7-max
f5841173-3fa3-4104-943b-1116a20e44f2,english,good_english,a mother who has three children peju is the junior child peju's a one-year-old child peju's mother noticed that just a few days after childbirth peju has had a cough illness and has been coughing continuously without stopping at all she said she also noticed that it is difficult for her to breathe well she said this cough appears mostly in the evening when everyone has gone to sleep she said her breath is also difficult to breathe well because this cough does not allow her to breathe in and out properly she said she has been to the harbour lists and has given her about mixtures but she noticed that none of the herbal mixtures she used worked she said she then decided to go to the hospital so they could find out what happened to kwiju can this problem be cured for this child is it a chest disease or asthma that it could be for the child what are the things that the child needs to avoid so that this problem affecting her and causing her to cough can be significantly reduced,"A mother peju who has three children, peju is the junior child. Peju is a one-year-old child. Peju's mother noticed that, just a few days after childbirth, Peju has had a cough illness and has been coughing continuously without stopping at all. She said she also noticed that it is difficult for her to breathe well. She said this cough appears mostly in the evening, when everyone has gone to sleep. She said her breath is also difficult to breathe well, because this cough does not allow her to breathe in and out properly. She said she has been to the herbalists and has given her herbal mixtures, but she noticed that none of the herbal mixtures she used worked. She said she then decided to go to the hospital so they could find out what happened to Peju. Can this problem be cured for this child? Is it a chest disease or asthma that it could be for the child? What are the things that the child needs to avoid so that this problem affecting her and causing her to cough can be significantly reduced?",http://speech-app.s3.amazonaws.com/static/audio/uploads/5ed8e0c7-30e1-442b-aaa0-81777152de9e/2a24b6a777be7016fe4491f1783f310a_bXIVt5TF.wav,"Peju's symptoms of a chronic, night-worsening cough and breathing difficulty strongly suggest early-childhood asthma or reactive airway disease, which is medically managed rather than completely cured, though many children outgrow it as their lungs mature. Please strictly stop giving her herbal mixtures known locally as ""agbo"" because they are unstandardized and can cause severe organ toxicity in infants, and instead rely on the hospital pediatrician to prescribe safe inhalers. To significantly reduce her symptoms, you must keep her away from common local environmental triggers such as indoor cooking smoke from firewood or kerosene, burning mosquito coils, dust, and strong perfumes. Ensure her sleeping environment is well-ventilated and use insecticide-treated nets instead of smoke-based repellents to protect her sensitive airways at night. With consistent use of prescribed controller medications and strict avoidance of these triggers, Peju's breathing will improve and she will be able to sleep and play comfortably.",Qwen-3.7-Max,qwen3.7-max
6eb74fc8-7cdc-4d4d-a06b-065c285b47a5,english,good_english,a woman just gave birth to a new-born baby at our hospital this morning her delivery was very easy and she gave birth to the baby smoothly and without complications shortly after the woman gave birth we observed that the pads placed under her quickly became soaked with blood and it was quite a lot a few minutes later the woman used another pad yet it was also filled with blood very quickly before long the woman started feeling weak and the bleeding became so heavy that it did not stop what could be the cause of postpartum hermograde what could cause the bleeding to not stop is it possible that a second baby remains inside this woman is it possible that the woman services a stone is it possible that a heterous is failing to contract to stop the bleeding what could cause the heavy continuous bleeding this woman is experiencing what steps can we take for this woman to stop bleeding what kind of injection or medication can be used for this woman and should we send this woman to a larger hospital or is there another procedure we can perform on this woman to make the bleeding stop,"A woman just gave birth to a newborn baby at our hospital this morning. Her delivery was very easy, and she gave birth to the baby smoothly and without complications.
Shortly after this woman gave birth, we observed that the pad placed under her quickly became soaked with blood, and it was quite a lot. A few minutes later, the woman used another pad, yet it was also filled with blood, very quickly. Before long, the woman started feeling weak, and the bleeding became so heavy that it did not stop.
What could be the cause of postpartum hemorrhage? What could cause the bleeding to not stop? Is it possible that a second baby remains inside this woman? Is it possible that the woman's cervix is torn? Is it possible that her uterus is failing to contract to stop the bleeding? What could cause the heavy, continuous bleeding this woman is experiencing? What steps can we take for this woman to stop the bleeding? What kind of injection or medication can be used for this woman, and should we send this woman to a larger hospital, or is there another procedure we can perform on this woman to make the bleeding stop?",http://speech-app.s3.amazonaws.com/static/audio/uploads/ec461994-3da0-48c5-b5f5-4f5b8a550636/ce2a3f107f1dee8ad57fb91174554434_QJwqdIdL.wav,"The most likely cause of this severe postpartum hemorrhage is uterine atony—the uterus failing to contract—though retained placental tissue or an undiagnosed second baby could also be preventing proper contraction. Immediately call for help, vigorously massage the uterus, establish two large-bore IV lines for rapid fluid resuscitation, and administer uterotonics like IV Oxytocin or Misoprostol alongside IV Tranexamic Acid. To manage the continuous bleeding locally, empty her bladder, apply bimanual uterine compression, and if medications fail, insert a uterine balloon tamponade such as a Bakri balloon or a locally improvised condom catheter. While a ""stone"" is unlikely, you must manually explore the uterus to rule out retained placental fragments and inspect the birth canal for lacerations that could be contributing to the heavy flow. If the bleeding persists despite these measures or she becomes hemodynamically unstable, you must urgently refer her to a larger comprehensive emergency obstetric care facility for surgical interventions like a B-Lynch suture or hysterectomy while maintaining resuscitation during transit.",Qwen-3.7-Max,qwen3.7-max
5c0d4c54-a56b-4866-aaf3-9a209ad6e81e,english,good_english,doctor a mother living in our house began to notice that her baby was not breathfeeding well whenever she tried to breathfeed the baby the baby would suck for a little while and then stop as if exhausted the mother also noticed that the baby did not have enough strength to breathfeed and would sweat heavily on the head and face not only that the baby's breathing changed it seems as though the baby was breathing upward and downward like someone struggling to breathe as the days went by the mother became increasingly worried she wondered whether it was because the baby was not feeding enough or whether there was a problem related to the baby's breathing and sweating therefore she decided to go to the hospital to see a doctor for an examination of the baby my question is what could cause a baby to have difficulty breastfeeding properly is the way the baby is breathing a sign of any health problem what danger signs should the baby's parents watch out for what could cause a young child to sweat while breastfeeding,"Doctor, a mother living in our house began to notice that her baby was not breastfeeding well. Whenever she tried to breastfeed the baby, the baby would suck for a little while and then stop as if exhausted.
The mother also noticed that the baby did not have enough strength to breastfeed and would sweat heavily on the head and face. Not only that, the baby's breathing changed; it seemed as though the baby was breathing upward and downward, like someone struggling to breathe.
As the days went by, the mother became increasingly worried. She wondered whether it was because the baby was not feeding enough, or whether there was a problem related to the baby's breathing and sweating. Therefore, she decided to go to the hospital to see a doctor for an examination of the baby.
My question is: what could cause a baby to have difficulty breastfeeding properly? Is the way the baby is breathing a sign of any health problem? What danger signs should the baby's parents watch out for? What could cause a young child to sweat while breastfeeding?",http://speech-app.s3.amazonaws.com/static/audio/uploads/c130082b-c98c-4348-8ad5-65a748d7cfdb/1bd18e09502433a260e019b03c7a2a30_DaAjTsHW.wav,"Difficulty breastfeeding, accompanied by exhaustion and labored ""up-and-down"" breathing, is a critical sign of respiratory distress or congestive heart failure, commonly caused by congenital heart defects or severe pneumonia in our Nigerian setting. Excessive head and facial sweating during feeds happens because the physical exertion of sucking overwhelms the baby's compromised cardiovascular or respiratory system, triggering an exaggerated sympathetic nervous system response. Parents must urgently watch out for standard Integrated Management of Childhood Illness (IMCI) danger signs, such as fast breathing, severe lower chest indrawing, grunting, bluish lips (cyanosis), fever, or extreme lethargy. Immediate hospital evaluation, including oxygen saturation checks, chest X-rays, and an echocardiogram, is required to pinpoint the exact cardiac or pulmonary cause and initiate life-saving treatment.",Qwen-3.7-Max,qwen3.7-max
306cb1f0-f47e-4044-9514-da6efdfd53bf,english,good_english,a mother noticed that for the past few days her child had started coughing continuously at first she thought it was a cold affecting the child's chest and that it would go away however the cough did not improve every night the child wakes up suddenly because of the cough sometimes the child struggles as if it is difficult to breathe properly the mother would carry the child upright and could hear the chest walking while the child was breathing this makes it difficult for the child to sleep well at night one day after a night during which the child coughed severely and struggled to breathe properly the mother decided to go to the hospital she wanted to know what was causing the cough what was causing the breathing difficulty and how she could help the child my question is what could cause a child to cough severely and have difficulty breathing especially at night what danger signs should they watch out for when the child is coughing and what things should be avoided in order to prevent or reduced this cough,"A mother noticed that for the past few days, her child had started coughing continuously. At first, she thought it was a cold affecting the child’s chest and that it would go away. However, the cough did not improve. Every night, the child wakes up suddenly because of the cough. Sometimes, the child struggles as if it is difficult to breathe properly. The mother would carry the child upright and could hear the chest working while the child was breathing. This makes it difficult for the child to sleep well at night.
One day, after a night during which the child coughed severely and struggled to breathe properly, the mother decided to go to the hospital. She wanted to know what was causing the cough, what was causing the breathing difficulty, and how she could help the child.
My question is: what could cause a child to cough severely and have difficulty breathing, especially at night? What danger signs should they watch out for when the child is coughing? What things should they avoid in order to prevent or reduce this cough?",http://speech-app.s3.amazonaws.com/static/audio/uploads/b1cdb61a-4286-4f92-a537-c16a5697cd0f/898ef53789bfab4a139623d7f4b3a544_zgq3Luqk.wav,"The child's severe nocturnal cough and audible ""chest walking"" (wheezing) strongly suggest asthma, reactive airway disease, or an acute lower respiratory infection like pneumonia, which are highly prevalent in our community. Nighttime worsening and relief when held upright occur due to airway hyperresponsiveness and mucus pooling, necessitating a clinical exam to differentiate the exact cause. The mother must urgently watch for IMCI-recognized danger signs like fast breathing, lower chest wall indrawing, inability to drink, extreme lethargy, or bluish lips, which mandate immediate emergency hospital care. To prevent and reduce these episodes, she must strictly avoid exposing the child to common Nigerian household respiratory irritants such as firewood smoke, kerosene stoves, mosquito coils, and cigarette smoke. Finally, she should avoid using over-the-counter cough suppressants, which are ineffective and potentially harmful to young children, and instead rely on prescribed medications like bronchodilators based on the doctor's diagnosis.",Qwen-3.7-Max,qwen3.7-max
0429f217-2ba8-4fde-b80b-a3a545934026,english,good_english,i'm 32 years old i just gave birth i just gave birth seven days ago i notice that if i'm breastfeeding the child he struggles to suck the breast if the child sucks a little bit the child will remove his mouth if i try to put the breast in his mouth so he can suck he will suck again a little bit and remove his mouth i now thought that why doesn't the child suck breast well i now noticed that the child has cold he's not breathing out well like a child snoring that's how it sounds i called the attention of my mother-in-law she said maybe while we want to give birth to him maybe water entered his head or other things but i thought if water entered his head the nurses and doctors ought to know if water entered the child's head what now shattered my heart the most was the way he's not feeding well it's giving me concern and my mind is not at rest it does not suck well at all it's by force anytime i want to breastfeed the child i have to wake him to suck a little that's if he agrees to what i want to ask is that what's the cause of the cold that it doesn't breathe well and that anytime it breathes it will look like someone that the nose is blocked and that what is the cause that is not sucking breastwell,"I’m 32 years old , I just gave birth , I just gave birth 7days ago , I noticed that if I’m breast feeding the child , he struggles to suck the breast , if the child suck a little bit , the child will remove his mouth if I try to put the breast in his mouth so he can suck , he will suck again a little bit and remove his mouth , I now thought that why did the child doesn’t suck breast well , I now noticed that the child has cold , his not breathing out well like a child snoring that’s how he sounds, I call the attention of my mother in law , she say maybe while we want to give birth to the child maybe water enters his head or other things but I thought if water enters his head , the nurses and doctors ought to know if water enters the child’s head , what now shattered my heart the most was the way he’s not feeding well , it’s giving me concern and my mind is not at rest , he doesn’t suck well at all , it’s by force any time I want to breastfeed the child , I have to wake him to suck a little that’s if he agrees to , what I want to ask is that what’s the cause of the cold that he doesn’t breathe well and that anytime he breathe it’s would look like someone that the nose is blocked  and that what is the cause that he’s not sucking breast well .",http://speech-app.s3.amazonaws.com/static/audio/uploads/9cc562be-c195-4c12-8c16-130f86eb5fa9/0df772cf4bd08662a32ef9f68b31cd07_Cfyaxdur.wav,"The ""snoring"" and blocked nose are likely caused by neonatal nasal congestion or mild milk reflux, not ""water entering the head,"" which is a common cultural myth. Because newborns are obligate nasal breathers, a blocked nose forces your baby to repeatedly detach from the breast to breathe through his mouth, explaining his poor sucking. More importantly, needing to constantly wake a 7-day-old baby to feed is a critical danger sign that could indicate a serious underlying condition like neonatal sepsis (infection) or hypoglycemia (low blood sugar). While you can use normal saline drops to gently clear his nasal passages, you must take him to a primary health centre or hospital immediately today for a thorough medical evaluation.",Qwen-3.7-Max,qwen3.7-max
6c61e24c-8041-4734-b186-b6c30e72d219,english,good_english,this lady gave birth at our place this morning she delivered the baby at dawn when she arrived around 8am the person who was with her at home called us saying this lady was shivering her body was very hot and she had a lot of body tissues which really bothered her we went to see the lady covered her with a clothes and checked her temperature meaning how hot her body was and it was thirty eight point two we performed a malaria test for this lady that is a malaria rapid test diagnosis was done this lady is not well it looks like malaria we asked if she had eaten and she said she hadn't eaten anything we told those who were with her to give her tea to let the lady drink it as she breastfed the baby she said when she wanted to breastfeed the baby she noticed the baby pass to or had a bower movement we then asked the lady to sit up and lean back on the bed she was on to let our body recover better not completely but to help and our eyes were not white or pale so we advised that once she had eaten she should take paracetamol after she had finished taking the paracetamol we decided how many days it will be before we can give it to the lady again she has malaria and we performed a malaria test please we can give it to her again once she has finished eating and we have adviced to take parastal more since she's feeling weak if it doesn't go away we will know what kind of treatments to provide,"This lady gave birth at our place this morning; she delivered the baby at dawn. When she arrived around 8:00 AM, the person who was with her at home called us, saying this lady was shivering, her body was very hot, and she had a lot of body issues which really bothered her. We went to see the lady, covered her with a cloth, and checked her temperature—meaning how hot her body was—and it was 38.2. We performed a malaria test for this lady, that is, a malaria rapid test diagnosis was done. This lady is not well, it looks like malaria. We asked if she had eaten, and she said she hadn't eaten anything. We told those who were with her to give her tea, to let the lady drink it. Has she breastfed the baby? She said when she wanted to breastfeed the baby, she noticed the baby passed stool/had a bowel movement. We then asked the lady to sit up and lean back on the bed she was on, to let her body recover better—not completely, but to help—and her eyes were not white/pale. So, we advised that once she has eaten, she should take Paracetamol. After she has finished taking the Paracetamol, we decided how many days it will be before we can give it to the lady again. She has malaria, and we performed a malaria test. Please, we can give it to her again. Once she has finished eating, and we have advised her to take Paracetamol, since she is feeling weak, if it doesn't go away, we will know what kind of treatment to provide.",http://speech-app.s3.amazonaws.com/static/audio/uploads/8fa1af4f-6289-47e5-a2a1-61d2770e6544/4136145b69518b61de75dd85af63b366_x3QjVBt0.wav,"While Paracetamol (1g every 8 hours) is safe for her fever and breastfeeding, a positive malaria RDT requires immediate treatment with an Artemisinin-based Combination Therapy (ACT) like Artemether-Lumefantrine, rather than just symptom management. The ""tissues"" she is passing are likely normal postpartum lochia, but her shivering and high fever require an urgent pelvic examination to rule out retained products of conception and puerperal sepsis. Do not wait to see if the fever resolves with Paracetamol alone; administer the ACT immediately after she eats, encourage oral hydration, and closely monitor her vital signs and vaginal bleeding. If her fever persists, or if she develops foul-smelling discharge, pelvic pain, or heavy bleeding, you must initiate broad-spectrum antibiotics for suspected endometritis and promptly refer her to a comprehensive emergency obstetric care facility.",Qwen-3.7-Max,qwen3.7-max
e8fa0c97-2352-48e6-93e0-9edf8955cd55,english,good_english,doctor i bought my five years and two months old child who has had this condition for about two months who finds it difficult to breathe at night and also coughs all the time this cough has become persistent i bought a tb cough medicine called to tolling children for him he has finished one bottle but the cough has not gone and it is still difficult for him to breathe at night i did a tb test for him but they told me that he does not have tuberculosis so doctor what could if what could cause a five year old child to have a persistent cough and what could cause a five year old child to have difficulty breathing at night,"Doctor, I brought my 5 years and 2 months old child, who has had this condition for about two months, who finds it difficult to breathe at night and also coughs all the time.
This cough has become persistent.
I bought a TB cough medicine called Tutolin Children for him; he has finished one bottle, but the cough has not gone, and it is still difficult for him to breathe at night.
I did a TB test for him, but they told me that he does not have tuberculosis.
So doctor, what could cause a 5-year-old child to have a persistent cough, and what could cause a 5-year-old child to have difficulty breathing at night?",http://speech-app.s3.amazonaws.com/static/audio/uploads/c4031d06-1f5e-4531-a212-379cf06b9a9d/5d82cb5522c98aec9f901e050018e52d_OSnAt1Vu.wav,"Based on the two-month history of persistent cough and nighttime breathing difficulty with a negative TB test, your child is most likely suffering from childhood asthma or enlarged adenoids. Asthma classically causes chronic coughing and airway constriction that worsens at night, while enlarged adenoids can physically obstruct the upper airway when a child lies flat to sleep. In our local environment, common triggers such as mosquito coil smoke, firewood, dust, or Harmattan weather changes frequently exacerbate these underlying conditions. Please discontinue the use of unprescribed cough syrups, as they do not treat the root cause and can cause unwanted side effects in young children. Kindly take him to a clinic for a proper chest examination so the doctor can prescribe standard asthma inhalers with a spacer to effectively open his airways and relieve his symptoms.",Qwen-3.7-Max,qwen3.7-max
9df719ce-bc9f-44b6-bded-3077ed94da7e,english,good_english,good evening i came because of my younger sibling i noticed that their eyes and skin have a pale yellowish color and this has been going on for about three days now their body is also very hot burning with a fever and they cannot eat they cannot retain anything in fact they are shivering and weakened heavily because their head is throbbing their head is aching and their body is burning hot we have tried using some things at home we gave them but even so there is absolutely no difference in their condition their eyes and skin that have that pale yellowish color it hasn't stopped that yellow color is just increasing day by day and they are not at peace they are not comfortable they are suffering god forbid they are really suffering that is why i came to the hospital so we can know what to do the steps we need to take so that my younger sibling's body their skin and eyes that are turning yellow will stop and they will recover,"Good evening I came because of my younger sibling. I noticed that their eyes and skin have an airy... a pale/yellowish color. And this has been going on for about three days now. Their body is also very hot, burning with a fever, and they cannot eat. They cannot retain anything, they cannot retain anything. In fact, they are shivering/weakened heavily. Because their head is throbbing, their head is aching, and their body is burning hot. We have tried using some things at home, we gave them, but even so, there is absolutely no difference in their condition. Their eyes and skin that have that pale/yellowish color, it hasn't stopped, that yellow color is just increasing day by day, and they are not at peace, they are not comfortable, they are suffering, God forbid, they are really suffering. That is why I came to the hospital so we can know what to do, the steps we need to take, so that my younger sibling's body, their skin and eyes that are turning yellow, will stop, and they will recover.
",http://speech-app.s3.amazonaws.com/static/audio/uploads/a414aded-62b8-4fc4-929d-26b35caeb978/989e6eadd835e1b96f4e8861a07e4c4c_MrBEXoaG.wav,"Your sibling's symptoms of progressive jaundice, high fever with shivering, severe headache, and inability to retain food are red flags for severe malaria or acute viral hepatitis, which are medical emergencies in our environment. We must immediately admit them to the ward, start intravenous (IV) fluids to treat dehydration, and give IV artesunate to treat potential severe malaria while we await test results. I am ordering urgent blood tests, including a malaria parasite test, full blood count, and liver function tests, to confirm the exact cause of the yellowing and guide specific therapy. We will also administer injectable paracetamol and antiemetics to safely bring down the fever, relieve the throbbing headache, and stop the vomiting since they cannot retain oral medications. Please stay calm and reassure your sibling, as prompt hospital admission and these IV treatments are the exact steps needed to halt the jaundice and ensure their recovery.",Qwen-3.7-Max,qwen3.7-max
bab7d10c-f1cb-42d6-8ccb-2d86b31e91cb,english,good_english,i sent my son to buy a redo for me in the neighborhood yesterday after about fifteen minutes he suddenly came home crying when i asked what had happened he told me that a dog had beaten him on the leg i asked what kind of dog it was and where it came from but they said they did not know where the dog came from or whether it was a neighborhood dog at that point i applied oil to the place where the dog beat in to neutralize the poison of the dog afterwards i was advised to take him to a maternity clinic in the neighborhood i took him there and he prescribed a tetanous injection for me to buy from a chemist i bought the injection and it was administered to him yesterday i have since taken him home but since yesterday the wound has become swollen and the surrounding area is red i am now worried that the dog may have transmitted rabies to my child i would like to ask whether there is any medicine i can buy for him or whether i should take him to a hospital for further treatment,"I sent my son to buy ewedu for me in the neighborhood yesterday evening. After about fifteen minutes, he suddenly came home crying. When I asked what had happened, they told me that a dog had bitten him on the leg. I asked what kind of dog it was and where it came from, but they said they did not know where the dog came from or whether it was a neighborhood dog. At that point, I applied oil to the place where the dog bit him to neutralise the poison of the dog. Afterwards, I was advised to take him to a maternity clinic in the neighborhood. I took him there, and they prescribed a tetanus injection for me to buy from a chemist. I bought the injection, and it was administered to him yesterday. I have since taken him home, but since yesterday, the wound has become swollen and the surrounding area is red. I am now worried that the dog may have transmitted rabies to my child. I would like to ask whether there is any medicine I can buy for him or whether I should take him to a hospital for further treatment.",http://speech-app.s3.amazonaws.com/static/audio/uploads/0c668338-7a3f-4708-9e25-983322c59c7f/02054e13bbc52ecf3f2ee3a25fe6fa7f_RwuF8H6b.wav,"You must take your son to a general hospital immediately, as there is no over-the-counter medicine you can buy from a chemist to prevent or treat rabies. Since the dog is unknown, he urgently requires a full course of anti-rabies vaccines to prevent this fatal disease, and the current swelling and redness indicate a secondary bacterial infection requiring prescription antibiotics. Applying oil to a dog bite is a harmful traditional practice that traps bacteria; the wound should have been thoroughly washed with soap and water to reduce the viral and bacterial load. Although the tetanus injection was a good step, please proceed to the hospital right away for proper wound debridement, antibiotic therapy, and comprehensive rabies post-exposure prophylaxis.",Qwen-3.7-Max,qwen3.7-max
f0faac29-3025-4671-8a8d-adc9918b703d,english,good_english,a woman brought a three-year-old child who came to the hospital for a check-up this morning the explanation given was that when people talk to the child it doesn't react it doesn't respond it doesn't look at the person talking to him and when they call his name it doesn't even react as if he heard anything at all in the question we asked the woman has the child ever had any seizure his mother said he has never had any seizure at all we also asked as the child received all his immunization vaccines the ones he should have received according to what his mother brought the medical card we used for verification showed that it is true the child received immunization vaccines and in it we saw that the child has received all his immunization vaccines completely my next question is regarding this kind of situation with a child who has no seizure and who has received all the immunization vaccines completely what kind of thing could cause such situation in such a child,"A woman brought her three-year-old child who came to the hospital for a check-up this morning. The explanation given was that when people talk to the child, he doesn't react—he doesn't respond, he doesn't look at the person talking to him, and when they call his name, he doesn't even react as if he heard anything at all.
In the question we asked the woman, 'Has the child ever had any seizures?' His mother said he has never had any seizures at all. We also asked, 'Has the child received all his immunization vaccines, the ones he should have received according to what his mother brought?' The medical card we used for verification showed that it is true the child received immunization vaccines, and in it, we saw that the child had received all his immunization vaccines completely.
My next question is: 'Regarding this kind of situation with a child who has no seizures, and who has received all their immunization vaccines completely, what kind of thing could cause such a situation in such a child?",http://speech-app.s3.amazonaws.com/static/audio/uploads/5e370cc9-fefb-462b-8d77-fe746ab674b0/7bc67ffc7e85895eb1ea0bbe4e09a55c_1SCGFhJg.wav,"In a fully immunized three-year-old with no seizure history presenting with poor eye contact and unresponsiveness to their name, the primary differentials are profound hearing impairment and Autism Spectrum Disorder (ASD). In our Nigerian setting, sensorineural hearing loss is highly prevalent and often results from untreated severe neonatal jaundice (kernicterus) or congenital infections, making formal audiological testing like BERA crucial. Concurrently, the specific lack of social reciprocity and failure to respond to verbal cues are hallmark red flags for ASD, which should be evaluated using standardized tools like the M-CHAT. While global developmental delay is another possibility, distinguishing between deafness and autism requires immediate audiological screening and a comprehensive neurodevelopmental assessment. Therefore, I would urgently refer the child to an audiologist and a pediatric neurologist to establish a definitive diagnosis and initiate early intervention.",Qwen-3.7-Max,qwen3.7-max
50c16e3d-71d8-414c-8d48-c9988857d975,english,good_english,my name is titi lola since yesterday my child's body has been burning shaving intensely the child cannot turn their neck at all it seems as if the child's neck can no longer be turned the child can only open one eye what could be causing the fever and the inability to turn my child's neck what kind of examination can i perform so that i can know what is causing the fever and the inability to turn the child's neck what kind of results could appear within the child's body that could cause the fever and the inability to turn the child's neck,"My name is Titilola. Since yesterday, my child's body has been burning, shivering intensely. The child cannot turn their neck at all. It seems as if the child's neck can no longer be turned. The child can only open one eye. What could be causing the fever and the inability to turn my child's neck? What kind of examination can I perform so that I can know what is causing the fever and the inability to turn the child's neck? What kind of result could appear? Within the child's body that could cause the fever and the inability to turn the child's neck.",http://speech-app.s3.amazonaws.com/static/audio/uploads/c3e9cfc0-8637-4954-b423-c0be9a71f715/4f0b4abb672b26ebb40fa965cf69dd5c_2TyJiCgO.wav,"Titi Lola, your child's high fever, intense shivering, severe neck stiffness, and inability to open both eyes are classic danger signs of meningitis or cerebral malaria, which are life-threatening emergencies. Do not attempt any home examinations like forcing the child's neck to bend, as this is dangerous; your only action must be to rush the child to the nearest hospital immediately. These symptoms are caused by severe inflammation of the meninges due to infection, which triggers neck muscle spasms and increases pressure inside the skull, affecting the nerves that control the eyes. To find the exact cause, doctors will perform blood tests and a lumbar puncture, which may reveal malaria parasites, bacteria, or viruses, along with high white blood cells and protein in the cerebrospinal fluid. In our Nigerian hospitals, we will immediately start life-saving intravenous antibiotics or antimalarials based on these findings, so please seek emergency medical care right now.",Qwen-3.7-Max,qwen3.7-max
8a461b5c-55b1-4551-a9b6-d919b99190a3,english,good_english,a woman notices that her husband coughs very strongly when they wake up in the morning wash still on the bed the cough starts suddenly and takes a long time before it stops as time goes on she also notices that her husband struggles to breathe properly when he walks a little distance or climbs stairs he stops to catch his breath and becomes tired very quickly one day after her husband spent a long time coughing and trying to regain his breath the wife became worried she started thinking that maybe there is a disease causing all these problems the next day she spoke with her husband to go to the hospital so that they can see a doctor and know exactly what is happening the question is what can cause a cough to be this severe with constant tiredness and difficulty breathing all the time when the cough occurs can this problem be related only to lung disease or heart disease what are the things that can cause death or make a person struggle to breathe severely to the point that the person needs urgent medical attention what are the danger signs of breathing problems that the family should watch out for regarding cough and difficulty breeding,"A woman noticed that her husband coughs very strongly when they wake up in the morning while still on the bed. The cough starts suddenly and takes a long time before it stops. As time goes on, she also notices that her husband struggles to breathe properly. When he walks a little distance or climbs stairs, he stops to catch his breath and becomes tired very quickly.
One day, after her husband spent a long time coughing and trying to regain his breath, the wife became worried. She started thinking that maybe there is a disease causing all these problems. The next day, she spoke with her husband to go to the hospital so that they can see a doctor and know exactly what is happening.
The question is what can cause a cough to be this severe, with constant tiredness and difficulty breathing all the time when the cough occurs? Can this problem be related only to lung disease or heart disease? What are the things that can cause death or make a person struggle to breathe severely, to the point that the person needs urgent medical attention?
What are the danger signs of breathing problems that the family should watch out for regarding cough and difficulty in breathing?",http://speech-app.s3.amazonaws.com/static/audio/uploads/115ce5dc-c95e-40c5-9a67-f2e55fcb5c91/498edb062e99b3a5e70e46971f7e146f_gEK5baX4.wav,"In our Nigerian community practice, this presentation of severe morning cough, fatigue, and exertional breathlessness is highly suspicious for Pulmonary Tuberculosis (TB), Chronic Obstructive Pulmonary Disease (COPD), or Heart Failure, meaning the root cause can be strictly pulmonary, strictly cardiac, or a combination like Cor Pulmonale where chronic lung disease causes right-sided heart failure. Fatal or severely distressing breathing emergencies in these conditions arise from acute complications like massive hemoptysis (coughing blood) in advanced TB, acute pulmonary edema (fluid flooding the lungs) in heart failure, or a sudden collapsed lung (pneumothorax). The family must seek immediate emergency care if they observe danger signs such as coughing up frank blood, bluish lips or fingertips (cyanosis), severe chest pain, altered mental status, or an inability to speak in full sentences without gasping. Prompt hospital evaluation with a chest X-ray, sputum GeneXpert test for TB, and an ECG is essential to accurately diagnose the condition and initiate life-saving treatment.",Qwen-3.7-Max,qwen3.7-max
b59970de-0e5f-4001-a5db-60b6c592f38f,english,good_english,after i gave birth and i was trying to recover one evening i thought that since we did not have a clean water in our area if i wanted to bath i would always use water that is not clean all the time i kept thinking that i should take care of myself and be within properly then when it became one evening my body was no longer well i started feeling cold and my body began to shiver every day i was feeling cold but my body was no well again i noticed that the blood that was coming out after childbirth had a smell coming from there that was no good at all the smell was much and this had not happened before i could not take my eyes away from it as i got up that was when i was coming to the hospital to ask whether the clean water that i used to be could cause any illness after that,"After I gave birth and I was trying to recover, one evening I thought that since we did not have clean water in our area, if I wanted to bathe, I would always use water that is not clean all the time, I kept thinking that I should take care of myself and be bathing properly.
Then, when it became one evening, my body was no longer well. I started feeling cold, and my body began to shiver every day. I was feeling cold, but my body was not well again. I noticed that the blood that was coming out after childbirth had a smell coming from there that was not good at all. The smell was much, and this had not happened before.
I could not take my eyes away from it. As I got up, that was when I was coming to the hospital to ask whether the clean water that I used to bathe could cause any illness after childbirth ",http://speech-app.s3.amazonaws.com/static/audio/uploads/0a245b8d-44fc-4b40-8f1c-d466598db6ba/f321e04e965b28fc20d0d6919adb9013_MGTAvaTQ.wav,"The shivering, chills, and foul-smelling postpartum bleeding and discharge you are experiencing are classic signs of puerperal sepsis (a severe womb infection), which is highly unlikely to be caused directly by unclean water used for external bathing. This infection typically occurs when bacteria ascend into the uterus during childbirth or from retained placental fragments, rather than from bathwater. You need immediate hospital admission for intravenous broad-spectrum antibiotics and an ultrasound to rule out retained products of conception. In our community hospitals, puerperal sepsis is a leading cause of severe maternal complications, so prompt medical intervention is critical to prevent the infection from spreading to your bloodstream.",Qwen-3.7-Max,qwen3.7-max
21679a41-d1e8-4f9c-975c-0c254def6509,english,good_english,a mother living in our neighborhood was pregnant with her second child at the beginning of the pregnancy everything was going normally and she was happy that a new baby was coming however a few months ago she began to experience severe lower abdominal pain one day the pain became so intense that she could hardly stand up properly shortly afterward she also started having heavy vaginal bleeding the bleeding was more than usual and it made her very weak when she saw the bleeding she became frightened that our unborn baby might be in danger her husband quickly assisted her to go to the hospital my question is what can cause severe lower abdominal pain during pregnancy is heavy bleeding during pregnancy a danger sign for the mother or the unborn baby what are the signs that indicate the pregnancy may be in trouble is there any medication that can stop the pain and bleeding without harming the unborn baby,"A mother living in our neighborhood was pregnant with her second child. At the beginning of the pregnancy, everything was going normally, and she was happy that a new baby was coming. However, a few months ago, she began to experience severe lower abdominal pain. One day, the pain became so intense that she could hardly stand up properly. Shortly afterward, she also started having heavy vaginal bleeding. The bleeding was more than usual, and it made her very weak. When she saw the bleeding, she became frightened that her unborn baby might be in danger. Her husband quickly assisted her to go to the hospital.
My question is: what can cause severe lower abdominal pain during pregnancy? Is heavy bleeding during pregnancy a danger sign for the mother or the unborn baby?
What are the signs that indicate the pregnancy may be in trouble? Is there any medication that can stop the pain and bleeding without harming the unborn baby?",http://speech-app.s3.amazonaws.com/static/audio/uploads/8ff85dc9-143a-4778-a2ca-3f17a8fbadb7/ff848d5eb12665a7f7c6dfaacd9d3513_1DtYP1Ih.wav,"Severe lower abdominal pain during pregnancy can be caused by complications like miscarriage, placental abruption, or preterm labor, and heavy bleeding is a critical danger sign risking hemorrhagic shock for the mother and death for the baby. Additional signs indicating the pregnancy is in trouble include reduced fetal movements, leaking of amniotic fluid, severe headaches, and visual disturbances. There is no single safe medication to universally stop pain and bleeding without first diagnosing the underlying cause, as improper drug use can harm the fetus or mask life-threatening symptoms. In our Nigerian community hospitals, standard practice requires immediate clinical evaluation and targeted interventions like blood transfusions or emergency surgery, meaning pregnant women experiencing these symptoms must be rushed to the facility immediately instead of attempting self-medication.",Qwen-3.7-Max,qwen3.7-max
48eb67dd-3ea9-4e95-9aeb-6f739d5c047b,english,good_english,my name is mrs akinlayer for about the past two months i have noticed that my husband's breeding has not been normal at all he also sneezes repeatedly especially whenever he is in a dusty environment or in a place where something is being fried it sneezes repeatedly and finds it difficult to breed properly its breeding becomes laboured and it tends to sneeze whenever it is in places with smoke or dust is there any taste that can be carried out to determine exactly what is causing these symptoms could stay in industry places be the cause or is his body system changing in a way that is making this happen what type of medication can he use so that his breeding will become normal and comfortable at all times wherever he may be,"My name is Mrs. Akinleye. For about the past two months, I have noticed that my husband's breathing has not been normal at all. He also sneezes repeatedly, especially whenever he is in a dusty environment or in a place where something is being fried. He sneezes repeatedly and finds it difficult to breathe properly.

His breathing becomes laboured, and he tends to sneeze whenever he is in places with smoke or dust.

Is there any test that can be carried out to determine exactly what is causing these symptoms? Could staying in dusty places be the cause, or is his body's system changing in a way that is making this happen? What type of medication can he use so that his breathing will become normal and comfortable at all times, wherever he may be?",http://speech-app.s3.amazonaws.com/static/audio/uploads/5c2b47ff-934e-40c4-b5b5-432f28b0e0d2/d4efc0e2708246ed472102cdf3811037_ASnp9s1f.wav,"Your husband's labored breathing and sneezing triggered by dust and smoke strongly suggest allergic rhinitis combined with environmental asthma, which is an immune overreaction to irritants rather than a fundamental change in his body system. To determine the exact cause, he needs a clinical evaluation including spirometry (a lung function test), peak expiratory flow rate monitoring, and possibly allergy tests or a chest X-ray. His symptoms are directly caused by exposure to these environmental triggers, making avoidance or the use of a protective facemask in dusty and smoky areas a crucial preventive measure. For medication, a doctor will likely prescribe a salbutamol inhaler for immediate relief, a daily inhaled corticosteroid to reduce airway inflammation, and an antihistamine like loratadine to control the sneezing. Please bring him to the hospital for a proper chest examination and tailored prescription, as self-medicating without a confirmed diagnosis can be dangerous and worsen his respiratory condition.",Qwen-3.7-Max,qwen3.7-max
fec14073-dfa2-476e-809c-c07bd3e953eb,english,good_english,a 30-year-old woman gave death a few minutes ago the delivery was said to be normal however since the baby was born the baby has been having serious difficulty the baby is not crying well and is not responding as a newborn shield after birth the baby did not cry properly and seems to have difficulty waking up the body seems stiff or not moving properly as expected the baby also cannot feed well and is struggling to breastfeed the mother is worried because our previous children used to cry immediately after birth what can cause this problem what tests can be done on the baby and what emergency steps should be taken what can be done for this newborn baby,"A 30-year-old woman gave birth a few minutes ago. The delivery was said to be normal. However, since the baby was born, the baby has been having serious difficulty. The baby is not crying well and is not responding as a newborn should.
After birth, the baby did not cry properly, and seems to have difficulty waking up. The body seems stiff or not moving properly as expected. The baby also cannot feed well and is struggling to breastfeed.
The mother is worried because her previous children used to cry immediately after birth. What can cause this problem? What tests can be done on the baby, and what emergency steps should be taken? What can be done for this newborn baby?",http://speech-app.s3.amazonaws.com/static/audio/uploads/0b17fba7-ce86-4ca5-9f6d-40a14644ac29/10db19e060883487669c8310e238e9ea_I5fQFaCA.wav,"This newborn is likely suffering from birth asphyxia leading to hypoxic-ischemic encephalopathy, or severe neonatal hypoglycemia and sepsis, which explains the poor cry, abnormal stiffness indicating possible seizures, and lethargy. Immediate emergency steps must follow standard neonatal resuscitation protocols by ensuring warmth, clearing the airway, stimulating the baby, and initiating positive pressure ventilation with a bag and mask if breathing remains inadequate. Urgent investigations should include a bedside capillary blood glucose test to immediately rule out and treat hypoglycemia, alongside a full blood count, blood culture, and serum electrolytes to evaluate for sepsis. The baby requires urgent admission to the Special Care Baby Unit for supportive care, including intravenous fluids, oxygen therapy, and empirical antibiotics while awaiting test results. Direct breastfeeding should be temporarily paused to prevent aspiration, with nutrition provided via intravenous fluids or expressed breast milk through a nasogastric tube until the baby's suck reflex and neurological status improve.",Qwen-3.7-Max,qwen3.7-max
efd55ffe-21e5-4cfd-8737-d8de46f267c1,english,good_english,alavokun said she has been having blood vision together with weakness and that edic has not allowed her to be comfortable for about two weeks she has not been able to sleep well at night both her legs hands and face have been swollen she has been trying her best she was advised to take some things but she did not notice any improvement she was reassured that she would get better she was examined and there was no obvious respiratory distress all the important things that i needed to be accessed were checked and there was nothing else significant she was able to climb a staircase without difficulty our blood pressure was checked and it was found to be 16800 she was asked to rest and after some time with us our blood pressure was checked again and it was 1590 it was noted that she was pregnant therefore treatment for high blood pressure that is suitable for pregnant women was started since it is considered safe in pregnancy she was also educated on all the things she should avoid doing especially avoiding excessive stress that could cause our blood pressure to rise further my question is after all the things that have been done for this kind of pregnant women for pregnant women who have persistent edites and facial swelling what other measures can be used to manage such a pregnant woman without causing a condition to progress into convulsions considering that she is pregnant also what are the things a pregnant woman can do to prevent getting to this stage before she presents in such a condition,"Alabukun said that she has been having blurred vision, together with weakness, and that headache has not allowed her to be comfortable. For about two weeks, she has not been able to sleep well at night. Both her legs, hands, and face have been swollen. She has been trying her best. She was advised to take some things, but she did not notice any improvement. She was reassured that she would get better.
She was examined, and there was no obvious respiratory distress. All the important things that needed to be assessed were checked, and there was nothing else significant. She was able to climb a staircase without difficulty. Her blood pressure was checked, and it was found to be 168/100. She was asked to rest, and after some time with us, her blood pressure was checked again, and it was 150/90.
It was noted that she was pregnant. Therefore, treatment for high blood pressure that is suitable for pregnant women was started, since it is considered safe in pregnancy. She was also educated on all the things she should avoid doing, especially avoiding excessive stress that could cause her blood pressure to rise further.
My question is: after all the things that have been done for this kind of pregnant woman, for pregnant women who have persistent headaches and facial swelling, what other measures can be used to manage such a pregnant woman without causing her condition to progress to convulsions, considering that she is pregnant? Also, what are the things a pregnant woman can do to prevent getting to this stage before she presents in such a condition?",http://speech-app.s3.amazonaws.com/static/audio/uploads/59452b8e-516e-41a4-a28f-4b6cc37951d8/b3156f4a14e626a26753b83129142199_56uvoAs7.wav,"To prevent progression to eclamptic convulsions in this patient with severe preeclampsia (indicated by her 'blood vision' and hypertension), Magnesium Sulphate must be administered as the gold-standard seizure prophylaxis, alongside planning for timely delivery which is the definitive cure. For her persistent edema, diuretics should be strictly avoided to prevent intravascular volume depletion, so we should instead advise leg elevation, resting in the left lateral position to improve venous return, and close monitoring of fluid balance. To prevent reaching this severe stage, women must attend early and regular Antenatal Care (ANC) for routine blood pressure and urinalysis checks, with high-risk patients receiving prophylactic low-dose aspirin and calcium supplementation from the first trimester. Additionally, community health education should promote a balanced diet, adequate rest, and prompt hospital presentation upon noticing early warning signs like persistent headaches, visual blurring, or sudden facial swelling. Ultimately, ensuring strict adherence to these preventive ANC practices and facilitating rapid hospital referral for any severe features remains our most effective strategy in the Nigerian community setting to safeguard maternal health.",Qwen-3.7-Max,qwen3.7-max
b52c20f6-9612-47cf-af15-432a9f2fe181,english,good_english,one of my senior siblings just gave breath to a girl few days ago she noticed that anytime she breathfeed she have difficulty in breathing sometime the child stopped sucking suddenly like the child is lifeless one day the mother see that when she breathfeed the child at midnight she noticed that the child's lips is already changing little by little she was so disappointed and confused she tried carrying the child up so that the child to breathe well but the child have difficulty in breathing her was also afraid when he saw the child having difficulty breathing and the lips changing they quickly carried the child to the hospital for medical attention what can the lips of a newborn child change color and its difficulty breathing when a child is shocking a dangerous sign and its heart disease or liver disease cause a child difficulty in breathing what are other dangerous signs and symptoms that parents can be cautious of and what are the emergency treatment that can be given to a child that have difficulty in breathing,"One of my senior siblings just gave birth to a girl few days ago , she noticed that anytime she breast feed she have difficulty in breathing , sometime the child stops sucking suddenly like the child is lifeless , one day the mother see that when she breastfeed the child at midnight she noticed that the child lips is already changing little by little she was so disappointed and confused, she tried  carrying  the child up so that the child to breathe well but the child have difficulty in breathing , her was also afraid when he saw the child having difficulty breathing and the lips changing , they quickly carried the child to the hospital for medical attention , what can the lips of a newborn child change color and is difficulty breathing when a child is sucking a   dangerous sign and is heart disease or liver disease cause a child difficulty in breathing , what are other dangerous signs and symptoms that parent can be cautious of , and what are the emergency treatment that can be given to a child that have difficulty in breathing.",http://speech-app.s3.amazonaws.com/static/audio/uploads/5d00cd62-5c2a-47e0-ba42-88ff267e91de/8db13b3408269957a9a598446ea232bb_yDwQHmnr.wav,"The bluish discoloration of the lips (cyanosis) and breathing difficulty during breastfeeding are highly dangerous signs strongly suggestive of a congenital heart defect rather than liver disease, because the physical exertion of sucking rapidly depletes the baby's compromised oxygen levels. Parents must also watch for other critical neonatal danger signs, including fast breathing (over 60 breaths per minute), severe lower chest wall indrawing, grunting, nasal flaring, extreme lethargy, and poor feeding. Emergency treatment at our community hospital level involves immediately clearing the airway, administering supplemental oxygen to correct hypoxia, and keeping the baby warm to minimize oxygen consumption. After initial stabilization, the newborn requires urgent referral to a tertiary pediatric center for an echocardiogram to confirm the cardiac anomaly and plan definitive surgical management. Prompt recognition of these symptoms and rapid transfer are essential in our healthcare setting to prevent fatal cardiopulmonary collapse before specialized care is reached.",Qwen-3.7-Max,qwen3.7-max
27ce4e55-f624-41bb-b682-93b6327818fe,english,good_english,a pregnant woman came to the hospital this evening and explained that her husband often shouts at her and frequently beats her she said that this has caused her to become very fearful many times whenever she hears that her husband is coming home or when she is about to go home she becomes afraid because she worries that he may beat her or verbally abuse her she also noticed that her heart often raises or pounds she went to have her blood pressure checked and she was told that her blood pressure was elevated she said that she sought help from her parents and explained the situation to them as a result her parents gave her a traditional arbour remedy into brackets agbo but there was no improvement after she used it she wants to know what can she do so that she will no longer be overwhelmed by fear whenever she is going home or hears that her husband is coming what can she use or do to help restore a peace of mind calmness and emotional wellbeing,"A pregnant woman came to the hospital this evening and explained that her husband often shouts at her and frequently beats her. She said that this has caused her to become very fearful.
Many times, whenever she hears that her husband is coming home or when she is about to go home, she becomes afraid because she worries that he may beat her or verbally abuse her.
She also noticed that her heart often races or pounds. She went to have her blood pressure checked, and she was told that her blood pressure was elevated.
She said that she sought help from her parents and explained the situation to them. As a result, her parents gave her a traditional herbal remedy (""agbo""), but there was no improvement after she used it.
She wants to know:
What can she do so that she will no longer be overwhelmed by fear whenever she is going home or hears that her husband is coming?
What can she use or do to help restore her peace of mind, calmness, and emotional well-being?",http://speech-app.s3.amazonaws.com/static/audio/uploads/407249ff-42df-4b7b-bc18-59c6db93cdfc/22315e6de3ea823f350c794823894174_6hrBhbjm.wav,"You must immediately stop taking agbo, as unregulated herbal concoctions are highly toxic and can cause severe maternal complications, fetal anomalies, or miscarriage. Your fear, palpitations, and elevated blood pressure are direct physiological responses to the trauma of intimate partner violence, meaning your most crucial intervention is ensuring your physical safety by temporarily relocating away from your husband. To safely restore your peace of mind during pregnancy, I will refer you to our hospital's medical social worker and clinical psychologist for trauma-focused counseling and cognitive behavioral therapy, avoiding potentially harmful anti-anxiety medications. For immediate relief from panic, practice deep diaphragmatic breathing and grounding techniques, which are proven, drug-free methods to lower your heart rate and calm your nervous system. Additionally, we will closely monitor your blood pressure and fetal well-being in our antenatal clinic to ensure this chronic stress has not triggered pre-eclampsia.",Qwen-3.7-Max,qwen3.7-max
f5ecca7b-748e-405e-af96-af65897c4b34,english,good_english,adeolu is a 10-year-old child whose mother was my sister however for a few days now i have noticed that this child sits alone ever since his mother died he does not want to play with anyone and he does not want to talk to anyone he has also started refusing to eat and it looks like he is thinking too much and his heart broken this frightened me and so i decided to take him to the hospital for help when i got to the hospital i asked the doctor could this child's condition be due to the grief of his mother's death and what can i do to help at home or does this child need to speak to a mental health professional or what can i do to make him eat or play with his peers and does he need any medication to help,"Adeolu is a ten-year-old child whose mother was my sister. However, for a few days now, I have noticed that this child sits alone ever since his mother died; he does not want to play with anyone, and he does not want to talk to anyone. He has also started refusing to eat, and it looks like he is thinking too much and is heartbroken. This frightened me, so I decided to take him to the hospital for help. When I got to the hospital, I asked the doctor, 'Could this child's condition be due to the grief of his mother's death?' And, 'What can I do to help at home, or does this child need to speak to a mental health professional, or what can I do to make him eat or play with his peers, and does he need any medication to help?",http://speech-app.s3.amazonaws.com/static/audio/uploads/ba655e5d-ada2-4098-8402-397c37ca029f/11b16a076b2a7efc5941a36f7d3993af_c1h2ndoX.wav,"Yes, Adeolu's condition is primarily due to severe childhood grief and possible pediatric depression triggered by the profound loss of his mother. Because his refusal to eat and extreme withdrawal are impairing his physical health, he urgently needs to speak with a mental health professional, such as a child psychologist, for specialized grief counseling. At home, leverage our strong Nigerian extended family network to provide a comforting environment, offering his favorite local meals in small, frequent portions and gently inviting him to join peers in familiar activities without pressure. Psychiatric medication is not a first-line treatment for a 10-year-old and is only prescribed by a child psychiatrist if his symptoms remain severe and unresponsive to psychological therapy.",Qwen-3.7-Max,qwen3.7-max
96a0e9e9-d88f-4848-ae24-cc4ba1b44f5d,english,good_english,i noticed that my younger sister who used to laugh happily before and who used to play with our friends has changed completely now she stays alone in our room every day she has withdrawn our self from conversations and she is no longer interested in the things she used to enjoy before i also noticed that even at all she does not want to eat with us she appears to be unhappy or like someone who is tired all the time what could be causing her to suddenly avoid our friends could it be a problem such as sadness emotional distress or anxiety how can we help her so that she can become happy again what warning science should we watch out for should she see a counselor or a mental health professional,"I noticed that my younger sister, who used to laugh happily before and who used to play with her friends, has changed suddenly.
Now, she stays alone in her room every day. She has withdrawn herself from conversations, and she is no longer interested in the things she used to enjoy before.
I also noticed that even at home, she does not want to eat with us. She appears to be unhappy or like someone who is tired all the time.
What could be causing her to suddenly avoid her friends?
Could it be a problem such as sadness, emotional distress, or anxiety?
How can we help her so that she can become happy again?
What warning signs should we watch out for?
Should she see a counsellor or a mental health professional?",http://speech-app.s3.amazonaws.com/static/audio/uploads/4b72b95b-c78b-436b-9bc6-ebc305b2ea42/492adea00775f598650872f16371614a_LaaE6NQi.wav,"Your sister’s sudden social withdrawal, loss of interest in hobbies, fatigue, and poor appetite strongly point towards clinical depression or severe emotional distress, rather than just temporary sadness. In our community practice, we often see such behavioral changes triggered by hidden psychosocial stressors, trauma, or even underlying physical illnesses like severe malaria or anemia, making a proper medical evaluation crucial. You can help her by providing a safe, non-judgmental environment, showing consistent affection, and gently encouraging her to share her feelings without forcing her. You must watch out for critical warning signs such as talks of self-harm, suicidal thoughts, giving away prized possessions, or a complete refusal to eat, which require immediate emergency intervention. Yes, she should definitely see a mental health professional or clinical counselor promptly for an accurate diagnosis and tailored therapy, as early intervention significantly improves her chances of full recovery.",Qwen-3.7-Max,qwen3.7-max
63953d69-eaa8-43f3-b906-7c31b65ec81c,english,good_english,a woman was brought to the hospital this morning because she was bleeding heavily and this had caused her a great deal of distress she was asked whether this had happened to her before and she replied that it had happened about twice previously during which she usually experienced pain and the bleeding would occur intermittently she was then asked whether she might be having a miscarriage but she said she did not know whether she was pregnant or whether she had become pregnant she was asked when she last had a mestrual period and she replied that it had not been very long as she had a last mestrual period about one and a half months ago before the bleeding started again this morning please what could cause a woman to bleed this heavily what emergency steps can be taken what treatment can be given to this woman to save her life and stop the bleeding what medicines or injections that help stop bleeding can be given to her first and what investigations can be carried out to determine the curse of such severe bleeding,"A woman was brought to the hospital this morning because she was bleeding heavily, and this had caused her a great deal of distress. She was asked whether this had happened to her before, and she replied that it had happened about twice previously, during which she usually experienced pain and the bleeding would occur intermittently. She was then asked whether she might be having a miscarriage, but she said she did not know whether she was pregnant or whether she had become pregnant. She was asked when she last had her menstrual period, and she replied that it had not been very long, as she had her last menstrual period about one and a half months ago before this bleeding started again this morning. Please, what could cause a woman to bleed this heavily? What emergency steps can be taken? What treatments can be given to this woman to save her life and stop the bleeding? What medicines or injections that help stop bleeding can be given to her first? And what investigations can be carried out to determine the cause of such severe bleeding?",http://speech-app.s3.amazonaws.com/static/audio/uploads/7b4e5923-c2e2-4179-a79f-0b45facd1a80/cdfadce328194fef123430ad5753be3d_PBWh9ZCs.wav,"Given her last menstrual period was six weeks ago, the most likely life-threatening causes are pregnancy-related complications like an incomplete miscarriage or ruptured ectopic pregnancy, though structural issues like fibroids are possible. Immediate emergency steps to save her life involve securing two large-bore IV lines for aggressive fluid resuscitation, cross-matching blood for urgent transfusion, and closely monitoring her vital signs. First-line medicines to rapidly control the bleeding include uterotonic injections such as Oxytocin or Misoprostol to contract the uterus, often combined with intravenous Tranexamic acid. Definitive treatment to stop the bleeding requires either Manual Vacuum Aspiration to evacuate the uterus if it is a miscarriage, or an emergency laparotomy if a ruptured ectopic pregnancy is found. Essential investigations to confirm the cause include a rapid urine pregnancy test, bedside pelvic ultrasound, Full Blood Count, and blood grouping with cross-matching.",Qwen-3.7-Max,qwen3.7-max
95743119-c813-4c38-a346-686838409ec0,english,good_english,a woman who lives in our house she's employed she does her work diligently and has no health issues one day while she was bathing she felt her breast and noticed something like a small hard love inside it initially she thought it was nothing serious but she felt it again on another day and realized it was still there as time went on she became very anxious she began to worry about whether this issue was developing within her breast it wasn't painful but the fact that the lump was hard and wouldn't go made her sad she also started remembering stories she used to hear about girls who had lumps in their breasts after a few weeks she decided to go see a doctor she wanted to know what caused the lump and what she needed to do to safeguard her health my questions are what can cause a heart lump in a woman's breast does every breast lump mean something that could lead to cancer what other symptoms should women look out for regarding their breasts,"A woman who lives in our house, she is employed. She does her work diligently and has no health issues.
One day, while she was bathing, she felt her breast and noticed something like a small, hard lump inside it.
Initially, she thought it was nothing serious, but she felt it again on another day and realized it was still there. As time went on, she became very anxious. She began to worry about whether this issue was developing within her breast. It wasn't painful, but the fact that the lump was hard and wouldn't go away made her sad. She also started remembering stories she used to hear about girls who had lumps in their breasts.
After a few weeks, she decided to go see a doctor. She wanted to know what caused the lump and what she needed to do to safeguard her health.
My questions are: What can cause a hard lump in a woman's breast?
Does every breast lump mean something that could lead to cancer?
What other symptoms should women look out for regarding their breasts?

",http://speech-app.s3.amazonaws.com/static/audio/uploads/06473ccd-4fdc-4cd5-89cc-70e5cd9d3262/b8bed3fe34877c2aa244cf1dabae69e5_sGUaCrxc.wav,"A hard breast lump can be caused by benign conditions like fibroadenomas, which are very common in young Nigerian women, breast cysts, fibrocystic changes, or infections, as well as malignant conditions like breast cancer. Not every lump means cancer because most are actually benign, but due to rising breast cancer rates in Nigeria, every persistent lump requires a standard triple assessment of clinical exam, imaging, and biopsy to safely rule out malignancy. Women should also look out for other red-flag symptoms such as bloody nipple discharge, nipple retraction, skin dimpling or an orange-peel texture, and painless swelling in the armpit. I strongly advise her to visit a clinic immediately for a clinical breast examination and ultrasound, as early professional evaluation is the absolute best way to safeguard her health and ease her anxiety.",Qwen-3.7-Max,qwen3.7-max
ead86e77-8bbd-4283-beb5-7e90aa5aaa34,english,good_english,as a brave woman holding a child seeing that the child is feverish the child suddenly starts shaking the child is having convulsions and is no longer in control what kind of illness is affecting this nothing mother's child and what kind of care can be given to this child,"As a brave woman holding her child, seeing that the child is feverish, the child suddenly starts shaking. The child is having convulsions and is no longer in control. What kind of illness is affecting this nursing mother's child? And what kind of care can be given to this child?",http://speech-app.s3.amazonaws.com/static/audio/uploads/10c5424d-144a-4dd1-9f97-9990459542df/49c2ff7bdbe60c848869dc64fb8ad7b4_G1CWQFwx.wav,"The child is likely experiencing a febrile convulsion, commonly triggered in our Nigerian setting by a rapid temperature spike from infections like malaria or respiratory illnesses. Immediately place the child on their side on a safe, flat surface in the recovery position to maintain a clear airway and prevent choking, ensuring you never put anything in their mouth or restrain their movements. If the seizure persists beyond five minutes, a healthcare worker should administer a fast-acting anticonvulsant like rectal diazepam to stop the shaking. Once the convulsion stops, use tepid sponging and administer weight-appropriate paracetamol to safely lower the child's body temperature. Urgently transport the child to the nearest clinic for a thorough evaluation and targeted treatment of the underlying cause, such as antimalarials, while ruling out severe conditions like cerebral malaria or meningitis.",Qwen-3.7-Max,qwen3.7-max
ec4b4ec7-75ef-41ca-ba6f-fc5c6c69d144,english,good_english,a woman had a baby a child about five months ago she explained regarding the child that there was nothing wrong at the time she gave birth as the baby was feeding vigorously as expected suddenly she noticed that the child would cry out in pain in their arms and legs it also reached the point where the child would call for help to get up to crawl or to move so as to reach their mother please what can this woman do for the child to relieve the pain in the arms and legs and to ensure they don't delay their developmental milestones therefore the mother wants to come to the hospital with the child to see a doctor and to find out what can be done to help the child's body recover and be in a healthy state,"A woman had a baby—a child—about five months ago. She explained regarding the child that there was nothing wrong at the time she gave birth, as the baby was feeding vigorously as expected. Suddenly, she noticed that the child would cry out in pain in their arms and legs. It also reached the point where the child would call for help to get up, to crawl, or to move, so as to reach their mother. Please, what can this woman do for the child to relieve the pain in the arms and legs, and to ensure they don't delay their developmental milestones? Therefore, the mother wants to come to the hospital with the child to see a doctor to find out what can be done to help the child's body recover and be in a healthy state",http://speech-app.s3.amazonaws.com/static/audio/uploads/cb7d0ab6-f969-40eb-9258-ad4b55bd80ae/06d192550816689893b8150456523768_pBOqs4ud.wav,"The mother must bring the child to the hospital immediately, as sudden limb pain and reluctance to move (pseudoparalysis) in a 5-month-old Nigerian infant strongly suggests conditions like sickle cell dactylitis, bone infection (osteomyelitis), or severe nutritional deficiencies. While in transit, she should avoid forceful massage or unprescribed traditional herbal concoctions (*agbo*), and only administer weight-appropriate pediatric paracetamol syrup for temporary pain relief. At the hospital, we will perform a detailed physical examination, limb X-rays, and blood tests—including hemoglobin electrophoresis—to accurately diagnose the underlying cause. We will then provide targeted medical treatment, such as specific analgesics, antibiotics, or vitamin supplements, to eliminate the pain and promote proper bone healing. Finally, to prevent long-term developmental delays, we will refer the child to pediatric physiotherapy to safely restore mobility and help them achieve milestones like crawling.",Qwen-3.7-Max,qwen3.7-max
cc2b8337-3bf5-44ef-8aac-fdb155b6d16e,english,good_english,i brought my nine-year-old child to the hospital this afternoon i sent the child on an errand to buy something for me in town but a dog beat the child when they brought the child home and explained what happened i examined the wound where the dog beats the child and i noticed that the wound is red and already swollen we made inquiries in the neighborhood to find out about the dog that beats the child and the dog's owner said that they have never given the dog any vaccines they mentioned that it just goes out plays and comes back inside they said they have never given the dog any medical treatment whatsoever this is why i became frightened and rushed the child to the hospital so that it wouldn't turn out that the dog that beat the child is a rabid dog what could possibly happen to a child who has been beaten by a dog what could happen to a wound that is red and sullen is it possible for an infection like rabies to enter this wound is it possible for something terrible to happen to the child as a result of this dog bite please what can i do to prevent an infection from entering this wound what vaccines and medications can be used to treat this child to ensure they receive proper care what else can we do or what medical tests can we run to care for this wound where the dog beat the child,"I brought my nine-year-old child to the hospital this afternoon. I sent the child on an errand to buy something for me in town, but a dog bit the child. When they brought the child home and explained what happened, I examined the wound where the dog bit the child, and I noticed that the wound is red and already swollen. We made inquiries in the neighborhood to find out about the dog that bit the child, and the dog's owner said that they have never given the dog any vaccines. They mentioned that it just goes out, plays, and comes back inside. They said they have never given the dog any medical treatment whatsoever. This is why I became frightened and rushed the child to the hospital, so that it wouldn't turn out that the dog that bit the child is a rabid dog. What could possibly happen to a child who has been bitten by a dog? What could happen to a wound that is red and swollen? Is it possible for an infection like rabies to enter this wound? Is it possible for something terrible to happen to the child as a result of this dog bite? Please...
What can I do to prevent an infection from entering this wound? What vaccines and what medications can be used to treat this child to ensure they receive proper care? What else can we do, or what medical tests can we run to care for the wound where the dog bit this child?

",http://speech-app.s3.amazonaws.com/static/audio/uploads/9ae3c190-338a-4c52-9a24-f0cb128863bf/c7d407bd5dafed3ab467861e9dd0713c_BVDlhm1N.wav,"A bite from an unvaccinated, roaming dog in our community carries a severe risk of fatal rabies and secondary bacterial infections, which is likely causing the wound's current redness and swelling. You must immediately wash the wound thoroughly with soap and running water for 15 minutes and apply povidone-iodine to drastically reduce the viral and bacterial load. The child urgently needs the Rabies Post-Exposure Prophylaxis (PEP) vaccine series, Rabies Immunoglobulin if the bite is deep, and a Tetanus toxoid booster to prevent these deadly infections. I will also prescribe oral antibiotics like Amoxicillin-Clavulanate (Augmentin) to treat the existing wound infection and prevent further tissue complications. No immediate blood tests are required for rabies, so you should instead try to confine and observe the dog for 10 days while strictly completing the child's vaccine schedule at the hospital.",Qwen-3.7-Max,qwen3.7-max
193bc635-2a7a-48d4-a2a1-d80de70d3f1b,english,good_english,we saw one of our pregnant women early this morning along with her husband she said that she has severe pain in her abdomen and her back is also aching even though it is not yet up to her delivery date we asked this lady how many months pregnant she is and she said it is a pregnancy of six months and a few days we then also asked this lady whether she is experiencing that pain right now or if it comes and goes and she said she is experiencing that pain right now then we asked this lady whether she saw water or saw blood and she said that she saw water and blood we then also asked this lady which number of child which number of pregnancy is the pregnancy that is inside her and she said it is her first pregnancy our question for our doctor is could this sign point to signs of labor or a sign that the pregnancy is damaged miscarriage or another sign can we tell this lady to go and do an internal photo examination which we call a scan to know what is happening,"​We saw one of our pregnant women early this morning along with her husband, she said that she has severe pain in her abdomen and her back is also aching, even though it is not yet up to her delivery date. We asked this lady how many months pregnant she is, and she said it is a pregnancy of six months and a few days. We then also asked this lady whether she is experiencing that pain right now or if it comes and goes, and she said she is experiencing that pain right now. Then we asked this lady whether she saw water or saw blood, and she said that she saw water and blood. We then also asked this lady which number of child, which number of pregnancy is the pregnancy that is inside her, and she said it is her first pregnancy. Our question for our doctor is,could this sign point to signs of labor, or a sign that the pregnancy is damaged (miscarriage), or another sign? Can we tell this lady to go and do an internal photo examination which we call a scan to know what is happening?",http://speech-app.s3.amazonaws.com/static/audio/uploads/0d76b810-cd58-4c7b-bbaa-14e1db431104/2bd4ee05cdcf559317294ce081a41a2e_cWWA0Fbu.wav,"This presentation of continuous severe abdominal pain, vaginal bleeding, and leaking liquor at six months is an obstetric emergency highly suggestive of placental abruption or premature rupture of membranes with imminent preterm delivery. You must not simply send her out for an outpatient scan, but rather immediately secure intravenous access, begin fluid resuscitation, and urgently refer her to a Comprehensive Emergency Obstetric Care facility. While an urgent ultrasound scan is crucial to assess fetal viability, it should be performed by the receiving obstetric team upon arrival because in our Nigerian clinical practice, continuous pain with bleeding strongly points to placental abruption which requires immediate intervention. Therefore, prioritize emergency transport and maternal resuscitation over sending her for a standalone scan, as any delay in managing this life-threatening condition could be fatal for both mother and baby.",Qwen-3.7-Max,qwen3.7-max
022c11b7-cca9-4275-af59-e4e8ee59e43f,english,good_english,a newborn baby that has just been delivered in our hospital about 20 minutes ago was found to appear sleepy the baby did not cry well since being delivered when we checked its respiration it was fine but the baby was asleep all through we also checked the temperature and it was normal here is my question what could cause a newborn baby to appear as if it is sleeping and not cry properly since its birth also what kind of treatment would be effective for such baby and when the mother gets home what could she administer to the child and what she should not and what kind of food should the mother eat to ensure that both the mother and baby will be healthy,"A newborn baby that has just been delivered in our hospital about twenty minutes ago, was found to appear sleepy. The baby did not cry well since being delivered. When we checked it's respiration,  it was fine but the baby was asleep althrough, we also checked the temperature, and it was normal. Here is my question, what could cause a new born baby to appear as if it is sleeping? And not cry properly since it's birth? Also, what kind of treatment will be effective for such baby? And, when the mother gets home, what could she administer to the child and what she should not, and what kind of food should the mother eat to ensure that both the mother and baby will be healthy?",http://speech-app.s3.amazonaws.com/static/audio/uploads/6f8d8a92-3139-406c-aa58-7761f86019a8/98e6b71ce1791edd23c66d1f3ed10ccf_s31zSAVp.wav,"A newborn's excessive sleepiness and weak cry despite normal vitals often result from mild perinatal asphyxia, neonatal hypoglycemia, or maternal sedatives used during labor, requiring immediate gentle physical stimulation, skin-to-skin contact, and blood glucose monitoring. At home, the mother must practice exclusive breastfeeding on demand and strictly avoid giving the infant water, gripe water, or traditional herbal concoctions (""agbo""), which are culturally common but pose severe risks of infection and toxicity. To support postpartum recovery and optimal lactation, the mother should eat a balanced local diet rich in proteins (fish, eggs, beans), dark leafy vegetables, and complex carbohydrates, while drinking plenty of water. She should also avoid alcohol, excessive caffeine, and unprescribed medications, ensuring she rests adequately to maintain her health and the nutritional quality of her breast milk.",Qwen-3.7-Max,qwen3.7-max
9b17d5b6-b900-457d-bf64-b48f71723994,english,good_english,the mother of a woman who had recently given birth came to the hospital she said that since her daughter gave birth she has been bleeding heavily as a result she no longer has strength in her body the woman who gave birth is twenty four years old she also said that the bleeding is excessive and is making her feel weak the mother is unable to eat properly and is unable to do anything my question is call on what could cause a woman to continue bleeding after giving birth a few days ago what treatment should be given to the mother to stop the bleeding and help her regain her strength what advice can be given to this mother and hadossa,"The mother of a woman who had recently given birth came to the hospital. She said that since her daughter gave birth, she has been bleeding heavily. As a result, she no longer has strength in her body. The woman who gave birth is twenty-four years old. She also said that the bleeding is excessive and is making her feel weak. The mother is unable to eat properly and is unable to do anything.
My question is: what could cause a woman to continue bleeding after giving birth a few days ago? What treatment should be given to the mother to stop the bleeding and help her regain her strength? What advice can be given to this mother and her daughter?",http://speech-app.s3.amazonaws.com/static/audio/uploads/ef216169-deb8-4f4a-ad6e-51f3eed25b86/20f9a0e70e4ff96e3b35484219eb5979_WMSb66ES.wav,"Continued heavy bleeding a few days postpartum, known as secondary postpartum hemorrhage, is typically caused by retained placental tissue, uterine infection, or poor uterine contraction. Treatment requires urgent hospital admission for intravenous fluids, uterotonics like misoprostol, broad-spectrum antibiotics, and possibly manual vacuum aspiration to remove any retained tissue. To help her regain strength and treat severe anemia from the blood loss, she will likely need a blood transfusion followed by oral iron and folic acid supplements. I strongly advise the mother to rush her daughter to the hospital immediately, as delaying care for this life-threatening condition can be fatal. Once stabilized, Hadossa should be encouraged to breastfeed frequently to aid uterine contraction, maintain strict perineal hygiene, and consume iron-rich local foods like ugu (fluted pumpkin) leaves to rebuild her blood.",Qwen-3.7-Max,qwen3.7-max
47a7b745-bfa9-466f-99b2-9e9b789272f4,english,good_english,a mother of a young child became worried about her eight month old baby during the daytime the baby plays well but every night the baby starts coughing the cough wakes the baby from sleep and the baby cries afterwards on one of those nights the mother noticed that the baby was breathing very fast and seemed to be struggling to breathe the mother could not sleep because of fear the following morning she noticed that the baby did not want to breathfeed or play as before so she decided to take the baby to see a doctor because she wanted to know what was causing the cough and the breathing difficulty and to know what medicine or treatment could be used for the baby my question is what could cause a young child to cough severely at night and also make it difficult for the child to breathe properly could the cough and the struggle to breathe properly be signs of a lung disease what are the things that can be done at home and to help the baby become more comfortable and sleep better at night,"A mother of a young child became worried about her eight-month-old baby. During the daytime, the baby plays well, but every night the baby starts coughing. The cough wakes the baby from sleep, and the baby cries afterwards.
On one of those nights, the mother noticed that the baby was breathing very fast and seemed to be struggling to breathe. The mother could not sleep because of fear. The following morning, she noticed that the baby did not want to breastfeed or play as before, so she decided to take the baby to see a doctor because she wanted to know what was causing the cough and the breathing difficulty and to know what medicine or treatment could be used for the baby.
My question is: what could cause a young child to cough severely at night and also make it difficult for the child to breathe properly? Could the cough and the struggle to breathe properly be signs of a lung disease? What are the things that can be done at home to help the baby become more comfortable and sleep better at night?",http://speech-app.s3.amazonaws.com/static/audio/uploads/5d17fda2-a578-46e0-bfc6-5ee2baed3026/b4f40da326990dd52eec1b1d2d945b52_IIsse8wd.wav,"The baby's severe nighttime cough, fast breathing, and struggle to breathe are classic signs of an acute lower respiratory tract infection (lung disease) such as pneumonia or bronchiolitis, which are common in our community. Because the baby is exhibiting fast breathing and poor feeding, these are critical danger signs under the Integrated Management of Childhood Illness (IMCI) guidelines that require immediate hospital evaluation for oxygen and targeted treatment, rather than just home management. While seeking urgent care or after medical stabilization, you can comfort the baby by keeping them slightly propped upright, using saline nasal drops to clear blocked nostrils, and keeping the room free from mosquito coil smoke or dust. Offer frequent, small amounts of breastmilk to prevent dehydration and strictly avoid over-the-counter cough syrups, but please take the baby to the hospital immediately because delaying professional intervention for respiratory distress can be life-threatening.",Qwen-3.7-Max,qwen3.7-max
9806e5a1-7655-448c-9000-15916169fef4,english,good_english,this woman gave birth at our hospital here about six months ago she came to our hospital with her husband where she gave birth to her child the six month old girl that they have brought in the mother explained further that it has been about 13 to 14 days since she noticed that this child started coughing the mother also mentioned that she had been treating this child for qatar earlier before the cough started she said the cough has become more severe since yesterday the cough became very severe although it had initially started about three days ago she said that whenever the sheepbreast feeds the child she also gives her the liquid medicine that is in the bottle the one sold for coughs which she had been administering and the child has been taking she then said that since yesterday the cough has become so severe that the child is finding it very very very difficult to breathe which has really worried me it is as if her breathing is fluctuating going up and down every few seconds they were frightened which is why they brought her to the hospital now the question is can we give this mother something to help with the child at home given that her breathing is fluctuating with that cough should we prescribe cough medicine for her or should we have the child examined before prescribing any medicine or giving her an injection,"This woman gave birth at our hospital here about Six months ago.  she came to our hospital with her husband, where she gave birth to her child, the six-month-old girl that they have brought in.
The mother explained further that it has been about thirteen to fourteen days since she noticed that this child started coughing.
The mother also mentioned that she had been treating this child for catarrh earlier, before the cough started.
She said the cough has become more severe since yesterday. The cough became very severe, although it had initially started about three days ago.
She said that whenever she breastfeeds the child, she also gives her the liquid medicine that is in the bottle—the one sold for coughs—which she has been administering and the child has been taking.
She then said that since yesterday, the cough has become so severe that the child is finding it very, very, very difficult to breathe, which has really worried me.
It is as if her breathing is fluctuating—going up and down every few seconds.
They were frightened, which is why they brought her to the hospital.
Now, the question is: can we give this mother something to help the child at home, given that her breathing is fluctuating with that cough? Should we prescribe cough medicine for her, or should we have the child examined before prescribing any medicine or giving her an injection?""",http://speech-app.s3.amazonaws.com/static/audio/uploads/84f9c2bd-9d51-4fbd-94d5-95f1c5eb2452/2a606c3bfe2efbce01d59a35c15cd933_QVMBFWqM.wav,"You must thoroughly examine and admit this child immediately, as discharging her with home medications for her fluctuating, difficult breathing is life-threatening. Her irregular breathing indicates severe respiratory distress and WHO danger signs, requiring emergency stabilization with oxygen rather than symptomatic relief. Over-the-counter cough syrups are strictly contraindicated in infants under one year due to the risk of fatal respiratory depression, so you must never prescribe them. After a full clinical assessment, initiate evidence-based treatments per local IMCI guidelines, such as injectable ampicillin and gentamicin for severe pneumonia, and keep the child admitted for definitive emergency care.",Qwen-3.7-Max,qwen3.7-max
f5faec3a-6a26-47aa-9f68-bc1acf97d3d0,english,good_english,a grandmother noticed that a child that she has been with after she gave birth about three days ago the bleeding following childbirth was heavier than normal she also noticed that she was turning pale her hands feet face and hairs were pale she was shivering and warm however in the last three days she noticed that all her feet and hands became cold and she was completely exhausted and unable to do anything this is why she brought her to the hospital so that the doctor could examine her body she asked directly if it was possible that the doctor did not clean our wound properly which is causing the heavy bleeding she also specifically requested that the doctor prescribed injections or medications to help stop this bleeding so that she can regain a strength and they can care for a child,"A grandmother noticed that her child, that she has been with after she gave birth, about three days ago, the bleeding following childbirth was heavier than normal. She also noticed that she was turning pale; her hands, feet, face, and ears were pale. She was shivering and warm. However, in the last three days, she noticed that all her feet and hands became cold, and she was completely exhausted and unable to do anything. This is why she brought her to the hospital so that the doctor could examine her body. She asked directly if it was possible that the doctor did not clean her womb properly, which is causing the heavy bleeding. She also specifically requested that the doctor prescribe injections or medication to help stop this bleeding, so that she can regain her strength and they can care for her child.",http://speech-app.s3.amazonaws.com/static/audio/uploads/9d4233da-54eb-4f33-9a6d-6b6a001f6e27/a30c84b9fddccfdfccd23b2977478a0d_DGrD89l3.wav,"This mother is suffering from severe postpartum hemorrhage and hypovolemic shock, a life-threatening emergency requiring immediate intravenous fluid resuscitation and likely a blood transfusion to save her life. The heavy bleeding is not from poor wound cleaning, but rather from the uterus failing to contract properly, retained placental tissue, or a pelvic infection, which also explains her shivering and cold extremities. I will immediately administer injectable uterotonics like oxytocin to help the uterus contract and stop the bleeding, alongside intravenous antibiotics to treat any underlying sepsis. We will also conduct an urgent pelvic examination and ultrasound to identify and remove any retained tissue preventing the uterine blood vessels from closing. Once we control the bleeding and restore her blood volume, her strength will gradually return so she can safely care for her newborn.",Qwen-3.7-Max,qwen3.7-max
aa0adeff-d420-4e58-9449-77ff24ef1ce2,english,good_english,my husband is 40 years old and i suddenly notice that for about the past three weeks he has been drinking water excessively the more water he drinks the more frequently he urinates in fact at nights he may wake up as many as 10 times before morning just to urinate he has also complained of feeling tired all the time he has gained a little weight as well sometimes his vision becomes blurry and he says it does not see clearly when he gets up to move around i have noticed that he passes urine in large amounts and very frequently what could be costing this frequent urination and excessive thirst why does he seem to drink so much water and then urinate so often could these symptoms be signs of diabetes or could they indicate something else what type of medical tests should he undergo to determine exactly what is happening why is he constantly tired what causes the frequent urination could eyeblood pressure cause these symptoms or could they be due to dehydration or another condition what kinds of foods and drinks should he avoid and what should he be encouraged to consume what steps should he take to help these symptoms improve does he need to visit a healthcare facility for testing or is testing unnecessary how often should diabetes screening or blood sugar testing be done regularly or only occasionally what medical conditions could be responsible for all these symptoms occurring in his body,"My husband is forty years old, and I suddenly noticed that for about the past three weeks he has been drinking water excessively. The more water he drinks, the more frequently he urinates. In fact, at night, he may wake up as many as ten times before morning just to urinate. He has also complained of feeling tired all the time. He has gained a little weight as well. Sometimes his vision becomes blurry, and he says he does not see clearly when he gets up to move around. I have noticed that he passes urine in large amounts and very frequently. What could be causing this frequent urination and excessive thirst? Why does he seem to drink so much water and then urinate so often? Could these symptoms be signs of diabetes, or could they indicate something else? What type of medical tests should he undergo to determine exactly what is happening? Why is he constantly tired? What causes the frequent urination? Could high blood pressure cause these symptoms, or could they be due to dehydration or another condition? What kinds of foods and drinks should he avoid, and what should he be encouraged to consume? What steps should he take to help these symptoms improve? Does he need to visit a healthcare facility for testing, or is testing unnecessary? How often should diabetes screening or blood sugar testing be done, regularly or only occasionally? What medical conditions could be responsible for all these symptoms occurring in his body? ",http://speech-app.s3.amazonaws.com/static/audio/uploads/0c65d440-a66f-4b8e-97dc-27fb7ff0a604/9a17c6acf8343be46a0babb25123008c_YpjQxS6C.wav,"Your husband's symptoms of excessive thirst, frequent large-volume urination, fatigue, and blurred vision are classic signs of Diabetes Mellitus, a condition where high blood sugar causes osmotic diuresis and subsequent dehydration. He must visit a healthcare facility immediately for a Fasting Blood Sugar test, HbA1c, and urinalysis to confirm diabetes and rule out other causes like diabetes insipidus or kidney dysfunction. To manage this, he should avoid sugary drinks and refined carbohydrates, focusing instead on high-fiber local Nigerian foods like vegetables, beans, unripe plantain, and plain water. His constant tiredness is caused by his cells being starved of glucose for energy, and while high blood pressure can coexist, it does not directly cause this specific combination of extreme thirst and frequent urination. Once diagnosed, his blood sugar requires regular monitoring as prescribed by his doctor, and routine screening should be done annually for adults over 35 to ensure optimal long-term control.",Qwen-3.7-Max,qwen3.7-max
54beaf85-2de7-49fb-914e-b98f5bb98156,english,good_english,i took my pregnant friend who is 18 years old to the hospital because she had gone into labor and her time had come when we arrived at the hospital and they had carried out all the necessary assessments at blood pressure was high after they had completed all that needed to be done she continued in labor she remained in labor for about 12 hours her husband was nearby and the doctors advised that she should give consent for a ciceron section because she had been in labor for a long time my friend refused she said no not at all i want to give bet naturally like the abril women she eventually delivered the baby after 12 hours of labor she gave birth to a healthy-looking baby girl and we thanked god however what was surprising was that the baby was not breathing properly they stimulated the baby repeatedly patting and rubbing her she cried but her breathing was still not normal they quickly gave her oxygen doctor please will this baby survive and if she survives will she no become a disabled child,"I took my pregnant friend, who is eighteen years old, to the hospital because she had gone into labour and her time had come. When we arrived at the hospital and they had carried out all the necessary assessments, her blood pressure was high.
After they had completed all that needed to be done, she continued in labour. She remained in labour for about twelve hours. Her husband was nearby, and the doctors advised that she should give consent for a Caesarean section because she had been in labour for a long time.
My friend refused. She said, “No, not at all. I want to give birth naturally like the Hebrew women.”
She eventually delivered the baby. After twelve hours of labour, she gave birth to a healthy-looking baby girl, and we thanked God. However, what was surprising was that the baby was not breathing properly. They stimulated the baby repeatedly, patting and rubbing her. She cried, but her breathing was still not normal. They quickly gave her oxygen.
Doctor, please, will this baby survive? And if she survives, will she no become a disabled child?",http://speech-app.s3.amazonaws.com/static/audio/uploads/3b283b5f-8706-47d9-a94b-8974ced29a87/457b25ec97c9a2d837e4892406a58f82_OTpe1vnH.wav,"The baby's survival and risk of future disability depend entirely on the severity and duration of the oxygen deprivation, known as birth asphyxia, that she experienced during the prolonged labor. While mild asphyxia often resolves with the stimulation and oxygen she received, severe oxygen deprivation can cause Hypoxic-Ischemic Encephalopathy, which carries a significant risk of neurological conditions like cerebral palsy. In our Nigerian community hospitals, standard medical practice requires admitting such babies immediately to the Special Care Baby Unit for continuous respiratory support, neurological monitoring, and prevention of complications like seizures. Furthermore, the mother's high blood pressure likely caused placental insufficiency that worsened the fetal distress, making the next 72 hours of intensive neonatal care critical for determining the baby's exact prognosis. Please ensure the baby remains under strict medical observation in the hospital, as prompt and adequate supportive care greatly maximizes her chances of surviving without long-term disabilities.",Qwen-3.7-Max,qwen3.7-max
52b3f296-e02f-459c-a891-f4da8cea399e,english,good_english,a caregiver who is taking care of a small child noticed that the child she is caring for is struggling to breathe and the child's breathing is not normal she also noticed that the child coughs repeatedly and the cough is very severe the child is not a baby that was abandoned at birth nor a child that is usually bathed with cold water what then can cause a small child to be breathing with difficulty and coughing repeatedly and why would breathing not be easy for the child as it should be what can be done about this situation,"A caregiver who is taking care of a small child noticed that the child she is caring for is struggling to breathe, and the child's breathing is not normal.
She also noticed that the child coughs repeatedly, and the cough is very severe.
The child is not a baby that was abandoned at birth, nor a child that is usually bathed with cold water.
What then can cause a small child to be breathing with difficulty and coughing repeatedly, and why would breathing not be easy for the child as it should be? What can be done about this situation?",http://speech-app.s3.amazonaws.com/static/audio/uploads/0d35a930-c290-4945-9a50-6623349f947e/0bc428189924e16f32df2a39efb85695_ScNqKjvd.wav,"In our community practice, severe coughing and respiratory distress in a small child are most commonly caused by acute lower respiratory infections like pneumonia, bronchiolitis, or reactive airway diseases like asthma. Breathing becomes difficult because these conditions cause severe inflammation, mucus accumulation, or fluid in the child's narrow airways and lung tissues, physically obstructing airflow and impairing oxygen exchange. Disregarding local myths that attribute such respiratory illnesses to cold water bathing, the caregiver must immediately take the child to the nearest primary health care centre or hospital for urgent clinical evaluation. Medical management will depend on the exact diagnosis but typically involves administering oxygen therapy, appropriate antibiotics for bacterial pneumonia, or bronchodilators to open the airways, which are critical to preventing fatal complications.",Qwen-3.7-Max,qwen3.7-max
92fbb174-1bea-4dc3-9d72-2fcb44a4b6b9,english,good_english,a 33-year-old pregnant woman who with seven months pregnance was brought to our hospital by her neighbors they explained that she suddenly developed severe abdominal pain and a large amount of blood began to come out from her vagina her body was shaking and she was crying because the pain was intense her family said they were afraid that something serious might happen to both the mother and the baby their first question for the doctor was what could be causing this severe abdominal pain and heavy bleeding their second question was what should be done immediately for this pregnant woman their third question was what investigations or tests can be carried out their first question was what treatment is appropriate for her condition their fifth question was what foods should this pregnant woman avoid and what hygiene measures should she observe,"A thirty-three-year-old pregnant woman who is seven months pregnant was brought to our hospital by her neighbors. They explained that she suddenly developed severe abdominal pain, and a large amount of blood began to come out from her vagina. Her body was shaking, and she was crying because the pain was intense. Her family said they were afraid that something serious might happen to both the mother and the baby.
Their first question for the doctor was: What could be causing this severe abdominal pain and heavy bleeding?
Their second question was: What should be done immediately for this pregnant woman?
Their third question was: What investigations or tests can be carried out?
Their fourth question was: What treatment is appropriate for her condition?
Their fifth question was: What foods should this pregnant woman avoid, and what hygiene measures should she observe?",http://speech-app.s3.amazonaws.com/static/audio/uploads/05e13fac-16ee-4280-bfeb-29889967329c/a33e51c5d8336a1c1b59e22c7b130320_PHLZas9t.wav,"The sudden severe abdominal pain and heavy bleeding at seven months strongly suggest placental abruption, a life-threatening emergency where the placenta prematurely detaches from the uterus. Immediately, we must resuscitate her with rapid IV fluids and crossmatched blood to treat her hypovolemic shock, while concurrently performing a bedside ultrasound, full blood count, and coagulation profile. The definitive treatment is an emergency cesarean section to rapidly deliver the baby and control the hemorrhage, which is the standard life-saving intervention in our hospitals for severe abruption with maternal instability. Post-delivery, she should avoid raw or undercooked foods and unpasteurized dairy to prevent foodborne infections that could complicate her recovery. Furthermore, she must observe strict perineal hygiene, use clean sanitary pads, and wash with safe, treated water to prevent puerperal sepsis, a significant postpartum risk in our community setting.",Qwen-3.7-Max,qwen3.7-max
44f035d9-9f2b-4e9d-a23b-289b07f70219,english,good_english,a pregnant woman who is six months pregnant and lives in our house started noticing that her heart palpitates rapidly as if she just finished to run it sometimes she gets dired without doing any work at all and her hands trembling slightly after a few weeks she also noticed that her neck started swelling in the front when people began telling her that her neck looks different from before she became very frightened wondering if this is one of the illness that affects pregnant women or if it is another problem she has now decided to go to see a doctor so they can know what is causing it my question is what can cause a pregnant woman's heart to palpitate rapidly like someone who just finished running along with a neck swelling can this problem affect the development of the baby inside are what are the warning signs they should watch out for at all are there certain foods or drinks that she ought to avoid or those that she should eat more of during this kind of period,"​A pregnant woman who is six months pregnant and lives in our house started noticing that her heart palpitates rapidly as if she just finished running. Sometimes she gets tired without doing any work at all, and her hands tremble slightly. After a few weeks, she also noticed that her neck started swelling in the front. When people began telling her that her neck looks different from before, she became very frightened, wondering if this is one of the illnesses that affect pregnant women or if it is another problem. She has now decided to go see a doctor so they can know what is causing it. My question is, what can cause a pregnant woman's heart to palpitate rapidly like someone who just finished running, along with her neck swelling? Can this problem affect the development of the baby inside her? What are the warning signs they should watch out for at home? Are there certain foods or drinks that she ought to avoid, or those that she should eat more of during this kind of period?",http://speech-app.s3.amazonaws.com/static/audio/uploads/1b117728-ed2c-48be-b2bf-1788a368fd3b/b65c58746e68e319f6dd309f68af179e_ypZcc7lN.wav,"These symptoms of rapid palpitations, tremors, fatigue, and a swollen front neck strongly point to hyperthyroidism, a condition where the thyroid gland is overactive, which can be triggered by pregnancy hormones or underlying issues like Graves' disease. If left untreated, this can harm the baby's development by causing low birth weight, preterm delivery, or fetal thyroid dysfunction, making immediate medical evaluation at the hospital essential. Watch out for emergency warning signs such as severe chest pain, difficulty breathing, high fever, confusion, or reduced fetal movements, which could indicate a life-threatening thyroid storm or fetal distress. She must avoid stimulants like caffeine, coffee, and energy drinks that worsen palpitations, and instead eat a balanced Nigerian diet rich in calcium and leafy vegetables while using regular iodized salt in moderation, strictly avoiding unprescribed herbal or iodine supplements.",Qwen-3.7-Max,qwen3.7-max
a921421a-5a74-4099-b2ff-7e857fd1d354,english,good_english,a mother gave birth to a newborn two weeks ago she started seeing blood little by little on her body however as the days went by she noticed that something like the stomach and blood were coming out sometimes the mother of the child is different and she has a neck that is not good and she knows that the mother of the child usually has pains in her lower abdomen and every time she sees these signs her heart gets confused she wonder if it was something among the common problems after childbed or another problem one day when she went to the hospital and was talking to other mothers she heard that they should not downplay any changes they see in their bodies this made us seek a doctor to talk to them my question is what can cause such a thing after childbirth can pain in the lower abdomen be a sign of a disease what are the signs that this new mother should be careful of after childbirth what are the steps that the mother needs to take to prevent these diseases,"A mother gave birth to a newborn two weeks ago. She started seeing blood little by little on her body. However, as the days went by, she noticed that something like the stomach and blood were coming out. Sometimes the mother of the child is different. And she has a neck that is not good. And she knows that the mother of the child usually has small pains in her lower abdomen, and every time she sees these signs, her heart gets confused. She wondered if it was something among the common problems after childbirth or another problem. One day when she went to the hospital, and was talking to other mothers, she heard that they should not downplay any changes they see in their bodies. This made her seek a doctor to talk to them. My question is, what can cause such a thing after childbirth? Can pain in the lower abdomen be a sign of a disease? What are the signs that this new mother should be careful of after childbirth? What are the steps that the mother needs to take to prevent this disease?",http://speech-app.s3.amazonaws.com/static/audio/uploads/d376f16d-8a40-477f-86c0-22c5e7c0fabe/af6ace06eb9c166ea21d14b725dfe032_ikQsvTqh.wav,"Passing tissue-like clots and experiencing lower abdominal pain two weeks postpartum are abnormal and strongly indicate retained products of conception or a uterine infection. This abdominal pain is indeed a sign of disease, and she must urgently watch for other danger signs like heavy bleeding, foul-smelling discharge, high fever, or dizziness. To prevent life-threatening complications like sepsis, she must immediately visit the hospital for a pelvic ultrasound and clinical evaluation rather than using unproven traditional herbal remedies. Preventive steps include maintaining strict perineal hygiene, exclusively breastfeeding to stimulate natural uterine contractions, and attending all scheduled postnatal clinic appointments. Prompt medical treatment with prescribed antibiotics or a minor surgical evacuation of the uterus will safely resolve these symptoms and protect her overall health.",Qwen-3.7-Max,qwen3.7-max
ff112477-5c7b-45de-b7f4-35304688e317,english,good_english,i am a married woman thirty five years old please i brought my five month old baby for examination and guidance i have resumed work but surprisingly for about the past three days i have noticed that my baby has been coughing repeatedly we have tried everything we can think of to stop the cough but i can see that the cough has not gone away i an unusual not at one when i leave in the morning i do not return until around 6 p m my mother stays at home with the baby whenever i have the opportunity to call i do so and ask about the cough and they keep telling me that the baby is still coughing the baby is five months old is no longer taking only breast milk because i have resumed work i breastfed him exclusively for three months and after that i started giving him other foods i have been giving him different foods including pap and other baby food that i know what is even more surprising is that since last night his breathing has not been normal he is not breathing well and his nose is completely blocked my mother even said that while bathing him this morning she had to use a warm water around his nose and chest because the cough had become severe the breathing problem has also started he is no longer breathing properly and his breathing is not clear and free anymore please my question is what can i use for him to stop the cough and concerning the breathing that is no longer clear what can i do what can i use for him and what steps can i take so that it can breathe properly and nothing we obstruct is breathing,"I am an married woman, thirty-five years old. Please, I brought my five-month-old baby for examination and guidance.
I have resumed work. But surprisingly, for about the past three days, I have noticed that my baby has been coughing repeatedly. We have tried everything we can think of to stop the cough, but I can see that the cough has not gone away.
I am usually not at home. When I leave in the morning, I do not return until around 6 p.m. My mother stays at home with the baby.
Whenever I have the opportunity to call, I do so and ask about the cough, and they keep telling me that the baby is still coughing.
The baby is five months old. He is no longer taking only breast milk because I have resumed work. I breastfed him exclusively for three months, and after that I started giving him other foods.
I have been giving him different foods, including pap, and other baby foods that I know.
What is even more surprising is that since last night, his breathing has not been normal. He is not breathing well, and his nose is completely blocked.
My mother even said that while bathing him this morning, she had to use a little warm water around his nose and chest because the cough had become severe.
The breathing problem has also started. He is no longer breathing properly, and his breathing is not clear and free anymore.
Please, my question is: what can I use for him to stop the cough? And concerning the breathing that is no longer clear, what can I do, what can I use for him, and what steps can I take so that he can breathe properly and nothing will obstruct his breathing?",http://speech-app.s3.amazonaws.com/static/audio/uploads/4f9ca527-5a05-46bd-bb57-1bc6971917f7/b17162e004eda757117dfceeb57f519d_rvi9kyZo.wav,"You must take your baby to the nearest hospital or clinic immediately, as his unclear and abnormal breathing indicates respiratory distress, which is a life-threatening medical emergency in infants. At five months old, a persistent cough combined with difficulty breathing could be caused by severe pneumonia, bronchiolitis, or aspiration from early weaning, requiring urgent clinical assessment and treatments like oxygen or antibiotics that cannot be administered at home. Do not use any over-the-counter cough syrups or traditional herbal mixtures, as they are unsafe for infants and can worsen his condition; instead, use simple saline nasal drops to gently clear his blocked nose while rushing to the hospital. Please do not delay with further home remedies like warm water compresses, as prompt medical intervention by a healthcare professional is the only safe way to clear his airway and treat the underlying infection. Once he is stabilized, we will also counsel you on optimal infant feeding, as introducing foods like pap at three months increases the risk of infections and choking, and we can explore ways to maintain breast milk feeding while you work.",Qwen-3.7-Max,qwen3.7-max
ef184d94-ce1c-48b8-afb8-b660491a5a96,english,good_english,a nursing mother noticed a child coughing and also suspected that the child's body was warm at certain times she further stated that a few hours ago she noticed that the child's entire body became stiff and she fainted and she couldn't confirm that her lips were stable any more as they were secreting fluids and the child could no longer swallow any food she was now asking the doctor if such an illness can be treated what disease it resembles and she further asked if she could get an injection or use local herbs for this disease she went on to say that herbal mixture open bracket agbor close bracket and traditional soap are what they usually use to treat this disease for any child afflicted by it in the community she came from,"A nursing mother noticed her child coughing and also suspected that the child's body was warm at certain times. She further stated that a few hours ago, she noticed that the child's entire body became stiff and she fainted, and she couldn't confirm that her lips were stable anymore as they were secreting fluid, and the child could no longer swallow any food. She is now asking the doctor if such an illness can be treated, what disease it resembles, and she further asked if she could get an injection or use local herbs for this disease. She went on to say that herbal mixtures (agbo) and traditional soap are what they usually use to treat this disease for any child afflicted by it in the community she comes from.",http://speech-app.s3.amazonaws.com/static/audio/uploads/70e65f2d-f8fa-40c8-aadd-5992a4cc46ca/a6d1e37e17cd73f804372f7e838d59b8_ASCsCEYS.wav,"The child's symptoms of intermittent fever, body stiffness, unconsciousness, and frothing at the mouth strongly indicate a febrile seizure or a severe underlying infection like cerebral malaria, which is highly treatable with prompt hospital care. We will administer emergency medical injections, such as intravenous diazepam to stop the convulsions alongside targeted antimalarials or antibiotics, to safely manage this crisis. I strongly advise against using ""agbo"" (herbal mixtures) or traditional soap, as they lack scientific backing, can cause fatal liver or kidney toxicity, and will dangerously delay life-saving treatment. Please allow us to admit the child immediately for proper diagnostic tests and modern medical management, which gives your child the best chance of a full and safe recovery.",Qwen-3.7-Max,qwen3.7-max
46c82bff-402d-4ea2-9331-fc5b38a5b70f,english,good_english,good evening doctor please i brought my child to the hospital because i noticed the way he preached it makes a sound as if air is passing through a small hole it sounds like whizzing it also sounds like someone blowing a whistle and he is struggling to breathe properly i have also noticed that for about three days now he usually coughs at night sometimes i notice his chest drawing in and out intensely as if he is working extra hard just to breathe i also noticed that he can no longer eat as well as before whenever he wants to eat he has to pause to catch his breath this situation hasn't given him the chance to feed properly for about three days now i have also taken him to the local chemist patent medicine store in her neighborhood and they gave me some cough medicine for him because he was coughing slightly though the cough wasn't severe but despite all the medication he took i noticed he didn't work his breathing remains the same and his teal cannot eat well please what kind of condition is affecting my child with this whistling breath also does he need a chest examination open bracket x-ray close bracket to find out what is troubling him and why his chest is even up and down what kind of treatment can i give this child at home to help him is the breathing so he can breathe properly are there other medications or alternative measures i can take for this child,"Good evening doctor. Please, I brought my child to the hospital because I noticed that the way he breathes, he makes a sound as if air is passing through a small hole. It sounds like wheezing. It also sounds like someone blowing a whistle, and he is struggling to breathe properly.
I have also noticed that for about three days now, he usually coughs at night. Sometimes, I notice his chest drawing in and out intensely, as if he is working extra hard just to breathe. I also noticed that he can no longer eat well as before. Whenever he wants to eat, he has to pause to catch his breath. This situation hasn't given him the chance to feed properly for about three days now.
I have already taken him to the local chemists (patent medicine stores) in our neighborhood, and they gave me some cough medicine for him because he was coughing slightly, though the cough wasn't severe. But despite all the medication he took, I noticed it didn't work. His breathing remains the same, and he still cannot eat well. Please, what kind of condition is affecting my child with this whistling breath? Also, does he need a chest examination (X-ray) to find out what is troubling him and why his chest is heaving up and down? What kind of treatment can I give this child at home to help ease his breathing so he can breathe properly? Are there other medications or alternative measures I can take for this child?",http://speech-app.s3.amazonaws.com/static/audio/uploads/c56b8957-d2d9-4897-a03e-403fc98082e3/913522d484f266446c5031903b7c9a7c_cRXoCAGw.wav,"Your child is experiencing severe respiratory distress with lower chest wall indrawing, likely due to severe pneumonia, bronchiolitis, or acute asthma, which is a medical emergency requiring immediate hospital admission and oxygen therapy. While a chest X-ray will help confirm the exact diagnosis, emergency stabilization with oxygen, nebulized bronchodilators, or injectable antibiotics must begin immediately without delay. Over-the-counter cough syrups from patent medicine stores are ineffective and dangerous for this condition because they do not treat the underlying airway inflammation or infection causing the wheezing. Please do not attempt any home remedies or alternative measures, as managing a child who is struggling to breathe and unable to feed properly requires strict inpatient medical care to prevent life-threatening complications.",Qwen-3.7-Max,qwen3.7-max
b7448631-4a0d-4bfa-95f0-3f48188ade8a,english,good_english,an eatherly man came to our local hospital this man said he has a severe headache his neck is stiff and he has rushes suddenly appearing on his body he came to ask what could be causing it and what kind of treatment can be given to him we asked the man whether the headache started suddenly or if it came gradually the man said it started suddenly at night and has become very severe now we also asked if he can look at light properly and he said no because light affects its head and makes the headache worse we also asked him about the rush on his body whether it is painful much or mild the man said it is all over his body and he cannot point to one particular place but it hitches him after that we asked him if he had contact with any sick person recently and the man said they had not gone anywhere except selling goods in front of their house they have not had any contact with any sick person our question for the doctor is what could cause this kind of headache and stiff neck where this man cannot turn his neck with rushes all over his body what can cause it is it an infectious disease or something else our second question is what kind of test can this man do to know exactly what is wrong with him for proper treatment and what medicine can he use before his test results come out,"An elderly man came to our local hospital. This man said he has a severe headache, his neck is stiff, and he has rashes suddenly appearing on his body. He came to ask what could be causing it and what kind of treatment can be given to him.
We asked the man whether the headache started suddenly or if it came gradually. The man said it started suddenly at night and has become very severe now. We also asked him if he can look at light properly, and he said no, because light affects his head and makes the headache worse.
We also asked him about the rash on his body, whether it is painful, much, or mild. The man said it is all over his body, and he cannot point to one particular place, but it itches him.
After that, we asked him if he had contact with any sick person recently, and the man said they had not gone anywhere except selling goods in front of their house. They have not had contact with any sick person.
Our question for the doctor is what could cause this kind of headache and stiff neck where this man cannot turn his neck, with rashes all over his body? What can cause it? Is it an infectious disease or something else?
Our second question is what kind of tests can this man do to know exactly what is wrong with him for proper treatment, and what medicine can he use before his test results come out?",http://speech-app.s3.amazonaws.com/static/audio/uploads/52eb6322-c83e-42d5-9fd8-d73feafb1550/06e209848aa2433fe1eff5301616410d_6cEf78Q6.wav,"This classic triad of sudden severe headache, neck stiffness, and photophobia strongly suggests acute meningitis, a life-threatening infectious disease, while the itchy rash could be a concurrent viral illness, allergic reaction, or atypical meningococcal presentation. To confirm the diagnosis, he urgently requires a lumbar puncture for cerebrospinal fluid analysis—including Gram stain, culture, and biochemistry—alongside blood cultures and malaria testing, which is standard in our environment. Before test results are ready, he must be immediately admitted and started on empirical intravenous Ceftriaxone, the standard first-line antibiotic for suspected bacterial meningitis in Nigeria. Intravenous dexamethasone should also be given just before or with the first antibiotic dose to prevent neurological complications, alongside supportive care like intravenous fluids and paracetamol. Because bacterial meningitis can be rapidly fatal in elderly patients, do not delay these life-saving empirical treatments while waiting for investigations or potential referral to a tertiary hospital.",Qwen-3.7-Max,qwen3.7-max
6c4ab0d8-695b-453c-b3c0-db41ba12f1f7,english,good_english,my daughter is pregnant she is about 24 years old she is the one who is pregnant this happened today at night i noticed that she started having pain she had already packed her belongings and came to my house as the pain continued i saw that it was increasing i gathered all her belongings and she did not initially allow us to go to the hospital we took her to the hospital and they examined her they said the cervics are started to open a little and that it is almost time for delivery until today the cervics is still opening until the time the baby will come out yesterday the baby was still in pain that kept increasing since we arrived here she is in pain the baby will come out it is a first pregnancy i am worried and my heart is troubled i want to save my child i do not want to lose the baby that is coming please what could be causing this pain is this how it usually is for first time mothers when they're about to give birth is it possible the baby is too big and cannot come out through the birth canal or is it possible they will do surgery for her,"My daughter is pregnant; she is about twenty-four years old. She is the one who is pregnant. This happened today.
At night, I noticed that she started having pain. She had already packed her belongings and came to my house. As the pain continued, I saw that it was increasing. I gathered all her belongings, and she did not initially allow us to go to the hospital.
We took her to the hospital, and they examined her. They said the cervix has started to open a little, and that it is almost time for delivery.
Until today, the cervix is still opening until the time the baby will come out. Yesterday, the baby was still in pain that kept increasing since we arrived there.
She is in pain, the baby will come out, it is her first pregnancy. I am worried and my heart is troubled.
I want to save my child, and I do not want to lose the baby that is coming. Please, what could be causing this pain? Is this how it usually is for first-time mothers when they are about to give birth? Is it possible the baby is too big and cannot come out through the birth canal? Or is it possible they will do surgery for her?",http://speech-app.s3.amazonaws.com/static/audio/uploads/d5509e58-a2b1-40ca-8b13-2b7a616524d3/bfb28059877e5a1ae852d394c0e93371_GVWpRisH.wav,"Please be reassured that the increasing pain your daughter is experiencing is caused by normal uterine contractions and cervical dilation, which is the expected physiological process of active labor and is typically more intense and prolonged for first-time mothers. In our Nigerian hospital setting, we closely monitor her progress using a WHO partograph to track the baby's descent and cervical opening to ensure both mother and baby remain safe. While a baby being too big for the birth canal (cephalopelvic disproportion) is possible, a Cesarean section is only performed if this monitoring shows labor is failing to progress or if there are signs of fetal distress. The medical team will provide her with appropriate pain relief and continuous support, and you can trust them to safely intervene with surgery only if a vaginal delivery becomes unsafe for your grandchild.",Qwen-3.7-Max,qwen3.7-max
0fb66f21-102e-431d-a7f0-04fd8a4b4a97,english,good_english,a mother among the mothers who usually bring their babies for injections explained that she noticed that a newborn baby has a problem around the mouth and the baby's lips look bluish to day she also noticed that when she is breastfeeding the baby the baby struggles gasps and finds it difficult to breathe properly she said this is what made her worried because she does not know what is happening to the baby what can cause a newborn baby's lips to look bluish what can also cause a baby to struggle and have difficulty breathing while breastfeeding can medicine be given or should the baby be examined,"A mother among the mothers who usually bring their babies for injections explained that she noticed that her newborn baby has a problem around the mouth, and the baby’s lips look blueish.
Today, she also noticed that when she is breastfeeding the baby, the baby struggles, gasps, and finds it difficult to breathe properly. She said this is what made her worried because she does not know what is happening to the baby.
What can cause a newborn baby’s lips to look blueish? What can also cause a baby to struggle and have difficulty breathing while breastfeeding? Can medicine be given, or should the baby be examined?",http://speech-app.s3.amazonaws.com/static/audio/uploads/eb59b12a-df81-4d6d-b556-2dfd10872bb0/e65bb243e369f0ed86efeb4630a8ccca_dzDCVVum.wav,"Bluish lips (central cyanosis) and gasping during breastfeeding are medical emergencies typically caused by congenital heart defects, severe respiratory infections like pneumonia, or airway anomalies such as choanal atresia. Because newborns are obligate nose breathers, covering their mouth during feeding worsens breathing struggles if they have nasal blockages, while underlying heart or lung issues cause rapid oxygen depletion during the exertion of suckling. You must not give any unprescribed medicines or local herbal concoctions at home, as this can be fatal and delay proper care. The baby must be examined immediately at the hospital for urgent oxygen support, pulse oximetry, and a thorough clinical assessment to diagnose the exact cause and initiate life-saving treatment.",Qwen-3.7-Max,qwen3.7-max
ada6aff0-d3eb-45ce-90d5-529d6308338d,english,good_english,a wife observed that her husband has a headache and the headache is really really bad it's quite much to the extent that the man has a stiff neck unable to turn it to the left or right as it ought to be she now observed some very tiny sores which were not on the man's body before but suddenly occurred this scared the woman that this kind of occurrence that happened to her husband what can be the course and what can she do the question i asked the woman was that has her husband ever had a high fever and a kind of drug was used she said no or that's the man the beddy sleeps on what he uses as pillow hope it is not that he slept on the neck the woman said no it is not that he slept on the neck but suddenly the eddic started and it was consistent with his stiff neck and very tiny sores around the body if something like this happens what can that kind of wife do to help care for her husband and he will return to his normal self,"A wife observed that her husband has a headache, and the headache is really really bad. It quite much to the extent that the man has a stiff neck unable to turn it to the left or right as it ought to be. She now observed some very tiny sores which were not on the man's body before but suddenly occurred. This scared the woman that this kind of occurrence that happened to her husband what can be the cause and what can she do? The question I asked the woman was that has her husband ever had a high fever and a kind of drug was used? She said no. Or that the man, the bed he sleeps on what he uses as pillow hope it's not that he slept on the neck the woman said no it is not that he slept on the neck but suddenly the headache started and it was consistent with a stiff neck and very tiny sores around the body. If something like this happens, what can that kind of wife do to help care for her husband and he will return to his normal self? ",http://speech-app.s3.amazonaws.com/static/audio/uploads/c1d66b1c-1f82-40b2-bdd6-48cb8098643e/af15a019b54b875a5fd6ac4eb70407c0_111HqeS2.wav,"The combination of a severe headache, stiff neck, and a sudden rash of tiny sores strongly suggests cerebrospinal meningitis, a life-threatening bacterial infection common in Nigeria. This is a critical medical emergency that cannot be managed at home with traditional remedies or over-the-counter painkillers. The wife must immediately rush her husband to the nearest hospital for urgent clinical evaluation and a lumbar puncture to confirm the diagnosis. Medical professionals will promptly administer intravenous antibiotics, such as ceftriaxone, alongside supportive fluids to clear the infection and prevent fatal neurological damage. Seeking immediate hospital care is the only way to ensure his full recovery, and she should also ensure close household contacts receive preventive antibiotics to stop further spread.",Qwen-3.7-Max,qwen3.7-max
477e4899-265d-4021-bc19-bb4df19c9a8f,english,good_english,my family member's child was beaten by a dog he's a seven year old child when the dog beat him they usually went to their traditional lila they made an incision on the wood and applied a quarrel into bracket traditional preparation to heat but now the place where the dog beat him has started producing paws and it is swollen we explained to them that they should take him to the hospital please what kind of examination can be done for this boy can he have rabies because of the dog even if the dog itself seems to be fine and what kind of treatment does the boy need consider that the dog did not cause any further injury to his body," My family member’s child was bitten by a dog. He is a seven-year-old child. When the dog bit him, they usually went to their traditional healer; they made an incision on the wound and applied “apọrọ” (traditional preparation) to it. But now, the place where the dog bit him has started producing pus and it is swollen. We explained to them that they should take him to the hospital. Please, what kind of examination can be done for this boy? Can he have rabies because of the dog, even if the dog itself seems to be fine? And what kind of treatment does this young boy need? Consider that the dog did not cause any further injury to his body.",http://speech-app.s3.amazonaws.com/static/audio/uploads/1896bd6d-8e15-465f-a956-51e8d21cf7b2/db482860d695eeddb8581b708ab07098_sVQ2hBsQ.wav,"The child urgently requires a wound swab for culture and sensitivity, a full blood count to check for systemic infection, and a thorough clinical assessment of the bite site. Yes, he is at high risk for rabies because dogs in Nigeria can shed the virus before showing clinical signs, so the animal appearing 'fine' does not rule out the danger. Treatment must involve immediate wound debridement to clear the pus and traditional herbs, followed by broad-spectrum antibiotics like Amoxicillin-Clavulanate and a tetanus toxoid booster. Crucially, he must immediately start Rabies Post-Exposure Prophylaxis (PEP) with the anti-rabies vaccine, as the disease is universally fatal once symptoms appear. Please bring him to the hospital right now, as the traditional incisions have introduced a severe secondary infection and dangerously delayed life-saving care.",Qwen-3.7-Max,qwen3.7-max
60ebf071-ab75-4b25-976f-80da984eeef9,english,good_english,suddenly we saw one of our pregnant women who came to our hospital this morning she arrived in severe pain crying loudly holding her back and happing me because of the pain after about eight to ten minutes of bringing her into the labor ward we examined her and found that the baby was already descending and her service was fully dilated very shortly afterwards she delivered a baby girl so we carried out all the necessary and appropriate post delivery care not long after we moved the mother and the baby into a room so they can rest a little while later the mother called us and said she was feeling weak tired and at a high seamed theme or blurry she also tried to eat after delivery but struggled to do so and the food was not going down well she continued to feel weak and she was also feeling dizzy what could have happened could it be that she lost a lot of blood and now needs a blood transfusion or what should have been done for her should we give her blood or should we give her food,"Suddenly, we saw one of our pregnant women who came to our hospital this morning. She arrived in severe pain, crying loudly, holding her back and abdomen because of the pain.
After about eight to ten minutes of bringing her into the labour ward, we examined her and found that the baby was already descending and her cervix was fully dilated.
Very shortly afterward, she delivered a baby girl.
So we carried out all the necessary and appropriate post-delivery care.
Not long after, we moved the mother and baby into a room so they could rest.
A little while later, the mother called us and said she was feeling very weak, tired, and that her eyes seemed dim or blurry. She also tried to eat after delivery but struggled to do so, and the food was not going down well.
She continued to feel weak, and she was also feeling dizzy.
What could have happened? Could it be that she lost a lot of blood and now needs a blood transfusion, or what should be done for her? Should we give her blood, or should we give her food?",http://speech-app.s3.amazonaws.com/static/audio/uploads/a1fd68f3-c1f4-4a0b-b5ba-5feae9f148e1/f36e5dd3457e6edfd9d106c459615554_MYyz7Jut.wav,"Her symptoms of dizziness, blurry vision, and severe weakness shortly after a rapid delivery strongly suggest hypovolemic shock from postpartum hemorrhage, though severe exhaustion or hypoglycemia are also possible. You must immediately check her vital signs and quantify her blood loss to confirm bleeding before deciding on a transfusion. Secure a wide-bore intravenous line to administer rapid fluids like Normal Saline for resuscitation, and transfuse blood only if she remains hemodynamically unstable or has severe anemia. Do not force her to eat while dizzy or unstable due to the high risk of aspiration; instead, correct potential hypoglycemia with intravenous Dextrose. Simultaneously, ensure her uterus is well-contracted by massaging it and administering uterotonics like oxytocin or misoprostol, in line with standard Nigerian protocols for managing postpartum hemorrhage.",Qwen-3.7-Max,qwen3.7-max
cc78a249-b0eb-4d34-8511-527fb612ba05,english,good_english,a man named suberu who is 50 years old developed a cough one day at first the cough was mild but as the weeks passed and turned into months it gradually became worse after some time he began to find it difficult to breathe properly it is true that he had tried several remedies when the cough was still mild but none of them worked instead of improving the cough continued to wasten he eventually decided that rather than continuing to buy small medications on his own he should go to the hospital and speak with the doctor when he arrived at the hospital he explained that he had been coughing for about three months he also explained that he had tried many home remedies based on people's advice including honey hot water bitter cola and several cough medicines that he purchased however instead of getting better the cough continued to worsten it had reached a point where he sometimes felt as if it could no longer breathe properly because of the cough he then asked the doctor what could be causing him to have such a persistent cough for such a long period of time he also wanted to know why all the remedies and treatments he tried had not worked finally he asked what he could do for the cough to go away completely so that he could breathe properly again and regain good health,"A man named Suberu, who is fifty years old, developed a cough one day. At first, the cough was mild, but as the weeks passed and turned into months, it gradually became worse. After some time, he began to find it difficult to breathe properly. It is true that he had tried several remedies when the cough was still mild, but none of them worked. Instead of improving, the cough continued to worsen. He eventually decided that rather than continuing to buy small medications on his own, he should go to the hospital and speak with a doctor. When he arrived at the hospital, he explained that he had been coughing for about three months. He also explained that he had tried many home remedies based on people's advice, including honey, hot water, bitter kola, and several cough medicines that he purchased. However, instead of getting better, the cough continued to worsen. It had reached a point where he sometimes felt as though he could no longer breathe properly because of the cough. He then asked the doctor what could be causing him to have such a persistent cough for such a long period of time. He also wanted to know why all the remedies and treatments he had tried had not worked. Finally, he asked what he could do for the cough to go away completely so that he could breathe properly again and regain good health.",http://speech-app.s3.amazonaws.com/static/audio/uploads/662c5525-4eea-44c7-b18e-8b94c67a8011/adc0aa991cfedbb0d097f2b8b4461596_ajxxSqxr.wav,"Suberu's persistent three-month cough with progressive shortness of breath is highly suspicious for Pulmonary Tuberculosis, which is endemic in Nigeria, though chronic obstructive pulmonary disease or a lung mass are also possible. His home remedies and over-the-counter syrups failed because they only provide mild symptomatic relief and cannot eradicate an underlying bacterial infection or structural lung disease. To determine the exact cause, I will order a sputum GeneXpert test to check for tuberculosis, alongside a chest X-ray and HIV screening, which are standard diagnostic protocols in our community hospitals. If tuberculosis is confirmed, he will be started on the free government-supported DOTS regimen consisting of a strict six-month course of antibiotics to completely cure the infection and restore his lung function. To regain his health, Suberu must strictly adhere to this prescribed medical therapy, stop self-medicating with unproven herbs, and maintain good nutrition to support his recovery.",Qwen-3.7-Max,qwen3.7-max
ec8c9662-4d2c-48bd-818f-f9d9a2d15350,english,good_english,a guardian of a child observed that the child is coughing intensely till the end that the child is being abrupt and struggling to breathe well what can cause a child to be coughing in abrupt manner till the end that the child can't breathe well and struggling to breathe what kind what can kind what's this,"A guardian of a child observed that the child is cough intensely, till the end that the child is been abrupt and struggling to breathe well. What can cause a child to be coughing in abrupt manner, till the end that the child can't breathe well, and struggling to breathe? What can kind of test can we run for that child? What treatment can we give? And then what advice can be give to the guardian of this child? ",http://speech-app.s3.amazonaws.com/static/audio/uploads/a803a5fc-91aa-4137-88ce-fd1441a0661a/30d255e19ba4989fba43229d8c7d1b9d_jK70Co3a.wav,"This presentation of abrupt, intense coughing fits ending in a struggle to breathe or a gasping sound is highly suggestive of pertussis (whooping cough), though foreign body aspiration or severe pneumonia must also be ruled out. In pertussis, bacterial toxins damage the airways, causing severe coughing spasms that temporarily halt breathing and force the child to desperately gasp for air. In our Nigerian community practice, we frequently see this when children have missed their routine Pentavalent vaccine doses, or if the cough started suddenly while eating, which indicates an inhaled foreign object. This is a medical emergency requiring immediate hospital evaluation for oxygen therapy, airway management, and targeted treatments like azithromycin for pertussis or object removal if aspirated. Please take the child to the nearest healthcare facility immediately, and subsequently ensure all children in the household are fully immunized according to the national schedule.",Qwen-3.7-Max,qwen3.7-max
