audio_id,language,subset,question,reference,url,model_answer,requested_model,model_id
e42f6e1a-13f8-47b1-bc76-f8503b4f2e8c,pidgin,pidgin,one caregiver wey dey look after one small pikin been noticed say dey pikin wey im dey look after been dey struggle to breath and dey way wey dey pikin dey breath no dey normal she also noticed say dey pikin dey cough dey cough well well and dey cough bad well well dey pikin no be pikin wey im mama been live after im born am and no be pikin wey dem dey bare foot cold water so na wetin fit cause small pikin breathing to get dis kind wahala and to dey cough plenty like dis and why e no dey fit breathe di way wey e suppose dey breathe wetin dem fit do for dis kind case,"One caregiver wey dey look after one small pikin been notice say the pikin wey em dey look after been dey struggle to breathe, and the way wey the pikin dey breathe no dey normal. 
She also notice say the pikin dey cough, dey cough well well and the cough bad well well.
The pikin no be pikin wey em mama been leave after em born am, and no be pikin wey dem dey baff with cold water. 
So na wetin fit cause small pikin breathing to get this kain wahala and to dey cough plenty like this, and why em no dey fit breathe the way wey em suppose dey breathe? Wetin dem fit do for this kain case?",http://speech-app.s3.amazonaws.com/static/audio/uploads/d43a720b-bde4-470e-8b1e-a7d1e067922b/4fbae5a5b6da2d7b3e3591c558b3edbc_QYnjeGL8.wav,"Even though dem no expose am to cold water, dis kind severe cough and breathing wahala for small pikin na mostly pneumonia or bronchiolitis wey bacteria or virus dey cause. Di breathing no normal because di infection don make fluid and mucus full inside di pikin lungs, making am hard for oxygen to enter, so di body dey force am to breathe fast and hard. Di caregiver must carry di pikin go nearest hospital immediately because severe breathing struggle fit kill small pikin quick quick if dem delay. For hospital, di medical team go assess am using local IMCI guidelines, give oxygen to help di breathing, and start antibiotics like Amoxicillin if na bacterial pneumonia.",Qwen-3.7-Max,qwen3.7-max
dc208b17-3d4a-4092-9515-ac7d4eee613b,pidgin,pidgin,as woman wey get mind wey dey hold her pikin when yu see say the pikin body dey hurt the pikin body just begin to dey shake the pikin dey get convulsion and im no dey in control again which kind sickness dey do this pikin wey im mama still dey give breast and which kind care them fit give this pikin,"As woman wey get mind wey dey hold her pikin, when you see say the pikin body dey hot, the pikin body just begin to dey shake. The pikin dey get convulsion and em no dey in control again. Which kain sickness dey do dis pikin wey em mama still dey give breast? And which kain care dem fit give this pikin?",http://speech-app.s3.amazonaws.com/static/audio/uploads/4f8d903a-a525-445b-940c-8c92f6c0164e/d18276317452221f97ab4a94b032bdc6_dFGF21sn.wav,"Dis kind shaking and convulsion for small pikin wey still dey suck breast na mostly ""febrile convulsion"" wey high fever from malaria or infection dey cause, but e fit still be meningitis or low blood sugar. As first aid, lay the pikin for one side make e no choke, remove tight clothes, and no put any spoon or oil inside im mouth. If the shaking pass five minutes, doctor or nurse go give am diazepam for im backside to stop the convulsion, then dem go check im blood sugar and do malaria test to find the real cause. Abeg, carry the pikin rush go nearest hospital immediately because severe malaria or brain infection very dangerous if dem no treat am on time.",Qwen-3.7-Max,qwen3.7-max
b4e21f2f-0324-4369-a36a-3b4bb3910461,pidgin,pidgin,one of my seniors bi johns born baby ga few days ago as she dey giv di pikin breast she cannot say anytime pikin di suck breast he dey add am to breath sometimes as di pikin dey suck go just stop suddenly like say life no dey di body one midnight as di mama dey breastfeed di pikin she cannot notice say di pikin leaves dey change color small small fear catch und well well and she no know wetin to do she quickly carry di pikin upright make e feel breathe better but di pikin still dey struggle to breathe di papa too fear as e see say di pikin dey find am out to breathe and di leaves dey change color dem no waste time atol dem quickly carry di pikin go hospital make doctors attend to am wetin fit make newborn pikin leaves dey change color abi difficulty to breathe while di pikin dey suck breath a dangerous sign our disease or liver disease fit make pikin dey struggle to breathe which other dangerous signs and symptoms wey parents suppose they watch out for and waiting be the majesty first treatment where person fit give pikin where the struggle to breathe after medical approach,"One of my senior siblings just born baby girl few days ago. As she dey give the pikin breast, she come notice say anytime pikin dey suck breast, e dey hard am to breathe. Sometimes, as the pikin dey suck, e go just stop suddenly like say life no dey the body.

One midnight, as the mama dey breastfeed the pikin, she come notice say the pikin lips dey change color small small. Fear catch am well well, and she no know wetin to do. She quickly carry the pikin upright make e fit breathe better, but the pikin still dey struggle to breathe.

The papa too fear as e see say the pikin dey find am hard to breathe and the lips dey change color. Dem no waste time at all; dem quickly carry the pikin go hospital make doctors attend to am.

Wetin fit make newborn pikin lips dey change color? Abi difficulty to breathe while pikin dey suck breast na dangerous sign? Heart disease or liver disease fit make pikin dey struggle to breathe? Which other dangerous signs and symptoms wey parents suppose dey watch out for? And wetin be the emergency first treatment wey person fit give pikin wey dey struggle to breathe after medical help reach?",http://speech-app.s3.amazonaws.com/static/audio/uploads/2a66d79f-6174-4207-b1fb-ad41fec705a9/ee75291d151f8b8324ecdf383086b1b7_e9W0pnBj.wav,"When newborn pikin color dey change to blue or pale and e dey struggle to breathe while dey suck breast, na very dangerous sign wey mostly point to congenital heart defect or serious lung infection, no be liver disease because liver problem dey cause yellow body (jaundice). Parents must watch out for other danger signs like fast breathing, chest dey pull inside (lower chest indrawing), grunting noise, fever, or when di pikin too weak to suck. As immediate first aid, stop di breastfeeding at once, hold di pikin upright or lay am for side to clear airway, and gently rub e back or tap e foot to wake am if e stop breathing. Wrap di baby well with warm cloth to prevent cold (hypothermia) and rush am to hospital immediately without giving any water or local herbs. For hospital, doctors go quickly give oxygen, check e oxygen level, and run tests like echocardiogram to confirm if na heart or lung problem before starting the right treatment.",Qwen-3.7-Max,qwen3.7-max
c48d9d62-2a28-4bde-88c6-de65b54a18c7,pidgin,pidgin,one woman been born pikin pikin like five months wey don pass she can explain say when she born dey pikin noting be dey worry dey pikin as dey pikin been dey chop plenty well well as dem been expect na im just like dat ooo she can't see say dey pikin go dey cry well well i see something dey pin am for im leg and im hands e been also come reach points wey dey pikin go call person to come help am stand up to dey waka for ground or to dey move so that e go go where im mama dey abeg wetin this woman fit do for dey pikin so that the tin wey they pain the pikin for en hand and en leg go stop and wetin go fit make sure say this tin no go delay the way wey the pikin dey grow so the mama wan come hospital with the pikin com sick doctor to find out wetin them fit do wey go help the pikin body dey better and make im health safe better,"one woman been born pikin_ pikin_ like 5 months wey don pass. she come explain say when she born the pikin, nothing been dey worry the pikin, as the pikin been dey chop plenty well well as dem been expect. naim just like that oh, she come see say the pikin go dey cry well well as if something dey pain am for em leg and em hands. e been also come reach point wey the pikin go call person to come help am stand up, to dey waka for ground, or to move, so that em go go where em mama dey. abeg, wetin this woman fit do for the pikin so that the thing wey dey pain the pikin for em hand and em leg go stop, and wetin go fit make sure say this thing no go delay the way wey dey pikin dey grow? so the mama wan come hospital with the pikin come see doctor  to find out wetin dem fit do wey go help the pikin body dey beta and make em health sef beta.",http://speech-app.s3.amazonaws.com/static/audio/uploads/54daa27b-e907-41c0-8543-96bafa44c18a/b7fffece54c38ca6e6436d21538610b2_j14LjflU.wav,"Make the mama carry the pikin come hospital quick-quick so we fit examine am, do X-ray and blood test to know if na sickle cell dactylitis, bone infection, or vitamin shortage like scurvy dey cause the pain. For our environment, this kind sudden severe pain for baby hand and leg need proper medical treatment because using local massage or herbs fit damage the bone and delay the pikin growth. We go give the pikin correct painkiller and treat the main sickness so the pain go stop and the baby fit continue to develop well. We go also teach the mama correct feeding wey get plenty Vitamin C and calcium to make the bone strong. Once we catch the real problem early and treat am well, the pikin go recover fast and continue to dey move and play normally.",Qwen-3.7-Max,qwen3.7-max
d1593755-e2cc-49dd-8de9-678a95886c4b,pidgin,pidgin,one woman notice say anytime wey dem wake-up for morning husband go begin cough well well di cough dey start suddenly and e fit take long time before e go stop as time they go she noticed say her husband no fit breathe well again anytime wey e waka small distance or climb staircase e go stop mek e catch breath because e dey tire quick quick one day after husband don spend long time they cough and they struggle to catch breath di woman com fear e begin think say maybe one sickness dey cause all this problem di next day she talked to her husband make dem go hospital go see doctor so that doctor go fit examine am and know wetin dey really happen di question be say wetin fit make pesin dey coffee like this with constant tiredness and serious difficulty to breath anytime the coffee start na only long sickness or hard sickness fit cause this kind problem which kind sickness fit make persons struggle to beat so much or even cause death if them no get urgent treatment wetin be danger science of coff and britain problem wey family members suppose wash out for wey mean say di person need urgent attention,"One woman notice say anytime wey dem wake up for morning, her husband go begin cough well well. The cough dey start suddenly and e fit take long time before e go stop. As time dey go, she notice say her husband no fit breathe well again. Anytime wey e waka small distance or climb staircase, e go stop make e catch breath because e dey tire quick quick.

One day, after her husband don spend long time dey cough and dey struggle to catch breath, the woman come fear. E begin think say maybe one sickness dey cause all these problems. The next day, she talk to her husband make dem go hospital go see doctor so dat doctor go fit examine am and know wetin dey really happen.

The question be say, wetin fit make person dey cough like this, with constant tiredness and serious difficulty to breathe anytime the cough start? Na only lung sickness or heart sickness fit cause this kind problem? Which kind sickness fit make person struggle to breathe so much or even cause death if dem no get urgent treatment? Wetin be the danger signs of cough and breathing problem wey family members suppose watch out for, wey mean say the person need urgent medical attention?",http://speech-app.s3.amazonaws.com/static/audio/uploads/f20a8536-4c24-49e3-b873-68fa80baf607/a1313a1f79d9031eda58aba73d277c25_0BWlmcnw.wav,"Dis kind long morning cough wey dey bring tiredness and breathlessness fit be from serious sickness like Tuberculosis (TB), heart failure, asthma, or COPD (lung disease from smoking or firewood smoke). E no be say na only hard sickness like cancer, because conditions like untreated TB or heart failure fit kill person quick as e dey destroy lung and heart function. Family members suppose rush am to hospital immediately if dem see danger signs like coughing blood, severe chest pain, bluish lips, high fever, or if e no fit breathe well even when e just sit down. For our community hospital, we go quickly do chest X-ray, test him sputum (flem) for TB, check oxygen level, and give urgent oxygen and drugs to stabilize am. Make dem no use herbal medicine delay, because early medical attention na the best way to prevent death from these serious chest and heart problems.",Qwen-3.7-Max,qwen3.7-max
3d112f63-9471-4ce4-b1f9-ee4e65fa2d7c,pidgin,pidgin,doktor one mama wey dey live for our house begin notice say her pikin been no dey suck breast well well anytime wey she try giv em breast the pikin the sock small com stop as if him don tire the mama been also notice say the pikin no get plenty strength to the sock breast and him go sweat well well for him head and him face no be only that one the way the pikin they breathe self com change e com be like say the pikin dey breathe up and down like person wey they struggle to breathe as days com pass the mama com begin dey worry well well she com dey wonder whether na because say the pikin been no dey chop well abi whether e been get another wahala wey been dey worry the pikin breathing and the way wey e dey sweat na im she decide to go hospital go see doctor make e examine the pikin my question be say wetin fit cause pikin make e know the sock breast well well de way wey the pikin they take breeds na sign say e get health wahala which danger sign make the pikin parents them they watch out for wetin fig cause small pikin to they sweat when in the sock prists,"Doctor, one mama wey dey live for our house begin notice say her pikin been no dey suck breast well well. Anytime wey she try give am breast, the pikin dey suck small come stop as if em don taya. The mama been also notice say the pikin no get plenty strength to dey suck breast and em go sweat well well for em head and em face. No be only dat one, the way the pikin dey breath sef come change; e come be like say the pikin dey breath up and down, like person wey dey struggle to breathe. As days come pass, the mama come begin dey worry well well. She come dey wonder weda na because say the pikin been no dey chop well abi weda e been get anoda wahala wey been dey worry the pikin breathing and the Wway wey em dey sweat. Naim she decide to go hospital go see doctor make em examine the pikin. 
My question be say: Wetin fit cause pikin make em no dey suck breast well well? The way wey the pikin dey take breathe na sign say em get health wahala? Which danger sign make the pikin parents dem dey watch out for? Wetin fit cause small pikin to dey sweat when em dey suck breast?",http://speech-app.s3.amazonaws.com/static/audio/uploads/29482234-da2e-40c5-819a-2d34a8b87f10/e7b447483fd325186b4782547bdd4ec3_9gZSCuTr.wav,"The way this pikin dey sweat, tire quick, and breathe fast when dey suck breast na strong sign say e get heart problem like Congenital Heart Disease (CHD) or serious lung infection wey dey make the heart work too hard. Small pikin fit sweat and tire for breast because the weak heart no fit pump blood well, making feeding feel like heavy exercise wey dey cause the body to release sweat. Parents must watch out for danger signs like blue color for lip or finger, chest dey draw inside when e dey breathe, grunting noise, and when the pikin completely refuse to chop. Since our community hospital no get echocardiogram machine to scan the heart, we go give the pikin oxygen and immediately refer them to a big teaching hospital for specialist care. Make the parents no waste time treat am with local herbs, because early heart scan and treatment by pediatric specialist na the only way to save the pikin life.",Qwen-3.7-Max,qwen3.7-max
1883e8fe-6909-4dc9-a0ec-b5eb756e240e,pidgin,pidgin,one man wey dem dey call suberu wey dey about fifty years old begin dey cough one day at first dey cough no too serious but as weeks pass com tom months dey cough com dey was gradually after some time him begin dey find amount to breathware na true say when dey cough see small e try different remedies wey people recommend but dem no work instead dey cough come dey worse at last e decide say instead make him dey buy different medicine by himself make him go hospital go see doctor when e reach hospital e tell dey doctor say e don dey cough for three months e explain say e don try home remedy wey people advise am like honey hot water bitter cola and different cough medicine wey e buy from pharmacy but instead make the cough dey reduce e continue to dey worse e reach well sometimes e go feel say like say e no dey fit breathe well again because of the cough di man come ask doctor say wetin fit cause this cough wey don last for this long why be say all di remedies and medicine wey i don use no work wetin i suppose do make this cough stop completely make i fit breathe well again and make i return to good health,"One man wey dem dey call Suberu, wey dey about 50 years old, begin dey cough one day. At first, the cough no too serious, but as weeks pass come turn months, the cough come dey worse gradually. After sometime, e begin find am hard to breathe well.

Na true say when the cough still small, e try different remedies wey people recommend, but them no work. Instead, the cough come dey worse. At last, e decide say instead of make him dey buy different medicine by himself, make e go hospital go see doctor.

When e reach hospital, e tell the doctor say e don dey cough for three months. E explain say e don try home remedies wey people advise am, like honey, hot water, bitter kola, and different cough medicines wey e buy from pharmacy. But instead make the cough dey reduce, e continue to dey worse. E don reach where sometimes e dey feel like say e no dey fit breathe well again because of the cough. 

The man come ask doctor say Wetin fit cause this cough wey don last for this long? Why be say all the remedies and medicines wey I don use no work? Wetin I suppose do make this cough stop completely, make I fit breathe well again and make I return to good health?",http://speech-app.s3.amazonaws.com/static/audio/uploads/994a8e3b-50c0-4688-b242-1ba7c30909aa/86059a070a4e55d39ef204f742762a15_tL9RtgtX.wav,"Oga Suberu, cough wey pass three weeks with breathing wahala na strong sign say e fit be Tuberculosis (TB) or other serious lung sickness, no be ordinary cold. All those home remedies and pharmacy cough mixtures no work because dem only dey calm the cough small, dem no dey kill the bacteria wey dey cause the real sickness inside your lung. To know the exact cause, you must do Chest X-ray and give sputum sample for GeneXpert test so we go see if na TB or another thing. If na TB, we go give you specific anti-TB drugs to kill the bacteria completely, so abeg stop to dey buy random drugs and just follow the hospital treatment plan to heal properly.",Qwen-3.7-Max,qwen3.7-max
4d7aa653-b36c-4c46-aaec-89b84a22c289,pidgin,pidgin,why old papa come among local hospital di papa talk say he get serious edic him neck di stiff and raj don't old any comer for him body he come as wey tin fi custom and we tin with correct treatment we ask em whether the headache start suddenly or it dey come small small di papa say he start suddenly for night and he now it don't become very severe you still ask em whether he fit look like to air when he say no because like they make the head the cross we ask em about the rush we the embody whether he dey penal whether he plenty or he just more the papa say the rush the all over embody in fit point one place and the each and change after that we ask whether he don contact with anybody wey sick recently the papa say them no go anyway apart from where them they sell goods for front of the house and them no know anybody wey sick wey them don get contact with our question for doctor be wetin fit cause this kind serious adeque and steve neck wey make personal photonym neck plus rush all over the body wetin feel be the cause na infectious disease one another sickness our second question be which kind tests this papa suppose do to know exactly wetin they worry yam make you fit get correct treatments and which medicines them fit starts give yam before the test results to commerce,"One old papa come our local hospital. Di papa talk say e get serious headache, im neck dey stiff, and rash don suddenly come out for im body. E come ask wetin fit dey cause am and wetin be di correct treatment.

We ask am whether di headache start suddenly or e dey come small small. Di papa say e start suddenly for night and now e don become very severe.

We still ask am whether e fit look light well, and e say no, because light dey make di headache worse.

We ask am about di rash wey dey im body, whether e dey pain am, whether e plenty or e just small. Di papa say di rash dey all over im body. E no fit point one place, and e dey itch am.

After dat, we ask whether e don contact with anybody wey sick recently. Di papa say dem no go anywhere apart from where dem dey sell goods for front of dia house, and dem no know anybody wey sick wey dem don get contact with.

Our question for doctor be: Wetin fit cause dis kind serious headache and stiff neck wey make person no fit turn im neck, plus rash all over di body? Wetin fit be di cause? Na infectious disease or na another sickness?

Our second question be: Which kind tests dis papa suppose do to know exactly wetin dey worry am make e fit get correct treatment? And which medicine dem fit start give am before di test results come out?",http://speech-app.s3.amazonaws.com/static/audio/uploads/6598bd5c-f9a6-469a-98a4-484387f94d6f/0e668f9a5682c0479079417f3a53b181_rA6kVlYk.wav,"Dis kind serious headache, stiff neck, fear light, and body rash strongly point to bacterial meningitis, especially meningococcal meningitis, wey be dangerous infectious disease wey dey affect di brain coverings. To know exactly wetin dey worry am, di papa suppose do Lumbar Puncture to check him CSF, blood culture, Full Blood Count, and Malaria test. Before test results ready, make doctors immediately start am on IV Ceftriaxone to fight di bacteria, plus IV Dexamethasone to reduce brain inflammation and prevent complications. Since he be old papa, dem fit add IV Ampicillin to cover Listeria bacteria, and dem must admit am for close monitoring because dis sickness fit worsen very fast.",Qwen-3.7-Max,qwen3.7-max
b2e91ead-84c9-47bd-8649-e1c8f9fa25ff,pidgin,pidgin,as i burn finish i couldn't dey try mek i get myself again one evening like that as we no get water wey dey clean for our area anytime wey i want baff i go use di tea water dey baff i couldn't dey tink wetin i go do for myself mek i fit dey use water weakling baff so one evening as i dey my body couldn't dey do me anyhow i couldn't notice say blood dey come out for my body and this blood wey come out for my body dey smell as woman wey born finish blood suppose come out for my body but this one dey smell well well i can't feel somehow i no feel come on my eye from this blood wey dey come afore my body so i can't rush go hospital make i go know whether na di dirty water wey i use di bath feel make mi di come on blood wey dey smell whether dirty water fit cause dis kind thing for pesin wey born pikin yu,"As I born finish I been dey try make I get myself again one evening like dat as we bin no get beta water for we area anytime I wan baff I go dey use water wey dey dirty every time I come dey think watin I fit do for my self make I fit dey baff water wey dey clean,one evening like dat my body come dey somehow,I come dey feel cool,I come notice say blood wey commot for my body dey smell I Know say this thing no good at all,the smell too much dis kind thing never happen before to me I no fit remove my eye as I stand up I come dey go hospital say make I ask weter na the water I use fit cause this kind thing.",http://speech-app.s3.amazonaws.com/static/audio/uploads/5680b80b-1dc3-495b-aa6a-cb65305700f4/c5748d7fa1eb280b335fe60c194f76cc_ugSDPfyl.wav,"Yes, using dirty water to bathe after you born pikin fit bring serious womb infection (puerperal sepsis) wey dey cause dat bad-smelling blood and body weakness. When unclean water touch your private part after delivery, bacteria fit enter your womb cause severe infection wey dey make the blood smell bad well well. The body weakness and say your eye dey fade na danger sign say the infection don spread or you don lose plenty blood, and na serious medical emergency. You do well to rush go hospital because you need strong IV antibiotics, drip, and proper medical care immediately to save your life. Always remember to boil water make e cool before you use am wash your private part after delivery to prevent this kind life-threatening wahala.",Qwen-3.7-Max,qwen3.7-max
57dd6a99-7f2f-42ad-91dd-397fb71a945d,pidgin,pidgin,doctor i bring my five years and two months old pikin wey get condition for two months wey dey find difficulty to breathe dem dey cough well well every night i com buy dem one tb cough medicine wey dem dey call to toll in for am e don finish one bottle but di cough still dey dere e dey very hard for am to breathe wednight reach i go do tb test for am dem com tell me say e no get tuberculosis so doctor abeg wetin cost five years old pikin to dey get cough wey dey steady and wetin cost five years old pikin wey no fit breathe well for night,"Doctor, I bin bring my 5 year old and 2 month old pikin wey get sickness wey them no fit breathe for night. Them Dey cough well well every night. I com buy one TB cough medicine wey dem Dey call Tutolin for ham. Ein don finish one bottle but the cough still dey there, e dey very hard for ham to breathe wen night reach. I go do TB test for am, them kon tell me say ein no get Tuberculosis. So doctor abeg wetin cus 5 year old pikin to dey get cough wey dey steady and wetin cus 5 year old pikin wey no fit breathe well for night",http://speech-app.s3.amazonaws.com/static/audio/uploads/30fb14cc-02b8-4f7b-9574-6c9ddb440023/49cff9824ce83f941df638389c5bf954_gYXLSt7G.wav,"Since the TB test negative and your pikin dey cough and struggle to breathe mostly for night, the main sickness wey dey cause this na asthma, wey be say allergy or inflammation dey narrow im airway when e sleep. Abeg stop to dey give am that ""TB cough medicine"" because ordinary cough syrup no fit open airway and e fit even bring more danger to the pikin body. Carry am go children hospital quickly make doctor listen to im chest and give am proper asthma inhaler, and make sure say no dust, mosquito coil smoke, or firewood smoke dey inside im sleeping room. Once doctor start am on the correct inhaler and you clean the environment, your pikin airway go open, e go breathe well and sleep peacefully.",Qwen-3.7-Max,qwen3.7-max
f954d14a-94e4-41fd-b75e-1bd794a8c3c3,pidgin,pidgin,when we ma wey dey 30 years old born pikin feminis wey don pass i tok say di delivery go normal because dem born di pikin di pikin dey get serious problem di pikin no dey cry well and e no dey respond like newborn baby suppose respond after bird di pikin no cry well atol and e bi like say e dey find am how to wake up di pikin body fit dey stiff or e no dey move well as dem expect di pikin no fit sock breastware and e dey struggle to breastfeed di mama dey worry because all our other pikin dem come immediately after dem born dem wetin fit cause dis kind problem which kind things dem fit do for di pikin letting be di immoducing step wey earthworkers suppose take immediately and which kind treatment dem give dis newborn pikin,"One woman wey dey 30 years old don born pikin few minutes wey don pass. Dem talk say di delivery go normal. But since Dem born di pikin, di pikin dey get serious problem. Di pikin no dey cry well and e no dey respond like new baby suppose respond. After birth, di pikin no cry well at all and e be like say e dey find am hard to wake up. Di pikin body fit dey stiff or e no dey move well as dem expect. Di pikin no fit suck breast well and e dey struggle to breastfeed.

Di mama dey worry because all her other pikin dem cry immediately after dem born dem.

Wetin fit cause dis kain problem? Which kind test dem fit do for di pikin? Wetin be di emergency steps wey health workers suppose take immediately? And which kind treatment dem fit give dis newborn pikin?",http://speech-app.s3.amazonaws.com/static/audio/uploads/8ac0f404-8854-4ab3-919c-34c708459600/01582ceae9c158cb9e2b24774626fc37_5TTHIJXz.wav,"Dis kind problem fit happen because of birth asphyxia (wey mean say the baby no get enough oxygen during delivery), severe infection (neonatal sepsis), or low blood sugar. Immediately, health workers suppose clear the baby airway, rub am gently make e cry, give am oxygen or use bag and mask help am breathe, and keep am warm. Dem must quickly check the baby blood sugar to give am IV dextrose if e low, and start antibiotics like Ampicillin and Gentamicin to fight any hidden infection. Since the baby no fit suck breast, dem suppose use small tube (NG tube) pass expressed breast milk enter the baby belle, while dem monitor am well well. Dis quick steps dey necessary to prevent brain damage and save the baby life, following standard newborn resuscitation guidelines wey we dey use for our community hospitals.",Qwen-3.7-Max,qwen3.7-max
c09d0612-6271-4f60-977c-5798940d70e2,pidgin,pidgin,home away dey 22 years don born for our hospital three days ago today she karri yah newborn pikin come for routine humanization as dem reach she tell us say di pikin no gree sock breast atol di pikin too dey weak e dey sleep past normal and e no dey weak wear she tok say anytime she try put breast for di pikin mouth e no go sock atol she can notice say di pikin and leg and old body dey very cold like us di body took cold reach where she dey fear to touch di pikin with her bear hand and na only when she wrap plenty clothes before she fit carry her she talk say di pikin no dey sock breast di old body di coat to touch and di pikin don dey more weak as time dey go e no fit move hand e no fit stretch leg e no get normal movement or reflex na so e just dey lie down no strength no movement she talk say anybody wey look di pikin go know say di pikin really sick and don tire wetin fit cause dis kind thing wetin una think say fill apple make pikin body dey fill dis kind freezing coat na only because di pikin no distock bread or a be another sickness fill di course and too wetin fill be di treatment make di pikin begin sock breast again also gozani di immunization wey dem suppose give di pikin today let im be una professional advice,"One woman wey dey 22 years don born for our hospital three days ago. Today she carry her newborn pikin come for routine immunization. As dem reach, she tell us say di pikin no gree suck breast at all. Di pikin too dey weak, e dey sleep pass normal, and e no dey wake well.

She talk say anytime she try put breast for di pikin mouth, e no go suck at all. She come notice say di pikin hand, leg, and whole body dey very cold, like ice. Di body too cold reach where she dey fear to touch di pikin with her bare hand, and na only when she wrap plenty cloth before she fit carry am.

She talk say di pikin no dey suck breast, di whole body dey cold to touch, and di pikin don dey more weak as time dey go. E no fit move hand, e no fit stretch leg, e no get normal movement or reflex. Na so e just dey lie down, no strength, no movement. She talk say anybody wey look di pikin go know say di pikin really sick and don tire.

Wetin fit cause this kain thing? Wetin una think say fit happen make pikin body dey this kind freezing cold? Na only because di pikin no dey suck breast, abi another problem fit dey cause am too? Wetin fit be di treatment wey make di pikin begin suck breast again?

Also, concerning di immunization wey dem suppose give di pikin today, wetin be una professional advice?",http://speech-app.s3.amazonaws.com/static/audio/uploads/feb0816f-4fb4-4884-a9ef-224cb5115df2/a278bf8d3ccbba6ecc86e8cea1a40d3d_opKHIixJ.wav,"Dis kind serious cold, weakness, and refusal to suck breast no be just because e no chop, but e strong point to neonatal sepsis (serious infection) or severe low blood sugar wey dey common for newborns. Make una quickly warm di pikin using skin-to-skin or radiant warmer, check im blood sugar to give IV dextrose, and start IV antibiotics like Ampicillin and Gentamicin immediately to fight di suspected infection. As e get strength and body temperature return to normal, una fit start express breast milk give am with cup before gradually returning am to direct breastfeeding. No give am any immunization today because di pikin too sick, so make una delay di vaccines until e don fully recover. Admit di mother and pikin to di Special Care Baby Unit now now for close monitoring so di pikin no go lose im life.",Qwen-3.7-Max,qwen3.7-max
9661b394-69af-48d1-9453-67ba9c9d60c9,pidgin,pidgin,dem bin com notice say one new pikin wey dem just born for our hospital for like 20 minutes wey just pass bin dey do as if sleep dey im eyes dey pikin bin no cry well well since dem born am when we bin check im respiration e bin dey okay but dey pikin bin just dey sleep we also bin check im temperature and e bin dey normal now my question bi dis wetin fit cost pikin wey dem just born to dey look as if e dey sleep and to no cry since wey dem born am and which kind treatment go work well well for this kind pikin and when im mama come house which medicine she fit give dey pikin and which one make she no give and which kind food make dey mama dey chop to make sure say both dey mama and dey pikin go dey healthy,"dem been come notice say one new pikin wey dem just born for our hospital for like 20 minutes wey just pass, been dey do as if sleep dey em eyes. the pikin been no cry well well since dem born am. when we been check em respiration, e been dey okay but the pikin been just dey sleep. We also been check em temperature, and e been dey normal. na my question be this: wetin fit cause pikin wey dem just born to dey look as if em dey sleep and to no cry since wey dem born am? and which kain treatment go work well well for this kain pikin? and, when em mama come house, which medicine she fit give the pikin and which one make she no give? and which kain food make the mama dey chop to make sure say both the mama and the pikin go dey healthy?",http://speech-app.s3.amazonaws.com/static/audio/uploads/522c8f99-ccfd-41a3-bf86-ac27eb3929c2/288cf3471fcaacbf26ddef4f19a21259_RY0WdrDk.wav,"Dis heavy sleep and weak crying fit happen because of low blood sugar (hypoglycemia), birth stress, or drugs wey dem give the mama during labour, so make una quickly check the pikin blood sugar and gently rub im back to wake am. The best treatment na to start early breastfeeding with colostrum to raise im sugar and give am energy, or give IV dextrose if the sugar drop too much. For house, the mama must only use routine drugs wey hospital give like Vitamin K, and she must never give the pikin agbo (herbal mixtures), water, or unprescribed medicine because e fit damage the pikin liver. Make the mama chop balanced food wey get plenty protein, leafy vegetables like ugwu, and drink plenty water or warm pap to make im breast milk flow well and keep both of dem strong.",Qwen-3.7-Max,qwen3.7-max
ca2895bc-3fec-4093-81e3-f1b7307b6044,pidgin,pidgin,good evening doktor abeg i bring my pikin com hospital because i notice say anytime wey e dey breathe e dey make sound like say eh dey rush through small oat e dey sound like whizzing e still the sound like person wey they blow whistle and they struggle to beat wey i don't also notice say for about three days now if they cough mostly for night sometimes i dey see say mi chest dey go inside and come outside wey wey like say e dey use plenty power just to breathe i still notice say e no fit chop wey like before anytime wey e wan chop e go first stop make e catch breath because of this problem e never fit feed wey for ya bout three days now i don carry and go chemist for our area before and then give and cough medicine because maybe dey cough small small although de cough no so much after yu take de medicine i notice say yu no work yu still dey breathe like before and yu still no fit chop well abeg wetin fit be di sickness wey dey make my pikin dey breathe with this whistly sound e need chest examinations chest through to know wetin dey worry am and why e chest dey draw go inside our common saladies wetin be di treat wey wey i fit give dis pikin for us to help bread better b na any other medicine or any ni other way day wey i fit use help and make bread way,"Good evening, Doctor. Abeg, I bring my pikin come hospital because I notice say anytime wey e dey breathe, e dey make sound like say air dey pass through small hole. E dey sound like wheezing. E still dey sound like person wey dey blow whistle, and e dey struggle to breathe well.

I don also notice say for about three days now, e dey cough mostly for night. Sometimes, I dey see say e chest dey go inside and come outside well well, like say e dey use plenty power just to breathe. I still notice say e no fit chop well like before. Anytime wey e wan chop, e go first stop make e catch breath. Because of this problem, e never fit feed well for about three days now.

I don carry am go chemist for our area before, and dem give am cough medicine because e bin dey cough small, although the cough no too much.After e take the medicine, I notice say e no work. E breathing still dey breathe like before, and e still no fit chop well.

Abeg, wetin fit be the sickness wey dey make my pikin dey breathe with this whistling sound? E need chest examination or chest X-ray to know wetin dey worry am and why e chest dey draw go inside and come outside like this? Wetin be the treatment wey I fit give this pikin for house to help make e breathe better? Abi na any other medicine or any other way dey wey I fit use help am make e breathe well?",http://speech-app.s3.amazonaws.com/static/audio/uploads/e73f5d4f-f408-49e9-88fc-d6330583a326/daaf4f17a692bcdf4dc7af17888e2cfb_kRMrmr3v.wav,"Good evening, the whistling sound and the chest indrawing wey you see show say your pikin get severe breathing problem like asthma or bronchiolitis, wey make him airway narrow. We no quickly need chest X-ray unless we suspect complication, but we must check him oxygen level and breathing rate sharp-sharp. Stop to give am cough syrup because e no dey work; instead, we go give am oxygen and salbutamol nebulizer to open the airway make e breathe well. Since e no fit chop well, make you feed am small-small with spoon, and we go admit am for ward to monitor am closely. Abeg leave am for the hospital make we examine am properly and start the right treatment immediately, no carry am go back house.",Qwen-3.7-Max,qwen3.7-max
d897f8b2-9e59-4d59-bb66-be52d5232966,pidgin,pidgin,this morning one woman wayborn for our place deliver a pikin healy for dawn around eight o clock a m di person wey dey with am for us call us say di woman dey shiver a body out well well and she dey complain of plenty for di pain we go shake di woman cover am with clothes and shake our temperature our temperature na 38.2 celsius we can do malaria rapid test for am and show say di woman get malaria react and whether she don chop and she say she never chop anything we tell di people wey dey with am make dem give am tea wey she drink we ask whether she don breast free di baby she say as she wan breast free di baby she notice say di baby don stew we have di woman sit up and lean back for di bed so our body fit feel small better we check am again and see say our eye is no pale we advise say as soon as she don chop may she take paracetamol after she take the paracetamol we can't decide when then she fit take another toes since the malaria test confirm say she get malaria we fit continue with their properate treatment because she still dey feel weak if she no improve after eating at take paracetamol we fit know the nurse treatment wey go fit hand,"Dis morning, one woman wey born for our place deliver her pikin early for dawn. Around 8:00 a.m., the person wey dey with am for house call us say the woman dey shiver, her body hot well-well, and she dey complain of plenty body pain.

We go check the woman, cover am with cloth, and check her temperature. Her temperature na 38.2°C. We come do malaria rapid test for am, and e show say the woman get malaria.

We ask am whether she don chop, and she say she never chop anything. We tell the people wey dey with am make dem give am tea make she drink.

We ask whether she don breastfeed the baby. She say as she wan breastfeed the baby, she notice say the baby don stool.

We help the woman sit up and lean back for the bed so her body fit feel small better. We check am again and see say her eyes no pale.

We advise say as soon as she don chop, make she take Paracetamol. After she take the Paracetamol, we go decide when next she fit take another dose.

Since the malaria test confirm say she get malaria, we fit continue with the appropriate treatment. Because she still dey feel weak, if she no improve after eating and taking Paracetamol, we go know the next treatment wey go fit help am.",http://speech-app.s3.amazonaws.com/static/audio/uploads/a57ed8e6-19fa-4e68-8ff5-ee0fa4696d02/db590cb818898f1be5aff3bc7d794e64_D3nhx3gF.wav,"Even though malaria test positive, di shivering and severe pain just after delivery strongly point to puerperal sepsis (womb infection) or retained placenta, so una must examine her womb for tears and start IV antibiotics (like Ampicillin, Gentamicin, and Metronidazole) immediately alongside di malaria drugs. Since di baby don die, una must counsel di mother gently, give her IV fluids for hydration, and monitor her blood pressure closely to prevent septic shock. Paracetamol and food good, but remember say malaria RDT fit show positive from past infection for our environment, so if she no improve after starting antibiotics for postpartum infection, refer am to a bigger hospital sharp sharp.",Qwen-3.7-Max,qwen3.7-max
f245321c-8c8f-4814-8990-5e0629d3acd5,pidgin,pidgin,who woman dem carry corn hospital dis morning because she dey bleed plenty and di bleeding don make her weak well well i ask em whether dis kind e don happen before and she talk say e don happen about two times before anytime e apple she dey fit pin and e bleed di come and stop then come start again the answer whether e fit be say belle di come out of she talk say she no no whether she get belle or not the hacks are went as she say a monthly period and she talk say not too long say na about one month and two weeks ago she last say her period before this everybody dis start again this morning i beg wetin fit make this woman bleed is kind plenty wetin be di imagesing things wey earthworkers suppose do immediately wetin be di treatment wey fish save our life and stop di bleeding which medicine orientation wey fi app control di did fi be given first and which test or investigations fi be done so no di real cause of this serious bleeding,"One woman dem carry come hospital this morning because she dey bleed plenty, and the bleeding don make her weak well-well. Dem ask am whether this kind thing don happen before, and she talk say e don happen about two times before. Anytime e happen, she dey feel pain and the bleeding dey come and stop, then come start again.

Dem come ask am whether e fit be say belle dey comot, but she talk say she no know whether she get belle or not. Dem ask am when she last see her monthly period, and she talk say not too long, say na about one month and two weeks ago she last see her period before this heavy bleeding start again this morning.

Abeg, wetin fit make dis woman bleed this kind plenty? Wetin be the emergency things wey health workers suppose do immediately? Wetin be the treatment wey fit save her life and stop the bleeding? Which medicine or injection wey fit help control the bleeding fit be given first? And which tests or investigations fit be done to know the real cause of this serious bleeding?",http://speech-app.s3.amazonaws.com/static/audio/uploads/a56ff576-0083-4d59-81ef-1cc6a858c72c/466b108d51d383d30be3ebaf2549593f_HF7mn3SJ.wav,"Dis heavy bleeding fit be from incomplete abortion or ruptured ectopic pregnancy, especially since her last period na six weeks ago and she no sure say she get belle. Immediately, doctors suppose do Urine Pregnancy Test, pelvic ultrasound to check the womb, Full Blood Count, and Group and Crossmatch to prepare blood. To save her life and stop the bleeding fast, dem must first give IV Oxytocin or Misoprostol to make the womb contract, alongside IV fluids and blood transfusion. The main life-saving treatment go depend on the scan; if na incomplete abortion, dem go use Manual Vacuum Aspiration to clear the womb, but if na ectopic pregnancy, emergency surgery go be needed. We dey follow this standard practice because severe blood loss fit cause shock and kill the patient, so quick resuscitation and finding the exact cause na the only way to save her.",Qwen-3.7-Max,qwen3.7-max
77689135-f794-4ace-862f-2301be56cc79,pidgin,pidgin,one grand mama been noticed say her pikin wey she don dey with after e born like three days wey just pass dey bleeding wey women dey bleed after dem born her own come plenty pass de way wey e dey be she also noticed say her body come dey white her hands feet face and ears come dey white like say blood no dey she been dey shake and her body hot small but as e be so for the three days wey just pass she noticed say all her feet and hands come cold and she come tire well well and she no dey fit do anything this na why she bring am come hospital so that doctor go check her body she ask gongon whether e dey possible say doctor bin no clean her womb well well wey dey cause this bleeding wey plenty like so she also talk say make doctor give am injections or medicine wey go help to stop the bleeding so that she go fit get her strength back so that them go fit look after her pikin,"One gran-mama been notice say her pikin, wey she don dey with after em born like 3 days wey just pass, the bleeding wey women dey bleed after dem born, her own come plenty pass the way wey e dey be. she also notice say her body come dey white; her hands, feet, face, and ears come dey white like say blood no dey. she been dey shake and her body hot small. but as e be so, for the 3 days wey just pass, she notice say all her feet and hands come cold, and she come taya well well and she no dey fit do anything. this na why she bring am come hospital so dat doctor go check her body. she ask gongon weda e dey possible say doctor been no clean her womb well well, wey dey cause this bleeding wey plenty like so. she also talk say make doctor give am injections or medicine wey go help to stop the bleeding, so dat she go fit get her strength back so dat dem go fit look after her pikin.",http://speech-app.s3.amazonaws.com/static/audio/uploads/ed3b865d-97b8-46ea-b50b-b3c9524d78be/f07532aaff5a82c737faf5b84bb6ca95_p2bRfveF.wav,"Mama, your pikin dey suffer from severe blood loss and shock, and your suspicion correct say maybe small placenta remain inside her womb wey cause this heavy bleeding. We go quickly put am for drip and give am blood to replace the one wey she lose so her body go warm and she no go faint. We go give am strong injections to make the womb squeeze and stop the bleeding, and if scan show say tissue remain, we go wash the womb clean. Because her body dey hot and shake, we go also give am antibiotics to fight any infection wey don enter. With this quick treatment, the bleeding go stop and she go recover her strength well well to care for her baby.",Qwen-3.7-Max,qwen3.7-max
ac528749-454d-4638-bd6c-48e063cb0ad7,pidgin,pidgin,my name na titi lola since yesterday my pikin body dey hot and e dey shake wella di pikin no fit turn him neck e com be like say di pikin neck no go turn again na only one eye e fit open wetin com bring di body wey dey hot and di neck wey no fit turn which kind result dem go see so for di pikin body wey fit make di body dey hot sotey e no fit turn en neck,"My name na Titilola. Since yesterday my pikin body dey hot and e dey shake wella. The pikin no fit turn him neck. E com be like say the pikin neck no go turn again. Na only one eye e fit open. Wetin come bring the body wey dey hot and the neck wey no fit turn? Which kin result Dem go see so, for the pikin body wey fit make the body dey hot so tey e no fit turn him neck.? ",http://speech-app.s3.amazonaws.com/static/audio/uploads/5ed0a7ab-e344-4340-a942-9a7a2d0f02f6/4f342a3d25976e8e368c5fc816499856_167wUcCY.wav,"Titi Lola, your pikin symptoms like hot body, shaking, and stiff neck wey no fit turn na serious emergency wey dey show say e fit get Meningitis (brain cover infection) or severe Malaria, so you must rush am to hospital now now for IV antibiotics. To find the exact cause, doctors go do Lumbar Puncture to test the water round the brain (CSF), alongside blood culture and malaria test. If na bacterial meningitis, the CSF result go show plenty white blood cells, low sugar, and high protein, while the blood test go show high infection markers. The one eye wey no fit open fit be because brain swelling dey press the eye nerves, so quick treatment na im go save the pikin life.",Qwen-3.7-Max,qwen3.7-max
e16e85a0-0e17-46fb-b4da-25ff0ac08d9c,pidgin,pidgin,i really my pikin wey dey nine years com hospital dis afternoon i said am mek e go buy someting for me for town for one dog buy town when dem bring di pikin commerce and tell me waiting about i shake wey di dog buy town and i see say di wound don road and don begin swear we ask people wey dey for dat area about di dog wey bite my pikin and di dog una talk say dem never give di dog any version before dem say di dog just dey worker commerce play around and come back us and still talk say dey never carry di dog hospital or give her many medical treatment atol na why fear catch me and i quickly bring my pikin come hospital because i no want make e happen say na dog get rabbies bite am wetin feel apple to pikin wey dog bite wetin feel apple to whom we don red and swear e possible make e fear like race be sent out to this one e possible make something to yard support to my pikin because of this dogbite i beg doctor wetin i fit do make infection no enter this mood which vicines and medicine will na figure by begin make e get correct treatment apart from that one which setting health fit bedon which kind medical test una fit run to take care of the place where the dog bite my pikin,"I bring my pikin we dey nine years come hospital dis afternoon. I send am make e go buy something for me for town, but one dog bite am. Wen dem bring the pikin come house and tell me wetin happen, I check where the dog bite am, and I see say the wound don red and don begin swell.

We ask people wey dey for that area about the dog wey bite my pikin, and the dog owner talk say dem never give the dog any vaccine before. Dem say the dog just dey waka comot, play around, and come back house. Dem still talk say dem never carry the dog go hospital or give am any medical treatment at all.

Na why fear catch me, and I quickly bring my pikin come hospital because I no want make e happen say na dog wey get rabies bite am.

Wetin fit happen to pikin wey dog bite? Wetin fit happen to wound wey don red and swell? E possible make infection like rabies enter through dis wound? E possible make something serious happen to my pikin because of dis dog bite?

Abeg doctor, wetin i fit do make infection no enter dis wound? Which vaccines and medicines una fit give my pikin make e get correct treatment? Apart from dat one, wetin else fit be done, or which kind medical tests una fit run to take care of the place wey the dog bite my pikin?",http://speech-app.s3.amazonaws.com/static/audio/uploads/683d6b78-d383-497f-b4dd-0a5065a4a5a4/8265cd467f8997cba595c2adfeabbf9b_aDmV9Kyc.wav,"I understand your fear, and because the dog never get vaccine, e possible say the dog get rabies, so we go quickly start Rabies vaccine for your pikin today to protect am. Since the wound don red and swell, e mean say bacterial infection don start, so we go wash am well with soap and water, then give am antibiotics like Amoxicillin-Clavulanate and Tetanus injection. To check the wound well, we fit do wound swab for Culture and Sensitivity test to know the exact bacteria, but we no dey run blood test for rabies for person wey dog just bite. Make sure you complete all the rabies vaccine doses according to the schedule we go give you, and observe the wound daily for any worse swelling or fever. You do well to bring am come hospital quickly, just follow our treatment plan and your pikin go recover well without any wahala.",Qwen-3.7-Max,qwen3.7-max
2717fc49-ea15-47c7-919c-875d3106d51d,pidgin,pidgin,one thirty-three year old woman wey get belle for seven months her neighbours been carry am com our hospital dem talk say belle been just start to pain am well well just like dat and plenty blood begin comot for her private part her body been dey shake and she been dey cry because e been dey pain am well well her family talk say dem been dey fear say something bad go happen to am and the pikin dey first question wey dem ask doctor be say wetin fit dey cause dis kind strong pain for belle and dis plenty blood wey dey komot dia second question be say wetin dem suppose do now for dis woman wey get belle dia third question be say which investigation abi tests dem fit do dia fourth question be say which treatment go fit dis her condition well well dia fifth question be say which kind food wey dis woman wey carry belle suppose avoid and wetin shi fit do to better her hygiene,"One 33 year old woman wey get belle for 7 months, her neighbours been carry am come our hospital. Dem talk say belle been just start to pain am well well, just like that and plenty blood begin comot for her private part. Her body been dey shake, and she been dey cry because e been dey pain am well well. Her family talk say dem been dey fear say something bad go happen to am and the pikin. The first question wey dem ask doctor be say; Wetin fit dey cause this kind strong pain for belle and this plenty blood wey dey comot? Their second question be say: Wetin dem suppose do now for this woman wey get belle? Their third question be say: Which investigation abi test dem fit do? Their fourth question be say: Which treatment go fit this her condition well well? Their fifth question be say: Which kind food wey this woman wey carry belle suppose avoid, and wetin she fit do to beta her hygiene? ",http://speech-app.s3.amazonaws.com/static/audio/uploads/e5d00b78-1d53-4d2c-9a15-a2762be25620/501b82a365b9d708258ffa8f3e38818f_HAUixuyG.wav,"Dis strong belle pain and plenty blood na mostly from placental abruption where the placenta just comot from womb before time, or placenta previa, wey be serious emergency. Make una quickly give am IV fluids to stabilize am from shock, then rush am to theatre for emergency Caesarean section to save the mama and pikin life. For tests, una must do urgent Full Blood Count, blood grouping and crossmatch, clotting profile, and pelvic ultrasound to check the pikin heartbeat. The main treatment na to do the emergency C-section immediately, give am blood transfusion, and give drugs like oxytocin afta delivery to stop the bleeding. She suppose avoid raw meat, unpasteurized milk, and too much salt, while she go maintain good hygiene by washing her private part with clean water and wearing clean cotton panties.",Qwen-3.7-Max,qwen3.7-max
c75ca339-9957-49f0-b456-9ab911f3926b,pidgin,pidgin,dey our area been get belle for our second pekin as di belle just start everything dey go normal and she happy say another baby dey come but few months later she been give no dey feel serious pain for a lower belle one day di belle di pain kan tumo so take she no fit stand well again small time after that she come begin bleed for my priorite part di blood plenty pass nor my hand e make our body weak well well as she dey see di bleeding she catch am say maybe di baby for abele di for danger i was my quickly help am carry go hospital my question bi say wetin fee cause serious lover belle during pregnancy or heavy bleeding during pregnancy it be danger sign for di mama or di born baby wetin be di science wey show say pregnancy dey for trouble and e get any medicine wey fit stop di pain and bleeding without i mean di baby wey di for belle,"One woman wey dey our area bin get belle for her second pikin. As di belle just start, everything dey go well, and she happy say another baby dey come. But few months later, she begin dey feel serious pain for her lower belle. One day, di pain come too much sotey she no fit stand well again. Small time after dat, she come begin bleed from her private part. Di blood plenty pass normal, and e make her body weak well well. As she see di bleeding, fear catch am say maybe di baby for her belle dey for danger. Her husband quickly help am carry go hospital.

My question be: Wetin fit cause serious lower belle pain during pregnancy? Heavy bleeding during pregnancy, e be danger sign for di mama or di unborn baby? Wetin be di signs wey show say pregnancy dey for trouble? And e get any medicine wey fit stop di pain and bleeding without harming di baby wey dey for belle?",http://speech-app.s3.amazonaws.com/static/audio/uploads/d57fe58e-c75e-48c9-b798-dcc0453fd93e/1e4f77e587259f2b504f053449a5f1d0_9EqhavN2.wav,"Serious pain for lower belle and heavy bleeding during pregnancy na extreme danger sign for both mama and baby, wey fit happen because of miscarriage, ectopic pregnancy, or placenta problems. The science behind am be say the pain and bleeding show say the placenta don start detach from the womb or the womb dey contract to push the baby out, wey go cut oxygen to the baby and make the mama lose plenty blood. No get one specific medicine wey fit just stop the bleeding and pain safely without doctor checking the root cause first, because the right treatment depend on wetin the ultrasound scan show. For hospital, doctors go stabilize the mama with IV fluids or blood, and dem fit give safe drugs to relax the womb or support the pregnancy if the baby still fit survive. Make una just follow the doctor advice strictly and avoid any local herbs or self-medication, because quick and proper hospital care na the only way to protect the mama and baby.",Qwen-3.7-Max,qwen3.7-max
ee6ce69d-1180-4cea-956c-63a756c5c174,pidgin,pidgin,my name na mrs akinyele for di past two months now i don notice say my husband no dey breathe normally atol and anytime e dey for dusty place or where dem dey fry something and smoke dey e go begin sneeze plenty plenty e go find am hard to breathe well anytime e enter place wey dust or smoke dey in breathing dey become difficult and e dey sneeze continuously my question be say abi any test day wey doctor fit do to know di exact tin wey dey cause dis problem say na because of di dust and smoke or na because something don change for en body system also wetin bi di correct medicine wey e fit use make en britain return to normal and make e fit dey breath comfortably anytime and anywhere,"My name na Mrs. Akinyele. For the past two months now, I don notice say my husband no Dey breathe normally at all. Anytime e dey for dusty place or where dem dey fry something and smoke dey, e go begin sneeze plenty-plenty, e go find am hard to breathe well.

Anytime e enter place wey dust or smoke dey, im breathing dey become difficult, and e dey sneeze continuously.

My question be: Abi any test dey wey doctor fit do to know the exact thing wey dey cause this problem? Shey na because of the dust and smoke, or na because something don change for im body system?

Also, wetin be the correct medicine wey e fit use make im breathing return to normal and make e fit dey breathe comfortably anytime and anywhere ",http://speech-app.s3.amazonaws.com/static/audio/uploads/c712181f-5cd9-40c4-bed4-e5793c47cbea/4f6c41f28a77dd13f4a3fe5361ca544c_ckBERdSD.wav,"Madam Akinyele, your husband symptoms show say e fit get asthma or allergy, and doctor fit do Spirometry (lung test) and allergy test to confirm if na dust and smoke dey trigger am or if im airway don just become too sensitive. Dis tests go help us see if im lungs dey narrow and identify the exact trigger so we fit treat am properly instead of just guessing. For medicine, doctor go prescribe reliever inhaler like Salbutamol for quick relief, plus preventer inhaler and antihistamine to calm the swelling and sneezing inside im body. Abeg carry am go hospital make doctor check im chest well, because for our side, things like TB or chest infection fit sometimes mimic allergy and need different treatment. The best prevention na to always avoid dust and smoke, use face mask for dusty places, and pour water before sweeping so dust no go fly.",Qwen-3.7-Max,qwen3.7-max
6dded9f0-2cd8-41b4-969a-8e7439b4cd81,pidgin,pidgin,one woman wey dey leave for our house she dey work she dey do her work well well and she no get any health wahala one day as she bin dey baff she bin touch her breast and she com see say one kind small tin wey strong dey like boy bin dey inside dat first time she bin feel say no bin sometin wey serious but she com touch am again another day com see say e still dey for dere as time com pass she com dey fear she begin to worry about whether di matter been dey develop for inside her breast e bin no dey pain am but di fact say di sometin been strong and e bin no dey gree go bin mek she com dey sad she com also start to dey remember some tory wey she bin dey hear about girls wey dey get dis kind strong thing for their breast after some weeks pass she decide to go see doctor she bin wan know wetin cause the strong thing and wetin wey she need do to make sure say her health go remain kampe my questions be say wetin fit cause this kind strong thing for inside one breast na every strong thing wey dey for breast na im mean say e go com lead to cancer which other things for breast dey wey women suppose the check out for,"One woman wey dey live for our house, she dey work. She dey do her work well well and she no get any health wahala. One day, as she been dey baff, she been touch her breast and she come see say one kain small thing wey strong, dey like ball been dey inside. That first time, she been feel say no be sometin wey serious, but she come touch am again anoda day come see say e still dey for there. As time come pass, she come dey fear. She begin to worry about weda the mata been dey develop for inside her breast. E been no dey pain am, but the fact say the sometin been strong and e been no dey gree go been make she come dey sad. She come also start to dey remember some tori wey she been dey hear about girls wey dey get this kind strong thing for their breast. After some weeks pass, she decide to go see doctor. She been wan know wetin cause the strong thing and wetin wey she need do to make sure say her health go remain kampe. My questions be say: wetin fit cause this kind strong thing for inside woman breast? Na every strong thing wey dey for breast naim mean say e go come lead to cancer? Which other things for breast dey wey women suppose dey check out for?",http://speech-app.s3.amazonaws.com/static/audio/uploads/b0509400-2798-443c-a9ce-6f28a590596f/3fb4e4692738a7a643f79a7301a243a0_bl3DeUbF.wav,"Make I tell you say no be every hard lump for breast na cancer, because medical evidence show say most of them na benign (harmless) things like fibroadenoma, cyst, or hormone changes dey cause am. But because breast cancer fit start as painless hard lump, e very important make doctor use ultrasound, mammogram, or biopsy check am well to know the exact cause and rule out cancer. Apart from hard lump, women suppose quickly run go hospital if they see other danger signs like blood or water wey dey comot from nipple, nipple wey enter inside, swollen armpit, or breast skin wey change and dey look like orange peel. For our local hospital practice, we always dey teach women to dey do Breast Self-Examination every month after their period to notice these changes early, so make the woman no panic but just finish her tests to keep her health kampe.",Qwen-3.7-Max,qwen3.7-max
13e1c9d4-57b0-4b0e-b73f-aec7519d8fbc,pidgin,pidgin,mama wey born pikin two weeks ago begin dey see small small blood dey come out for my body as days dey pass mi notin say wetin resemble meat or tissue and blood dey come out sometimes e dey feel sommer and e neck no dey okay e still dey get small small pink for under belle and anytime e see all the signs e dey fear and confuse e begin wonder within the happle shey na anomating wey fit happle after uma born pikin or weather na another sickness one day i si go hospital and they talk with other norse mothers e hear say make nobody ignore any change wey them notice for their body after child bet dat one make am decide say e go see doctor meeting examiner my question be wetin fit cause this kind problem after woman don born pain for under belle fit be science of sickness which danger science wey new mama suppose wash out for after shirt bet na wetin be the steps wey new mama need to take to prevent this kind sickness,"Mama wey born pikin two weeks ago begin dey see small-small blood dey come from her body. As days dey pass, e notice say wetin resemble meat or tissue and blood dey come out. Sometimes e dey feel somehow, and e neck no dey okay. E still dey get small-small pain for under belle, and anytime e see all these signs, e dey fear and confuse. E begin wonder wetin dey happen,whether na normal thing wey fit happen after woman born pikin or whether na another sickness.

One day, as e go hospital and dey talk with other nursing mothers, e hear say make nobody ignore any change wey dem notice for their body after childbirth. That one make am decide say e go see doctor make dem examine am.

My question be: Wetin fit cause this kind problem after woman don born? Pain for under belle fit be signs of sickness? Which danger signs wey new mama suppose watch out for after childbirth? And wetin be the steps wey new mama need to take to prevent this kind sickness?",http://speech-app.s3.amazonaws.com/static/audio/uploads/a6846891-c098-42da-b6e5-89ef4cd0c3ce/74506ae897786ed764c61038366b35a8_GvsSbutW.wav,"Wetin this mama dey experience fit be postpartum endometritis (womb infection) or retained placenta (small meat wey remain inside), wey dey cause the heavy bleeding, fever, and belly pain. Danger signs wey new mama must watch out for include bleeding wey dey soak pad within one hour, high fever, bad-smelling discharge, and severe cramps. To prevent this kind problem, new mama suppose maintain good private part hygiene, breastfeed baby well to help womb shrink, and always attend postnatal clinic. But because she don already get fever and neck pain, e mean say the infection fit don enter blood (sepsis), so she must rush go hospital immediately for IV antibiotics and scan. She no suppose manage am for house or use local herbs, because postpartum infection fit kill if doctor no treat am on time.",Qwen-3.7-Max,qwen3.7-max
f3dbb0f3-8206-4f36-9ce4-995205a5f594,pidgin,pidgin,i be we my pikin just seven days ago since then i noticed anytime one breast freedom e dey struggle to soft depress if e sock small com remove em out if i put de breast back for em out e go sock small again com remove am as i dey wonder why e no dey sock breast well i no see sey the pekin get cutter e no dey breat well anytime e dey breat e sound like perceive nose block or perceive the snow i call my mother e language see am she talk say maybe as i born dey pekin or time time head or something like that where i dey think say if anything like that upon the nurses and doctors where have me delivered dey baby for now wetin dey pay me pass be say dey pekin no dey field where it dey make me worry and my mind no dey rest e no dey suck breast where and my first i dey try make e breast feed most times i go even wake am from sleep before e go suck breast small and sometimes e no go gree safe abeg wetin fit dey cause dis cutter wey dey make my pikin no dey breast where and why e dey stand like personal no splock every time e dey breast wetin free also be de reason why e know dey sock breast well,"I be woman wey dey 32 years. I born my pikin just 7 days ago. Since then, I notice say anytime I wan breastfeed am, e dey struggle to suck the breast. E fit suck small, come remove im mouth. If I put the breast back for im mouth, e go suck small again, come remove am.

As I dey wonder why e no dey suck breast well, I  notice say the pikin get catarrh. E no dey breathe well. Anytime e dey breathe, e sound like person wey nose block or person wey dey snore.

I call my mother-in-law come see am. She talk say maybe as I born the pikin, water enter im head or something like that. But I dey think say if anything like that happen, the nurses and doctors wey help me deliver the baby for know am.

Wetin dey pain me pass be say the pikin no dey feed well at all. E dey make me worry and my mind no dey rest. E no dey suck breast well. Na by force I dey try make e breastfeed. Most times, I go even wake am from sleep before e go suck breast small, and sometimes e no go gree sef.

Abeg, wetin fit dey cause this catarrh wey dey make the pikin no dey breathe well, and why e dey sound like person wey nose block anytime e dey breathe? Wetin fit also be the reason why e no dey suck breast well?",http://speech-app.s3.amazonaws.com/static/audio/uploads/13d3b5c0-e7e9-4e67-8c88-a9d2ffc08efb/cc7d54cc2c3c1537092f3f8a82d6c029_K8NnY1Ae.wav,"Madam, the ""cutter"" (blocked nose) na exactly wetin dey make your baby dey drop breast, because small pikin dey use nose breathe while dem dey suck, so if nose block, e go leave breast make e breathe. Dis kind small catarrh or snorting sound common for new born pikin because their nose pipe small and fit still get some birth fluid or mucus inside, no be necessarily say e get serious infection or head problem from birth. To help am, you fit put one or two drops of clean breast milk or saline water inside e nose to soften the mucus, then use soft tissue or bulb syringe to gently clean am before you feed am. Keep trying to feed am small-small and wake am if e sleep pass three hours, but make sure say e dey wet enough pampers (at least 6 times a day) to show say e dey get enough milk. But if you notice say the pikin dey breathe very fast, e chest dey enter inside when e breathe, or e body hot (fever), please carry am go hospital immediately make doctor check am well.",Qwen-3.7-Max,qwen3.7-max
23b6e543-5677-4509-a50a-f4d923393d16,pidgin,pidgin,i bin karry my friend wey get belle wey bi eighteen years old go hospital because she bin don enter labor and her time to born bin reach when we reach hospital and them do all the tests wey them suppose do our blood pressure bin dey high after them do everything wey them suppose do she still continue for the labor she dey labor for like twelve hours her husband bin dey close and the doctors bin advise say make she agree make them do caesarean section for am because e bin don to tey wey she dey labor my friend bin refuse she talk say lie lie i wan born my pikin naturally di way wey hebrew women bin dey do she later com born di pikin after she dey labor for twelve hours she com born baby girl wey bin dey look very healthy and we bin thank god but still wetin shock us bi say di pikin bin no dey breath well well dem try stimulate di pikin plenty times dem dey touch am dey rob im body she bin com cry but her breathing bin still no dey normal dem com rush give her oxygen doctor abeg dis pikin go fit survive so and if him survive him go become pikin wey get disability,"I been carry my friend wey get belle, wey be 18 years old, go hospital because she been don enter labour and her time to born been reach. When we reach hospital and dem do all the tests wey dem suppose do, her blood pressure been dey high.
After dem been do everything wey dem suppose do, she still continue for the labour. She dey labour for like 12 hours. Her husband been dey close, and the doctors been advise say make she agree make dem do Caesarean section for am because e been don too tey wey she dey labour. My friend been refuse. she talk say ""lai lai. I wan born my pikin naturally the way wey Hebrew women been dey do.""
she later come born the pikin. after she dey labour for 12 hours, she come born baby girl wey been dey  look very healthy, and we been thank God. But still, wetin shock us be say the pikin been no dey breathe well well. Dem try stimulate the pikin plenty times, dem dey touch am, dey rub em body. She been come cry, but her breathing been still no dey normal. Dem come rush give her oxygen. Doctor, abeg, this pikin go fit survive so? And if em survive, em go become pikin wey get disability?",http://speech-app.s3.amazonaws.com/static/audio/uploads/8f8a70db-abce-4b27-ade4-5377f12ffb02/51855e36548aa27be3a9232c6713e3f3_WTUEspHn.wav,"The pikin get high chance to survive because dem don give am the first help and oxygen wey she need, but she must stay inside Special Care Baby Unit (SCBU) for close monitoring. The breathing wahala happen because the long labor and the high blood pressure wey the mama get fit don reduce oxygen reach the baby, wey we call birth asphyxia. Since she cry after dem stimulate am and na just oxygen she use, the chance say she go get long-term disability dey very small, but doctors still need to watch am for brain swelling or fits. For our hospital, we go admit am for SCBU to check her blood sugar and make sure her body temperature dey normal to protect her brain. Just follow the doctors' advice and make them monitor the baby well for some days to confirm say her brain and breathing don fully recover before una carry am go house.",Qwen-3.7-Max,qwen3.7-max
b7742ee6-cbf3-453d-9fbe-4c0b5399123c,pidgin,pidgin,one young girl wey born pikin com notis say her pikin dey cough she com notis say pikin body dey hot sometimes she still com tok say some hour wey pass she com notis say dey pikin body dey strong na him she com faint she no know whether dey pikin mouth dey move as water dey comot for dey pikin mouth dey pikin move him chop food she come dey ask doctor if dem fit pill dis kind sickness within be dis kind sickness first she still ask whether dem go use injection mabe nabo dem go use and black soup because na wetin dem fit use treat dis kind sickness for dia side,"One young girl wey born pikin cum notice say her pikin dey kough, she cum notice say dey pikin body dey hut sum times, she still talk say sum awa wey pass she cum notice sey sey pikin body dey strong, na em so cum fiant, she no no weter dey mout dey move as water dey comot fur  dey pikin no fit chop fuud, she cum dey ask doctor if Dem fit cure day kin sickness, watin be dis  sickness first, she still ask weter Dem go use injection abi na agbo Dem go us, and back soap, becus n watin Dem fit us treat dis kind sickness for der side.",http://speech-app.s3.amazonaws.com/static/audio/uploads/de1aa105-a490-4018-a3bd-e93917e2054d/7f18c246d42f062f5d9e9021510407a7_J6iAj1WM.wav,"Dis sickness wey get fever, body stiff, and fainting wey mouth dey move na serious emergency like meningitis wey need quick hospital care, no be pill or black soup fit cure am. Doctor go definitely use injection like IV antibiotics and drugs to stop the shaking because e dey work fast to kill the germ, as pill no go fast enough for small pikin. Make una no give the pikin ""black soup"" or any local herbal mixture at all, because e fit poison the pikin liver and delay life-saving treatment. Abeg, carry the pikin rush go nearest hospital right now so dem fit do proper test and start the correct injection. If dem treat am early with the correct hospital drugs, the pikin go recover well, but delay or use of local herbs fit cost the pikin life.",Qwen-3.7-Max,qwen3.7-max
7508f36e-58cd-44ca-b213-edd6499e3a67,pidgin,pidgin,we see one of our pregnant unwere early this morning with her husband she talk say she di get serious pain for belle and her bag dey pain her too even though e never reach the time wey dey expect mean she born behind some many months belle she don reach and she talk see na six months and some days she still also whether deepen dey continue or e dey command go and she talk say dey pin dey dear continuously because whether she don see water or blood and she say she don see boat water i'm glad be still ask whether na first back na signs she say yes na first ballet i'm question be dis she if e be say all dis signs na sign of labor wey start before time or if e be say di pregnancy dey miss carry or na another problem if e advise di sumami she go scan imi did leath no we send e happen,"We see one of our pregnant woman early dis morning with her husband. She talk say she dey get serious pain for belle and her back dey pain am too, even though e never reach the time wey dem dey expect make she born.

We ask am how many months belle she don reach, and she talk say na six months and some days.

We still ask am whether the pain dey continue or e dey come and go, and she talk say the pain dey there continuously.

We come ask whether she don see water or blood, and she say she don see both water and blood.

We still ask whether na her first pregnancy, and she say yes, na her first belle.

Our question be this:shey e fit be say all these signs na sign of labor wey start before time, or e fit be sign say the pregnancy dey miscarry, or na another problem? We fit advise this woman make she go do scan immediately to know wetin dey happen?",http://speech-app.s3.amazonaws.com/static/audio/uploads/455461fb-180c-4410-a893-614654b1fe82/1451f5df46f9aac0a83660038865a815_ASFuU8a6.wav,"Dis signs show say na preterm labour and her water don break (PROM), no be miscarriage because six months don pass the time for miscarriage. Una must admit her quick quick, do the scan to confirm if the baby dey alive, and check the amniotic fluid level. Give her Dexamethasone injection to help the baby lungs mature, and give drugs to stop the contractions if the cervix never open too much. Because six months baby need special incubator care if e born, if una community hospital no get NICU, stabilize her and refer her to a bigger hospital sharp sharp. Make una no discharge her, keep her on strict bed rest, monitor her vital signs, and prepare for delivery just in case the labor no stop.",Qwen-3.7-Max,qwen3.7-max
cbafb598-f334-447e-b856-646527f9d5fb,pidgin,pidgin,guardian of one pikin been see say the pikin dey cough well well till the end say the pikin no dey rest and in the struggle to breath well wetin fit cause pikin to the cough anyhow anyhow till the end the pikin no fit breath well and in the struggle to breath which kind test we fit run for the pikin which treatment we fit give then also which advice we fit give the guardian of this pikin,"Guardian of one pikin been see say the pikin dey cough well well, till the end say the pikin no dey rest and em dey struggle to breathe well. Wetin fit cause pikin to dey cough anyhow anyhow, till the end the pikin no fit breathe well, and em dey struggle to breathe? Which kin test we fit run for the pikin? Which treatment we fit give? Then also, which advice we fit give the guardian of this pikin?",http://speech-app.s3.amazonaws.com/static/audio/uploads/0eae2164-6dcf-487f-9311-fd29d05aac0f/525c8fbb39767048583c38559dbe119f_rY4IwK8Z.wav,"Dis kind heavy cough wey dey make pikin struggle to breathe fit be from severe pneumonia, asthma, whooping cough, or say the pikin swallow something wey block im airway. To know the exact cause, we go check im oxygen level with pulse oximeter, do chest X-ray, Full Blood Count, and malaria test since e common for our environment. For treatment, we go give the pikin oxygen if e dey struggle, use salbutamol nebulizer to open im chest, and give antibiotics like Amoxicillin or Ceftriaxone injection following WHO guidelines for severe pneumonia. I go advise the guardian make dem raise the pikin head when e dey lie down, give am plenty fluids, keep the house free from firewood smoke, and make sure dem finish all the drugs. Dem must also rush the pikin back to hospital immediately if the breathing wahala worsen, if the pikin develop high fever, or if e refuse to drink milk or eat.",Qwen-3.7-Max,qwen3.7-max
e23e29a0-97c1-42af-a2a3-ee53e79a777c,pidgin,pidgin,we,dog been bite my family member pikin. na 7 years em be,http://speech-app.s3.amazonaws.com/static/audio/uploads/0265ee85-01d7-4d66-bdb9-dbdcc529e85a/55a5ece3079f545ee94224ca2293744c_4ovm0UHs.wav,"My friend, e look like your question cut for middle because you just write ""we"". Abeg, try finish the question or explain the health matter wey dey worry you so I fit give you the correct medical advice. I dey ground to use my community hospital experience to help you once you drop the full matter.",Qwen-3.7-Max,qwen3.7-max
a1ae50d8-989e-4969-9550-9270ba479347,pidgin,pidgin,good evening i com because of my younger sibling i notice say im eye and skin don begin turn yellow dis ting don dey happen for three days naw im body too dey very hot fever dey worry am and e no fi chop anything anything when e chop no dey stay im belle e dey vomit everything as if dat one no reach e dey shake well well because im head dey pain am and e whole body dey born with fever we don try give am some medicine for haws but nothing don change dat yellow color for eye and skin no gree stop instead e dey increase every day e no dey comfortable atol e dey really suffer god forbid e dey suffer too much na why i come hospital make una aprox know wetin dey happen and wetin we suppose to so dat my younger brother go recover and di yellow color for his skin and eye go disappear,"Good evening. I come because of my younger sibling. I notice say hin eye and skin don begin turn yellow. This thing don dey happen for three days now. Hin body too dey very hot, fever dey worry am, and e no fit chop anything. Anything wey hin chop no dey stay hin belle. E dey vomit everything. As if that one no reach, e dey shake well well because hin head dey pain am and hin whole body dey burn with fever. 

We don try give am some medicine for house, but nothing don change. That yellow color for hin eye and skin no gree stop, instead e dey increase everyday. E no dey comfortable at all, e dey really suffer. God forbid, e dey suffer too much. Na why I come hospital make una help us know wetin dey happen and wetin we suppose do. So that my younger sibling go recover and the yellow color for hin skin and eye disappear 
",http://speech-app.s3.amazonaws.com/static/audio/uploads/84a561a0-2200-4c00-94cc-00cccdcd05af/9f4aa20411da6e7dc1fcbfb075a9a9f4_Wj5sOgWD.wav,"Good evening, dis yellow eye, high fever, severe shaking, and vomiting wey your brother get fit be Severe Malaria wey don affect him blood and liver, or e fit be Yellow Fever or Viral Hepatitis. Make una quick bring am enter emergency ward so we go run urgent blood tests like malaria test, full blood count, and liver function test to confirm the exact sickness. We go immediately start am on IV drip to replace the water wey e lose and give am injectable Artesunate for severe malaria while we wait for the lab results. Abeg no give am any more local herbs or unapproved drugs because them fit damage him liver pass, just allow us treat am with the correct hospital medications. Once we confirm the exact cause and continue the proper IV treatment, him fever go drop and the yellow color go gradually clear as him liver and blood recover.",Qwen-3.7-Max,qwen3.7-max
4a7207b0-5643-4b7f-9faa-4eb6d0c4fba2,pidgin,pidgin,alaabukum tok say she don dey get blood vision and weakness com join and say headache no gree allow am day comfortable for like two weeks now she no dey fit sleep well for night two of her legs hands and her face don swell up she dey try her best dem bin advise am mek she take some tins but she no notice any better dem bin give am hope say she go better dem examine am and no sign of respiratory wahala bin dey dem test all de important tins wey dem suppose test but dem no find any big wahala she been fit to climb upstairs with no wahala dem check her blood pressure and dem see say na 168 over 100 dem bin ask am make she rest and after she stay with us for small time dem check her blood pressure again and na 150 over 90 dey com see she get belle so dem start treatment for high blood pressure wey dem dey do for women wey get belle as dem feel say e dey safe for women wey get belle dem also educate her on top all dey things wey she suppose avoid to dey do especially to dey avoid things wey go stress am well well wey go fit cause make her blood pressure increase hard my question be say after all dey things wey dem don do for dis woman wey get belle for women wey get belle wey dey get headache wey no dey gree go and wey dear face dey swell up which other measure them fit use manage this kind woman with belle wey no go cause her condition to increase goal convulsion for the fact say she get belle and also wetin bi the things wey woman wey get belle fit do to prevent her from reaching this stage before she go come hospital for this kind condition,"Alabukun talk say she don dey get blurred vision, and weakness come join, and say headache no gree allow am dey comfortable. For like 2 weeks now, she no dey fit sleep well for night. Two of her legs, hands, and her face don swell up. She dey try her best. dem been advise am make she take some things, but she no notice any beta. Dem been give am hope say she go beta. Dem examine am and no sign of respiratory wahala been dey. Dem test all the important things wey dem been suppose test but dem no find any big wahala. She been fit to climb upstairs with no wahala. Dem check her blood pressure, and dem see say na 168/100. Dem been ask am make she rest, and after she stay with us for small time, dem check her blood pressure again, and na 150/90.
Dem come see say she get belle. So, dem start treatment for high blood pressure wey dem dey do for women wey get belle as dem feel say e dey safe for women wey get belle. Dem also educate her ontop all the things wey she suppose avoid to dey do, especially to dey avoid things wey go stress am well well wey go fit cause make her blood pressure increase add.
My question be say: after all the things wey dem don do for this woman wey get belle, for women wey get belle wey dey get headache wey no dey gree go and wey their face dey swell up, which other measure dem fit use manage this kain woman with belle wey no go cause her condition to increase go convulsions, for the fact say she get belle? And also, wetin be the things wey woman wey get belle fit do to prevent am from reaching this stage before she go come hospital for this kain condition?",http://speech-app.s3.amazonaws.com/static/audio/uploads/1fdf8e76-5206-4abf-81df-0d0996c110e1/a7c420c6620c5330b4636fce45d4542a_Aoih6Tt3.wav,"To prevent convulsion, the most important medicine wey doctors must give am na Magnesium Sulfate, alongside close monitoring inside hospital or quick referral to bigger hospital if our community center no get am. If her condition no improve or she don reach full term, the final cure to save her life na to deliver the baby quickly. To prevent this wahala before e reach this stage, pregnant women must attend Antenatal Care (ANC) early and regularly so doctors fit catch high blood pressure before e cause swelling or headache. Doctors fit also give high-risk women low-dose aspirin and calcium pills from early pregnancy, while the woman go dey eat healthy food, reduce salt, and rest well. Using Magnesium Sulfate quickly and attending early ANC na the best evidence-based way to manage and prevent this dangerous pregnancy condition for our communities.",Qwen-3.7-Max,qwen3.7-max
fbe182bc-37fa-4c54-9748-c1b7fb60055e,pidgin,pidgin,when mama wey di allays been a pikin come for injection talk say she don notice say abnu bomb baby get problem for mouth area and di baby leaves di look blue today too she notice anytime she di breast with di baby di baby di struggle di gasp poil and di find na out to breath wey she say na dis one make are worry because she no no it isn't di happen to di baby whether fee make new one baby lips di look blue whether fee make baby di struggle after now how to read anytime di soap breast medicine fit solve di problem abi di baby need make doctor here some now first,"One mama wey dey always bring her pikin come for injection talk say she don notice say her newborn baby get problem for mouth area, and the baby lips dey look blue.

Today too, she notice say anytime she dey breastfeed the baby, the baby dey struggle, dey gasp for air, and e dey find am hard to breathe well. She say na this one make her worry because she no know wetin dey happen to the baby.

Wetin fit make newborn baby lips dey look blue? Wetin fit make baby dey struggle and find am hard to breathe anytime e dey suck breast? Medicine fit solve the problem, abi the baby need make doctor examine am first?",http://speech-app.s3.amazonaws.com/static/audio/uploads/dd600409-f864-48eb-a332-9c9465ddfbc6/28860e9c9b5bb64a9a0b1510599b8a59_0zp3riwt.wav,"No, e no normal at all for di baby lip to turn blue or make e struggle to breathe when e dey suck breast, and doctor must check di baby immediately. Dis kind sign wey we dey call cyanosis fit show say di baby get serious heart defect from birth or severe lung problem wey dey stop oxygen from entering di blood well. We no fit just give medicine without proper examination, because giving wrong drug without knowing di exact cause fit be very dangerous for di baby life. You must carry di baby go emergency room right now so doctor go examine am and do tests like chest X-ray or heart scan. Please no delay or use any local remedy, rush di baby to hospital now so we fit give oxygen and start di correct treatment.",Qwen-3.7-Max,qwen3.7-max
ae4a74d2-4c72-4642-aa48-1dba5b86cce9,pidgin,pidgin,one pregnant woman come at hospital this morning as she reached she dey feel serious pain she dey cry well well as she old her back and belle because of the pain after about eight to ten minutes where we carry am enter labour wood we examine am and see say the baby don't ready the come out and our cervice don't open finish not long after she born one baby get after the livery we do all the necessary care for body mama and the baby later we carry boat of them go one room make them rest after some time the woman colors come say abodi dey very weak she dey taya well well and i dey soma as if she no dey see clare she still try chop after she born but she find em out to swallow di food she continue to dey weak and she come dey feel dis easy wetin fidden apple if ibi say she loves plenty blood with delivery and now she need blood transfusion abi wetin suppose make we do for her she we giv am food make she chop,"One pregnant woman come our hospital this morning. As she reach, she dey feel serious pain. She dey cry well well as she hold her back and belle because of the pain.

After about 8 to 10 minutes wey we carry am enter labour ward, we examine am and see say the baby don already dey come out and her cervix don open finish. Not long after, she born one baby girl.

After delivery, we do all the necessary care for both the mama and the baby. Later, we carry both of them go one room make dem rest.

After some time, the woman call us come say her body dey very weak, she dey tire well well, and her eye dey somehow as if she no dey see clear. She still try chop after she born, but she find am hard to swallow the food. She continue to dey weak and she come dey feel dizzy too.

Wetin fit don happen? E fit be say she lose plenty blood during the delivery and now she need blood transfusion? Abi wetin suppose make we do for am? Should we give am food make she chop?",http://speech-app.s3.amazonaws.com/static/audio/uploads/996a6fff-5a9e-4cc9-afa3-6bfa9d04acfb/024974a06731ab9ab6769c215301e2ec_acIHhH0c.wav,"No force am chop food at all because she fit choke since her brain no dey clear, and yes, she fit don lose plenty blood (Postpartum Hemorrhage) or she dey develop eclampsia. Quick quick, check her blood pressure, pulse, and examine her private part to see if blood still dey flow or if her womb no contract well. Put IV line for her hand sharp sharp, start IV fluids like Normal Saline to boost her blood volume, and take blood sample for crossmatch in case she need blood transfusion. If na bleeding, massage her womb and give drugs like oxytocin, but if her BP high and na eclampsia, start Magnesium Sulphate immediately. Monitor her vitals closely and arrange transfer to higher center if your hospital no get blood or she no respond to the treatment.",Qwen-3.7-Max,qwen3.7-max
312fb850-2980-4bf7-b7b2-7b49b8505f1c,pidgin,pidgin,my pikin get belle she dey like twenty four years old na she get belle na today this one happen for night i noticed say something been com start to the pain am she been don already pack her kire com my house as the pain been continue i been com see say e been de increase i been gather all her kaya and that first time she been no green make we go hospital we been carry am go hospital and dem check am dem talk say her cirvics don begin open small and say her time don reach to born until today the cirvics still dey open till time wey pikin go komot yesterday something been dey pain the pikin and the thing been dey increase since when we go there e dey pain am dey pikin go comot na her first time wey she carry belle be this i dey very worried and my heart no dey rest i want save my pikin and i no want lose dey pikin wey dey come abeg wetin fee dey cause this pain na so e dey dey normally for women wey na dey first belle when dem dey born when dem dey about to born e dey possible say na di pikin na im too big wey im no dey fit comot for bird canal abi e dey possible say dem go do surgery for her,"My pikin get belle, she dey like 24 years old. Na she get belle. Na today this one happen. For night, I notice say something been come start to dey pain am. She been don already pack her kaya come my house. As the pain been continue, I been come see say e been dey increase. I been gather all her kaya, and dat first time, she been no gree make we come hospital.
  We been carry am go hospital, and dem check am. Dem talk say her cervix don begin open small, and say her time don reach to born.
Until today, the cervix still dey open till time wey the pikin go comot. Yesterday, something been dey pain the pikin and the thing been dey increase since when we go there.
  E dey pain am, the pikin go comot, na her first time wey she carry belle be this. I dey very worried and my heart no dey rest.
  I wan save my pikin, and I no wan lose the pikin wey dey come. Abeg, wetin fit dey cause this pain? Naso e dey dey normally for women wey na their first belle when dem dey about to born? E dey possible say na the pikin naim too big wey em no dey fit comot for birth canal? Abi e dey possible say dem go do surgery for her?
",http://speech-app.s3.amazonaws.com/static/audio/uploads/666f68e9-275c-4c7d-a0a1-5e6d5ef145ee/806c636b7e0353997cd36e9132273bdd_XXuFL9Zn.wav,"Make your mind rest because the pain wey she dey feel na normal womb contraction wey dey push the pikin and open the cervix, and e dey usually worse for first-time mothers. E fit happen say the pikin head big pass the mother's birth canal, wey we doctors dey call Cephalopelvic Disproportion, but na the hospital staff go monitor am to know for sure. If the pikin too big or the labor no dey progress well, the doctors go quickly do surgery (Cesarean section) to safely bring the baby out and save both of them. Just make sure she remain for the hospital where the medical team dey monitor the baby's heartbeat and her cervix, so dem fit act sharp if any emergency start.",Qwen-3.7-Max,qwen3.7-max
c6ea618d-1e15-44bb-af49-11f64fd9f957,pidgin,pidgin,mi na woman wey don marry i dey 35 years old abeg i pret my pikin wey dey five months call mekon na checker and advice me i don resume work but wetin surprise me be say for about three days now my pikin dey cough without stop we don try differences wey we fit think of to stop de court but we never gree stop most times i no dey house if i come out for morning na na six pm i dey come back na my mama dey house dey take care of the baby anytime i get chance to call i dey ask how the pikin dey and dem go tell me say the baby still dey cough my baby dey five months old e no dey take only breast mek again because i don reason work i breast filled am only breast mek for the pass three months then after i begin give another food i don dey give am different kinds of food including papa and other baby foods wey i know wetin even suppose me pass be say last night the way yu dey breat no nor my gi ino dey breat well atol and the nose don block completely my mama might even temise as she depart from this morning she use months water around the nose and chest because the curve don become serious the breating while i don start too yu know the breat feel year ging and here no the pass well like before i beg my question be wetin i feel use make the cough stop and i see breat no clear again wetin i fit do wetin i fit use for am and which kind step i fit take make e breat well again i make noting block en britain,"Me na woman wey don marry, I dey 35 years old. Abeg, I bring my pikin wey dey five months come make una check am and advise me.

I don resume work. But wetin surprise me be say for about three days now, my pikin dey cough without stop. We don try different things wey we fit think of to stop the cough, but e never gree stop.

Most times I no dey house. If I comot for morning, na around 6 p.m. I dey come back. Na my mama dey house dey take care of the baby.

Anytime I get chance to call, I dey ask how the pikin dey, and dem go tell me say the baby still dey cough.

My baby dey five months old. E no dey take only breast milk again because I don resume work. I breastfeed am only breast milk for the first three months, then after I begin give am other foods.

I don dey give am different kinds of food, including pap and other baby foods wey I know.

Wetin even surprise me pass be say since last night, the way e dey breathe no normal again. E no dey breathe well at all, and e nose don block completely.

My mama even tell me say as she dey baff am this morning, she use small warm water around e nose and chest because the cough don become serious.

The breathing wahala don start too. E no dey breathe freely again, and the air no dey pass well like before.

Abeg, my question be: wetin I fit use make the cough stop? And as e breathing no clear again, wetin I fit do, wetin I fit use for am, and which steps I fit take make e breathe well again and make nothing block e breathing?",http://speech-app.s3.amazonaws.com/static/audio/uploads/c2184580-897a-4338-8584-d85789785d3e/c9438f146fd61b41c130f839e729da06_4KGoMI1z.wav,"Madam, your 5-months baby dey show danger signs of serious chest infection like pneumonia or bronchiolitis, so you must carry am go hospital immediately make doctor check am. No use mentholatum, strong balm, or methylated spirit for small baby nose because e fit make the breathing worse; instead, use normal saline drop inside the nose to clear the blockage. Abeg stop to give am pap or any solid food because 5 months too small and the food fit enter wrong pipe to cause this cough; just give am only breast milk or formula. This kind noisy breathing and chest problem no be wetin home remedy fit cure, so rush am to clinic now for proper medical treatment before the breathing block completely.",Qwen-3.7-Max,qwen3.7-max
45726daa-fc62-4671-9b04-700cbf5a449d,pidgin,pidgin,one woman notice say en husband dey complain of very serious headache di headache too much sote di man neck don stiff e no fit turn am go left or right di way e suppose as di woman dey observe am she come notice say small small saws don appear for di man body before dem no dey dis tin come make di woman fear we ask di woman whether en husband get high fever before di sickness start or whether en use any kind medicine before di symptom begin she answer no e no get eye fever and e no use any medicine we still ask whether maybe di man sleep or pillow wey e use fit cause stiff neck di woman say no na normal way e sleep and no be because of pillow she explained say di edit just start suddenly e continued without stopping di neck come stiff and di small small store begin show for en body now di question be wetin fit caused this kind sickness if dis kind tin happen to person wetin di wife suppose do immediately to help our husband before she take am go hospital,"One woman notice say im husband dey complain of very serious headache. The headache too much sotey the man neck don stiff, e no fit turn am go left or right the way e suppose. As the woman dey observe am, she come notice say small small sores don appear for the man body, before dem no dey. This thing come make the woman fear.

We ask the woman whether im husband get high fever before this sickness start or whether e use any kind medicine before the symptoms begins.
She answer no, e no get high fever and e no use any medicine. We still ask whether maybe the way the man sleep Or pillow wey e use fit cause stiff neck. The woman say no, na normal way e sleep, and no be because of the pillow. She explain say the headache just start suddenly, e continue without stopping, the neck come stiff and the small small sores begin show for him body.

Now the question be: wetin fit cause this kind sickness? If this kind thing happen to person, wetin the wife suppose do immediately to help her husband before she take am go hospital ",http://speech-app.s3.amazonaws.com/static/audio/uploads/0fc10a71-9998-4fc3-ab95-212f62c9ce23/3bb979e6e433daa1c6fb53803b92f9f9_dqCaCfgy.wav,"Dis kind sickness wey get severe headache, stiff neck, and the small small saws (spots) for body na serious emergency wey fit be Meningococcal Meningitis, wey dey common for our side and fit kill quick. Even if the wife no feel say e get fever, the combination of neck wey no fit turn and the sudden rash na strong medical sign say infection don enter the brain covering. The best thing the wife suppose do immediately na to rush am to the nearest hospital right away without wasting time to do any home treatment or give am local herbs. While dey carry am go hospital, she make sure say e dey rest well, avoid bright light because e fit worsen the headache, and no force am to eat or drink. Quick hospital treatment with strong IV antibiotics na the only way to save the man life, so she no suppose delay even for one minute.",Qwen-3.7-Max,qwen3.7-max
3ac50fd3-39df-4fdc-a3d3-e177e3bf1913,pidgin,pidgin,my husband na 40 years old and i don notice say for about three weeks now e dey drink plenty water pass normal as e dey drink plenty water na so e dey urinate plenty too in fact for night e fit wake up up to 10 times before morning just to go urinate e don dey complain say body dey tire am all di time e don ask more weight and sometimes e dey complain say e no dey see where vision fit blow especially when e stand up or wan waka i don notice say anytime urinate na plenty urine dey come out and e dey urinate very often wetin fit cause this plenty urination and this serious taste while e dey drink plenty water and still dey urinate plenty happy dis symptoms fit mean say e get diabetes e fit be another sickness which medical test is supposed do make doctor no exactly wetin dey happen why e dey always tire wetin dey cause di plenty urination abi eye blood pressure fit cause dis symptoms or na di adression or another earth problem which kind food um drinks e suppose avoid wetin e suppose they chop or drink wetin e fit do make these symptoms peter e need go hospital or earth care center make them test em or test no release necessary how were for person suppose they check for diabetes or blood sugar na regularly or na monst monst which medical condition fit cause all these symptoms wey dey happen for en body,"My husband na forty years old, and I don notice say for about three weeks now, e dey drink water pass normal. As e dey drink plenty water, na so e dey urinate plenty too. In fact, for night e fit wake up up reach ten times before morning just to go urinate. E don dey complain too say body dey tire am all the time. E don add small weight, and sometimes e dey complain say e no dey see well. Vision fit blur, especially when e stand up or wan waka.

I don notice say anytime e urinate, na plenty urine dey come out, and e dey urinate very often.

Wetin fit dey cause this plenty urination and this serious thirst? Why e dey drink plenty water and dey urinate plenty? Abi these symptoms fit mean say e get diabetes, or e fit be another sickness?

Which medical tests e suppose do make doctors know exactly wetin dey happen? Why e dey always tire? Wetin dey cause the plenty urination? Abi high blood pressure fit cause these symptoms, or na dehydration or another health problem?

Which kind food and drinks e suppose avoid, and wetin e suppose dey chop and drink? Wetin e fit do make these symptoms better? E need go hospital or healthcare centre make dem test am, or testing no really necessary?

How often person suppose dey check for diabetes or blood sugar—na regularly or na once once? Which medical conditions fit cause all these symptoms wey dey happen for e body?",http://speech-app.s3.amazonaws.com/static/audio/uploads/7b524b5f-8fe7-4f80-bde9-7c65ae42939d/592177dc8521f0da47b55f13653a99c7_id81e3Zc.wav,"Your husband symptoms like excessive thirst, plenty urination, weight changes, and body tire na classic signs of Diabetes Mellitus, because high blood sugar dey make kidneys flush out water and starve body cells of energy. E must go hospital immediately make them check im Fasting Blood Sugar, HbA1c, and do urinalysis to confirm the diabetes and rule out high blood pressure or kidney problems. Make e avoid sugary drinks, white rice, and plenty starchy food like garri, but instead chop plenty vegetables, beans, and unripe plantain to help control the sugar level. The blurred vision and dizziness when standing na because the plenty urination don dehydrate am and drop im blood pressure, so e need proper medical drugs from the doctor, no be just home remedy. Once doctor start treatment, e go need to check im blood sugar regularly every day until e stable, before e fit reduce am to once or twice a month.",Qwen-3.7-Max,qwen3.7-max
6f40bd3d-65ac-48ee-bb87-152a3c71517f,pidgin,pidgin,one mama of one small pikin been start to dey worry about her eight month old pikin for day di pikin go play well well but every night di pikin go begin to dey cough di cough dey wake di pikin from sleep and den di pikin go begin to dey cry for one of those nights dem di mama bin notice say di pikin bin dey breath fast well well and e bi like say im bin dey struggle to breath di mama bin no fit sleep because say she bin dey fear di next morning she bin notice say di pikin bin no wan suck breast or even play as im dey do before na im she com decide to carry di pikin go see doctor because she bin wan know wetin bin dey make di pikin dey cough and wetin make wey di pikin bin no fit breath well and to know which kind medicine or treatment wey dem fit use for di pikin my question be say wetin fit cause small pikin to dey cough well well for night and wetin also fit make am hard for pikin to breath normal if fit be say the cough and the struggle wey in the struggle to breath na sign of long disease wetin them fit do for house to help the pikin dey more comfortable and to sleep betta for nights,"One mama of one small pikin been start to dey worry about her 8-month-old pikin. For day, the pikin go play well well, but every night the pikin go begin to dey cough. The cough dey wake the pikin from sleep, and then the pikin go begin to dey cry.
For one of those nights dem, the mama been notice say the pikin been dey breathe fast well well and e be like say em been dey struggle to breathe. The mama been no fit sleep because say she been dey fear. The next morning, she been notice say the pikin been no wan suck breast or even play as em dey do before, naim she come decide to carry the pikin go see doctor because she been wan know wetin been dey make the pikin dey cough and wetin been make wey the pikin been no fit breathe well and to know which medicine or treatment wey dem been fit use for the pikin.
My question be say: Wetin fit cause small pikin to dey cough well well for night and wetin also fit make am hard for pikin to breathe normal? E fit be say the cough and the struggle wey em dey struggle to breathe  na sign of lung disease? Wetin dem fit do for house to help the pikin dey more comfortable and to sleep beta for night?",http://speech-app.s3.amazonaws.com/static/audio/uploads/79e02268-366b-4ee4-bb71-3acd8561d9c0/6505cc0c190f647a223169a3568a0ab7_Bw8WRxlq.wav,"Dis kind night cough and fast breathing for 8-month-old pikin na usually sign of chest infection like bronchiolitis or pneumonia, wey virus dey cause, and e dey worse for night because of cold air. The fast breathing and refusal to suck breast na serious danger signs wey mean say the pikin need hospital medicine immediately, even though home care fit help make am comfortable. To help am for house, the mama fit use saline drop clean the pikin nose, breastfeed am small-small plenty times to prevent dehydration, and avoid smoke or mosquito coil near am. She fit also hold the pikin upright or raise the head of the bed small to make breathing easy, while keeping the room warm but well-ventilated. E fit no be long-term disease except if the cough dey return plenty times, so she must follow the doctor prescription well because home care na just to support the hospital treatment.",Qwen-3.7-Max,qwen3.7-max
da002dc6-008b-4df6-b97e-ee7f0392aa35,pidgin,pidgin,one woman noticed say for the past few days pikin don dey coat without stopping at first she tink say na ordinary cold wey catch the pikin for chest and say e go clear by itself but the cough no gree stop every night the pikin dey wake up suddenly because of the cough sometimes e go dey struggle like say e add am to breathway the woman go carry the pikin upright and she free hear the chest they make sound and they work out as the pikin dey breath because of dis the pikin no fit sleep well for night one day after one night read the pikin cough well well and yu struggle to breath properly the woman decide say she must carry the pikin go hospital she wan know wetin dey cause the cough wetin dey make the pikin find am hard to breath and how she fit help the pikin my question bi wetin fit make pikin cough seriously and find am hard to breath especially for night which kind danger sign dem suppose wash out for when pikin dey cough which things they suppose avoid to help prevent or reduce this course,"One woman notice say for the past few days, pikin don dey cough without stopping. At first, she think say na ordinary cold wey catch the pikin for chest and say e go clear by itself. But the cough no gree stop. Every night, the pikin dey wake up suddenly because of the cough. Sometimes, e go dey struggle like say e hard am to breathe well.The woman go carry the pikin upright, and she fit hear the chest dey make sound and dey work hard as the pikin dey breathe. Because of this, the pikin no fit sleep well for night.

One day, after one night wey the pikin cough well-well and dey struggle to breathe properly, the woman decide say she must carry the pikin go hospital. She want know wetin dey cause the cough, wetin dey make the pikin find am hard to breathe, and how she fit help the pikin.

My question be: wetin fit make pikin cough seriously and find am hard to breathe, especially for night? Which kind danger signs dem suppose watch out for when pikin dey cough? Which things dem suppose avoid to help prevent or reduce this cough?",http://speech-app.s3.amazonaws.com/static/audio/uploads/f26c69ad-8975-45a0-a88b-89d29797e519/71095431a7241879ec6ea195c025d96d_zGbvst6F.wav,"Dis kind serious night cough with chest sound and breathing wahala na mostly from asthma, pneumonia, or bronchiolitis, wey dey make the pikin airway narrow and produce mucus when body relax for night. Danger signs wey mean say make dem rush go hospital immediately include fast breathing, chest dey draw in when breathing (lower chest indrawing), blue lips, inability to drink milk or water, or if the pikin dey too weak. To prevent or reduce dis wahala, make dem avoid exposing the pikin to smoke from firewood, mosquito coils, cigarette, dust, and cold night air wey dey trigger the cough. The mama done do well to carry am go hospital so doctor fit listen to the chest, give am nebulizer or inhaler to open the airway, and give correct medicine like antibiotics if na pneumonia.",Qwen-3.7-Max,qwen3.7-max
c6b60bac-98ac-4053-bc7a-dde14e340cc3,pidgin,pidgin,one woman wey get belle for six months wey dey stay our house begin notice say him heart dey beat fast fast like pesin wey just finish race sometimes e go just dey tire even though e never do any work and him hand dey shake small small after some ways e come dey notice say front of him neck begins well as people begin tell am say him neck no be like before again fear catch am e begin wonder whether na one of these sickness wey dey affect women wey get belle or whether na another problem entirely now e don't decide say e won gust doctor make dem check wetin dey cause am my question be say wetin fit make pregnant woman heart dey beat fast like person wey just run finish with neck swelling this problem fit affect the growth and development of the pikin wey dey im belle wetin bi di danger sign wey dey suppose watch out for why dem dey house and e get any type of food and drink wey dem suppose avoid or any wey e suppose chop and drink during dis guide sign,"One woman wey get belle for six months we dey stay our house begin notice say hin heart dey beat fast fast like person wey just finish race. Sometimes e go just just Dey tire even though e never do any work and hin hand dey shake small small. 
After some weeks, e come notice say front of hin neck begin swell. As people begin tell am say hin neck no be like before again, fear catch am. E begin wonder whether Na one of the sickness wey dey affect women wey get belle or whether Na another problem entirely.

Now e don decide say e wan go see doctor make dem check wetin dey cause am. My question be say wetin fit make pregnant woman heart dey beat fast like person wey just run finish, with neck swelling? This problem fit affect the growth and development of the pikin wey dey hin belle? Wetin be the danger signs wey dey suppose watch out for while dem dey house? And e get any type of food and drink wey dem suppose avoid, or any wey e suppose chop and drink during this kind time?",http://speech-app.s3.amazonaws.com/static/audio/uploads/6137ae04-21e0-4ff6-b09f-197033f84b81/f3a21085f98f17dfb83a7313662d30b5_XJUL9PbG.wav,"Di fast heart, shaking hand, and neck swelling na strong signs of thyroid problem (hyperthyroidism) or severe blood shortage (anemia), wey fit make pikin no grow well for belle or cause early birth if dem no treat am quick. E good say she wan see doctor for proper blood and thyroid test, but she must rush to hospital immediately if she feel chest pain, she no fit breathe well, she faint, or she get high fever. Make she avoid coffee, energy drinks, and any drink wey get caffeine because e go make di heart beat pass, and she no suppose use too much salt. She suppose chop plenty iron food like ugu leaf, liver, and beans to build blood, together with balanced diet wey get fresh fruits and vegetables. For our community hospital, we get safe medicines to control di thyroid or give iron tablets, so make she just relax and follow doctor advice so she and di pikin go safe.",Qwen-3.7-Max,qwen3.7-max
f6837d40-b44e-4d9d-a019-1133d891e156,pidgin,pidgin,yesterday evening i send my pikin mek yu go buy ewe do for me for area after like 15 minutes e com run com out dey cry as i dey ask wetin happen dem tell me say dog bit am for leg i ask which kind dog bi dat na where di dog com from and dem tell me say dem no kno where di dog com from for weather na dog wey dey di neighborhood na so i rob boy for where di dog bit am because i think say he go neutralize di poison later person advise me make i carry am go one maternity clinic for area as we reach dere dem write the tanos injection wey i go buy for chemist i buy di injection and dem give am yesterday since den i don carry am corn mouse but from yesterday wey di dog bite am don swear and di skin arun dam don red now i don dey fear say maybe di dog fit don give am rabies i more am sweat any medicine day wey i fit bite for am or wey make i carry am go or speaker for further treatment,"Yesterday evening, I send my pikin make e go buy ewedu for me for area. After like fifteen minutes, e come run come house dey cry. As I ask wetin happen, dem tell me say dog bite am for leg.

I ask wetin kind dog be dat and where di dog come from, but dem tell me say dem no know where di dog come from or whether na dog wey dey di neighborhood.

Na so I rub oil for where di dog bite am because I think say e go neutralise di poison. Later, person advise me make I carry am go one maternity clinic for area. As we reach there, dem write tetanus injection I go buy for chemist. I buy di injection and dem give am yesterday.

Since den, I don carry am come house, but from yesterday, where di dog bite am don swell and di skin around am don red. Now I don dey fear say maybe di dog fit don give am rabies.

I wan ask whether any medicine dey wey I fit buy for am, or whether make I carry am go hospital for further treatment.",http://speech-app.s3.amazonaws.com/static/audio/uploads/91abc401-cb93-44c6-9ae1-ba94e0e3f84a/f459b951a1415270172aee1c2c5701a8_TIppMES0.wav,"Carry your pikin go General Hospital or big Primary Health Centre sharp-sharp because the redness, swelling, and hot body show say the wound don catch serious bacterial infection and e need Rabies vaccine since na unknown dog bite am. Maternity clinic no get the full Rabies vaccine series wey e need, and dem no get the proper setup to treat this kind wound infection. Abeg stop to rub any local herbs for the wound because e dey trap bacteria inside and make am worse, so make the doctor prescribe correct antibiotics like Amoxicillin-Clavulanate to clear the infection. To prevent rabies, na only the hospital fit give am the proper Rabies vaccine schedule, because no chemist medicine or local concoction fit prevent or cure am. Make una rush go the General Hospital casualty department now now to get the antibiotics and start the rabies vaccine before the infection spread or rabies show full symptoms.",Qwen-3.7-Max,qwen3.7-max
64cf1253-4163-4626-a714-61a5714f9f5c,pidgin,pidgin,i dey runa pikin wey dey ten years mama wey born am na my sister was she don die since that i for some days now i don notice say di pikin dey alley sittan hello you no wan play with anybody you no wan talk to anybody and they always refuse job you can't they look like personal they tick too much and they carry plenty so for mind this kind thing can't make me fear so i carry am go hospital make them help am when i reach hospital i ask doctor say doctor this pikin fit dey behave like this because e dey more en mama wey die i still ask wetin i fit do for us to help am we need to talk to meta help professional how i fear or courager make e chop food and play with other pikiniki e need any medicine to help am,"Adeolu na pikin wey dey 10 years. Mama wey born am na my sister, but she don die. Since dat time, for some days now, I don notice say di pikin dey always siddon alone. E no wan play with anybody, e no wan talk to anybody, and e dey always refuse chop. E come dey look like person wey dey think too much and e dey carry plenty sorrow for mind.

Dis kain thing come make me fear, so I carry am go hospital make dem help am. When I reach hospital, I ask doctor say:

""Doctor, dis pikin fit dey behave like dis because e dey mourn im mama wey die?""

I still ask, ""Wetin I fit do for house to help am? E need to talk to mental health professional? How I fit encourage am make e chop food and play with other children again? E need any medicine to help am?""",http://speech-app.s3.amazonaws.com/static/audio/uploads/0efe80fb-ef19-485c-bf57-e12bc4c9725e/7f9c30d9683d280777d6b62aa04f3c85_GcpsPM1j.wav,"Yes, di pikin dey show signs of severe grief and childhood depression because her mama die, and na im make am lose appetite and withdraw. Di best way to help am no be through medicine straight, but through professional grief counseling and play therapy wey go help am express her feelings. For house, show am plenty love, gently encourage am to chop small small nutritious local food like pap, moi-moi or fruits without forcing am, and try play with am patiently. We no usually give psychiatric medicine to ten years old pikin for grief unless di depression too severe and counseling no work at all. Please take am see child psychologist or clinical counselor for di hospital make them guide am, and surround am with family love so she go know say she no dey alone.",Qwen-3.7-Max,qwen3.7-max
c61a0bfa-facf-4fa7-b6d6-fc8a3674df09,pidgin,pidgin,i notice say my small sister wey been dey laugh happy before and wey been dey play with him friends com change just like dat now she dey stay alone for inside her room every day she don remove herself comot from talk wey people dey talk and dey things wey she been dey like to do before she no com like dem again i also notice say even for house she no dey want chop with us she dey look as if she no happy or like person wey dey tire every time wetin fit dey cause her to just start avoid her friends like that e fit be sadness wahala abi things wey dey disturb her for mind abi na fear fear how e fit help her so that she go happy again which warning science make we dey look out for make shisi counselor abi mental health professional,"I notice say my small sister wey been dey laugh, happy before and wey been dey play with em friends, come change just like that.
Now, she dey stay alone for inside her room everyday. She don remove herself comot from talk wey people dey talk. And the things wey she been dey like to do before, she no come like dem again.
I also notice say even for house, she no dey wan chop with us. She dey look as if she no happy or like person wey dey taya every time. 
Wetin fit dey cause her to just start avoid her friends like that?
E fit be sadness wahala, abi things wey dey disturb her for mind, abi na fear fear?
How we fit help her so that she go happy again?
Which warning signs make we dey look out for? 
Make she see counsellor abi mental health professional?",http://speech-app.s3.amazonaws.com/static/audio/uploads/8d70b6b8-6297-4bbc-a0e2-928efb01d3ed/79ae749117a57c3f9b291e8b85aa3835_ZL8Vok6v.wav,"This sudden change fit be sign of clinical depression, severe stress, or even trauma like abuse, because she dey show classic signs like loss of interest, social withdrawal, and constant fatigue. To help am, make you sit down with am for calm environment, listen without judgment, and gently ask if somebody hurt am or if anything dey worry am. Carry am go community hospital make doctor check am to rule out physical issues like severe anemia or thyroid problem wey fit cause this kind mood change. You must rush am to mental health professional immediately if she talk say she want kill herself, dey harm her body, completely refuse to chop, or if the wahala pass two weeks. Abeg no shame am or say na spiritual attack, because early medical and psychological support na the correct way to bring back her joy.",Qwen-3.7-Max,qwen3.7-max
9e4f4d76-9e44-46fd-b3d0-728f56115a7f,pidgin,pidgin,one woman carrying pikin wey dey three years com hospital dis morning for check up wetin make dem bring am com bi say anytime dem talk to pikin e no dey respond atol e no dey answer e no dey look pesin wey dey talk to am even if dem call en name e no dey show say en dey hear anything when we ask di mama whether di pikin don't ever get seasor before she thought say di pikin never get seasor at all we still ask whether di pikin com collect all immunization vaccine as e suppose we check di medical card wey di mama bring and e show say na true di pikin collect all di immunization vaccine wey e suppose collect complete my next question be say for dis kind case where di pikin never get seizure before and e don collect all in immunization vaccine complete wetin fit make dis kind tin happen to di pikin,"One woman carry im pikin wey dey three years come hospital this morning for check up. Wetin make them bring am be say anytime dem talk to pikin ein no dey respond at all. E no dey answer, e no dey look person wey dey talk to am, if dem call ein name e no dey show say ein hear anything.

When we ask the mama whether the pikin don ever get seizure before, she talk say the pikin never get seizure at all. 
We still ask whether the pikin collect all im immunization vaccines as e suppose.
We check the medical card wey the mama bring, and e show say na true the pikin collect all the immunization vaccine wey e suppose collect, complete.

My next question be say: for this kind case, where the pikin never get seizure before and e don collect all im immunization vaccines complete, wetin fit make this kind thing happen to the pikin?",http://speech-app.s3.amazonaws.com/static/audio/uploads/b88888df-32bd-4c90-9929-2517a93a17b2/08380144caf2b661924c280e70b22bae_PXI1BjkB.wav,"Even though di pikin don take all vaccine and never get seizure, dis kind behavior wey e no dey respond to sound or eye contact fit be because of profound hearing loss or neurodevelopmental issue like autism. For our environment, severe yellow body (neonatal jaundice) wey damage brain (kernicterus), genetic factors, congenital infections like Cytomegalovirus (CMV), or use of strong drugs like gentamicin when dem just born na common causes of dis kind deafness. To know di exact cause, I go refer di pikin for urgent audiology test (like OAE and ABR) to check en hearing nerve and do full developmental assessment. If na hearing loss, we go quickly start hearing aids and speech therapy so di pikin fit catch up with en mates.",Qwen-3.7-Max,qwen3.7-max
4c200823-487c-45c2-bfcc-a7a5ff404c0f,pidgin,pidgin,one mama of one woman wey been just born com hospital she say since her pikin born she don dey bleed well well and as it happened like so her body no come strong again di woman wey born na 24 years she be she been also talk say dey bleeding plenty well well and e dey make am feel weak di mama no dey fit chop well and she no dey fit do anything my question be say wetin fit make woman to dey bleed after she just born some days ago which treatment them suppose give the mama wey go stop the bleeding and help am strong again which advice them fit give this mama and her pikin so,"One mama of one woman wey been just born been come hospital. She say since her pikin born, she don dey bleed well well. And as e happen like so, her body no come strong again. The woman wey born na 24 years she be. She been also talk say the bleeding plenty well well and e dey make am feel weak. The mama no dey fit chop well and she no dey fit do anything. My question be say: wetin fit make woman to dey bleed after she just born some days ago? Which treatment dem suppose give the mama wey go stop the bleeding and help am strong again? Which advice dem fit give this mama and her pikin so?",http://speech-app.s3.amazonaws.com/static/audio/uploads/50b41d20-b591-4357-be8f-9647981c9461/38f18acaa81bf532f9ca468dc0aaf6ba_C4UiDgkI.wav,"Dis heavy bleeding after birth (Postpartum Hemorrhage) dey mostly happen because the womb no contract well, part of the afterbirth remain inside, or the birth canal tear. To stop the bleeding and bring back her strength, we go quickly give am drugs like Oxytocin or Misoprostol to make the womb shrink, massage her belly, and give am IV fluids or blood transfusion if she don lose plenty blood. We go advise the new mama to dey chop local iron-rich foods like *ugu* leaf and liver, take her daily iron and folic acid tablets, and always breastfeed the baby because e dey help the womb contract faster. For the baby, she must do exclusive breastfeeding for six months, and both of them suppose come back to the clinic after six weeks for proper check-up and to discuss family planning so her body fit rest.",Qwen-3.7-Max,qwen3.7-max
