Language,gemma4
afrikaans,44.49268136890653
akan,14.483226781497372
amharic,16.13473594595347
arabic,45.944114315296666
french,53.8330781625168
hausa,13.738548107690567
igbo,14.571205537633954
kinyarwanda,16.08258617550576
pedi,14.109966279352786
sesotho,15.47232297584013
shona,24.556527062707612
swahili,33.254912121742954
tswana,16.94128458087567
xhosa,23.05818207953046
yoruba,29.294974340398316
zulu,31.74489625296803
