Language,gemma4
afrikaans,0.3698029952744643
akan,-0.002092384733259678
amharic,0.21686876316865286
arabic,0.5351632535457611
french,0.6540513833363851
hausa,0.05141554772853851
igbo,-0.0672049696246783
kinyarwanda,0.1337008848786354
pedi,0.03946333130200704
sesotho,-0.01777094105879466
shona,0.017714310127000015
swahili,0.4180242468913396
tswana,0.017166554927825928
xhosa,-0.01969374219576518
yoruba,0.037054914981126785
zulu,0.422031690677007
