Language,gemma4
afrikaans,23.488459353409294
akan,0.6059562570055721
amharic,1.0767121725937447
arabic,12.187124751304372
french,27.766378862368168
hausa,3.3618273644325685
igbo,0.8712195108828888
kinyarwanda,0.5274977987108408
pedi,0.9210232810320055
sesotho,0.695978760903199
shona,3.454637012970183
swahili,7.17688416538416
tswana,0.7821650767267665
xhosa,5.099625197297411
yoruba,3.0100855471762387
zulu,3.9837624013635535
