audio_id,language,subset,local_path,reference,url,model_answer,requested_model,model_id
a921421a-5a74-4099-b2ff-7e857fd1d354,english,good_english,/data/Intron-Multimodal-Benchmarking/data/gates_data/audio/af6ace06eb9c166ea21d14b725dfe032_ikQsvTqh.wav,"A mother gave birth to a newborn two weeks ago. She started seeing blood little by little on her body. However, as the days went by, she noticed that something like the stomach and blood were coming out. Sometimes the mother of the child is different. And she has a neck that is not good. And she knows that the mother of the child usually has small pains in her lower abdomen, and every time she sees these signs, her heart gets confused. She wondered if it was something among the common problems after childbirth or another problem. One day when she went to the hospital, and was talking to other mothers, she heard that they should not downplay any changes they see in their bodies. This made her seek a doctor to talk to them. My question is, what can cause such a thing after childbirth? Can pain in the lower abdomen be a sign of a disease? What are the signs that this new mother should be careful of after childbirth? What are the steps that the mother needs to take to prevent this disease?",http://speech-app.s3.amazonaws.com/static/audio/uploads/d376f16d-8a40-477f-86c0-22c5e7c0fabe/af6ace06eb9c166ea21d14b725dfe032_ikQsvTqh.wav,"Let me think this through with you and focus on the key warning signs and practical steps for a new mother.Some bleeding for a few weeks after delivery (lochia) can be normal, but heavy bleeding, passing large clots or tissue, foul-smelling discharge, fever, or worsening lower abdominal pain can suggest problems like retained products of conception, uterine infection (endometritis), or less commonly a prolapse. Lower abdominal pain can be a sign of disease, especially if it comes with fever, bad-smelling discharge, heavy bleeding, or feeling dizzy or unwell. Warning signs to watch for include soaking a pad in an hour, clots bigger than a small egg, severe or increasing pain, fever, chills, bad odor, weakness, fainting, or any tissue bulging from the vagina. If any of these occur, she should go to a hospital urgently for examination, tests, and treatment (for example antibiotics, uterotonics, or procedures if needed). To reduce risk, attend postnatal checks, keep good perineal hygiene, avoid inserting substances into the vagina, rest, eat well, take prescribed iron and medicines, and seek care early if symptoms change rather than waiting.",GPT Realtime 2 (audio),gpt-realtime-2
48eb67dd-3ea9-4e95-9aeb-6f739d5c047b,english,good_english,/data/Intron-Multimodal-Benchmarking/data/gates_data/audio/d4efc0e2708246ed472102cdf3811037_ASnp9s1f.wav,"My name is Mrs. Akinleye. For about the past two months, I have noticed that my husband's breathing has not been normal at all. He also sneezes repeatedly, especially whenever he is in a dusty environment or in a place where something is being fried. He sneezes repeatedly and finds it difficult to breathe properly.

His breathing becomes laboured, and he tends to sneeze whenever he is in places with smoke or dust.

Is there any test that can be carried out to determine exactly what is causing these symptoms? Could staying in dusty places be the cause, or is his body's system changing in a way that is making this happen? What type of medication can he use so that his breathing will become normal and comfortable at all times, wherever he may be?",http://speech-app.s3.amazonaws.com/static/audio/uploads/5c2b47ff-934e-40c4-b5b5-432f28b0e0d2/d4efc0e2708246ed472102cdf3811037_ASnp9s1f.wav,"I’m going to think through what’s likely causing those symptoms and what tests and treatments are appropriate.His pattern of sneezing and breathing difficulty triggered by dust, smoke, and frying smells suggests allergic airway disease, often allergic rhinitis with possible asthma. Tests that help include spirometry (or peak flow monitoring) to check for asthma, and allergy assessment (skin prick or specific IgE) to identify triggers; a clinician will also examine his nose/chest to rule out other causes. Avoiding triggers can reduce attacks, but it should not be the only plan if he is having breathing trouble. Common treatments include a non-sedating antihistamine and an intranasal steroid for nasal symptoms, and for asthma, a reliever inhaler (short-acting bronchodilator) plus a preventer inhaled corticosteroid if indicated. Please have him assessed in a clinic, and seek urgent care if he has severe shortness of breath, chest tightness, or symptoms that do not settle.",GPT Realtime 2 (audio),gpt-realtime-2
193bc635-2a7a-48d4-a2a1-d80de70d3f1b,english,good_english,/data/Intron-Multimodal-Benchmarking/data/gates_data/audio/2bd4ee05cdcf559317294ce081a41a2e_cWWA0Fbu.wav,"​We saw one of our pregnant women early this morning along with her husband, she said that she has severe pain in her abdomen and her back is also aching, even though it is not yet up to her delivery date. We asked this lady how many months pregnant she is, and she said it is a pregnancy of six months and a few days. We then also asked this lady whether she is experiencing that pain right now or if it comes and goes, and she said she is experiencing that pain right now. Then we asked this lady whether she saw water or saw blood, and she said that she saw water and blood. We then also asked this lady which number of child, which number of pregnancy is the pregnancy that is inside her, and she said it is her first pregnancy. Our question for our doctor is,could this sign point to signs of labor, or a sign that the pregnancy is damaged (miscarriage), or another sign? Can we tell this lady to go and do an internal photo examination which we call a scan to know what is happening?",http://speech-app.s3.amazonaws.com/static/audio/uploads/0d76b810-cd58-4c7b-bbaa-14e1db431104/2bd4ee05cdcf559317294ce081a41a2e_cWWA0Fbu.wav,"I’m concerned by those symptoms, so I’ll think this through quickly and focus on what needs urgent action.At about 6 months, severe abdominal/back pain with both bleeding and leaking fluid is an emergency and could be preterm labour, preterm rupture of membranes, or placental problems, not just “normal pain.” She should go to a hospital immediately for assessment and monitoring. An ultrasound scan is helpful, but it should not be the only step; clinicians also need to check her vital signs, uterus, and baby’s wellbeing. Avoid a digital internal vaginal examination if her waters may have broken, because it can increase infection risk; a sterile speculum exam is safer if an internal check is needed. Early treatment (including antibiotics if membranes are ruptured, and steroids for fetal lung maturity if appropriate) can improve outcomes.",GPT Realtime 2 (audio),gpt-realtime-2
f5841173-3fa3-4104-943b-1116a20e44f2,english,good_english,/data/Intron-Multimodal-Benchmarking/data/gates_data/audio/2a24b6a777be7016fe4491f1783f310a_bXIVt5TF.wav,"A mother peju who has three children, peju is the junior child. Peju is a one-year-old child. Peju's mother noticed that, just a few days after childbirth, Peju has had a cough illness and has been coughing continuously without stopping at all. She said she also noticed that it is difficult for her to breathe well. She said this cough appears mostly in the evening, when everyone has gone to sleep. She said her breath is also difficult to breathe well, because this cough does not allow her to breathe in and out properly. She said she has been to the herbalists and has given her herbal mixtures, but she noticed that none of the herbal mixtures she used worked. She said she then decided to go to the hospital so they could find out what happened to Peju. Can this problem be cured for this child? Is it a chest disease or asthma that it could be for the child? What are the things that the child needs to avoid so that this problem affecting her and causing her to cough can be significantly reduced?",http://speech-app.s3.amazonaws.com/static/audio/uploads/5ed8e0c7-30e1-442b-aaa0-81777152de9e/2a24b6a777be7016fe4491f1783f310a_bXIVt5TF.wav,"Let me think this through carefully and focus on what could be serious and what steps help most.This needs proper hospital evaluation urgently, because a cough and breathing difficulty starting in the newborn period can be caused by infections like pertussis or pneumonia, reflux/aspiration, or airway problems, and asthma is less likely as a first diagnosis in a 1-year-old (though wheeze illnesses can occur and are usually manageable rather than “curable”). The child should have oxygen saturation checked, a chest exam and possibly chest X-ray, and tests guided by the findings; treatment depends on the cause, and some causes are fully treatable. Herbal mixtures should be stopped, as they can delay effective care and may be unsafe. To reduce triggers, avoid cigarette or cooking smoke, dust, sprays/strong scents, and keep the child away from sick contacts; ensure routine immunizations are up to date. If there is fast breathing, chest indrawing, poor feeding, bluish lips, or the child looks very tired, go to emergency care immediately.",GPT Realtime 2 (audio),gpt-realtime-2
0429f217-2ba8-4fde-b80b-a3a545934026,english,good_english,/data/Intron-Multimodal-Benchmarking/data/gates_data/audio/0df772cf4bd08662a32ef9f68b31cd07_Cfyaxdur.wav,"I’m 32 years old , I just gave birth , I just gave birth 7days ago , I noticed that if I’m breast feeding the child , he struggles to suck the breast , if the child suck a little bit , the child will remove his mouth if I try to put the breast in his mouth so he can suck , he will suck again a little bit and remove his mouth , I now thought that why did the child doesn’t suck breast well , I now noticed that the child has cold , his not breathing out well like a child snoring that’s how he sounds, I call the attention of my mother in law , she say maybe while we want to give birth to the child maybe water enters his head or other things but I thought if water enters his head , the nurses and doctors ought to know if water enters the child’s head , what now shattered my heart the most was the way he’s not feeding well , it’s giving me concern and my mind is not at rest , he doesn’t suck well at all , it’s by force any time I want to breastfeed the child , I have to wake him to suck a little that’s if he agrees to , what I want to ask is that what’s the cause of the cold that he doesn’t breathe well and that anytime he breathe it’s would look like someone that the nose is blocked  and that what is the cause that he’s not sucking breast well .",http://speech-app.s3.amazonaws.com/static/audio/uploads/9cc562be-c195-4c12-8c16-130f86eb5fa9/0df772cf4bd08662a32ef9f68b31cd07_Cfyaxdur.wav,"I hear how worried you are; let me think through the likely causes and what you should do next.Your baby’s blocked-noise breathing and poor sucking can be from simple newborn nasal congestion, but at 7 days old it can also be a sign of a more serious problem like infection or breathing difficulty, especially since feeding is poor. Newborns are nose-breathers, so even a small blockage can make breastfeeding hard and cause them to pull off the breast. Please take the baby to a clinic or hospital today for assessment; this is important if the baby is sleepy, breathing fast, has chest in-drawing, fever/low temperature, looks blue, or has fewer wet diapers. At home while you’re going, you can try a few drops of sterile saline in each nostril and gentle suction, keep the baby slightly upright, and ensure a deep latch. “Water entering the head” during birth is not the cause; a proper examination will identify what’s going on and keep your baby safe.",GPT Realtime 2 (audio),gpt-realtime-2
5c0d4c54-a56b-4866-aaf3-9a209ad6e81e,english,good_english,/data/Intron-Multimodal-Benchmarking/data/gates_data/audio/1bd18e09502433a260e019b03c7a2a30_DaAjTsHW.wav,"Doctor, a mother living in our house began to notice that her baby was not breastfeeding well. Whenever she tried to breastfeed the baby, the baby would suck for a little while and then stop as if exhausted.
The mother also noticed that the baby did not have enough strength to breastfeed and would sweat heavily on the head and face. Not only that, the baby's breathing changed; it seemed as though the baby was breathing upward and downward, like someone struggling to breathe.
As the days went by, the mother became increasingly worried. She wondered whether it was because the baby was not feeding enough, or whether there was a problem related to the baby's breathing and sweating. Therefore, she decided to go to the hospital to see a doctor for an examination of the baby.
My question is: what could cause a baby to have difficulty breastfeeding properly? Is the way the baby is breathing a sign of any health problem? What danger signs should the baby's parents watch out for? What could cause a young child to sweat while breastfeeding?",http://speech-app.s3.amazonaws.com/static/audio/uploads/c130082b-c98c-4348-8ad5-65a748d7cfdb/1bd18e09502433a260e019b03c7a2a30_DaAjTsHW.wav,"I’m going to think this through carefully and focus on the most likely causes and urgent warning signs for this baby’s feeding and breathing.Poor breastfeeding with early fatigue, sweating on the head/face, and fast or “working hard” breathing can be a sign of an underlying medical problem, especially heart failure from congenital heart disease, though severe infection, significant anemia, or prematurity can also cause weak feeding. The breathing pattern described is not normal for a well baby and should be treated as a possible health problem needing urgent assessment. Danger signs include fast breathing, chest in-drawing, grunting, bluish lips/tongue, poor urine output, fever, persistent vomiting, very poor weight gain, or becoming unusually sleepy or difficult to wake. Sweating during feeds happens when the baby is using a lot of effort to feed, commonly seen in babies with heart disease because feeding is like “exercise” and strains the heart. This baby should be seen promptly in hospital for examination, oxygen saturation check, and tests such as chest X-ray, ECG, and echocardiogram to find and treat the cause.",GPT Realtime 2 (audio),gpt-realtime-2
47a7b745-bfa9-466f-99b2-9e9b789272f4,english,good_english,/data/Intron-Multimodal-Benchmarking/data/gates_data/audio/b4f40da326990dd52eec1b1d2d945b52_IIsse8wd.wav,"A mother of a young child became worried about her eight-month-old baby. During the daytime, the baby plays well, but every night the baby starts coughing. The cough wakes the baby from sleep, and the baby cries afterwards.
On one of those nights, the mother noticed that the baby was breathing very fast and seemed to be struggling to breathe. The mother could not sleep because of fear. The following morning, she noticed that the baby did not want to breastfeed or play as before, so she decided to take the baby to see a doctor because she wanted to know what was causing the cough and the breathing difficulty and to know what medicine or treatment could be used for the baby.
My question is: what could cause a young child to cough severely at night and also make it difficult for the child to breathe properly? Could the cough and the struggle to breathe properly be signs of a lung disease? What are the things that can be done at home to help the baby become more comfortable and sleep better at night?",http://speech-app.s3.amazonaws.com/static/audio/uploads/5d17fda2-a578-46e0-bfc6-5ee2baed3026/b4f40da326990dd52eec1b1d2d945b52_IIsse8wd.wav,"I’ll think through the likely causes and what’s safe to do right away at home versus what needs urgent care.Severe night cough with fast, difficult breathing and reduced feeding in an 8‑month‑old can be caused by bronchiolitis or pneumonia, and sometimes by asthma-like airway narrowing, pertussis, or reflux/post-nasal drip that worsens when lying down. The breathing difficulty and poor feeding are danger signs, so the baby needs prompt assessment at a health facility to check oxygen level and chest findings and to start treatment if needed. This can be part of a longer-term problem like recurrent wheeze/asthma, but infections are common at this age and must be ruled out first. At home, keep the baby upright during feeds and sleep, use saline drops with gentle suction for a blocked nose, offer frequent small feeds, and keep the air smoke-free. Avoid cough syrups in infants, and seek urgent care if there is fast breathing, chest indrawing, grunting, bluish lips, poor drinking, or unusual sleepiness.",GPT Realtime 2 (audio),gpt-realtime-2
ec4b4ec7-75ef-41ca-ba6f-fc5c6c69d144,english,good_english,/data/Intron-Multimodal-Benchmarking/data/gates_data/audio/06d192550816689893b8150456523768_pBOqs4ud.wav,"A woman had a baby—a child—about five months ago. She explained regarding the child that there was nothing wrong at the time she gave birth, as the baby was feeding vigorously as expected. Suddenly, she noticed that the child would cry out in pain in their arms and legs. It also reached the point where the child would call for help to get up, to crawl, or to move, so as to reach their mother. Please, what can this woman do for the child to relieve the pain in the arms and legs, and to ensure they don't delay their developmental milestones? Therefore, the mother wants to come to the hospital with the child to see a doctor to find out what can be done to help the child's body recover and be in a healthy state",http://speech-app.s3.amazonaws.com/static/audio/uploads/cb7d0ab6-f969-40eb-9258-ad4b55bd80ae/06d192550816689893b8150456523768_pBOqs4ud.wav,"I’ll think through the likely causes and the safest next steps for the baby, then I’ll keep the plan clear and practical.This baby needs urgent assessment in hospital because limb pain with difficulty moving or delayed milestones can be caused by treatable problems like rickets (vitamin D/calcium deficiency), infection, or blood disorders such as sickle cell. Do not force the limbs or delay care; a clinician should examine for tenderness, swelling, fever, and check growth and development, then may request tests such as blood work (calcium, phosphate, alkaline phosphatase, vitamin D, and hemoglobin studies) and X-rays. If rickets is confirmed, treatment typically includes appropriate vitamin D and calcium supplementation, nutrition support, safe sun exposure guidance, and follow-up to monitor bone healing. If infection is suspected, prompt antibiotics and other specific treatment are essential. For pain, use only weight-based medicines like paracetamol as recommended by the clinician, and ask about physiotherapy to support milestones once the cause is being treated.",GPT Realtime 2 (audio),gpt-realtime-2
ada6aff0-d3eb-45ce-90d5-529d6308338d,english,good_english,/data/Intron-Multimodal-Benchmarking/data/gates_data/audio/af15a019b54b875a5fd6ac4eb70407c0_111HqeS2.wav,"A wife observed that her husband has a headache, and the headache is really really bad. It quite much to the extent that the man has a stiff neck unable to turn it to the left or right as it ought to be. She now observed some very tiny sores which were not on the man's body before but suddenly occurred. This scared the woman that this kind of occurrence that happened to her husband what can be the cause and what can she do? The question I asked the woman was that has her husband ever had a high fever and a kind of drug was used? She said no. Or that the man, the bed he sleeps on what he uses as pillow hope it's not that he slept on the neck the woman said no it is not that he slept on the neck but suddenly the headache started and it was consistent with a stiff neck and very tiny sores around the body. If something like this happens, what can that kind of wife do to help care for her husband and he will return to his normal self? ",http://speech-app.s3.amazonaws.com/static/audio/uploads/c1d66b1c-1f82-40b2-bdd6-48cb8098643e/af15a019b54b875a5fd6ac4eb70407c0_111HqeS2.wav,"This combination of a very severe headache and stiff neck is a medical emergency because it can be meningitis, and the “tiny sores” could even be a warning sign of a serious infection in the blood. Sleeping position is very unlikely to explain sudden severe symptoms like this. She should take him to the nearest hospital immediately for urgent assessment, including tests and treatment with antibiotics/antivirals if needed. Do not delay with home remedies, massaging, or over-the-counter pain medicines until a clinician has checked him. If he becomes confused, very drowsy, vomits repeatedly, has a rash that spreads, or develops fever, seek emergency care right away.",GPT Realtime 2 (audio),gpt-realtime-2
6c4ab0d8-695b-453c-b3c0-db41ba12f1f7,english,good_english,/data/Intron-Multimodal-Benchmarking/data/gates_data/audio/bfb28059877e5a1ae852d394c0e93371_GVWpRisH.wav,"My daughter is pregnant; she is about twenty-four years old. She is the one who is pregnant. This happened today.
At night, I noticed that she started having pain. She had already packed her belongings and came to my house. As the pain continued, I saw that it was increasing. I gathered all her belongings, and she did not initially allow us to go to the hospital.
We took her to the hospital, and they examined her. They said the cervix has started to open a little, and that it is almost time for delivery.
Until today, the cervix is still opening until the time the baby will come out. Yesterday, the baby was still in pain that kept increasing since we arrived there.
She is in pain, the baby will come out, it is her first pregnancy. I am worried and my heart is troubled.
I want to save my child, and I do not want to lose the baby that is coming. Please, what could be causing this pain? Is this how it usually is for first-time mothers when they are about to give birth? Is it possible the baby is too big and cannot come out through the birth canal? Or is it possible they will do surgery for her?",http://speech-app.s3.amazonaws.com/static/audio/uploads/d5509e58-a2b1-40ca-8b13-2b7a616524d3/bfb28059877e5a1ae852d394c0e93371_GVWpRisH.wav,"Let me think this through and walk you through what’s normal in labour versus what needs urgent attention.Labour pains are expected as the uterus contracts and the cervix opens, and in a first pregnancy it often takes longer and feels more intense. The key is whether labour is progressing well and the baby’s heartbeat and mother’s condition remain reassuring, which the hospital will monitor. A “big baby” can contribute to slow or difficult labour, but this is usually judged by ongoing exams and progress charts, not just by guessing. If there are signs of obstruction, poor progress, or fetal distress, the team may recommend assisted delivery or a Caesarean to keep both mother and baby safe. Please keep her in skilled care, and alert staff urgently if there is heavy bleeding, fever, severe headache/visual changes, very foul-smelling fluid, or if they say the baby is in distress.",GPT Realtime 2 (audio),gpt-realtime-2
9df719ce-bc9f-44b6-bded-3077ed94da7e,english,good_english,/data/Intron-Multimodal-Benchmarking/data/gates_data/audio/989e6eadd835e1b96f4e8861a07e4c4c_MrBEXoaG.wav,"Good evening I came because of my younger sibling. I noticed that their eyes and skin have an airy... a pale/yellowish color. And this has been going on for about three days now. Their body is also very hot, burning with a fever, and they cannot eat. They cannot retain anything, they cannot retain anything. In fact, they are shivering/weakened heavily. Because their head is throbbing, their head is aching, and their body is burning hot. We have tried using some things at home, we gave them, but even so, there is absolutely no difference in their condition. Their eyes and skin that have that pale/yellowish color, it hasn't stopped, that yellow color is just increasing day by day, and they are not at peace, they are not comfortable, they are suffering, God forbid, they are really suffering. That is why I came to the hospital so we can know what to do, the steps we need to take, so that my younger sibling's body, their skin and eyes that are turning yellow, will stop, and they will recover.
",http://speech-app.s3.amazonaws.com/static/audio/uploads/a414aded-62b8-4fc4-929d-26b35caeb978/989e6eadd835e1b96f4e8861a07e4c4c_MrBEXoaG.wav,"This is an emergency: yellow eyes/skin with high fever, severe headache, vomiting, and worsening weakness can be severe malaria with hemolysis, hepatitis, or another serious infection, and it needs urgent hospital care now. In the hospital, they should check malaria (rapid test/blood film), full blood count, liver function/bilirubin, blood sugar, and hydration status, then start treatment based on results (for example, IV/appropriate antimalarial if positive, fluids, fever control, and other targeted therapy). Do not continue random home medicines, and avoid alcohol or unnecessary drugs, because some medicines can worsen liver injury or cause hemolysis. If they are not passing urine, are very drowsy/convulsing, breathing fast, or the vomiting is persistent, treat it as life-threatening and seek immediate emergency care. Early treatment greatly improves recovery and reduces complications.",GPT Realtime 2 (audio),gpt-realtime-2
022c11b7-cca9-4275-af59-e4e8ee59e43f,english,good_english,/data/Intron-Multimodal-Benchmarking/data/gates_data/audio/98e6b71ce1791edd23c66d1f3ed10ccf_s31zSAVp.wav,"A newborn baby that has just been delivered in our hospital about twenty minutes ago, was found to appear sleepy. The baby did not cry well since being delivered. When we checked it's respiration,  it was fine but the baby was asleep althrough, we also checked the temperature, and it was normal. Here is my question, what could cause a new born baby to appear as if it is sleeping? And not cry properly since it's birth? Also, what kind of treatment will be effective for such baby? And, when the mother gets home, what could she administer to the child and what she should not, and what kind of food should the mother eat to ensure that both the mother and baby will be healthy?",http://speech-app.s3.amazonaws.com/static/audio/uploads/6f8d8a92-3139-406c-aa58-7761f86019a8/98e6b71ce1791edd23c66d1f3ed10ccf_s31zSAVp.wav,"I’ll think through the likely causes and immediate steps for a sleepy newborn, then I’ll keep the guidance practical and safe.A newborn who is very sleepy and not crying well is not “just sleeping” until proven otherwise; common causes include low blood sugar, effects of maternal medicines, birth asphyxia, infection (sepsis), prematurity, or less commonly brain bleeding. Even with normal temperature and breathing, this is a danger sign and the baby needs urgent assessment in the facility for glucose check, oxygen saturation, full exam, and possible sepsis evaluation, with treatment directed at the cause (for example glucose if hypoglycaemic, antibiotics if infection, oxygen/supportive care if needed). Do not give any home remedies, herbs, or over-the-counter medicines to the baby; if already at home, go back to the hospital immediately if the baby is hard to wake, feeds poorly, has weak cry, fast/slow breathing, fever/low temperature, or convulsions. Feed the baby with exclusive breastfeeding on demand, and support good latch and frequent feeds. The mother should eat a balanced diet with adequate fluids and rest, and avoid alcohol, smoking, and non-prescribed medicines while breastfeeding.",GPT Realtime 2 (audio),gpt-realtime-2
95743119-c813-4c38-a346-686838409ec0,english,good_english,/data/Intron-Multimodal-Benchmarking/data/gates_data/audio/b8bed3fe34877c2aa244cf1dabae69e5_sGUaCrxc.wav,"A woman who lives in our house, she is employed. She does her work diligently and has no health issues.
One day, while she was bathing, she felt her breast and noticed something like a small, hard lump inside it.
Initially, she thought it was nothing serious, but she felt it again on another day and realized it was still there. As time went on, she became very anxious. She began to worry about whether this issue was developing within her breast. It wasn't painful, but the fact that the lump was hard and wouldn't go away made her sad. She also started remembering stories she used to hear about girls who had lumps in their breasts.
After a few weeks, she decided to go see a doctor. She wanted to know what caused the lump and what she needed to do to safeguard her health.
My questions are: What can cause a hard lump in a woman's breast?
Does every breast lump mean something that could lead to cancer?
What other symptoms should women look out for regarding their breasts?

",http://speech-app.s3.amazonaws.com/static/audio/uploads/06473ccd-4fdc-4cd5-89cc-70e5cd9d3262/b8bed3fe34877c2aa244cf1dabae69e5_sGUaCrxc.wav,"A hard breast lump can be caused by several things, including fibroadenoma, cysts, infections, and cancers, so it needs proper assessment rather than guesswork. Not every breast lump is cancer, but any new, persistent lump should be checked by a clinician to determine the cause safely. Other warning signs include nipple discharge (especially bloody), skin changes like dimpling or “orange peel” texture, a newly inverted nipple, swelling, or a lump in the armpit. Pain is not a reliable sign of cancer, so a painless lump can still be concerning. The safest next steps are a clinical breast exam and appropriate tests such as ultrasound or mammogram, and sometimes a biopsy if indicated.",GPT Realtime 2 (audio),gpt-realtime-2
27ce4e55-f624-41bb-b682-93b6327818fe,english,good_english,/data/Intron-Multimodal-Benchmarking/data/gates_data/audio/22315e6de3ea823f350c794823894174_6hrBhbjm.wav,"A pregnant woman came to the hospital this evening and explained that her husband often shouts at her and frequently beats her. She said that this has caused her to become very fearful.
Many times, whenever she hears that her husband is coming home or when she is about to go home, she becomes afraid because she worries that he may beat her or verbally abuse her.
She also noticed that her heart often races or pounds. She went to have her blood pressure checked, and she was told that her blood pressure was elevated.
She said that she sought help from her parents and explained the situation to them. As a result, her parents gave her a traditional herbal remedy (""agbo""), but there was no improvement after she used it.
She wants to know:
What can she do so that she will no longer be overwhelmed by fear whenever she is going home or hears that her husband is coming?
What can she use or do to help restore her peace of mind, calmness, and emotional well-being?",http://speech-app.s3.amazonaws.com/static/audio/uploads/407249ff-42df-4b7b-bc18-59c6db93cdfc/22315e6de3ea823f350c794823894174_6hrBhbjm.wav,"I’m really sorry she’s going through this; I’ll think through safe, practical steps she can take right now.This is intimate partner violence, and the priority is her safety and the baby’s safety—she should not rely on herbal remedies for this. She should seek help from a trusted person, community leader, or healthcare worker to make a safety plan, and consider contacting local domestic violence services or the police if she is in danger. She also needs a medical review for her elevated blood pressure and stress symptoms, because pregnancy hypertension and anxiety can harm both mother and baby. For immediate calming, slow deep breathing, grounding (naming things she can see/hear/feel), and stepping away to a safe space can reduce the fear temporarily, but they do not replace safety support. Her peace of mind is more likely to improve when she has protection, support, and a clear plan to reduce exposure to the abuser.",GPT Realtime 2 (audio),gpt-realtime-2
6eb74fc8-7cdc-4d4d-a06b-065c285b47a5,english,good_english,/data/Intron-Multimodal-Benchmarking/data/gates_data/audio/ce2a3f107f1dee8ad57fb91174554434_QJwqdIdL.wav,"A woman just gave birth to a newborn baby at our hospital this morning. Her delivery was very easy, and she gave birth to the baby smoothly and without complications.
Shortly after this woman gave birth, we observed that the pad placed under her quickly became soaked with blood, and it was quite a lot. A few minutes later, the woman used another pad, yet it was also filled with blood, very quickly. Before long, the woman started feeling weak, and the bleeding became so heavy that it did not stop.
What could be the cause of postpartum hemorrhage? What could cause the bleeding to not stop? Is it possible that a second baby remains inside this woman? Is it possible that the woman's cervix is torn? Is it possible that her uterus is failing to contract to stop the bleeding? What could cause the heavy, continuous bleeding this woman is experiencing? What steps can we take for this woman to stop the bleeding? What kind of injection or medication can be used for this woman, and should we send this woman to a larger hospital, or is there another procedure we can perform on this woman to make the bleeding stop?",http://speech-app.s3.amazonaws.com/static/audio/uploads/ec461994-3da0-48c5-b5f5-4f5b8a550636/ce2a3f107f1dee8ad57fb91174554434_QJwqdIdL.wav,"I’m going to think through the likely causes and immediate steps to stabilize and treat her bleeding.This is postpartum hemorrhage, most commonly from uterine atony (the uterus not contracting), though retained placental tissue or genital tract tears can also cause ongoing bleeding; a “second baby” is unlikely if the delivery was complete, but you should quickly check the uterus and perineum. Start immediate uterine massage, ensure good IV access, give IV fluids, and empty the bladder. Give a uterotonic: oxytocin is first-line (IM/IV); if unavailable, use misoprostol, and consider tranexamic acid as early as possible (ideally within 3 hours) to reduce bleeding. Examine for retained placenta and tears and manage accordingly; if bleeding continues, use bimanual compression and escalate. If there is no rapid response or your facility cannot provide further interventions, transfer urgently to a higher-level hospital while continuing resuscitation.",GPT Realtime 2 (audio),gpt-realtime-2
0fb66f21-102e-431d-a7f0-04fd8a4b4a97,english,good_english,/data/Intron-Multimodal-Benchmarking/data/gates_data/audio/e65bb243e369f0ed86efeb4630a8ccca_dzDCVVum.wav,"A mother among the mothers who usually bring their babies for injections explained that she noticed that her newborn baby has a problem around the mouth, and the baby’s lips look blueish.
Today, she also noticed that when she is breastfeeding the baby, the baby struggles, gasps, and finds it difficult to breathe properly. She said this is what made her worried because she does not know what is happening to the baby.
What can cause a newborn baby’s lips to look blueish? What can also cause a baby to struggle and have difficulty breathing while breastfeeding? Can medicine be given, or should the baby be examined?",http://speech-app.s3.amazonaws.com/static/audio/uploads/eb59b12a-df81-4d6d-b556-2dfd10872bb0/e65bb243e369f0ed86efeb4630a8ccca_dzDCVVum.wav,"I’m going to think this through carefully because blue lips and breathing difficulty in a newborn are urgent signs.Bluish lips in a newborn usually mean low oxygen (central cyanosis), which can be caused by serious problems like congenital heart disease, lung infection/distress, or an airway blockage. Struggling to breathe during breastfeeding can also happen with these conditions, and sometimes with mouth/throat abnormalities that make sucking and breathing difficult. This is not something to treat at home with medicine first. The baby needs urgent examination in a hospital for oxygen check, breathing and heart assessment, and tests such as pulse oximetry and possibly a scan/echocardiogram. Please take the baby to the nearest emergency or specialist pediatric care immediately.",GPT Realtime 2 (audio),gpt-realtime-2
44f035d9-9f2b-4e9d-a23b-289b07f70219,english,good_english,/data/Intron-Multimodal-Benchmarking/data/gates_data/audio/b65c58746e68e319f6dd309f68af179e_ypZcc7lN.wav,"​A pregnant woman who is six months pregnant and lives in our house started noticing that her heart palpitates rapidly as if she just finished running. Sometimes she gets tired without doing any work at all, and her hands tremble slightly. After a few weeks, she also noticed that her neck started swelling in the front. When people began telling her that her neck looks different from before, she became very frightened, wondering if this is one of the illnesses that affect pregnant women or if it is another problem. She has now decided to go see a doctor so they can know what is causing it. My question is, what can cause a pregnant woman's heart to palpitate rapidly like someone who just finished running, along with her neck swelling? Can this problem affect the development of the baby inside her? What are the warning signs they should watch out for at home? Are there certain foods or drinks that she ought to avoid, or those that she should eat more of during this kind of period?",http://speech-app.s3.amazonaws.com/static/audio/uploads/1b117728-ed2c-48be-b2bf-1788a368fd3b/b65c58746e68e319f6dd309f68af179e_ypZcc7lN.wav,"The combination of rapid palpitations, tremor, heat intolerance, and a new front neck swelling in pregnancy strongly suggests thyroid disease (often hyperthyroidism with a goiter), though anemia or heart rhythm problems can also contribute, so she needs prompt review with tests like TSH, free T4, and a blood count. Uncontrolled hyperthyroidism can affect the pregnancy by increasing risks such as miscarriage, preterm birth, low birth weight, and maternal complications, but treatment guided by an obstetrician/physician is usually effective and safer for both mother and baby. Go urgently if she has chest pain, severe shortness of breath, fainting, very fast or irregular heartbeat, marked swelling, fever, or worsening weakness. At home, avoid stimulants like excess caffeine and any “thyroid boosters” or herbal remedies, and don’t take iodine supplements unless prescribed; in many settings, routine iodized salt in normal amounts is enough. Keep a balanced diet with adequate protein, fruits/vegetables, and prescribed prenatal iron/folate, and follow the clinician’s plan if antithyroid medicine or a beta-blocker is recommended.",GPT Realtime 2 (audio),gpt-realtime-2
ec8c9662-4d2c-48bd-818f-f9d9a2d15350,english,good_english,/data/Intron-Multimodal-Benchmarking/data/gates_data/audio/30d255e19ba4989fba43229d8c7d1b9d_jK70Co3a.wav,"A guardian of a child observed that the child is cough intensely, till the end that the child is been abrupt and struggling to breathe well. What can cause a child to be coughing in abrupt manner, till the end that the child can't breathe well, and struggling to breathe? What can kind of test can we run for that child? What treatment can we give? And then what advice can be give to the guardian of this child? ",http://speech-app.s3.amazonaws.com/static/audio/uploads/a803a5fc-91aa-4137-88ce-fd1441a0661a/30d255e19ba4989fba43229d8c7d1b9d_jK70Co3a.wav,"Let’s think through the most likely causes and the urgent warning signs to watch for.Abrupt, intense coughing with trouble breathing can be caused by a foreign body in the airway (for example, a peanut or small toy), which often starts suddenly during eating or play. Another important cause is pertussis (whooping cough), which causes severe coughing fits, a “whoop” sound, or vomiting after coughing, especially in under-immunized children. Asthma attacks, bronchiolitis, pneumonia, or croup can also cause distress, but they usually come with other signs like fever, noisy breathing, or a preceding cold. This is an emergency if the child is struggling to breathe, has bluish lips, is very drowsy, or the cough started suddenly with choking—seek urgent hospital care immediately. Do not do a blind finger sweep in the mouth; if trained, use age-appropriate choking first aid while arranging urgent transport.",GPT Realtime 2 (audio),gpt-realtime-2
f0faac29-3025-4671-8a8d-adc9918b703d,english,good_english,/data/Intron-Multimodal-Benchmarking/data/gates_data/audio/7bc67ffc7e85895eb1ea0bbe4e09a55c_1SCGFhJg.wav,"A woman brought her three-year-old child who came to the hospital for a check-up this morning. The explanation given was that when people talk to the child, he doesn't react—he doesn't respond, he doesn't look at the person talking to him, and when they call his name, he doesn't even react as if he heard anything at all.
In the question we asked the woman, 'Has the child ever had any seizures?' His mother said he has never had any seizures at all. We also asked, 'Has the child received all his immunization vaccines, the ones he should have received according to what his mother brought?' The medical card we used for verification showed that it is true the child received immunization vaccines, and in it, we saw that the child had received all his immunization vaccines completely.
My next question is: 'Regarding this kind of situation with a child who has no seizures, and who has received all their immunization vaccines completely, what kind of thing could cause such a situation in such a child?",http://speech-app.s3.amazonaws.com/static/audio/uploads/5e370cc9-fefb-462b-8d77-fe746ab674b0/7bc67ffc7e85895eb1ea0bbe4e09a55c_1SCGFhJg.wav,"I’ll think through the most likely medical causes and the key checks that help distinguish them.The most likely cause to rule out first is hearing loss, which can be congenital or due to chronic middle ear disease, and would explain not responding to voices or name. Immunizations being complete helps prevent some infections, but it does not prevent genetic, perinatal, or ear-related causes of hearing impairment. If hearing tests are normal, a neurodevelopmental condition such as autism spectrum disorder or a broader developmental/language delay should be considered, especially if there is poor eye contact and limited social response. The child needs an ear exam and formal audiology (e.g., tympanometry and age-appropriate hearing assessment), plus a developmental evaluation and vision check. Early referral for hearing support or early intervention services is important because earlier therapy improves outcomes.",GPT Realtime 2 (audio),gpt-realtime-2
b52c20f6-9612-47cf-af15-432a9f2fe181,english,good_english,/data/Intron-Multimodal-Benchmarking/data/gates_data/audio/8db13b3408269957a9a598446ea232bb_yDwQHmnr.wav,"One of my senior siblings just gave birth to a girl few days ago , she noticed that anytime she breast feed she have difficulty in breathing , sometime the child stops sucking suddenly like the child is lifeless , one day the mother see that when she breastfeed the child at midnight she noticed that the child lips is already changing little by little she was so disappointed and confused, she tried  carrying  the child up so that the child to breathe well but the child have difficulty in breathing , her was also afraid when he saw the child having difficulty breathing and the lips changing , they quickly carried the child to the hospital for medical attention , what can the lips of a newborn child change color and is difficulty breathing when a child is sucking a   dangerous sign and is heart disease or liver disease cause a child difficulty in breathing , what are other dangerous signs and symptoms that parent can be cautious of , and what are the emergency treatment that can be given to a child that have difficulty in breathing.",http://speech-app.s3.amazonaws.com/static/audio/uploads/5d00cd62-5c2a-47e0-ba42-88ff267e91de/8db13b3408269957a9a598446ea232bb_yDwQHmnr.wav,"I’m going to walk through what those signs can mean and what to do urgently, in a clear, practical way.Yes, a newborn’s lips turning blue or dark and pausing during sucking is dangerous and suggests low oxygen, which can happen with heart disease (especially “blue” congenital heart defects), infection, airway blockage, prematurity, or aspiration during feeds. Liver disease usually causes yellow eyes/skin (jaundice), not blue lips, so blue discoloration points more to breathing or circulation problems. Other danger signs include fast or very slow breathing, chest indrawing, grunting, poor feeding, repeated vomiting, fever or very low temperature, floppy or unusually sleepy baby, and reduced urine. During an episode, stop feeding, keep the baby upright, gently clear the mouth/nose if blocked, keep the airway open, and seek emergency care immediately; in a facility, urgent oxygen and monitoring are key while the cause is treated. This baby needs prompt evaluation for congenital heart disease and other causes, and feeding should be supervised until it is safe.",GPT Realtime 2 (audio),gpt-realtime-2
477e4899-265d-4021-bc19-bb4df19c9a8f,english,good_english,/data/Intron-Multimodal-Benchmarking/data/gates_data/audio/db482860d695eeddb8581b708ab07098_sVQ2hBsQ.wav," My family member’s child was bitten by a dog. He is a seven-year-old child. When the dog bit him, they usually went to their traditional healer; they made an incision on the wound and applied “apọrọ” (traditional preparation) to it. But now, the place where the dog bit him has started producing pus and it is swollen. We explained to them that they should take him to the hospital. Please, what kind of examination can be done for this boy? Can he have rabies because of the dog, even if the dog itself seems to be fine? And what kind of treatment does this young boy need? Consider that the dog did not cause any further injury to his body.",http://speech-app.s3.amazonaws.com/static/audio/uploads/1896bd6d-8e15-465f-a956-51e8d21cf7b2/db482860d695eeddb8581b708ab07098_sVQ2hBsQ.wav,"I’ll walk through the key checks and urgent treatment steps for a child with a dog bite and now a swollen, pus-filled wound.This child needs urgent hospital evaluation: careful wound examination, assessment for fever and spread of infection, and possible tests like a wound swab for culture, blood tests, and imaging if a deep injury is suspected. The pus and swelling suggest a bacterial infection, and the incision made by a traditional healer increases the risk of serious soft tissue infection that may need drainage and antibiotics. Rabies is still a concern from any dog bite, and a dog looking “fine” does not fully rule it out; if the dog’s vaccination status is unknown or it cannot be reliably observed for 10 days, rabies post-exposure prophylaxis should be started promptly. Treatment typically includes thorough wound cleaning, appropriate antibiotics (often amoxicillin-clavulanate), tetanus update as indicated, and rabies vaccine with rabies immunoglobulin if indicated. Please encourage them to go to a hospital now, because delays can be dangerous.",GPT Realtime 2 (audio),gpt-realtime-2
f5faec3a-6a26-47aa-9f68-bc1acf97d3d0,english,good_english,/data/Intron-Multimodal-Benchmarking/data/gates_data/audio/a30c84b9fddccfdfccd23b2977478a0d_DGrD89l3.wav,"A grandmother noticed that her child, that she has been with after she gave birth, about three days ago, the bleeding following childbirth was heavier than normal. She also noticed that she was turning pale; her hands, feet, face, and ears were pale. She was shivering and warm. However, in the last three days, she noticed that all her feet and hands became cold, and she was completely exhausted and unable to do anything. This is why she brought her to the hospital so that the doctor could examine her body. She asked directly if it was possible that the doctor did not clean her womb properly, which is causing the heavy bleeding. She also specifically requested that the doctor prescribe injections or medication to help stop this bleeding, so that she can regain her strength and they can care for her child.",http://speech-app.s3.amazonaws.com/static/audio/uploads/9d4233da-54eb-4f33-9a6d-6b6a001f6e27/a30c84b9fddccfdfccd23b2977478a0d_DGrD89l3.wav,"This sounds like secondary postpartum hemorrhage, which can be caused by retained placental tissue, infection (endometritis), or the uterus not contracting well, not simply because the “wound was not cleaned.” Her pallor, weakness, and change from shivering to cold hands and feet are danger signs of shock and possible sepsis, so this is an emergency. Management usually includes rapid IV fluids, oxygen, uterotonic medicines, broad-spectrum antibiotics, and urgent assessment with ultrasound; if retained tissue is suspected, uterine evacuation may be needed. If bleeding is heavy or anemia is severe, a blood transfusion may be required to stabilize her. Please go to the hospital immediately and do not wait for injections at home, because delay can be life-threatening.",GPT Realtime 2 (audio),gpt-realtime-2
b59970de-0e5f-4001-a5db-60b6c592f38f,english,good_english,/data/Intron-Multimodal-Benchmarking/data/gates_data/audio/f321e04e965b28fc20d0d6919adb9013_MGTAvaTQ.wav,"After I gave birth and I was trying to recover, one evening I thought that since we did not have clean water in our area, if I wanted to bathe, I would always use water that is not clean all the time, I kept thinking that I should take care of myself and be bathing properly.
Then, when it became one evening, my body was no longer well. I started feeling cold, and my body began to shiver every day. I was feeling cold, but my body was not well again. I noticed that the blood that was coming out after childbirth had a smell coming from there that was not good at all. The smell was much, and this had not happened before.
I could not take my eyes away from it. As I got up, that was when I was coming to the hospital to ask whether the clean water that I used to bathe could cause any illness after childbirth ",http://speech-app.s3.amazonaws.com/static/audio/uploads/0a245b8d-44fc-4b40-8f1c-d466598db6ba/f321e04e965b28fc20d0d6919adb9013_MGTAvaTQ.wav,"Bathing with unclean water can irritate the skin and increase infection risk, but the foul-smelling vaginal discharge with chills and feeling unwell after delivery is more concerning for a postpartum infection (puerperal sepsis), which usually comes from bacteria entering the birth canal or uterus. This is not normal “post-birth blood” and needs urgent medical review, including an exam, possible lab tests, and prompt antibiotics to prevent serious complications. Until you’re seen, use only safe water for washing (boiled and cooled or treated), keep the perineal area clean and dry, and avoid douching or inserting anything. If you develop high fever, severe abdominal pain, heavy bleeding, or dizziness, go to the hospital immediately.",GPT Realtime 2 (audio),gpt-realtime-2
bab7d10c-f1cb-42d6-8ccb-2d86b31e91cb,english,good_english,/data/Intron-Multimodal-Benchmarking/data/gates_data/audio/02054e13bbc52ecf3f2ee3a25fe6fa7f_RwuF8H6b.wav,"I sent my son to buy ewedu for me in the neighborhood yesterday evening. After about fifteen minutes, he suddenly came home crying. When I asked what had happened, they told me that a dog had bitten him on the leg. I asked what kind of dog it was and where it came from, but they said they did not know where the dog came from or whether it was a neighborhood dog. At that point, I applied oil to the place where the dog bit him to neutralise the poison of the dog. Afterwards, I was advised to take him to a maternity clinic in the neighborhood. I took him there, and they prescribed a tetanus injection for me to buy from a chemist. I bought the injection, and it was administered to him yesterday. I have since taken him home, but since yesterday, the wound has become swollen and the surrounding area is red. I am now worried that the dog may have transmitted rabies to my child. I would like to ask whether there is any medicine I can buy for him or whether I should take him to a hospital for further treatment.",http://speech-app.s3.amazonaws.com/static/audio/uploads/0c668338-7a3f-4708-9e25-983322c59c7f/02054e13bbc52ecf3f2ee3a25fe6fa7f_RwuF8H6b.wav,"I’m really sorry you’re dealing with this; let me think through the safest next steps for your child.Take him to a hospital or clinic that can provide rabies post-exposure care immediately; because the dog is unknown, he needs urgent rabies vaccination, and if the bite is high-risk and it’s available, rabies immunoglobulin should be given as well. The swelling and redness suggest the wound may be infected, so a clinician should examine it and start appropriate antibiotics if needed. Do not apply oil or other substances to the wound; wash it thoroughly with soap and clean running water while you prepare to go. You should not try to manage this with medicines from a chemist alone—this needs proper evaluation and treatment without delay.",GPT Realtime 2 (audio),gpt-realtime-2
21679a41-d1e8-4f9c-975c-0c254def6509,english,good_english,/data/Intron-Multimodal-Benchmarking/data/gates_data/audio/ff848d5eb12665a7f7c6dfaacd9d3513_1DtYP1Ih.wav,"A mother living in our neighborhood was pregnant with her second child. At the beginning of the pregnancy, everything was going normally, and she was happy that a new baby was coming. However, a few months ago, she began to experience severe lower abdominal pain. One day, the pain became so intense that she could hardly stand up properly. Shortly afterward, she also started having heavy vaginal bleeding. The bleeding was more than usual, and it made her very weak. When she saw the bleeding, she became frightened that her unborn baby might be in danger. Her husband quickly assisted her to go to the hospital.
My question is: what can cause severe lower abdominal pain during pregnancy? Is heavy bleeding during pregnancy a danger sign for the mother or the unborn baby?
What are the signs that indicate the pregnancy may be in trouble? Is there any medication that can stop the pain and bleeding without harming the unborn baby?",http://speech-app.s3.amazonaws.com/static/audio/uploads/8ff85dc9-143a-4778-a2ca-3f17a8fbadb7/ff848d5eb12665a7f7c6dfaacd9d3513_1DtYP1Ih.wav,"I’ll think through the likely causes and warning signs, then I’ll share a concise, practical answer.Severe lower abdominal pain in pregnancy can be caused by serious problems like ectopic pregnancy, miscarriage, placental abruption, placenta previa, infection, ovarian torsion, or preterm labour, and sometimes by less dangerous issues like fibroids or round ligament pain. Heavy vaginal bleeding in pregnancy is a danger sign until proven otherwise because it can threaten both the mother and the baby. Warning signs that the pregnancy may be in trouble include severe or worsening pain, heavy bleeding or passing clots, dizziness/fainting, fever, leaking fluid, or reduced fetal movements. There is no safe home medication to “stop” pregnancy bleeding, and strong painkillers can mask symptoms or be unsafe; urgent hospital assessment is needed to find the cause and give the right treatment. Only use medicines like paracetamol if a clinician advises, and avoid self-medicating, especially with NSAIDs, during pregnancy.",GPT Realtime 2 (audio),gpt-realtime-2
cc2b8337-3bf5-44ef-8aac-fdb155b6d16e,english,good_english,/data/Intron-Multimodal-Benchmarking/data/gates_data/audio/c7d407bd5dafed3ab467861e9dd0713c_BVDlhm1N.wav,"I brought my nine-year-old child to the hospital this afternoon. I sent the child on an errand to buy something for me in town, but a dog bit the child. When they brought the child home and explained what happened, I examined the wound where the dog bit the child, and I noticed that the wound is red and already swollen. We made inquiries in the neighborhood to find out about the dog that bit the child, and the dog's owner said that they have never given the dog any vaccines. They mentioned that it just goes out, plays, and comes back inside. They said they have never given the dog any medical treatment whatsoever. This is why I became frightened and rushed the child to the hospital, so that it wouldn't turn out that the dog that bit the child is a rabid dog. What could possibly happen to a child who has been bitten by a dog? What could happen to a wound that is red and swollen? Is it possible for an infection like rabies to enter this wound? Is it possible for something terrible to happen to the child as a result of this dog bite? Please...
What can I do to prevent an infection from entering this wound? What vaccines and what medications can be used to treat this child to ensure they receive proper care? What else can we do, or what medical tests can we run to care for the wound where the dog bit this child?

",http://speech-app.s3.amazonaws.com/static/audio/uploads/9ae3c190-338a-4c52-9a24-f0cb128863bf/c7d407bd5dafed3ab467861e9dd0713c_BVDlhm1N.wav,"A red, swollen dog-bite wound can get bacterial infection and, since the dog is unvaccinated, there is a real risk of rabies, which is deadly if not prevented early. Clean the wound immediately with lots of running water and soap for at least 15 minutes, then cover it with a clean dressing and avoid putting harsh substances inside. The child should start rabies post-exposure prophylaxis as soon as possible: rabies vaccine, and rabies immunoglobulin if the bite is severe or near high-risk areas, plus a tetanus booster if not up to date. Because the wound already looks infected, a clinician may prescribe antibiotics (commonly amoxicillin-clavulanate) and assess whether any part needs careful debridement. If the dog can be safely observed, it should be monitored for 10 days, but do not delay starting treatment while waiting.",GPT Realtime 2 (audio),gpt-realtime-2
92fbb174-1bea-4dc3-9d72-2fcb44a4b6b9,english,good_english,/data/Intron-Multimodal-Benchmarking/data/gates_data/audio/a33e51c5d8336a1c1b59e22c7b130320_PHLZas9t.wav,"A thirty-three-year-old pregnant woman who is seven months pregnant was brought to our hospital by her neighbors. They explained that she suddenly developed severe abdominal pain, and a large amount of blood began to come out from her vagina. Her body was shaking, and she was crying because the pain was intense. Her family said they were afraid that something serious might happen to both the mother and the baby.
Their first question for the doctor was: What could be causing this severe abdominal pain and heavy bleeding?
Their second question was: What should be done immediately for this pregnant woman?
Their third question was: What investigations or tests can be carried out?
Their fourth question was: What treatment is appropriate for her condition?
Their fifth question was: What foods should this pregnant woman avoid, and what hygiene measures should she observe?",http://speech-app.s3.amazonaws.com/static/audio/uploads/05e13fac-16ee-4280-bfeb-29889967329c/a33e51c5d8336a1c1b59e22c7b130320_PHLZas9t.wav,"This presentation is most suggestive of a severe obstetric hemorrhage, most likely placental abruption (painful bleeding), though placenta previa or uterine rupture must also be considered. Immediate action is emergency resuscitation with large-bore IV access, fluids, oxygen, blood crossmatch, continuous maternal and fetal monitoring, and urgent obstetric review, avoiding digital vaginal examination until placenta previa is excluded. Key investigations include bedside ultrasound, full blood count, coagulation profile, blood grouping/crossmatch, and fetal assessment (e.g., CTG if available). Treatment is rapid stabilization and timely delivery based on severity and fetal status, with blood products and other hemorrhage protocols as needed. There are no special “bleeding-specific” foods to avoid beyond standard pregnancy advice (avoid alcohol and unsafe foods), and she should maintain good perineal hygiene, attend antenatal care, and avoid inserting anything into the vagina or delaying care if bleeding recurs.",GPT Realtime 2 (audio),gpt-realtime-2
aa0adeff-d420-4e58-9449-77ff24ef1ce2,english,good_english,/data/Intron-Multimodal-Benchmarking/data/gates_data/audio/9a17c6acf8343be46a0babb25123008c_YpjQxS6C.wav,"My husband is forty years old, and I suddenly noticed that for about the past three weeks he has been drinking water excessively. The more water he drinks, the more frequently he urinates. In fact, at night, he may wake up as many as ten times before morning just to urinate. He has also complained of feeling tired all the time. He has gained a little weight as well. Sometimes his vision becomes blurry, and he says he does not see clearly when he gets up to move around. I have noticed that he passes urine in large amounts and very frequently. What could be causing this frequent urination and excessive thirst? Why does he seem to drink so much water and then urinate so often? Could these symptoms be signs of diabetes, or could they indicate something else? What type of medical tests should he undergo to determine exactly what is happening? Why is he constantly tired? What causes the frequent urination? Could high blood pressure cause these symptoms, or could they be due to dehydration or another condition? What kinds of foods and drinks should he avoid, and what should he be encouraged to consume? What steps should he take to help these symptoms improve? Does he need to visit a healthcare facility for testing, or is testing unnecessary? How often should diabetes screening or blood sugar testing be done, regularly or only occasionally? What medical conditions could be responsible for all these symptoms occurring in his body? ",http://speech-app.s3.amazonaws.com/static/audio/uploads/0c65d440-a66f-4b8e-97dc-27fb7ff0a604/9a17c6acf8343be46a0babb25123008c_YpjQxS6C.wav,"His symptoms of excessive thirst, large-volume frequent urination (including many times at night), tiredness, and intermittent blurred vision are very suggestive of high blood sugar, most commonly diabetes mellitus, causing osmotic diuresis. He should go to a health facility promptly for tests: random and/or fasting blood glucose, HbA1c, urinalysis (for glucose/ketones), and kidney function; blood pressure should also be checked because hypertension can coexist, though it doesn’t typically cause this pattern of thirst and large-volume urination. Other possible causes include diabetes insipidus or kidney problems, but diabetes mellitus is the priority to rule in/out given the picture. In the meantime, avoid sugary drinks and excessive refined carbohydrates, continue plain water as needed, and aim for balanced meals with controlled portions while awaiting assessment. If diabetes is confirmed, glucose checks and follow-up should be regular as advised by the clinician (often every 3–6 months for HbA1c), and earlier if symptoms worsen.",GPT Realtime 2 (audio),gpt-realtime-2
f5ecca7b-748e-405e-af96-af65897c4b34,english,good_english,/data/Intron-Multimodal-Benchmarking/data/gates_data/audio/11b16a076b2a7efc5941a36f7d3993af_c1h2ndoX.wav,"Adeolu is a ten-year-old child whose mother was my sister. However, for a few days now, I have noticed that this child sits alone ever since his mother died; he does not want to play with anyone, and he does not want to talk to anyone. He has also started refusing to eat, and it looks like he is thinking too much and is heartbroken. This frightened me, so I decided to take him to the hospital for help. When I got to the hospital, I asked the doctor, 'Could this child's condition be due to the grief of his mother's death?' And, 'What can I do to help at home, or does this child need to speak to a mental health professional, or what can I do to make him eat or play with his peers, and does he need any medication to help?",http://speech-app.s3.amazonaws.com/static/audio/uploads/ba655e5d-ada2-4098-8402-397c37ca029f/11b16a076b2a7efc5941a36f7d3993af_c1h2ndoX.wav,"I’m really sorry he’s going through this; let me think through what’s normal grief versus when to get urgent help, and how you can support him at home.Yes, this can be grief, but the withdrawal, refusing to eat, and not talking for days suggest he may be developing depression and needs a mental health assessment, especially if this is getting worse or lasting more than two weeks. Please ask the doctor for referral to a child psychologist/psychiatrist or a grief counselor, and urgently report any talk of wanting to die, self-harm, or severe dehydration/weight loss. At home, keep a calm routine, sit with him without pressuring conversation, offer small frequent foods he likes, and invite simple low-demand activities (short walks, drawing, sitting near other children) without forcing play. Comfort, consistent presence, and allowing him to express feelings through words, play, or art help; involve a trusted relative, teacher, or faith/community support if available. Medication is not the first step for normal grief, but a specialist may consider it if a depressive disorder is diagnosed and symptoms are severe.",GPT Realtime 2 (audio),gpt-realtime-2
9806e5a1-7655-448c-9000-15916169fef4,english,good_english,/data/Intron-Multimodal-Benchmarking/data/gates_data/audio/2a606c3bfe2efbce01d59a35c15cd933_QVMBFWqM.wav,"This woman gave birth at our hospital here about Six months ago.  she came to our hospital with her husband, where she gave birth to her child, the six-month-old girl that they have brought in.
The mother explained further that it has been about thirteen to fourteen days since she noticed that this child started coughing.
The mother also mentioned that she had been treating this child for catarrh earlier, before the cough started.
She said the cough has become more severe since yesterday. The cough became very severe, although it had initially started about three days ago.
She said that whenever she breastfeeds the child, she also gives her the liquid medicine that is in the bottle—the one sold for coughs—which she has been administering and the child has been taking.
She then said that since yesterday, the cough has become so severe that the child is finding it very, very, very difficult to breathe, which has really worried me.
It is as if her breathing is fluctuating—going up and down every few seconds.
They were frightened, which is why they brought her to the hospital.
Now, the question is: can we give this mother something to help the child at home, given that her breathing is fluctuating with that cough? Should we prescribe cough medicine for her, or should we have the child examined before prescribing any medicine or giving her an injection?""",http://speech-app.s3.amazonaws.com/static/audio/uploads/84f9c2bd-9d51-4fbd-94d5-95f1c5eb2452/2a606c3bfe2efbce01d59a35c15cd933_QVMBFWqM.wav,"This child needs urgent examination in the hospital now; do not manage this at home. The severe cough with difficulty breathing and “up and down” breathing are danger signs that could be pneumonia, bronchiolitis, or pertussis, and she may need oxygen and monitoring. Do not prescribe or continue cough syrups for a 6-month-old as a substitute for assessment, because they can be unsafe and won’t treat the cause. The priority is to check her breathing rate, oxygen level, and chest findings, then treat based on the diagnosis (for example, antibiotics if pneumonia is suspected). If she has poor feeding, bluish lips, fast breathing, chest indrawing, or becomes unusually sleepy, that’s an emergency.",GPT Realtime 2 (audio),gpt-realtime-2
efd55ffe-21e5-4cfd-8737-d8de46f267c1,english,good_english,/data/Intron-Multimodal-Benchmarking/data/gates_data/audio/b3156f4a14e626a26753b83129142199_56uvoAs7.wav,"Alabukun said that she has been having blurred vision, together with weakness, and that headache has not allowed her to be comfortable. For about two weeks, she has not been able to sleep well at night. Both her legs, hands, and face have been swollen. She has been trying her best. She was advised to take some things, but she did not notice any improvement. She was reassured that she would get better.
She was examined, and there was no obvious respiratory distress. All the important things that needed to be assessed were checked, and there was nothing else significant. She was able to climb a staircase without difficulty. Her blood pressure was checked, and it was found to be 168/100. She was asked to rest, and after some time with us, her blood pressure was checked again, and it was 150/90.
It was noted that she was pregnant. Therefore, treatment for high blood pressure that is suitable for pregnant women was started, since it is considered safe in pregnancy. She was also educated on all the things she should avoid doing, especially avoiding excessive stress that could cause her blood pressure to rise further.
My question is: after all the things that have been done for this kind of pregnant woman, for pregnant women who have persistent headaches and facial swelling, what other measures can be used to manage such a pregnant woman without causing her condition to progress to convulsions, considering that she is pregnant? Also, what are the things a pregnant woman can do to prevent getting to this stage before she presents in such a condition?",http://speech-app.s3.amazonaws.com/static/audio/uploads/59452b8e-516e-41a4-a28f-4b6cc37951d8/b3156f4a14e626a26753b83129142199_56uvoAs7.wav,"I’ll think through the safest next steps for a pregnant woman with these symptoms and explain what to do to prevent worsening.This picture suggests possible preeclampsia, so she needs urgent assessment for proteinuria and organ involvement, close BP and fetal monitoring, and escalation of care if severe features are present. To prevent convulsions, magnesium sulfate is the standard seizure-prophylaxis for severe preeclampsia/eclampsia risk, alongside pregnancy-safe BP control (commonly labetalol or nifedipine; methyldopa is another option). If severe disease is confirmed, management in a facility with obstetric expertise is important, and timely delivery may be needed depending on gestational age and severity. To reduce risk of reaching this stage, regular antenatal care with BP and urine checks, prompt reporting of headache/visual changes/swelling, and for high-risk women, low-dose aspirin (and calcium supplementation where dietary intake is low) are evidence-based measures. Avoid self-medicating, especially with NSAIDs, and ensure follow-up is frequent when BP is elevated.",GPT Realtime 2 (audio),gpt-realtime-2
ff112477-5c7b-45de-b7f4-35304688e317,english,good_english,/data/Intron-Multimodal-Benchmarking/data/gates_data/audio/b17162e004eda757117dfceeb57f519d_rvi9kyZo.wav,"I am an married woman, thirty-five years old. Please, I brought my five-month-old baby for examination and guidance.
I have resumed work. But surprisingly, for about the past three days, I have noticed that my baby has been coughing repeatedly. We have tried everything we can think of to stop the cough, but I can see that the cough has not gone away.
I am usually not at home. When I leave in the morning, I do not return until around 6 p.m. My mother stays at home with the baby.
Whenever I have the opportunity to call, I do so and ask about the cough, and they keep telling me that the baby is still coughing.
The baby is five months old. He is no longer taking only breast milk because I have resumed work. I breastfed him exclusively for three months, and after that I started giving him other foods.
I have been giving him different foods, including pap, and other baby foods that I know.
What is even more surprising is that since last night, his breathing has not been normal. He is not breathing well, and his nose is completely blocked.
My mother even said that while bathing him this morning, she had to use a little warm water around his nose and chest because the cough had become severe.
The breathing problem has also started. He is no longer breathing properly, and his breathing is not clear and free anymore.
Please, my question is: what can I use for him to stop the cough? And concerning the breathing that is no longer clear, what can I do, what can I use for him, and what steps can I take so that he can breathe properly and nothing will obstruct his breathing?",http://speech-app.s3.amazonaws.com/static/audio/uploads/4f9ca527-5a05-46bd-bb57-1bc6971917f7/b17162e004eda757117dfceeb57f519d_rvi9kyZo.wav,"Your baby’s blocked nose and “not breathing well” are warning signs, so please take him to a health facility urgently today to be examined for bronchiolitis or pneumonia and to check his oxygen level. At home while you are going, you can put a few drops of clean saline (saltwater) into each nostril and gently suction with a bulb syringe, keep him upright, and continue frequent feeds to prevent dehydration. Do not give cough syrups or adult medicines, and avoid strong-smelling rubs on the chest or nose. If he is breathing fast, pulling in the chest/neck while breathing, has bluish lips, is feeding poorly, or becomes unusually sleepy, that is an emergency and you should go immediately. For feeding, current guidance is exclusive breastfeeding for about 6 months; if possible, reduce early complementary foods and discuss a safe feeding plan with your clinician.",GPT Realtime 2 (audio),gpt-realtime-2
b7448631-4a0d-4bfa-95f0-3f48188ade8a,english,good_english,/data/Intron-Multimodal-Benchmarking/data/gates_data/audio/06e209848aa2433fe1eff5301616410d_6cEf78Q6.wav,"An elderly man came to our local hospital. This man said he has a severe headache, his neck is stiff, and he has rashes suddenly appearing on his body. He came to ask what could be causing it and what kind of treatment can be given to him.
We asked the man whether the headache started suddenly or if it came gradually. The man said it started suddenly at night and has become very severe now. We also asked him if he can look at light properly, and he said no, because light affects his head and makes the headache worse.
We also asked him about the rash on his body, whether it is painful, much, or mild. The man said it is all over his body, and he cannot point to one particular place, but it itches him.
After that, we asked him if he had contact with any sick person recently, and the man said they had not gone anywhere except selling goods in front of their house. They have not had contact with any sick person.
Our question for the doctor is what could cause this kind of headache and stiff neck where this man cannot turn his neck, with rashes all over his body? What can cause it? Is it an infectious disease or something else?
Our second question is what kind of tests can this man do to know exactly what is wrong with him for proper treatment, and what medicine can he use before his test results come out?",http://speech-app.s3.amazonaws.com/static/audio/uploads/52eb6322-c83e-42d5-9fd8-d73feafb1550/06e209848aa2433fe1eff5301616410d_6cEf78Q6.wav,"This sounds very serious, so I’ll focus on likely causes, urgent tests, and immediate steps while waiting for results.The combination of sudden severe headache, stiff neck, and photophobia is strongly suggestive of meningitis, and the rash raises concern for an infectious cause such as meningococcal disease (though other infections or non-infectious rashes are possible). This is an emergency: he should be admitted and managed immediately rather than waiting to see if it improves. Key tests include urgent assessment of vital signs and neurologic status, blood tests with blood cultures, and a lumbar puncture for CSF analysis (often after a quick brain scan if there are focal deficits or concern for raised intracranial pressure). Empiric treatment while awaiting results is immediate IV antibiotics appropriate for bacterial meningitis (for example ceftriaxone-based therapy, with additional coverage such as ampicillin in older adults) and dexamethasone if bacterial meningitis is suspected, plus supportive care. If meningococcal disease is suspected, the team should also notify public health and arrange preventive treatment for close contacts.",GPT Realtime 2 (audio),gpt-realtime-2
54beaf85-2de7-49fb-914e-b98f5bb98156,english,good_english,/data/Intron-Multimodal-Benchmarking/data/gates_data/audio/457b25ec97c9a2d837e4892406a58f82_OTpe1vnH.wav,"I took my pregnant friend, who is eighteen years old, to the hospital because she had gone into labour and her time had come. When we arrived at the hospital and they had carried out all the necessary assessments, her blood pressure was high.
After they had completed all that needed to be done, she continued in labour. She remained in labour for about twelve hours. Her husband was nearby, and the doctors advised that she should give consent for a Caesarean section because she had been in labour for a long time.
My friend refused. She said, “No, not at all. I want to give birth naturally like the Hebrew women.”
She eventually delivered the baby. After twelve hours of labour, she gave birth to a healthy-looking baby girl, and we thanked God. However, what was surprising was that the baby was not breathing properly. They stimulated the baby repeatedly, patting and rubbing her. She cried, but her breathing was still not normal. They quickly gave her oxygen.
Doctor, please, will this baby survive? And if she survives, will she no become a disabled child?",http://speech-app.s3.amazonaws.com/static/audio/uploads/3b283b5f-8706-47d9-a94b-8974ced29a87/457b25ec97c9a2d837e4892406a58f82_OTpe1vnH.wav,"It’s not possible to say for sure from this story alone, but a baby who is not breathing well at birth may have birth asphyxia and needs urgent care, including oxygen and close monitoring, ideally in a newborn unit. Survival depends on how long the baby lacked oxygen, how quickly resuscitation started, and how the baby responds over the next hours to days. If the oxygen shortage was brief and she stabilizes quickly, many babies recover without long-term problems. If it was prolonged or severe, there is a higher risk of complications like brain injury, which can lead to developmental delay or disability. The doctors will watch for seizures, poor feeding, low oxygen levels, and abnormal exam findings, and they may recommend follow-up for hearing, vision, and development as she grows.",GPT Realtime 2 (audio),gpt-realtime-2
ead86e77-8bbd-4283-beb5-7e90aa5aaa34,english,good_english,/data/Intron-Multimodal-Benchmarking/data/gates_data/audio/49c2ff7bdbe60c848869dc64fb8ad7b4_G1CWQFwx.wav,"As a brave woman holding her child, seeing that the child is feverish, the child suddenly starts shaking. The child is having convulsions and is no longer in control. What kind of illness is affecting this nursing mother's child? And what kind of care can be given to this child?",http://speech-app.s3.amazonaws.com/static/audio/uploads/10c5424d-144a-4dd1-9f97-9990459542df/49c2ff7bdbe60c848869dc64fb8ad7b4_G1CWQFwx.wav,"I’m going to think this through from a frontline clinical perspective and focus on what to do immediately and safely.This sounds like a febrile convulsion, which is a seizure brought on by fever, commonly from infections such as malaria in our setting. During the convulsion, lay the child on their side, keep the airway clear, and do not put anything in the mouth or try to restrain the shaking. Start gentle fever control with light clothing, tepid sponging, and age-appropriate paracetamol if the child can safely swallow. Seek urgent care immediately so the cause of the fever can be identified and treated, especially to rule out malaria, ear/throat infections, or meningitis. If the seizure lasts more than 5 minutes, repeats, or the child is very drowsy, stiff, or not breathing well, treat it as an emergency.",GPT Realtime 2 (audio),gpt-realtime-2
96a0e9e9-d88f-4848-ae24-cc4ba1b44f5d,english,good_english,/data/Intron-Multimodal-Benchmarking/data/gates_data/audio/492adea00775f598650872f16371614a_LaaE6NQi.wav,"I noticed that my younger sister, who used to laugh happily before and who used to play with her friends, has changed suddenly.
Now, she stays alone in her room every day. She has withdrawn herself from conversations, and she is no longer interested in the things she used to enjoy before.
I also noticed that even at home, she does not want to eat with us. She appears to be unhappy or like someone who is tired all the time.
What could be causing her to suddenly avoid her friends?
Could it be a problem such as sadness, emotional distress, or anxiety?
How can we help her so that she can become happy again?
What warning signs should we watch out for?
Should she see a counsellor or a mental health professional?",http://speech-app.s3.amazonaws.com/static/audio/uploads/4b72b95b-c78b-436b-9bc6-ebc305b2ea42/492adea00775f598650872f16371614a_LaaE6NQi.wav,"Yes, this kind of sudden withdrawal, loss of interest, low energy, and changes in eating can be signs of depression or anxiety, and sometimes emotional distress from bullying, trauma, or family stress. It’s important to gently check in with her, keep her company without pushing, maintain routine (sleep, meals, light activity), and remove blame—this is not “laziness.” Please watch for warning signs like talk of hopelessness or wanting to die, self-harm, severe weight loss, refusing to eat or drink, confusion, or not being able to function at school/home. She should be seen by a counselor or mental health professional, and also a clinician to rule out medical causes like anemia, thyroid problems, or infections. If there is any risk of self-harm, seek urgent care immediately and don’t leave her alone.",GPT Realtime 2 (audio),gpt-realtime-2
93c0a5f2-48a1-4ddc-bf90-28d9b97aea1b,english,good_english,/data/Intron-Multimodal-Benchmarking/data/gates_data/audio/58942583eba546711c59bd5c8be73c85_km1Dy0wh.wav,"​A 22-year-old lady who gave birth at our hospital three days ago brought her baby today for routine immunizations. Upon arrival, she made it known to us that this newborn baby completely refuses to breastfeed at all, to the extent that the baby is excessively floppy and sleepy. She stated that the baby does not take the breast, and that all the time, the baby's hands, feet, and entire body feel freezing cold, so much so that she is even terrified to touch the baby with bare hands and prefers to lift the baby only with layers of clothing. She noted that the baby refuses the breast, the entire body is cold to the touch, and the baby has become increasingly lethargic,unable to move the hands, unable to stretch the legs, and completely lacking active movement or reflexes, just lying completely still and weak. She says it is obvious to the eye that the baby is exhausted and very unwell.
​What could cause this? What do you think could cause this newborn baby's body to be freezing cold to the touch? Is it solely because of the refusal to breastfeed, or what else? What can we do about this refusal to breastfeed? Furthermore, regarding the immunization vaccines they are supposed to administer, what is your professional advice?",http://speech-app.s3.amazonaws.com/static/audio/uploads/3f7dd9e2-3e76-4785-968c-d49821026640/58942583eba546711c59bd5c8be73c85_km1Dy0wh.wav,"This sounds very serious, so I’ll focus on the likely causes and the safest immediate steps.This baby’s cold body, refusal to breastfeed, floppiness, and lethargy are danger signs and strongly suggest hypothermia with possible neonatal sepsis and/or hypoglycemia; the feeding refusal is more likely a symptom, not the sole cause. Immediate action is urgent hospital admission, active warming (including skin-to-skin/kangaroo care if possible), and rapid checks and treatment for low blood sugar and infection (including starting antibiotics per neonatal sepsis protocol). Do not delay for routine clinic processes—this is an emergency. For feeding, once stabilized, support breastfeeding with expressed breast milk or safe alternative feeds under medical guidance, and address any underlying illness. Routine immunizations should be deferred until the baby is clinically stable, then given as soon as safely possible before discharge or at follow-up.",GPT Realtime 2 (audio),gpt-realtime-2
60ebf071-ab75-4b25-976f-80da984eeef9,english,good_english,/data/Intron-Multimodal-Benchmarking/data/gates_data/audio/f36e5dd3457e6edfd9d106c459615554_MYyz7Jut.wav,"Suddenly, we saw one of our pregnant women who came to our hospital this morning. She arrived in severe pain, crying loudly, holding her back and abdomen because of the pain.
After about eight to ten minutes of bringing her into the labour ward, we examined her and found that the baby was already descending and her cervix was fully dilated.
Very shortly afterward, she delivered a baby girl.
So we carried out all the necessary and appropriate post-delivery care.
Not long after, we moved the mother and baby into a room so they could rest.
A little while later, the mother called us and said she was feeling very weak, tired, and that her eyes seemed dim or blurry. She also tried to eat after delivery but struggled to do so, and the food was not going down well.
She continued to feel weak, and she was also feeling dizzy.
What could have happened? Could it be that she lost a lot of blood and now needs a blood transfusion, or what should be done for her? Should we give her blood, or should we give her food?",http://speech-app.s3.amazonaws.com/static/audio/uploads/a1fd68f3-c1f4-4a0b-b5ba-5feae9f148e1/f36e5dd3457e6edfd9d106c459615554_MYyz7Jut.wav,"I’m going to think this through from a postpartum emergency angle and focus on the safest immediate steps.This sounds like possible postpartum shock, most commonly from bleeding, and it can be visible or concealed. Do an urgent assessment: check vitals, uterine tone, vaginal bleeding, and look for a boggy uterus; start IV access and fluids, and give uterotonics if the uterus is atonic while you escalate care. Check hemoglobin and crossmatch, but don’t wait to treat shock if she is unstable. Give blood if there is ongoing bleeding, signs of shock, very low hemoglobin, or poor response to fluids, following your local transfusion thresholds and protocols. Food is not the priority in an unstable postpartum patient; stabilize first, then reassess feeding once she is clinically stable.",GPT Realtime 2 (audio),gpt-realtime-2
fec14073-dfa2-476e-809c-c07bd3e953eb,english,good_english,/data/Intron-Multimodal-Benchmarking/data/gates_data/audio/10db19e060883487669c8310e238e9ea_I5fQFaCA.wav,"A 30-year-old woman gave birth a few minutes ago. The delivery was said to be normal. However, since the baby was born, the baby has been having serious difficulty. The baby is not crying well and is not responding as a newborn should.
After birth, the baby did not cry properly, and seems to have difficulty waking up. The body seems stiff or not moving properly as expected. The baby also cannot feed well and is struggling to breastfeed.
The mother is worried because her previous children used to cry immediately after birth. What can cause this problem? What tests can be done on the baby, and what emergency steps should be taken? What can be done for this newborn baby?",http://speech-app.s3.amazonaws.com/static/audio/uploads/0b17fba7-ce86-4ca5-9f6d-40a14644ac29/10db19e060883487669c8310e238e9ea_I5fQFaCA.wav,"I’m going to think through the likely causes and urgent steps for a newborn who isn’t crying or feeding well.This pattern is concerning for birth asphyxia (hypoxic-ischemic encephalopathy), but infection (sepsis), low blood sugar, electrolyte problems (like low calcium), or a brain bleed can also cause poor cry, poor feeding, and abnormal tone. Check Apgar scores and do urgent bedside glucose and oxygen saturation, then blood gases, CBC, CRP/blood culture, electrolytes, and a careful neurologic exam; a cranial ultrasound may be needed if bleeding is suspected. Immediate care is neonatal resuscitation support: keep the baby warm, ensure airway and breathing (oxygen/CPAP or intubation if needed), support circulation, and give IV glucose promptly. If sepsis is possible, start empiric antibiotics while awaiting results, and treat seizures if present. The baby should be transferred/managed in a NICU for close monitoring and supportive care.",GPT Realtime 2 (audio),gpt-realtime-2
6c61e24c-8041-4734-b186-b6c30e72d219,english,good_english,/data/Intron-Multimodal-Benchmarking/data/gates_data/audio/4136145b69518b61de75dd85af63b366_x3QjVBt0.wav,"This lady gave birth at our place this morning; she delivered the baby at dawn. When she arrived around 8:00 AM, the person who was with her at home called us, saying this lady was shivering, her body was very hot, and she had a lot of body issues which really bothered her. We went to see the lady, covered her with a cloth, and checked her temperature—meaning how hot her body was—and it was 38.2. We performed a malaria test for this lady, that is, a malaria rapid test diagnosis was done. This lady is not well, it looks like malaria. We asked if she had eaten, and she said she hadn't eaten anything. We told those who were with her to give her tea, to let the lady drink it. Has she breastfed the baby? She said when she wanted to breastfeed the baby, she noticed the baby passed stool/had a bowel movement. We then asked the lady to sit up and lean back on the bed she was on, to let her body recover better—not completely, but to help—and her eyes were not white/pale. So, we advised that once she has eaten, she should take Paracetamol. After she has finished taking the Paracetamol, we decided how many days it will be before we can give it to the lady again. She has malaria, and we performed a malaria test. Please, we can give it to her again. Once she has finished eating, and we have advised her to take Paracetamol, since she is feeling weak, if it doesn't go away, we will know what kind of treatment to provide.",http://speech-app.s3.amazonaws.com/static/audio/uploads/8fa1af4f-6289-47e5-a2a1-61d2770e6544/4136145b69518b61de75dd85af63b366_x3QjVBt0.wav,"This woman is postpartum with fever (38.2°C) and shivering, so she needs urgent assessment to rule out dangerous causes like postpartum infection/sepsis, even if malaria is suspected. If the malaria rapid test is positive and she is stable, start an appropriate ACT for adults (for example artemether-lumefantrine) as per local guidelines; these are generally safe in breastfeeding. Paracetamol can be given for fever/pain, usually 1 gram every 6 to 8 hours as needed, not exceeding 4 grams in 24 hours. If she has confusion, very high fever, severe weakness, heavy bleeding, foul-smelling discharge, difficulty breathing, or cannot tolerate oral medicines, she should be referred to a health facility immediately. Ensure she is hydrated, has eaten, and is monitored closely while treatment is started.",GPT Realtime 2 (audio),gpt-realtime-2
52b3f296-e02f-459c-a891-f4da8cea399e,english,good_english,/data/Intron-Multimodal-Benchmarking/data/gates_data/audio/0bc428189924e16f32df2a39efb85695_ScNqKjvd.wav,"A caregiver who is taking care of a small child noticed that the child she is caring for is struggling to breathe, and the child's breathing is not normal.
She also noticed that the child coughs repeatedly, and the cough is very severe.
The child is not a baby that was abandoned at birth, nor a child that is usually bathed with cold water.
What then can cause a small child to be breathing with difficulty and coughing repeatedly, and why would breathing not be easy for the child as it should be? What can be done about this situation?",http://speech-app.s3.amazonaws.com/static/audio/uploads/0d35a930-c290-4945-9a50-6623349f947e/0bc428189924e16f32df2a39efb85695_ScNqKjvd.wav,"Common causes of difficult breathing with severe repeated cough in a small child include pneumonia, bronchiolitis (often viral), asthma, or a foreign body stuck in the airway, and sometimes pertussis. Breathing becomes hard because the airways are narrowed by swelling, mucus, or spasm, or the lungs are inflamed, so oxygen exchange is reduced. This is an emergency: take the child to the nearest health facility immediately, especially if there is fast or noisy breathing, chest indrawing, bluish lips, poor feeding, or unusual sleepiness. On the way, keep the child sitting upright and calm; do not force-feed or give cough syrups or herbal mixtures. Treatment depends on the cause and may include oxygen, antibiotics for pneumonia, inhaled bronchodilators and steroids for asthma, or urgent removal if a foreign body is suspected.",GPT Realtime 2 (audio),gpt-realtime-2
306cb1f0-f47e-4044-9514-da6efdfd53bf,english,good_english,/data/Intron-Multimodal-Benchmarking/data/gates_data/audio/898ef53789bfab4a139623d7f4b3a544_zgq3Luqk.wav,"A mother noticed that for the past few days, her child had started coughing continuously. At first, she thought it was a cold affecting the child’s chest and that it would go away. However, the cough did not improve. Every night, the child wakes up suddenly because of the cough. Sometimes, the child struggles as if it is difficult to breathe properly. The mother would carry the child upright and could hear the chest working while the child was breathing. This makes it difficult for the child to sleep well at night.
One day, after a night during which the child coughed severely and struggled to breathe properly, the mother decided to go to the hospital. She wanted to know what was causing the cough, what was causing the breathing difficulty, and how she could help the child.
My question is: what could cause a child to cough severely and have difficulty breathing, especially at night? What danger signs should they watch out for when the child is coughing? What things should they avoid in order to prevent or reduce this cough?",http://speech-app.s3.amazonaws.com/static/audio/uploads/b1cdb61a-4286-4f92-a537-c16a5697cd0f/898ef53789bfab4a139623d7f4b3a544_zgq3Luqk.wav,"A severe night cough with wheezing and breathing difficulty can be caused by asthma, bronchiolitis, pneumonia, or pertussis, and sometimes the cough is worse at night due to airway inflammation and mucus. Danger signs include fast or difficult breathing, chest indrawing, lips or tongue looking bluish, inability to drink, persistent vomiting, high fever, unusual sleepiness, or coughing fits with whooping or vomiting—these need urgent care. The “whistling” you hear suggests narrowed airways, so the child should be assessed promptly for oxygen need and appropriate treatment (for example, inhaled bronchodilator, steroids, or antibiotics if bacterial infection is suspected). Avoid cigarette smoke, indoor cooking smoke, dust, strong perfumes, and cold air exposure; also avoid giving over-the-counter cough syrups (especially in young children) without a clinician’s advice. Keep vaccinations up to date, ensure good hydration, and seek medical review if the cough lasts more than a few days or is worsening.",GPT Realtime 2 (audio),gpt-realtime-2
cc78a249-b0eb-4d34-8511-527fb612ba05,english,good_english,/data/Intron-Multimodal-Benchmarking/data/gates_data/audio/adc0aa991cfedbb0d097f2b8b4461596_ajxxSqxr.wav,"A man named Suberu, who is fifty years old, developed a cough one day. At first, the cough was mild, but as the weeks passed and turned into months, it gradually became worse. After some time, he began to find it difficult to breathe properly. It is true that he had tried several remedies when the cough was still mild, but none of them worked. Instead of improving, the cough continued to worsen. He eventually decided that rather than continuing to buy small medications on his own, he should go to the hospital and speak with a doctor. When he arrived at the hospital, he explained that he had been coughing for about three months. He also explained that he had tried many home remedies based on people's advice, including honey, hot water, bitter kola, and several cough medicines that he purchased. However, instead of getting better, the cough continued to worsen. It had reached a point where he sometimes felt as though he could no longer breathe properly because of the cough. He then asked the doctor what could be causing him to have such a persistent cough for such a long period of time. He also wanted to know why all the remedies and treatments he had tried had not worked. Finally, he asked what he could do for the cough to go away completely so that he could breathe properly again and regain good health.",http://speech-app.s3.amazonaws.com/static/audio/uploads/662c5525-4eea-44c7-b18e-8b94c67a8011/adc0aa991cfedbb0d097f2b8b4461596_ajxxSqxr.wav,"A cough lasting 3 months with worsening breathlessness needs proper evaluation, not home remedies, because common causes include tuberculosis, chronic lung disease (like COPD/asthma), pneumonia, or even lung cancer. In Nigeria, TB is a key concern, and cough syrups, honey, or bitter kola will not cure it. He should have a chest X-ray and sputum tests (GeneXpert/AFB) and be checked for infections including HIV, and for smoking or biomass exposure history. Treatment depends on the cause, for example anti-TB drugs for TB or inhalers for asthma/COPD, so starting the right treatment early is important. If he is very short of breath, has chest pain, or coughs blood, he should seek urgent care immediately.",GPT Realtime 2 (audio),gpt-realtime-2
50c16e3d-71d8-414c-8d48-c9988857d975,english,good_english,/data/Intron-Multimodal-Benchmarking/data/gates_data/audio/4f0b4abb672b26ebb40fa965cf69dd5c_2TyJiCgO.wav,"My name is Titilola. Since yesterday, my child's body has been burning, shivering intensely. The child cannot turn their neck at all. It seems as if the child's neck can no longer be turned. The child can only open one eye. What could be causing the fever and the inability to turn my child's neck? What kind of examination can I perform so that I can know what is causing the fever and the inability to turn the child's neck? What kind of result could appear? Within the child's body that could cause the fever and the inability to turn the child's neck.",http://speech-app.s3.amazonaws.com/static/audio/uploads/c3e9cfc0-8637-4954-b423-c0be9a71f715/4f0b4abb672b26ebb40fa965cf69dd5c_2TyJiCgO.wav,"This sounds very serious; I’m going to think through the most dangerous possibilities and what to do right now.Your child’s fever with inability to turn the neck is a danger sign, and the combination can be caused by meningitis (infection of the coverings of the brain), a deep neck infection like a retropharyngeal abscess, or other serious infections that can stiffen the neck and affect the nerves. At home, do not force the neck; quickly check for other red flags like severe headache, repeated vomiting, unusual sleepiness, seizures, rash, difficulty breathing or swallowing, or eye swelling/pain, but don’t let checking delay getting help. The “one eye only” finding can be from eyelid droop or swelling (for example orbital infection) or a nerve problem, which makes urgent hospital assessment even more important. In hospital, they will examine for neck stiffness and neurological signs, check vital signs, and may do malaria and blood tests, and if safe, a lumbar puncture plus imaging of the neck/head to find the source. Please go to the nearest emergency department now, because prompt antibiotics and appropriate treatment can be lifesaving.",GPT Realtime 2 (audio),gpt-realtime-2
8a461b5c-55b1-4551-a9b6-d919b99190a3,english,good_english,/data/Intron-Multimodal-Benchmarking/data/gates_data/audio/498edb062e99b3a5e70e46971f7e146f_gEK5baX4.wav,"A woman noticed that her husband coughs very strongly when they wake up in the morning while still on the bed. The cough starts suddenly and takes a long time before it stops. As time goes on, she also notices that her husband struggles to breathe properly. When he walks a little distance or climbs stairs, he stops to catch his breath and becomes tired very quickly.
One day, after her husband spent a long time coughing and trying to regain his breath, the wife became worried. She started thinking that maybe there is a disease causing all these problems. The next day, she spoke with her husband to go to the hospital so that they can see a doctor and know exactly what is happening.
The question is what can cause a cough to be this severe, with constant tiredness and difficulty breathing all the time when the cough occurs? Can this problem be related only to lung disease or heart disease? What are the things that can cause death or make a person struggle to breathe severely, to the point that the person needs urgent medical attention?
What are the danger signs of breathing problems that the family should watch out for regarding cough and difficulty in breathing?",http://speech-app.s3.amazonaws.com/static/audio/uploads/115ce5dc-c95e-40c5-9a67-f2e55fcb5c91/498edb062e99b3a5e70e46971f7e146f_gEK5baX4.wav,"This pattern can be from lung disease (such as asthma/COPD, chronic bronchitis, pneumonia, or tuberculosis), heart disease (heart failure causing breathlessness and fatigue), or other causes like severe acid reflux or postnasal drip, so it should not be assumed to be only lungs or only heart without tests.  
Red flags that need urgent care include severe breathlessness at rest, chest pain, coughing blood, blue lips or face, confusion, fainting, very fast or noisy breathing, or inability to lie flat due to breathing difficulty.  
Other worrying signs are high fever, sudden worsening of cough, swelling of the legs, and rapid fatigue after minimal effort.  
He should be evaluated promptly with a physical exam and tests such as chest X-ray, sputum tests, ECG, and possibly echocardiogram to find the cause and start treatment.",GPT Realtime 2 (audio),gpt-realtime-2
9b17d5b6-b900-457d-bf64-b48f71723994,english,good_english,/data/Intron-Multimodal-Benchmarking/data/gates_data/audio/20f9a0e70e4ff96e3b35484219eb5979_WMSb66ES.wav,"The mother of a woman who had recently given birth came to the hospital. She said that since her daughter gave birth, she has been bleeding heavily. As a result, she no longer has strength in her body. The woman who gave birth is twenty-four years old. She also said that the bleeding is excessive and is making her feel weak. The mother is unable to eat properly and is unable to do anything.
My question is: what could cause a woman to continue bleeding after giving birth a few days ago? What treatment should be given to the mother to stop the bleeding and help her regain her strength? What advice can be given to this mother and her daughter?",http://speech-app.s3.amazonaws.com/static/audio/uploads/ef216169-deb8-4f4a-ad6e-51f3eed25b86/20f9a0e70e4ff96e3b35484219eb5979_WMSb66ES.wav,"I’m going to think through the likely causes and the safest immediate steps for her care.This sounds like secondary postpartum hemorrhage, commonly caused by retained placental tissue, infection (endometritis), or poor uterine contraction, and it is an emergency. She should be taken to a hospital immediately for assessment, IV fluids, urgent blood tests, and transfusion if needed. Treatment may include uterine massage and uterotonic medicines (such as oxytocin or misoprostol), tranexamic acid, antibiotics if infection is suspected, and removal of retained tissue if present. Until she is seen, do not insert anything into the vagina and do not rely on home remedies. After bleeding is controlled, she may need iron, good nutrition, and follow-up to rebuild strength, but stopping the bleeding safely comes first.",GPT Realtime 2 (audio),gpt-realtime-2
e8fa0c97-2352-48e6-93e0-9edf8955cd55,english,good_english,/data/Intron-Multimodal-Benchmarking/data/gates_data/audio/5d82cb5522c98aec9f901e050018e52d_OSnAt1Vu.wav,"Doctor, I brought my 5 years and 2 months old child, who has had this condition for about two months, who finds it difficult to breathe at night and also coughs all the time.
This cough has become persistent.
I bought a TB cough medicine called Tutolin Children for him; he has finished one bottle, but the cough has not gone, and it is still difficult for him to breathe at night.
I did a TB test for him, but they told me that he does not have tuberculosis.
So doctor, what could cause a 5-year-old child to have a persistent cough, and what could cause a 5-year-old child to have difficulty breathing at night?",http://speech-app.s3.amazonaws.com/static/audio/uploads/c4031d06-1f5e-4531-a212-379cf06b9a9d/5d82cb5522c98aec9f901e050018e52d_OSnAt1Vu.wav,"I’m going to think through the most likely causes and what needs checking right away, especially since breathing is affected at night.A 5-year-old with a 2-month persistent cough and nighttime breathing difficulty most commonly raises concern for asthma (often worse at night), allergies with postnasal drip, and enlarged adenoids/tonsils causing obstructed breathing during sleep. Other possibilities include a lingering chest infection, pertussis, GERD, or a foreign body, and TB being negative does not rule these out. Because breathing is affected at night, he should be examined promptly for fast or labored breathing, chest indrawing, wheeze, low oxygen, or poor sleep and growth. In clinic, a chest exam (and chest X-ray if needed), allergy/adenoid assessment, and a trial of appropriate asthma therapy (like inhaled bronchodilator/steroid if indicated) can help clarify the cause. Avoid relying on cough syrups alone, and reduce triggers like smoke, dust, and strong scents.",GPT Realtime 2 (audio),gpt-realtime-2
46c82bff-402d-4ea2-9331-fc5b38a5b70f,english,good_english,/data/Intron-Multimodal-Benchmarking/data/gates_data/audio/913522d484f266446c5031903b7c9a7c_cRXoCAGw.wav,"Good evening doctor. Please, I brought my child to the hospital because I noticed that the way he breathes, he makes a sound as if air is passing through a small hole. It sounds like wheezing. It also sounds like someone blowing a whistle, and he is struggling to breathe properly.
I have also noticed that for about three days now, he usually coughs at night. Sometimes, I notice his chest drawing in and out intensely, as if he is working extra hard just to breathe. I also noticed that he can no longer eat well as before. Whenever he wants to eat, he has to pause to catch his breath. This situation hasn't given him the chance to feed properly for about three days now.
I have already taken him to the local chemists (patent medicine stores) in our neighborhood, and they gave me some cough medicine for him because he was coughing slightly, though the cough wasn't severe. But despite all the medication he took, I noticed it didn't work. His breathing remains the same, and he still cannot eat well. Please, what kind of condition is affecting my child with this whistling breath? Also, does he need a chest examination (X-ray) to find out what is troubling him and why his chest is heaving up and down? What kind of treatment can I give this child at home to help ease his breathing so he can breathe properly? Are there other medications or alternative measures I can take for this child?",http://speech-app.s3.amazonaws.com/static/audio/uploads/c56b8957-d2d9-4897-a03e-403fc98082e3/913522d484f266446c5031903b7c9a7c_cRXoCAGw.wav,"I’m going to think through what this whistling breathing and chest pulling likely means and what should happen next.This sounds like wheezing with respiratory distress, which in a child is commonly due to asthma/reactive airway disease or a viral lower respiratory infection, and the chest “drawing in” plus difficulty feeding are danger signs. He needs urgent assessment in a hospital now for oxygen saturation check and quick-relief treatment (such as inhaled/nebulized bronchodilator, and other medicines as the clinician decides). A chest X-ray is not always necessary for typical asthma, but doctors may request it if they suspect pneumonia, a foreign body, or if the illness is severe or not responding. At home, do not rely on cough syrups; keep him sitting upright, calm, and away from smoke/cooking fumes, and avoid forcing feeds—small frequent sips are safer until he’s breathing better. Please seek care immediately, because work of breathing and poor feeding over days can worsen quickly in children.",GPT Realtime 2 (audio),gpt-realtime-2
63953d69-eaa8-43f3-b906-7c31b65ec81c,english,good_english,/data/Intron-Multimodal-Benchmarking/data/gates_data/audio/cdfadce328194fef123430ad5753be3d_PBWh9ZCs.wav,"A woman was brought to the hospital this morning because she was bleeding heavily, and this had caused her a great deal of distress. She was asked whether this had happened to her before, and she replied that it had happened about twice previously, during which she usually experienced pain and the bleeding would occur intermittently. She was then asked whether she might be having a miscarriage, but she said she did not know whether she was pregnant or whether she had become pregnant. She was asked when she last had her menstrual period, and she replied that it had not been very long, as she had her last menstrual period about one and a half months ago before this bleeding started again this morning. Please, what could cause a woman to bleed this heavily? What emergency steps can be taken? What treatments can be given to this woman to save her life and stop the bleeding? What medicines or injections that help stop bleeding can be given to her first? And what investigations can be carried out to determine the cause of such severe bleeding?",http://speech-app.s3.amazonaws.com/static/audio/uploads/7b4e5923-c2e2-4179-a79f-0b45facd1a80/cdfadce328194fef123430ad5753be3d_PBWh9ZCs.wav,"I’ll think through the likely causes and the immediate emergency priorities, then walk you quickly through key treatments and tests.Heavy bleeding like this can be caused by pregnancy-related problems (miscarriage, ectopic pregnancy), or non-pregnancy causes such as fibroids, polyps, hormonal imbalance, infection, or a bleeding disorder. In an emergency, prioritize airway and breathing, secure two large-bore IV lines, start IV fluids, send blood for crossmatch, and prepare for transfusion if she is unstable. Give tranexamic acid early if available, and if pregnancy-related bleeding is confirmed, manage accordingly (for miscarriage, uterine evacuation may be needed; for postpartum hemorrhage, uterotonics like oxytocin are used). If ectopic pregnancy is suspected, urgent ultrasound and surgical/gynecologic review are critical. Key investigations include a pregnancy test, pelvic ultrasound, full blood count, coagulation profile, and blood group and crossmatch, plus a speculum exam to look for cervical or vaginal sources of bleeding.",GPT Realtime 2 (audio),gpt-realtime-2
ef184d94-ce1c-48b8-afb8-b660491a5a96,english,good_english,/data/Intron-Multimodal-Benchmarking/data/gates_data/audio/a6d1e37e17cd73f804372f7e838d59b8_ASCsCEYS.wav,"A nursing mother noticed her child coughing and also suspected that the child's body was warm at certain times. She further stated that a few hours ago, she noticed that the child's entire body became stiff and she fainted, and she couldn't confirm that her lips were stable anymore as they were secreting fluid, and the child could no longer swallow any food. She is now asking the doctor if such an illness can be treated, what disease it resembles, and she further asked if she could get an injection or use local herbs for this disease. She went on to say that herbal mixtures (agbo) and traditional soap are what they usually use to treat this disease for any child afflicted by it in the community she comes from.",http://speech-app.s3.amazonaws.com/static/audio/uploads/70e65f2d-f8fa-40c8-aadd-5992a4cc46ca/a6d1e37e17cd73f804372f7e838d59b8_ASCsCEYS.wav,"I’m really sorry this happened; I’ll think through what this could be and what should be done urgently.This sounds like a medical emergency and strongly resembles tetanus, which can cause stiffness, difficulty swallowing, and drooling, though severe infections with seizures can look similar. It needs urgent hospital care, with airway support and medicines like tetanus immunoglobulin/antitoxin, antibiotics, and supportive treatment—waiting at home is dangerous. Herbal mixtures or local soaps will not treat this and may delay life-saving care. If the child is still alive, she should be taken immediately to the nearest hospital; prevention with complete immunization is very important.",GPT Realtime 2 (audio),gpt-realtime-2
